INDEX,TAG,DATE,TIME,LATITUDE N/S,LONGITUDE E/W,HEIGHT,SPEED,HEADING
69,T,260731,035515,60.185036N,24.805624E,77,4.0,16
70,T,260731,035516,60.185036N,24.805649E,77,4.9,23
71,T,260731,035517,60.185040N,24.805668E,77,5.2,29
72,T,260731,035518,60.185040N,24.805719E,77,7.3,35
73,T,260731,035519,60.184994N,24.805771E,70,11.7,78
74,T,260731,035520,60.184967N,24.805824E,65,12.7,57
75,T,260731,035521,60.184963N,24.805862E,60,13.1,29
76,T,260731,035522,60.184975N,24.805883E,57,14.2,0
77,T,260731,035523,60.185001N,24.805878E,55,14.8,347
78,T,260731,035524,60.185020N,24.805859E,53,14.1,337
79,T,260731,035525,60.185047N,24.805824E,52,15.4,326
80,T,260731,035526,60.185062N,24.805767E,52,16.8,302
81,T,260731,035527,60.185089N,24.805695E,51,18.8,302
82,T,260731,035528,60.185112N,24.805614E,51,19.6,303
83,T,260731,035529,60.185139N,24.805536E,51,19.0,304
84,T,260731,035530,60.185169N,24.805458E,51,18.5,306
85,T,260731,035531,60.185192N,24.805376E,50,18.4,304
86,T,260731,035532,60.185196N,24.805300E,50,16.6,298
87,T,260731,035533,60.185204N,24.805239E,50,13.9,301
88,T,260731,035534,60.185143N,24.805204E,49,4.4,301
89,T,260731,035535,60.185123N,24.805183E,48,0.0,301
90,T,260731,035536,60.185120N,24.805182E,47,0.0,301
91,T,260731,035537,60.185135N,24.805166E,47,15.0,305
92,T,260731,035538,60.185158N,24.805140E,46,17.7,306
93,T,260731,035539,60.185192N,24.805117E,45,17.2,309
94,T,260731,035540,60.185230N,24.805054E,45,18.1,333
95,T,260731,035541,60.185261N,24.805002E,44,14.9,329
96,T,260731,035542,60.185295N,24.804956E,43,16.3,330
97,T,260731,035543,60.185337N,24.804911E,43,18.2,330
98,T,260731,035544,60.185375N,24.804853E,43,17.6,329
99,T,260731,035545,60.185410N,24.804800E,42,18.6,332
100,T,260731,035546,60.185440N,24.804764E,42,18.1,348
101,T,260731,035547,60.185463N,24.804766E,41,16.1,9
102,T,260731,035548,60.185497N,24.804796E,40,17.4,22
103,T,260731,035549,60.185528N,24.804846E,39,17.5,43
104,T,260731,035550,60.185547N,24.804916E,38,16.6,60
105,T,260731,035551,60.185562N,24.804991E,38,15.0,66
106,T,260731,035552,60.185577N,24.805050E,37,13.2,64
107,T,260731,035553,60.185600N,24.805094E,36,12.1,61
108,T,260731,035554,60.185623N,24.805111E,35,11.7,56
109,T,260731,035555,60.185650N,24.805111E,34,11.6,359
110,T,260731,035556,60.185673N,24.805103E,34,12.2,359
111,T,260731,035557,60.185711N,24.805094E,33,15.0,357
112,T,260731,035558,60.185741N,24.805099E,32,13.8,355
113,T,260731,035559,60.185768N,24.805098E,32,12.7,357
114,T,260731,035600,60.185795N,24.805088E,32,14.9,358
115,T,260731,035601,60.185829N,24.805084E,32,15.2,357
116,T,260731,035602,60.185852N,24.805079E,31,13.5,5
117,T,260731,035603,60.185875N,24.805073E,31,12.4,356
118,T,260731,035604,60.185913N,24.805063E,31,14.0,0
119,T,260731,035605,60.185959N,24.805063E,30,15.6,1
120,T,260731,035606,60.185993N,24.805124E,31,18.6,2
121,T,260731,035607,60.186054N,24.805063E,31,21.0,355
122,T,260731,035608,60.186115N,24.805038E,30,18.7,354
123,T,260731,035609,60.186172N,24.805019E,29,19.2,357
124,T,260731,035610,60.186218N,24.805014E,29,17.1,0
125,T,260731,035611,60.186268N,24.805006E,29,16.0,357
126,T,260731,035612,60.186317N,24.805002E,28,18.0,357
127,T,260731,035613,60.186363N,24.804991E,28,18.8,354
128,T,260731,035614,60.186409N,24.804979E,27,16.9,353
129,T,260731,035615,60.186462N,24.804970E,27,17.5,353
130,T,260731,035616,60.186508N,24.804955E,25,17.2,355
131,T,260731,035617,60.186558N,24.804962E,25,17.3,16
132,T,260731,035618,60.186592N,24.805006E,24,18.4,45
133,T,260731,035619,60.186592N,24.805040E,8,21.6,69
134,T,260731,035620,60.186604N,24.805147E,7,22.4,78
135,T,260731,035621,60.186611N,24.805256E,7,21.1,82
136,T,260731,035622,60.186619N,24.805363E,7,21.6,83
137,T,260731,035623,60.186630N,24.805487E,9,21.9,85
138,T,260731,035624,60.186630N,24.805597E,9,22.4,87
139,T,260731,035625,60.186638N,24.805706E,8,21.6,86
140,T,260731,035626,60.186642N,24.805815E,8,21.5,85
141,T,260731,035627,60.186642N,24.805925E,8,21.2,85
142,T,260731,035628,60.186649N,24.806028E,8,20.6,82
143,T,260731,035629,60.186661N,24.806118E,7,20.0,73
144,T,260731,035630,60.186676N,24.806198E,7,19.5,57
145,T,260731,035631,60.186707N,24.806267E,6,19.8,43
146,T,260731,035632,60.186741N,24.806330E,6,19.1,44
147,T,260731,035633,60.186768N,24.806404E,5,20.9,60
148,T,260731,035634,60.186779N,24.806499E,5,20.3,79
149,T,260731,035635,60.186783N,24.806599E,5,20.0,83
150,T,260731,035636,60.186790N,24.806698E,5,19.4,84
151,T,260731,035637,60.186798N,24.806799E,5,19.7,75
152,T,260731,035638,60.186810N,24.806896E,5,19.8,76
153,T,260731,035639,60.186817N,24.806995E,5,19.9,77
154,T,260731,035640,60.186821N,24.807096E,5,20.0,78
155,T,260731,035641,60.186829N,24.807194E,5,19.9,78
156,T,260731,035642,60.186832N,24.807297E,5,19.9,81
157,T,260731,035643,60.186840N,24.807396E,5,20.0,82
158,T,260731,035644,60.186844N,24.807501E,5,21.0,88
159,T,260731,035645,60.186844N,24.807600E,5,19.3,88
160,T,260731,035646,60.186848N,24.807692E,5,18.7,88
161,T,260731,035647,60.186844N,24.807777E,4,17.0,87
162,T,260731,035648,60.186844N,24.807856E,4,15.2,87
163,T,260731,035649,60.186848N,24.807924E,4,13.2,88
164,T,260731,035650,60.186848N,24.807983E,4,11.1,86
165,T,260731,035651,60.186848N,24.808039E,5,9.7,86
166,T,260731,035652,60.186848N,24.808084E,5,7.6,77
167,T,260731,035653,60.186844N,24.808132E,5,7.7,59
168,T,260731,035654,60.186859N,24.808168E,5,10.7,36
169,T,260731,035655,60.186878N,24.808195E,4,12.7,27
170,T,260731,035656,60.186909N,24.808226E,4,12.8,29
171,T,260731,035657,60.186939N,24.808260E,4,17.1,27
172,T,260731,035658,60.186981N,24.808300E,3,20.2,25
173,T,260731,035659,60.187027N,24.808336E,3,20.6,17
174,T,260731,035700,60.187080N,24.808344E,3,21.5,2
175,T,260731,035701,60.187138N,24.808325E,3,21.8,340
176,T,260731,035702,60.187187N,24.808285E,3,21.4,335
177,T,260731,035703,60.187237N,24.808235E,2,20.8,334
178,T,260731,035704,60.187279N,24.808193E,3,19.9,333
179,T,260731,035705,60.187325N,24.808155E,3,19.0,334
180,T,260731,035706,60.187370N,24.808111E,3,19.9,335
181,T,260731,035707,60.187420N,24.808067E,3,21.5,335
182,T,260731,035708,60.187447N,24.808020E,3,20.9,335
183,T,260731,035709,60.187500N,24.807972E,3,22.0,336
184,T,260731,035710,60.187550N,24.807932E,3,21.4,337
185,T,260731,035711,60.187595N,24.807890E,3,21.2,338
186,T,260731,035712,60.187649N,24.807850E,3,20.9,338
187,T,260731,035713,60.187695N,24.807806E,4,21.0,338
188,T,260731,035714,60.187748N,24.807766E,4,21.1,339
189,T,260731,035715,60.187801N,24.807726E,4,21.4,340
190,T,260731,035716,60.187851N,24.807688E,4,21.9,341
191,T,260731,035717,60.187904N,24.807653E,4,22.6,342
192,T,260731,035718,60.187962N,24.807615E,4,23.6,342
193,T,260731,035719,60.188019N,24.807581E,4,24.9,343
194,T,260731,035720,60.188084N,24.807545E,3,26.1,343
195,T,260731,035721,60.188152N,24.807508E,3,26.7,344
196,T,260731,035722,60.188221N,24.807470E,4,27.4,344
197,T,260731,035723,60.188290N,24.807434E,4,26.8,345
198,T,260731,035724,60.188358N,24.807396E,5,26.3,346
199,T,260731,035725,60.188423N,24.807362E,5,26.3,346
200,T,260731,035726,60.188488N,24.807335E,5,25.7,347
201,T,260731,035727,60.188553N,24.807306E,5,25.6,348
202,T,260731,035728,60.188618N,24.807283E,5,25.5,349
203,T,260731,035729,60.188679N,24.807266E,4,25.2,350
204,T,260731,035730,60.188747N,24.807245E,5,25.3,350
205,T,260731,035731,60.188812N,24.807228E,4,24.1,350
206,T,260731,035732,60.188873N,24.807213E,4,22.9,351
207,T,260731,035733,60.188931N,24.807196E,5,22.5,351
208,T,260731,035734,60.188992N,24.807182E,5,21.4,351
209,T,260731,035735,60.189045N,24.807165E,5,20.8,351
210,T,260731,035736,60.189098N,24.807152E,5,20.2,351
211,T,260731,035737,60.189152N,24.807137E,5,20.2,350
212,T,260731,035738,60.189201N,24.807121E,5,20.2,350
213,T,260731,035739,60.189266N,24.807117E,6,20.2,350
214,T,260731,035740,60.189320N,24.807106E,5,20.5,349
215,T,260731,035741,60.189373N,24.807091E,5,20.0,349
216,T,260731,035742,60.189419N,24.807076E,5,19.2,350
217,T,260731,035743,60.189472N,24.807070E,6,20.8,352
218,T,260731,035744,60.189526N,24.807062E,6,22.0,353
219,T,260731,035745,60.189579N,24.807053E,6,22.0,354
220,T,260731,035746,60.189640N,24.807041E,6,22.5,355
221,T,260731,035747,60.189701N,24.807028E,6,22.4,354
222,T,260731,035748,60.189754N,24.807014E,6,21.7,353
223,T,260731,035749,60.189808N,24.807001E,6,20.9,353
224,T,260731,035750,60.189865N,24.806988E,6,21.8,352
225,T,260731,035751,60.189915N,24.806976E,7,21.8,352
226,T,260731,035752,60.189972N,24.806957E,7,23.0,351
227,T,260731,035753,60.190029N,24.806944E,7,22.2,351
228,T,260731,035754,60.190079N,24.806925E,7,22.1,351
229,T,260731,035755,60.190136N,24.806906E,7,22.1,351
230,T,260731,035756,60.190193N,24.806889E,7,22.0,351
231,T,260731,035757,60.190247N,24.806871E,7,22.4,351
232,T,260731,035758,60.190304N,24.806854E,8,22.1,351
233,T,260731,035759,60.190361N,24.806841E,7,22.2,352
234,T,260731,035800,60.190418N,24.806826E,7,22.7,352
235,T,260731,035801,60.190475N,24.806810E,7,23.9,352
236,T,260731,035802,60.190540N,24.806789E,7,24.3,351
237,T,260731,035803,60.190601N,24.806767E,7,25.0,350
238,T,260731,035804,60.190659N,24.806744E,7,24.4,350
239,T,260731,035805,60.190720N,24.806726E,8,24.3,350
240,T,260731,035806,60.190784N,24.806704E,9,24.2,349
241,T,260731,035807,60.190845N,24.806684E,9,23.1,350
242,T,260731,035808,60.190899N,24.806673E,9,24.0,351
243,T,260731,035809,60.190960N,24.806660E,9,24.5,352
244,T,260731,035810,60.191025N,24.806646E,9,25.0,353
245,T,260731,035811,60.191086N,24.806631E,9,24.6,353
246,T,260731,035812,60.191143N,24.806618E,9,24.1,352
247,T,260731,035813,60.191204N,24.806602E,9,24.2,352
248,T,260731,035814,60.191269N,24.806580E,10,24.8,352
249,T,260731,035815,60.191334N,24.806561E,10,24.2,351
250,T,260731,035816,60.191395N,24.806541E,10,23.9,351
251,T,260731,035817,60.191456N,24.806524E,11,23.6,350
252,T,260731,035818,60.191521N,24.806513E,11,23.6,351
253,T,260731,035819,60.191582N,24.806496E,11,24.2,351
254,T,260731,035820,60.191643N,24.806479E,11,24.7,352
255,T,260731,035821,60.191704N,24.806465E,11,24.6,354
256,T,260731,035822,60.191769N,24.806463E,11,24.5,1
257,T,260731,035823,60.191833N,24.806463E,11,24.5,359
258,T,260731,035824,60.191895N,24.806458E,11,24.7,357
259,T,260731,035825,60.191959N,24.806446E,12,24.7,354
260,T,260731,035826,60.192024N,24.806435E,12,24.7,353
261,T,260731,035827,60.192089N,24.806417E,12,24.8,353
262,T,260731,035828,60.192150N,24.806404E,12,23.9,354
263,T,260731,035829,60.192215N,24.806393E,12,24.8,353
264,T,260731,035830,60.192276N,24.806379E,12,22.8,353
265,T,260731,035831,60.192333N,24.806366E,12,23.1,353
266,T,260731,035832,60.192390N,24.806353E,12,23.1,353
267,T,260731,035833,60.192448N,24.806343E,12,22.2,354
268,T,260731,035834,60.192509N,24.806335E,12,21.5,355
269,T,260731,035835,60.192558N,24.806328E,13,20.8,355
270,T,260731,035836,60.192612N,24.806318E,13,20.8,356
271,T,260731,035837,60.192669N,24.806309E,14,20.4,356
272,T,260731,035838,60.192719N,24.806299E,14,20.8,356
273,T,260731,035839,60.192772N,24.806292E,14,20.1,356
274,T,260731,035840,60.192825N,24.806284E,14,19.2,356
275,T,260731,035841,60.192879N,24.806280E,15,19.7,356
276,T,260731,035842,60.192928N,24.806280E,14,17.5,357
277,T,260731,035843,60.192982N,24.806280E,14,18.4,357
278,T,260731,035844,60.193031N,24.806267E,14,18.9,353
279,T,260731,035845,60.193081N,24.806259E,14,18.8,355
280,T,260731,035846,60.193123N,24.806255E,13,18.8,356
281,T,260731,035847,60.193172N,24.806248E,13,18.9,356
282,T,260731,035848,60.193218N,24.806242E,13,18.4,357
283,T,260731,035849,60.193264N,24.806240E,13,18.1,0
284,T,260731,035850,60.193310N,24.806238E,13,17.4,0
285,T,260731,035851,60.193356N,24.806236E,13,17.9,1
286,T,260731,035852,60.193405N,24.806236E,14,18.2,354
287,T,260731,035853,60.193451N,24.806223E,15,19.2,353
288,T,260731,035854,60.193501N,24.806215E,15,18.6,354
289,T,260731,035855,60.193542N,24.806215E,15,18.0,1
290,T,260731,035856,60.193592N,24.806215E,15,18.7,358
291,T,260731,035857,60.193642N,24.806210E,16,18.9,359
292,T,260731,035858,60.193691N,24.806211E,16,19.4,1
293,T,260731,035859,60.193741N,24.806215E,16,18.5,0
294,T,260731,035900,60.193787N,24.806215E,16,18.6,359
295,T,260731,035901,60.193840N,24.806215E,17,19.5,0
296,T,260731,035902,60.193890N,24.806217E,17,19.4,359
297,T,260731,035903,60.193939N,24.806219E,18,18.8,0
298,T,260731,035904,60.193989N,24.806219E,18,19.8,358
299,T,260731,035905,60.194038N,24.806219E,18,18.9,359
300,T,260731,035906,60.194088N,24.806219E,19,18.9,359
301,T,260731,035907,60.194134N,24.806217E,19,18.3,359
302,T,260731,035908,60.194180N,24.806215E,19,18.4,358
303,T,260731,035909,60.194229N,24.806215E,19,18.4,0
304,T,260731,035910,60.194275N,24.806217E,19,18.0,3
305,T,260731,035911,60.194321N,24.806227E,19,18.2,3
306,T,260731,035912,60.194370N,24.806238E,19,18.3,1
307,T,260731,035913,60.194420N,24.806244E,19,18.2,3
308,T,260731,035914,60.194469N,24.806248E,19,18.2,2
309,T,260731,035915,60.194519N,24.806252E,19,18.7,2
310,T,260731,035916,60.194569N,24.806250E,20,19.1,1
311,T,260731,035917,60.194618N,24.806253E,20,19.0,1
312,T,260731,035918,60.194672N,24.806255E,20,19.1,1
313,T,260731,035919,60.194721N,24.806255E,20,20.4,359
314,T,260731,035920,60.194771N,24.806253E,20,19.9,0
315,T,260731,035921,60.194824N,24.806255E,21,19.5,0
316,T,260731,035922,60.194878N,24.806257E,21,19.4,1
317,T,260731,035923,60.194923N,24.806255E,21,19.5,1
318,T,260731,035924,60.194977N,24.806257E,21,19.9,0
319,T,260731,035925,60.195019N,24.806265E,21,19.4,1
320,T,260731,035926,60.195072N,24.806265E,20,19.5,1
321,T,260731,035927,60.195126N,24.806253E,21,19.9,357
322,T,260731,035928,60.195171N,24.806253E,22,20.0,0
323,T,260731,035929,60.195225N,24.806255E,22,19.6,0
324,T,260731,035930,60.195271N,24.806259E,22,19.5,0
325,T,260731,035931,60.195320N,24.806259E,22,19.2,358
326,T,260731,035932,60.195374N,24.806255E,22,19.7,358
327,T,260731,035933,60.195419N,24.806236E,24,19.7,3
328,T,260731,035934,60.195473N,24.806238E,25,19.8,6
329,T,260731,035935,60.195518N,24.806252E,24,19.8,6
330,T,260731,035936,60.195568N,24.806265E,23,20.1,6
331,T,260731,035937,60.195621N,24.806274E,23,20.0,0
332,T,260731,035938,60.195667N,24.806278E,22,19.6,1
333,T,260731,035939,60.195721N,24.806286E,23,19.9,2
334,T,260731,035940,60.195786N,24.806292E,25,20.3,1
335,T,260731,035941,60.195835N,24.806297E,24,20.3,1
336,T,260731,035942,60.195889N,24.806305E,24,19.8,1
337,T,260731,035943,60.195946N,24.806316E,24,20.4,358
338,T,260731,035944,60.195999N,24.806328E,23,20.4,359
339,T,260731,035945,60.196056N,24.806334E,23,21.2,2
340,T,260731,035946,60.196114N,24.806337E,22,21.2,1
341,T,260731,035947,60.196163N,24.806343E,22,21.8,1
342,T,260731,035948,60.196220N,24.806349E,22,21.8,1
343,T,260731,035949,60.196281N,24.806356E,22,22.2,1
344,T,260731,035950,60.196335N,24.806358E,21,22.1,1
345,T,260731,035951,60.196392N,24.806362E,21,21.6,1
346,T,260731,035952,60.196445N,24.806360E,21,21.3,357
347,T,260731,035953,60.196499N,24.806349E,21,20.4,348
348,T,260731,035954,60.196552N,24.806313E,21,21.5,332
349,T,260731,035955,60.196602N,24.806253E,21,22.7,324
350,T,260731,035956,60.196648N,24.806185E,21,23.1,325
351,T,260731,035957,60.196697N,24.806126E,21,23.2,326
352,T,260731,035958,60.196747N,24.806076E,21,22.4,327
353,T,260731,035959,60.196800N,24.806034E,21,20.4,328
354,T,260731,040000,60.196850N,24.806002E,20,21.1,330
355,T,260731,040001,60.196899N,24.805973E,20,22.2,349
356,T,260731,040002,60.196953N,24.805958E,20,20.9,354
357,T,260731,040003,60.197006N,24.805948E,20,20.9,354
358,T,260731,040004,60.197060N,24.805939E,19,22.3,356
359,T,260731,040005,60.197121N,24.805929E,19,21.3,356
360,T,260731,040006,60.197178N,24.805923E,19,22.1,358
361,T,260731,040007,60.197231N,24.805920E,18,22.7,357
362,T,260731,040008,60.197289N,24.805920E,19,21.9,2
363,T,260731,040009,60.197346N,24.805925E,18,21.8,5
364,T,260731,040010,60.197392N,24.805944E,18,20.2,11
365,T,260731,040011,60.197441N,24.805964E,18,18.7,13
366,T,260731,040012,60.197483N,24.805984E,18,17.6,13
367,T,260731,040013,60.197529N,24.806004E,18,18.0,14
368,T,260731,040014,60.197575N,24.806025E,17,17.4,15
369,T,260731,040015,60.197617N,24.806047E,17,16.6,15
370,T,260731,040016,60.197655N,24.806065E,17,14.1,12
371,T,260731,040017,60.197697N,24.806082E,17,15.7,12
372,T,260731,040018,60.197739N,24.806103E,17,16.0,15
373,T,260731,040019,60.197788N,24.806122E,17,17.9,16
374,T,260731,040020,60.197826N,24.806145E,16,15.8,18
375,T,260731,040021,60.197876N,24.806170E,16,18.5,18
376,T,260731,040022,60.197922N,24.806194E,16,16.4,18
377,T,260731,040023,60.197964N,24.806219E,16,16.4,18
378,T,260731,040024,60.198013N,24.806244E,15,18.8,17
379,T,260731,040025,60.198059N,24.806276E,14,19.9,17
380,T,260731,040026,60.198116N,24.806305E,13,20.5,17
381,T,260731,040027,60.198170N,24.806339E,13,20.5,18
382,T,260731,040028,60.198219N,24.806376E,13,20.5,18
383,T,260731,040029,60.198273N,24.806416E,12,20.4,18
384,T,260731,040030,60.198318N,24.806456E,12,20.1,20
385,T,260731,040031,60.198368N,24.806496E,12,19.3,22
386,T,260731,040032,60.198418N,24.806540E,12,19.8,23
387,T,260731,040033,60.198471N,24.806581E,12,20.6,24
388,T,260731,040034,60.198528N,24.806631E,11,21.5,26
389,T,260731,040035,60.198582N,24.806686E,11,21.5,28
390,T,260731,040036,60.198635N,24.806755E,11,21.5,41
391,T,260731,040037,60.198685N,24.806835E,11,22.1,48
392,T,260731,040038,60.198727N,24.806917E,10,22.0,48
393,T,260731,040039,60.198776N,24.807014E,11,23.6,49
394,T,260731,040040,60.198811N,24.807116E,10,24.0,50
395,T,260731,040041,60.198860N,24.807220E,11,24.9,50
396,T,260731,040042,60.198914N,24.807314E,10,25.7,49
397,T,260731,040043,60.198967N,24.807392E,10,24.7,49
398,T,260731,040044,60.199024N,24.807453E,10,24.0,47
399,T,260731,040045,60.199097N,24.807512E,9,23.5,46
400,T,260731,040046,60.199162N,24.807566E,9,23.5,44
401,T,260731,040047,60.199219N,24.807623E,8,23.9,42
402,T,260731,040048,60.199284N,24.807678E,8,25.4,41
403,T,260731,040049,60.199352N,24.807743E,10,26.2,39
404,T,260731,040050,60.199417N,24.807804E,10,27.2,38
405,T,260731,040051,60.199478N,24.807863E,9,28.3,36
406,T,260731,040052,60.199547N,24.807926E,9,29.3,35
407,T,260731,040053,60.199619N,24.807983E,9,30.3,34
408,T,260731,040054,60.199692N,24.808029E,8,31.4,32
409,T,260731,040055,60.199772N,24.808064E,8,32.5,30
410,T,260731,040056,60.199856N,24.808092E,7,33.2,28
411,T,260731,040057,60.199936N,24.808125E,7,33.9,26
412,T,260731,040058,60.200020N,24.808178E,6,34.6,23
413,T,260731,040059,60.200096N,24.808252E,6,34.1,26
414,T,260731,040100,60.200172N,24.808334E,5,34.2,28
415,T,260731,040101,60.200218N,24.808458E,5,31.1,45
416,T,260731,040102,60.200272N,24.808563E,4,29.9,49
417,T,260731,040103,60.200302N,24.808685E,4,27.1,65
418,T,260731,040104,60.200325N,24.808811E,4,24.7,74
419,T,260731,040105,60.200340N,24.808928E,4,21.8,73
420,T,260731,040106,60.200359N,24.809029E,5,19.9,72
421,T,260731,040107,60.200382N,24.809116E,5,17.9,71
422,T,260731,040108,60.200409N,24.809189E,5,16.9,69
423,T,260731,040109,60.200439N,24.809250E,5,16.1,66
424,T,260731,040110,60.200466N,24.809303E,5,15.6,64
425,T,260731,040111,60.200497N,24.809362E,5,15.6,62
426,T,260731,040112,60.200527N,24.809418E,5,15.8,60
427,T,260731,040113,60.200558N,24.809477E,5,16.9,58
428,T,260731,040114,60.200588N,24.809542E,5,18.2,57
429,T,260731,040115,60.200619N,24.809612E,5,18.8,56
430,T,260731,040116,60.200661N,24.809685E,5,19.7,54
431,T,260731,040117,60.200691N,24.809757E,5,20.5,53
432,T,260731,040118,60.200733N,24.809828E,5,20.9,52
433,T,260731,040119,60.200771N,24.809896E,5,21.6,51
434,T,260731,040120,60.200813N,24.809969E,6,21.2,49
435,T,260731,040121,60.200859N,24.810038E,7,22.0,48
436,T,260731,040122,60.200905N,24.810101E,7,21.2,46
437,T,260731,040123,60.200947N,24.810160E,8,20.5,45
438,T,260731,040124,60.200989N,24.810217E,8,19.7,44
439,T,260731,040125,60.201031N,24.810265E,8,19.5,26
440,T,260731,040126,60.201077N,24.810307E,8,19.5,23
441,T,260731,040127,60.201118N,24.810343E,8,18.5,20
442,T,260731,040128,60.201160N,24.810369E,9,17.8,17
443,T,260731,040129,60.201199N,24.810400E,9,17.2,20
444,T,260731,040130,60.201241N,24.810432E,9,17.2,21
445,T,260731,040131,60.201275N,24.810465E,9,15.5,23
446,T,260731,040132,60.201309N,24.810495E,9,14.1,25
447,T,260731,040133,60.201336N,24.810524E,9,13.0,27
448,T,260731,040134,60.201359N,24.810555E,9,12.5,27
449,T,260731,040135,60.201393N,24.810577E,9,13.2,26
450,T,260731,040136,60.201424N,24.810608E,9,14.5,26
451,T,260731,040137,60.201462N,24.810640E,9,15.3,25
452,T,260731,040138,60.201500N,24.810673E,8,15.8,24
453,T,260731,040139,60.201546N,24.810713E,8,16.7,26
454,T,260731,040140,60.201580N,24.810762E,8,16.7,37
455,T,260731,040141,60.201618N,24.810816E,7,16.7,41
456,T,260731,040142,60.201645N,24.810881E,7,16.4,54
457,T,260731,040143,60.201672N,24.810949E,6,17.2,54
458,T,260731,040144,60.201698N,24.811024E,6,17.5,56
459,T,260731,040145,60.201729N,24.811100E,7,18.0,56
460,T,260731,040146,60.201759N,24.811176E,7,18.8,55
461,T,260731,040147,60.201801N,24.811260E,7,18.8,52
462,T,260731,040148,60.201839N,24.811342E,6,18.9,52
463,T,260731,040149,60.201878N,24.811413E,6,18.7,50
464,T,260731,040150,60.201912N,24.811485E,6,19.3,49
465,T,260731,040151,60.201946N,24.811563E,6,19.3,48
466,T,260731,040152,60.201981N,24.811640E,5,19.3,49
467,T,260731,040153,60.202015N,24.811716E,5,19.3,49
468,T,260731,040154,60.202053N,24.811789E,5,19.2,49
469,T,260731,040155,60.202087N,24.811865E,5,19.2,50
470,T,260731,040156,60.202129N,24.811935E,6,19.2,48
471,T,260731,040157,60.202168N,24.812010E,7,19.2,48
472,T,260731,040158,60.202206N,24.812084E,8,19.3,48
473,T,260731,040159,60.202236N,24.812160E,8,19.3,48
474,T,260731,040200,60.202267N,24.812237E,7,19.4,48
475,T,260731,040201,60.202309N,24.812307E,8,20.4,48
476,T,260731,040202,60.202339N,24.812382E,8,18.6,47
477,T,260731,040203,60.202381N,24.812452E,9,19.5,46
478,T,260731,040204,60.202419N,24.812523E,9,21.0,40
479,T,260731,040205,60.202461N,24.812588E,9,21.0,37
480,T,260731,040206,60.202499N,24.812651E,9,19.5,34
481,T,260731,040207,60.202541N,24.812704E,9,18.3,33
482,T,260731,040208,60.202572N,24.812756E,8,17.2,36
483,T,260731,040209,60.202606N,24.812803E,9,16.7,35
484,T,260731,040210,60.202644N,24.812851E,9,16.7,32
485,T,260731,040211,60.202682N,24.812895E,9,16.8,29
486,T,260731,040212,60.202721N,24.812931E,9,17.5,27
487,T,260731,040213,60.202763N,24.812963E,9,16.1,26
488,T,260731,040214,60.202801N,24.812996E,9,16.2,24
489,T,260731,040215,60.202839N,24.813032E,9,17.0,23
490,T,260731,040216,60.202881N,24.813072E,9,17.1,30
491,T,260731,040217,60.202919N,24.813118E,10,16.4,35
492,T,260731,040218,60.202965N,24.813173E,10,15.5,45
493,T,260731,040219,60.202991N,24.813236E,11,14.8,48
494,T,260731,040220,60.203030N,24.813290E,11,13.6,47
495,T,260731,040221,60.203056N,24.813337E,12,13.1,45
496,T,260731,040222,60.203083N,24.813387E,12,14.4,47
497,T,260731,040223,60.203117N,24.813442E,12,15.8,46
498,T,260731,040224,60.203144N,24.813501E,12,17.0,45
499,T,260731,040225,60.203182N,24.813568E,14,18.4,44
500,T,260731,040226,60.203220N,24.813637E,13,19.6,44
501,T,260731,040227,60.203259N,24.813707E,13,20.7,44
502,T,260731,040228,60.203300N,24.813784E,13,21.8,44
503,T,260731,040229,60.203342N,24.813864E,13,22.6,44
504,T,260731,040230,60.203388N,24.813946E,14,23.2,44
505,T,260731,040231,60.203430N,24.814032E,14,23.8,45
506,T,260731,040232,60.203476N,24.814117E,14,23.8,45
507,T,260731,040233,60.203522N,24.814203E,14,23.9,45
508,T,260731,040234,60.203564N,24.814287E,14,23.9,44
509,T,260731,040235,60.203609N,24.814367E,14,24.7,38
510,T,260731,040236,60.203659N,24.814436E,14,24.0,31
511,T,260731,040237,60.203712N,24.814489E,14,22.2,24
512,T,260731,040238,60.203770N,24.814533E,14,23.9,21
513,T,260731,040239,60.203819N,24.814575E,14,23.2,22
514,T,260731,040240,60.203876N,24.814619E,13,23.1,22
515,T,260731,040241,60.203930N,24.814659E,13,22.4,22
516,T,260731,040242,60.203979N,24.814699E,13,22.3,21
517,T,260731,040243,60.204033N,24.814735E,14,22.0,20
518,T,260731,040244,60.204082N,24.814770E,14,21.3,19
519,T,260731,040245,60.204132N,24.814804E,14,20.3,18
520,T,260731,040246,60.204182N,24.814837E,14,20.6,17
521,T,260731,040247,60.204231N,24.814871E,14,20.1,17
522,T,260731,040248,60.204281N,24.814898E,14,19.5,16
523,T,260731,040249,60.204327N,24.814926E,15,18.9,16
524,T,260731,040250,60.204372N,24.814953E,15,18.8,15
525,T,260731,040251,60.204414N,24.814976E,15,18.4,15
526,T,260731,040252,60.204460N,24.814999E,15,17.2,15
527,T,260731,040253,60.204498N,24.815023E,15,17.2,15
528,T,260731,040254,60.204540N,24.815044E,15,16.8,15
529,T,260731,040255,60.204578N,24.815063E,16,16.7,14
530,T,260731,040256,60.204620N,24.815083E,15,15.3,13
531,T,260731,040257,60.204659N,24.815096E,16,15.9,13
532,T,260731,040258,60.204697N,24.815117E,16,15.9,13
533,T,260731,040259,60.204735N,24.815134E,16,16.0,12
534,T,260731,040300,60.204777N,24.815151E,16,15.6,12
535,T,260731,040301,60.204811N,24.815166E,16,15.7,12
536,T,260731,040302,60.204853N,24.815180E,16,15.8,11
537,T,260731,040303,60.204891N,24.815193E,16,16.2,9
538,T,260731,040304,60.204933N,24.815205E,16,16.2,8
539,T,260731,040305,60.204971N,24.815216E,16,16.2,8
540,T,260731,040306,60.205013N,24.815228E,16,16.2,7
541,T,260731,040307,60.205051N,24.815239E,17,16.1,7
542,T,260731,040308,60.205093N,24.815248E,17,16.1,6
543,T,260731,040309,60.205132N,24.815258E,17,16.0,6
544,T,260731,040310,60.205173N,24.815269E,17,16.4,6
545,T,260731,040311,60.205219N,24.815281E,18,17.2,5
546,T,260731,040312,60.205261N,24.815290E,18,17.4,5
547,T,260731,040313,60.205307N,24.815302E,18,16.8,5
548,T,260731,040314,60.205349N,24.815308E,18,16.5,4
549,T,260731,040315,60.205395N,24.815311E,19,17.8,3
550,T,260731,040316,60.205441N,24.815313E,19,18.1,1
551,T,260731,040317,60.205486N,24.815313E,19,18.2,0
552,T,260731,040318,60.205536N,24.815311E,19,18.2,359
553,T,260731,040319,60.205582N,24.815310E,20,18.1,359
554,T,260731,040320,60.205624N,24.815300E,20,18.1,358
555,T,260731,040321,60.205673N,24.815292E,20,18.0,358
556,T,260731,040322,60.205719N,24.815281E,21,18.0,355
557,T,260731,040323,60.205769N,24.815264E,22,18.0,347
558,T,260731,040324,60.205807N,24.815235E,22,18.0,340
559,T,260731,040325,60.205853N,24.815199E,23,19.8,336
560,T,260731,040326,60.205902N,24.815161E,22,21.5,336
561,T,260731,040327,60.205956N,24.815117E,22,22.9,336
562,T,260731,040328,60.206013N,24.815071E,22,23.9,336
563,T,260731,040329,60.206066N,24.815023E,21,23.4,337
564,T,260731,040330,60.206120N,24.814978E,21,23.3,334
565,T,260731,040331,60.206169N,24.814924E,21,22.6,334
566,T,260731,040332,60.206219N,24.814873E,21,22.5,332
567,T,260731,040333,60.206264N,24.814816E,21,19.3,324
568,T,260731,040334,60.206306N,24.814760E,20,21.6,325
569,T,260731,040335,60.206360N,24.814711E,20,20.4,325
570,T,260731,040336,60.206409N,24.814657E,21,22.1,328
571,T,260731,040337,60.206455N,24.814604E,21,22.6,331
572,T,260731,040338,60.206512N,24.814550E,21,23.6,331
573,T,260731,040339,60.206558N,24.814495E,21,22.1,332
574,T,260731,040340,60.206612N,24.814444E,21,22.1,333
575,T,260731,040341,60.206661N,24.814404E,21,20.9,333
576,T,260731,040342,60.206707N,24.814363E,21,21.2,335
577,T,260731,040343,60.206757N,24.814329E,22,20.8,336
578,T,260731,040344,60.206806N,24.814304E,21,20.9,347
579,T,260731,040345,60.206856N,24.814281E,21,21.0,350
580,T,260731,040346,60.206913N,24.814264E,21,21.0,352
581,T,260731,040347,60.206963N,24.814253E,22,18.5,351
582,T,260731,040348,60.207008N,24.814240E,22,15.9,352
583,T,260731,040349,60.207047N,24.814232E,23,14.2,353
584,T,260731,040350,60.207088N,24.814222E,23,14.3,351
585,T,260731,040351,60.207123N,24.814205E,23,14.3,345
586,T,260731,040352,60.207161N,24.814184E,24,14.2,338
587,T,260731,040353,60.207191N,24.814159E,25,13.6,334
588,T,260731,040354,60.207226N,24.814125E,25,13.6,333
589,T,260731,040355,60.207256N,24.814093E,26,13.6,326
590,T,260731,040356,60.207279N,24.814047E,26,13.2,318
591,T,260731,040357,60.207314N,24.813999E,26,13.2,318
592,T,260731,040358,60.207336N,24.813948E,27,13.3,315
593,T,260731,040359,60.207359N,24.813892E,27,13.3,307
594,T,260731,040400,60.207378N,24.813829E,27,13.3,306
595,T,260731,040401,60.207401N,24.813774E,27,12.9,302
596,T,260731,040402,60.207417N,24.813711E,27,13.5,298
597,T,260731,040403,60.207436N,24.813652E,28,13.8,300
598,T,260731,040404,60.207455N,24.813589E,28,13.9,301
599,T,260731,040405,60.207474N,24.813536E,28,13.6,302
600,T,260731,040406,60.207493N,24.813475E,28,14.7,300
601,T,260731,040407,60.207512N,24.813408E,28,14.7,299
602,T,260731,040408,60.207527N,24.813343E,28,14.3,300
603,T,260731,040409,60.207546N,24.813278E,28,13.6,299
604,T,260731,040410,60.207565N,24.813215E,28,13.1,298
605,T,260731,040411,60.207581N,24.813156E,29,13.1,297
606,T,260731,040412,60.207592N,24.813095E,29,12.8,298
607,T,260731,040413,60.207603N,24.813036E,30,12.3,311
608,T,260731,040414,60.207619N,24.812996E,31,12.4,342
609,T,260731,040415,60.207649N,24.812992E,32,13.8,13
610,T,260731,040416,60.207680N,24.813009E,32,13.8,20
611,T,260731,040417,60.207710N,24.813036E,32,13.9,23
612,T,260731,040418,60.207748N,24.813066E,32,14.5,21
613,T,260731,040419,60.207783N,24.813095E,32,15.0,21
614,T,260731,040420,60.207821N,24.813126E,32,15.5,20
615,T,260731,040421,60.207859N,24.813156E,32,15.8,19
616,T,260731,040422,60.207901N,24.813187E,32,16.0,20
617,T,260731,040423,60.207935N,24.813217E,32,16.4,20
618,T,260731,040424,60.207973N,24.813246E,32,16.8,20
619,T,260731,040425,60.208012N,24.813276E,32,16.9,20
620,T,260731,040426,60.208057N,24.813305E,32,18.2,19
621,T,260731,040427,60.208099N,24.813330E,31,17.6,17
622,T,260731,040428,60.208145N,24.813353E,31,18.8,15
623,T,260731,040429,60.208191N,24.813370E,31,19.3,14
624,T,260731,040430,60.208244N,24.813381E,30,19.9,13
625,T,260731,040431,60.208298N,24.813396E,30,20.0,11
626,T,260731,040432,60.208347N,24.813414E,29,20.2,9
627,T,260731,040433,60.208401N,24.813425E,29,21.1,7
628,T,260731,040434,60.208450N,24.813438E,29,22.0,5
629,T,260731,040435,60.208508N,24.813446E,29,21.9,4
630,T,260731,040436,60.208561N,24.813457E,29,21.9,5
631,T,260731,040437,60.208614N,24.813471E,28,22.2,5
632,T,260731,040438,60.208672N,24.813484E,28,22.2,6
633,T,260731,040439,60.208729N,24.813498E,28,22.6,6
634,T,260731,040440,60.208782N,24.813515E,28,23.0,6
635,T,260731,040441,60.208843N,24.813526E,28,23.4,6
636,T,260731,040442,60.208904N,24.813543E,28,23.7,6
637,T,260731,040443,60.208965N,24.813560E,27,24.2,6
638,T,260731,040444,60.209026N,24.813576E,27,24.5,7
639,T,260731,040445,60.209087N,24.813585E,27,24.6,2
640,T,260731,040446,60.209152N,24.813583E,27,25.2,354
641,T,260731,040447,60.209213N,24.813557E,27,23.4,341
642,T,260731,040448,60.209267N,24.813513E,27,23.1,333
643,T,260731,040449,60.209316N,24.813456E,27,22.6,329
644,T,260731,040450,60.209370N,24.813398E,27,22.6,328
645,T,260731,040451,60.209412N,24.813335E,27,21.7,323
646,T,260731,040452,60.209457N,24.813272E,27,21.6,322
647,T,260731,040453,60.209499N,24.813202E,26,21.1,321
648,T,260731,040454,60.209541N,24.813129E,26,20.8,320
649,T,260731,040455,60.209579N,24.813065E,26,20.9,327
650,T,260731,040456,60.209629N,24.813032E,26,22.2,358
651,T,260731,040457,60.209671N,24.813066E,26,19.7,36
652,T,260731,040458,60.209713N,24.813133E,26,20.2,45
653,T,260731,040459,60.209743N,24.813211E,26,20.9,51
654,T,260731,040500,60.209782N,24.813305E,26,22.3,49
655,T,260731,040501,60.209820N,24.813395E,26,23.2,48
656,T,260731,040502,60.209862N,24.813477E,26,23.3,46
657,T,260731,040503,60.209904N,24.813560E,25,23.9,45
658,T,260731,040504,60.209949N,24.813648E,25,24.2,45
659,T,260731,040505,60.209995N,24.813721E,26,23.4,38
660,T,260731,040506,60.210045N,24.813795E,26,23.1,38
661,T,260731,040507,60.210091N,24.813869E,26,22.8,36
662,T,260731,040508,60.210140N,24.813938E,26,22.5,36
663,T,260731,040509,60.210190N,24.814005E,26,22.4,34
664,T,260731,040510,60.210236N,24.814070E,26,22.3,33
665,T,260731,040511,60.210285N,24.814133E,27,22.2,31
666,T,260731,040512,60.210331N,24.814190E,27,21.8,31
667,T,260731,040513,60.210381N,24.814251E,27,21.5,32
668,T,260731,040514,60.210426N,24.814304E,27,21.3,29
669,T,260731,040515,60.210472N,24.814356E,27,21.0,27
670,T,260731,040516,60.210522N,24.814402E,27,21.1,26
671,T,260731,040517,60.210567N,24.814444E,27,21.4,24
672,T,260731,040518,60.210621N,24.814484E,27,21.4,22
673,T,260731,040519,60.210670N,24.814524E,27,21.7,20
674,T,260731,040520,60.210720N,24.814560E,27,22.1,19
675,T,260731,040521,60.210773N,24.814598E,27,22.5,19
676,T,260731,040522,60.210827N,24.814636E,26,23.1,18
677,T,260731,040523,60.210884N,24.814671E,26,24.0,18
678,T,260731,040524,60.210945N,24.814701E,25,24.9,17
679,T,260731,040525,60.211006N,24.814732E,25,26.0,16
680,T,260731,040526,60.211071N,24.814766E,24,27.1,16
681,T,260731,040527,60.211132N,24.814804E,24,28.2,16
682,T,260731,040528,60.211201N,24.814852E,23,29.6,17
683,T,260731,040529,60.211273N,24.814898E,23,31.4,17
684,T,260731,040530,60.211346N,24.814943E,22,31.9,17
685,T,260731,040531,60.211414N,24.815001E,21,32.6,17
686,T,260731,040532,60.211491N,24.815056E,20,33.8,18
687,T,260731,040533,60.211567N,24.815111E,20,32.7,18
688,T,260731,040534,60.211655N,24.815153E,19,36.1,17
689,T,260731,040535,60.211739N,24.815203E,18,35.7,16
690,T,260731,040536,60.211823N,24.815248E,17,37.2,14
691,T,260731,040537,60.211918N,24.815290E,17,37.3,12
692,T,260731,040538,60.212006N,24.815325E,16,37.6,11
693,T,260731,040539,60.212093N,24.815363E,15,36.1,10
694,T,260731,040540,60.212177N,24.815393E,14,32.5,8
695,T,260731,040541,60.212254N,24.815399E,14,28.7,355
696,T,260731,040542,60.212318N,24.815384E,13,25.1,341
697,T,260731,040543,60.212379N,24.815327E,13,27.1,316
698,T,260731,040544,60.212421N,24.815214E,12,30.5,292
699,T,260731,040545,60.212448N,24.815063E,11,33.3,288
700,T,260731,040546,60.212475N,24.814903E,10,33.9,286
701,T,260731,040547,60.212502N,24.814735E,10,34.0,283
702,T,260731,040548,60.212521N,24.814575E,9,32.1,282
703,T,260731,040549,60.212536N,24.814423E,8,30.6,281
704,T,260731,040550,60.212555N,24.814276E,8,28.9,280
705,T,260731,040551,60.212566N,24.814138E,8,27.3,278
706,T,260731,040552,60.212593N,24.814005E,8,25.8,278
707,T,260731,040553,60.212608N,24.813877E,8,24.9,278
708,T,260731,040554,60.212624N,24.813759E,8,23.9,281
709,T,260731,040555,60.212650N,24.813656E,8,22.6,290
710,T,260731,040556,60.212673N,24.813547E,8,23.9,295
711,T,260731,040557,60.212688N,24.813461E,7,20.7,294
712,T,260731,040558,60.212715N,24.813374E,7,22.8,303
713,T,260731,040559,60.212746N,24.813278E,7,24.0,303
714,T,260731,040600,60.212780N,24.813183E,6,22.9,305
715,T,260731,040601,60.212811N,24.813084E,6,24.9,307
716,T,260731,040602,60.212849N,24.812984E,5,24.0,306
717,T,260731,040603,60.212883N,24.812880E,5,22.9,305
718,T,260731,040604,60.212921N,24.812782E,5,23.6,306
719,T,260731,040605,60.212959N,24.812683E,4,23.7,306
720,T,260731,040606,60.212994N,24.812595E,4,22.6,306
721,T,260731,040607,60.213020N,24.812511E,3,19.3,306
722,T,260731,040608,60.213051N,24.812426E,3,19.6,307
723,T,260731,040609,60.213089N,24.812334E,3,22.5,306
724,T,260731,040610,60.213123N,24.812237E,3,23.2,306
725,T,260731,040611,60.213165N,24.812138E,2,23.1,306
726,T,260731,040612,60.213200N,24.812044E,2,21.9,306
727,T,260731,040613,60.213226N,24.811962E,2,20.0,305
728,T,260731,040614,60.213257N,24.811892E,1,21.9,305
729,T,260731,040615,60.213284N,24.811810E,1,21.0,305
730,T,260731,040616,60.213318N,24.811729E,1,20.5,305
731,T,260731,040617,60.213345N,24.811644E,1,19.8,305
732,T,260731,040618,60.213367N,24.811556E,0,18.6,304
733,T,260731,040619,60.213390N,24.811470E,0,18.6,302
734,T,260731,040620,60.213413N,24.811384E,0,18.2,300
735,T,260731,040621,60.213425N,24.811300E,0,16.5,299
736,T,260731,040622,60.213440N,24.811222E,0,15.9,299
737,T,260731,040623,60.213459N,24.811144E,0,15.8,299
738,T,260731,040624,60.213486N,24.811075E,0,15.7,314
739,T,260731,040625,60.213512N,24.811028E,0,13.6,334
740,T,260731,040626,60.213570N,24.811018E,0,14.8,8
741,T,260731,040627,60.213612N,24.811050E,0,16.3,35
742,T,260731,040628,60.213654N,24.811110E,0,16.4,44
743,T,260731,040629,60.213688N,24.811165E,0,16.5,43
744,T,260731,040630,60.213730N,24.811211E,0,16.8,42
745,T,260731,040631,60.213772N,24.811234E,0,16.7,38
746,T,260731,040632,60.213814N,24.811220E,0,16.2,340
747,T,260731,040633,60.213852N,24.811190E,0,15.6,339
748,T,260731,040634,60.213902N,24.811176E,0,18.5,3
749,T,260731,040635,60.213951N,24.811193E,0,20.1,15
750,T,260731,040636,60.214005N,24.811224E,0,21.3,18
751,T,260731,040637,60.214054N,24.811258E,0,22.2,20
752,T,260731,040638,60.214108N,24.811296E,0,20.8,23
753,T,260731,040639,60.214157N,24.811342E,0,21.3,25
754,T,260731,040640,60.214207N,24.811390E,0,21.8,26
755,T,260731,040641,60.214260N,24.811440E,-1,21.8,27
756,T,260731,040642,60.214317N,24.811480E,0,22.1,25
757,T,260731,040643,60.214367N,24.811523E,0,22.7,25
758,T,260731,040644,60.214424N,24.811571E,0,23.0,26
759,T,260731,040645,60.214478N,24.811623E,0,23.0,27
760,T,260731,040646,60.214527N,24.811676E,0,23.0,27
761,T,260731,040647,60.214581N,24.811731E,0,22.4,28
762,T,260731,040648,60.214630N,24.811785E,0,22.3,28
763,T,260731,040649,60.214684N,24.811836E,0,21.9,27
764,T,260731,040650,60.214741N,24.811884E,0,22.7,26
765,T,260731,040651,60.214790N,24.811934E,0,21.5,26
766,T,260731,040652,60.214848N,24.811983E,1,22.6,26
767,T,260731,040653,60.214901N,24.812037E,1,22.0,26
768,T,260731,040654,60.214951N,24.812088E,1,23.0,27
769,T,260731,040655,60.215004N,24.812143E,1,23.1,27
770,T,260731,040656,60.215057N,24.812195E,1,23.2,26
771,T,260731,040657,60.215111N,24.812237E,1,24.0,25
772,T,260731,040658,60.215168N,24.812277E,1,24.0,12
773,T,260731,040659,60.215225N,24.812302E,1,22.5,1
774,T,260731,040700,60.215282N,24.812305E,1,22.5,3
775,T,260731,040701,60.215340N,24.812321E,2,22.2,4
776,T,260731,040702,60.215405N,24.812325E,2,23.3,2
777,T,260731,040703,60.215466N,24.812325E,3,22.1,2
778,T,260731,040704,60.215527N,24.812311E,4,22.1,357
779,T,260731,040705,60.215591N,24.812325E,6,20.9,4
780,T,260731,040706,60.215649N,24.812334E,7,21.6,5
781,T,260731,040707,60.215710N,24.812336E,7,21.5,7
782,T,260731,040708,60.215759N,24.812340E,8,20.6,5
783,T,260731,040709,60.215816N,24.812391E,8,20.1,8
784,T,260731,040710,60.215870N,24.812365E,9,20.7,2
785,T,260731,040711,60.215923N,24.812359E,9,21.6,2
786,T,260731,040712,60.215981N,24.812359E,9,21.6,359
787,T,260731,040713,60.216030N,24.812365E,9,20.6,6
788,T,260731,040714,60.216087N,24.812374E,10,22.1,5
789,T,260731,040715,60.216145N,24.812382E,10,21.5,3
790,T,260731,040716,60.216202N,24.812384E,10,22.5,3
791,T,260731,040717,60.216255N,24.812387E,11,22.4,2
792,T,260731,040718,60.216312N,24.812387E,11,21.8,2
793,T,260731,040719,60.216370N,24.812384E,11,21.8,0
794,T,260731,040720,60.216423N,24.812380E,11,22.3,359
795,T,260731,040721,60.216484N,24.812380E,11,22.8,0
796,T,260731,040722,60.216541N,24.812382E,11,22.5,1
797,T,260731,040723,60.216595N,24.812389E,12,22.3,2
798,T,260731,040724,60.216648N,24.812393E,12,20.9,4
799,T,260731,040725,60.216702N,24.812395E,12,20.4,2
800,T,260731,040726,60.216755N,24.812395E,12,20.4,0
801,T,260731,040727,60.216808N,24.812395E,12,20.4,1
802,T,260731,040728,60.216866N,24.812395E,12,19.8,1
803,T,260731,040729,60.216911N,24.812405E,12,17.8,1
804,T,260731,040730,60.216957N,24.812416E,12,18.7,2
805,T,260731,040731,60.216995N,24.812475E,12,16.9,4
806,T,260731,040732,60.217030N,24.812529E,12,18.0,7
807,T,260731,040733,60.217049N,24.812595E,12,17.0,11
808,T,260731,040734,60.217064N,24.812675E,12,17.7,16
809,T,260731,040735,60.217079N,24.812765E,12,18.5,21
810,T,260731,040736,60.217091N,24.812857E,12,18.2,26
811,T,260731,040737,60.217094N,24.812946E,12,18.0,80
812,T,260731,040738,60.217110N,24.813036E,11,18.0,80
813,T,260731,040739,60.217125N,24.813128E,11,17.9,79
814,T,260731,040740,60.217140N,24.813219E,11,17.9,78
815,T,260731,040741,60.217152N,24.813309E,11,17.5,77
816,T,260731,040742,60.217163N,24.813396E,11,18.6,71
817,T,260731,040743,60.217178N,24.813486E,11,19.1,73
818,T,260731,040744,60.217190N,24.813581E,11,19.7,74
819,T,260731,040745,60.217194N,24.813671E,11,19.0,75
820,T,260731,040746,60.217201N,24.813763E,11,16.1,76
821,T,260731,040747,60.217228N,24.813824E,11,15.2,77
822,T,260731,040748,60.217247N,24.813889E,10,14.3,77
823,T,260731,040749,60.217274N,24.813953E,10,16.1,75
824,T,260731,040750,60.217300N,24.814001E,10,18.5,25
825,T,260731,040751,60.217339N,24.814026E,9,18.7,9
826,T,260731,040752,60.217388N,24.814037E,9,18.0,5
827,T,260731,040753,60.217438N,24.814049E,9,19.1,5
828,T,260731,040754,60.217480N,24.814056E,9,19.1,5
829,T,260731,040755,60.217529N,24.814051E,9,18.4,3
830,T,260731,040756,60.217602N,24.814041E,10,21.9,1
831,T,260731,040757,60.217651N,24.814037E,10,21.2,1
832,T,260731,040758,60.217712N,24.814039E,11,21.4,1
833,T,260731,040759,60.217781N,24.814039E,12,19.1,0
834,T,260731,040800,60.217827N,24.814035E,13,17.9,359
835,T,260731,040801,60.217865N,24.814030E,14,17.3,0
836,T,260731,040802,60.217899N,24.814032E,14,15.8,3
837,T,260731,040803,60.217934N,24.814032E,14,13.4,1
838,T,260731,040804,60.217953N,24.814028E,14,8.4,358
839,T,260731,040805,60.217976N,24.814018E,14,10.1,352
840,T,260731,040806,60.217999N,24.814013E,14,11.1,353
841,T,260731,040807,60.218033N,24.814009E,15,12.6,356
842,T,260731,040808,60.218056N,24.814011E,14,10.2,1
843,T,260731,040809,60.218082N,24.814005E,15,7.8,9
844,T,260731,040810,60.218121N,24.813993E,15,10.9,8
845,T,260731,040811,60.218147N,24.813927E,15,12.3,356
846,T,260731,040812,60.218189N,24.813889E,16,11.5,355
847,T,260731,040813,60.218212N,24.813871E,17,8.3,358
848,T,260731,040814,60.218231N,24.813868E,18,9.1,358
849,T,260731,040815,60.218250N,24.813862E,17,9.2,5
850,T,260731,040816,60.218277N,24.813864E,17,10.0,355
851,T,260731,040817,60.218300N,24.813866E,17,10.5,3
852,T,260731,040818,60.218330N,24.813871E,19,14.9,5
853,T,260731,040819,60.218353N,24.813848E,22,16.0,7
854,T,260731,040820,60.218384N,24.813864E,23,16.1,10
855,T,260731,040821,60.218430N,24.813887E,23,17.3,12
856,T,260731,040822,60.218472N,24.813915E,23,17.8,10
857,T,260731,040823,60.218521N,24.813936E,22,18.1,10
858,T,260731,040824,60.218567N,24.813946E,22,17.5,9
859,T,260731,040825,60.218609N,24.813951E,22,15.4,8
860,T,260731,040826,60.218643N,24.813955E,22,14.2,7
861,T,260731,040827,60.218678N,24.813959E,23,13.2,6
862,T,260731,040828,60.218708N,24.813965E,23,13.3,5
863,T,260731,040829,60.218739N,24.813965E,23,13.4,2
864,T,260731,040830,60.218777N,24.813965E,23,13.7,1
865,T,260731,040831,60.218807N,24.813965E,23,13.7,1
866,T,260731,040832,60.218845N,24.813965E,23,13.7,0
867,T,260731,040833,60.218880N,24.813963E,24,13.6,0
868,T,260731,040834,60.218910N,24.813957E,24,13.6,359
869,T,260731,040835,60.218945N,24.813959E,24,0.0,359
870,T,260731,040836,60.218994N,24.813955E,24,0.0,359
871,T,260731,040837,60.219044N,24.813951E,24,0.0,359
872,T,260731,040838,60.219090N,24.813950E,24,0.0,359
873,T,260731,040839,60.219128N,24.813948E,25,0.0,359
874,T,260731,040846,60.219563N,24.813623E,7,18.9,347
875,T,260731,040847,60.219761N,24.813604E,23,20.9,348
876,T,260731,040848,60.219826N,24.813583E,27,20.4,346
877,T,260731,040849,60.219872N,24.813559E,27,20.1,345
878,T,260731,040850,60.219921N,24.813536E,27,18.1,345
879,T,260731,040851,60.219963N,24.813511E,26,16.5,344
880,T,260731,040852,60.220009N,24.813494E,26,15.2,343
881,T,260731,040853,60.220043N,24.813559E,25,14.5,359
882,T,260731,040854,60.220074N,24.813572E,23,14.1,1
883,T,260731,040855,60.220104N,24.813580E,21,13.6,7
884,T,260731,040856,60.220139N,24.813593E,20,14.4,7
885,T,260731,040857,60.220181N,24.813614E,19,14.7,11
886,T,260731,040858,60.220211N,24.813631E,18,15.4,13
887,T,260731,040859,60.220249N,24.813646E,18,15.4,7
888,T,260731,040900,60.220284N,24.813652E,17,15.4,1
889,T,260731,040901,60.220322N,24.813656E,16,15.3,2
890,T,260731,040902,60.220360N,24.813654E,16,15.0,358
891,T,260731,040903,60.220402N,24.813646E,16,15.5,356
892,T,260731,040904,60.220436N,24.813639E,16,15.5,353
893,T,260731,040905,60.220482N,24.813625E,16,16.4,352
894,T,260731,040906,60.220520N,24.813618E,16,16.4,354
895,T,260731,040907,60.220558N,24.813614E,16,16.9,0
896,T,260731,040908,60.220604N,24.813612E,16,16.8,0
897,T,260731,040909,60.220650N,24.813610E,16,16.5,2
898,T,260731,040910,60.220688N,24.813614E,16,17.1,0
899,T,260731,040911,60.220734N,24.813604E,16,17.1,355
900,T,260731,040912,60.220776N,24.813599E,16,16.8,353
901,T,260731,040913,60.220818N,24.813560E,15,16.9,350
902,T,260731,040914,60.220860N,24.813543E,14,17.0,356
903,T,260731,040915,60.220901N,24.813538E,14,17.0,354
904,T,260731,040916,60.220943N,24.813530E,15,17.3,354
905,T,260731,040917,60.220993N,24.813524E,15,17.7,357
906,T,260731,040918,60.221031N,24.813524E,15,17.6,356
907,T,260731,040919,60.221077N,24.813517E,15,17.7,355
908,T,260731,040920,60.221119N,24.813519E,16,17.8,356
909,T,260731,040921,60.221169N,24.813511E,16,17.7,356
910,T,260731,040922,60.221210N,24.813498E,16,17.8,357
911,T,260731,040923,60.221252N,24.813423E,14,17.9,358
912,T,260731,040924,60.221294N,24.813396E,13,17.8,357
913,T,260731,040925,60.221340N,24.813396E,13,18.1,356
914,T,260731,040926,60.221390N,24.813402E,13,18.0,0
915,T,260731,040927,60.221432N,24.813404E,13,18.0,355
916,T,260731,040928,60.221478N,24.813402E,13,18.1,355
917,T,260731,040929,60.221519N,24.813396E,13,18.0,356
918,T,260731,040930,60.221565N,24.813389E,13,18.1,356
919,T,260731,040931,60.221611N,24.813379E,13,18.1,355
920,T,260731,040932,60.221657N,24.813374E,13,18.1,354
921,T,260731,040933,60.221699N,24.813360E,14,17.0,353
922,T,260731,040934,60.221741N,24.813353E,14,17.3,352
923,T,260731,040935,60.221783N,24.813343E,15,18.1,350
924,T,260731,040936,60.221832N,24.813341E,15,17.6,350
925,T,260731,040937,60.221870N,24.813337E,15,17.1,351
926,T,260731,040938,60.221916N,24.813330E,15,17.8,352
927,T,260731,040939,60.221966N,24.813324E,15,18.4,353
928,T,260731,040940,60.222012N,24.813316E,15,18.5,354
929,T,260731,040941,60.222057N,24.813309E,16,17.9,354
930,T,260731,040942,60.222099N,24.813311E,16,17.9,2
931,T,260731,040943,60.222149N,24.813307E,16,18.7,356
932,T,260731,040944,60.222191N,24.813301E,15,18.1,355
933,T,260731,040945,60.222237N,24.813297E,15,17.8,354
934,T,260731,040946,60.222279N,24.813290E,15,18.6,352
935,T,260731,040947,60.222328N,24.813288E,16,17.8,358
936,T,260731,040948,60.222370N,24.813288E,16,17.8,358
937,T,260731,040949,60.222416N,24.813284E,16,18.1,356
938,T,260731,040950,60.222466N,24.813278E,16,18.1,356
939,T,260731,040951,60.222511N,24.813276E,16,18.1,355
940,T,260731,040952,60.222561N,24.813280E,16,18.0,355
941,T,260731,040953,60.222607N,24.813276E,16,17.0,353
942,T,260731,040954,60.222649N,24.813263E,17,14.9,352
943,T,260731,040955,60.222683N,24.813248E,17,16.2,351
944,T,260731,040956,60.222729N,24.813238E,17,16.5,351
945,T,260731,040957,60.222767N,24.813232E,18,16.6,351
946,T,260731,040958,60.222809N,24.813229E,18,15.9,351
947,T,260731,040959,60.222847N,24.813219E,19,16.0,352
948,T,260731,041000,60.222889N,24.813202E,19,15.5,345
949,T,260731,041001,60.222923N,24.813175E,19,16.0,338
950,T,260731,041002,60.222961N,24.813145E,19,16.0,334
951,T,260731,041003,60.222996N,24.813112E,19,15.0,336
952,T,260731,041004,60.223026N,24.813082E,19,14.1,335
953,T,260731,041005,60.223061N,24.813049E,19,13.3,332
954,T,260731,041006,60.223076N,24.813013E,21,13.2,341
955,T,260731,041007,60.223106N,24.812992E,21,13.7,343
956,T,260731,041008,60.223145N,24.812963E,21,15.2,342
957,T,260731,041009,60.223179N,24.812937E,21,15.5,341
958,T,260731,041010,60.223221N,24.812904E,21,15.5,340
959,T,260731,041011,60.223255N,24.812872E,21,15.5,340
960,T,260731,041012,60.223297N,24.812840E,21,16.0,338
961,T,260731,041013,60.223331N,24.812811E,21,15.5,338
962,T,260731,041014,60.223373N,24.812782E,21,15.1,338
963,T,260731,041015,60.223408N,24.812756E,21,15.0,339
964,T,260731,041016,60.223438N,24.812737E,22,12.7,339
965,T,260731,041017,60.223473N,24.812721E,22,12.2,340
966,T,260731,041018,60.223495N,24.812702E,22,12.2,335
967,T,260731,041019,60.223522N,24.812675E,22,12.6,336
968,T,260731,041020,60.223557N,24.812643E,22,13.2,334
969,T,260731,041021,60.223587N,24.812611E,22,13.6,334
970,T,260731,041022,60.223621N,24.812578E,23,14.0,336
971,T,260731,041023,60.223644N,24.812531E,24,13.9,337
972,T,260731,041024,60.223675N,24.812500E,25,14.0,337
973,T,260731,041025,60.223717N,24.812492E,25,14.4,337
974,T,260731,041026,60.223751N,24.812471E,26,14.5,336
975,T,260731,041027,60.223789N,24.812443E,26,14.2,329
976,T,260731,041028,60.223820N,24.812403E,26,14.6,316
977,T,260731,041029,60.223846N,24.812342E,26,15.5,307
978,T,260731,041030,60.223873N,24.812279E,27,14.4,302
979,T,260731,041031,60.223896N,24.812216E,27,15.3,305
980,T,260731,041032,60.223919N,24.812153E,27,15.3,303
981,T,260731,041033,60.223942N,24.812084E,27,15.9,303
982,T,260731,041034,60.223969N,24.812016E,27,16.6,306
983,T,260731,041035,60.223991N,24.811949E,27,16.6,306
984,T,260731,041036,60.224018N,24.811880E,27,15.9,307
985,T,260731,041037,60.224049N,24.811815E,27,16.3,309
986,T,260731,041038,60.224075N,24.811752E,27,16.7,309
987,T,260731,041039,60.224110N,24.811701E,27,15.3,310
988,T,260731,041040,60.224129N,24.811630E,27,15.4,306
989,T,260731,041041,60.224155N,24.811567E,27,16.7,303
990,T,260731,041042,60.224178N,24.811504E,26,17.0,300
991,T,260731,041043,60.224201N,24.811426E,26,17.0,299
992,T,260731,041044,60.224224N,24.811352E,26,17.0,300
993,T,260731,041045,60.224247N,24.811277E,25,17.1,302
994,T,260731,041046,60.224274N,24.811209E,25,16.8,304
995,T,260731,041047,60.224300N,24.811144E,25,16.3,314
996,T,260731,041048,60.224335N,24.811102E,24,14.4,326
997,T,260731,041049,60.224369N,24.811085E,24,13.3,351
998,T,260731,041050,60.224407N,24.811104E,23,13.2,10
999,T,260731,041051,60.224445N,24.811138E,23,14.7,16
1000,T,260731,041052,60.224480N,24.811159E,23,15.4,17
1001,T,260731,041053,60.224522N,24.811182E,22,15.5,17
1002,T,260731,041054,60.224560N,24.811201E,22,15.5,16
1003,T,260731,041055,60.224602N,24.811224E,22,15.6,16
1004,T,260731,041056,60.224628N,24.811243E,22,15.7,15
1005,T,260731,041057,60.224659N,24.811262E,22,15.7,12
1006,T,260731,041058,60.224701N,24.811275E,21,15.0,10
1007,T,260731,041059,60.224739N,24.811293E,21,15.1,10
1008,T,260731,041100,60.224781N,24.811312E,21,15.5,10
1009,T,260731,041101,60.224819N,24.811337E,20,14.5,11
1010,T,260731,041102,60.224857N,24.811354E,20,14.0,13
1011,T,260731,041103,60.224892N,24.811373E,20,13.9,14
1012,T,260731,041104,60.224930N,24.811390E,20,13.9,15
1013,T,260731,041105,60.224964N,24.811415E,19,14.7,17
1014,T,260731,041106,60.224998N,24.811436E,19,14.0,18
1015,T,260731,041107,60.225040N,24.811457E,19,15.2,18
1016,T,260731,041108,60.225075N,24.811470E,19,14.0,18
1017,T,260731,041109,60.225117N,24.811481E,19,13.7,17
1018,T,260731,041110,60.225155N,24.811497E,19,14.2,12
1019,T,260731,041111,60.225193N,24.811512E,20,13.8,17
1020,T,260731,041112,60.225227N,24.811535E,20,14.0,20
1021,T,260731,041113,60.225262N,24.811556E,19,13.2,18
1022,T,260731,041114,60.225296N,24.811569E,19,13.1,10
1023,T,260731,041115,60.225327N,24.811588E,19,12.2,11
1024,T,260731,041116,60.225357N,24.811609E,19,11.4,12
1025,T,260731,041117,60.225391N,24.811628E,19,12.3,12
1026,T,260731,041118,60.225422N,24.811644E,19,12.2,14
1027,T,260731,041119,60.225456N,24.811663E,19,11.6,16
1028,T,260731,041120,60.225487N,24.811676E,19,11.2,11
1029,T,260731,041121,60.225521N,24.811686E,19,11.3,10
1030,T,260731,041122,60.225555N,24.811705E,19,11.9,7
1031,T,260731,041123,60.225601N,24.811726E,19,14.0,17
1032,T,260731,041124,60.225647N,24.811756E,18,15.5,21
1033,T,260731,041125,60.225689N,24.811787E,18,15.9,23
1034,T,260731,041126,60.225727N,24.811815E,18,15.5,27
1035,T,260731,041127,60.225765N,24.811852E,18,15.2,30
1036,T,260731,041128,60.225796N,24.811890E,17,14.2,33
1037,T,260731,041129,60.225822N,24.811924E,17,13.3,31
1038,T,260731,041130,60.225853N,24.811956E,17,11.9,30
1039,T,260731,041131,60.225876N,24.811979E,16,9.2,29
1040,T,260731,041132,60.225895N,24.811995E,16,9.1,23
1041,T,260731,041133,60.225922N,24.812010E,16,9.0,24
1042,T,260731,041134,60.225933N,24.812031E,16,7.7,25
1043,T,260731,041135,60.225948N,24.812046E,15,6.6,26
1044,T,260731,041136,60.225964N,24.812056E,15,7.7,28
1045,T,260731,041137,60.225986N,24.812124E,14,11.5,29
1046,T,260731,041138,60.226013N,24.812157E,14,9.9,31
1047,T,260731,041139,60.226040N,24.812185E,14,8.6,32
1048,T,260731,041140,60.226070N,24.812212E,14,8.9,32
1049,T,260731,041141,60.226089N,24.812227E,14,6.9,34
1050,T,260731,041142,60.226101N,24.812244E,14,6.1,35
1051,T,260731,041143,60.226112N,24.812263E,13,5.5,37
1052,T,260731,041144,60.226124N,24.812281E,13,5.5,38
1053,T,260731,041145,60.226135N,24.812296E,13,5.4,39
1054,T,260731,041146,60.226151N,24.812319E,12,6.6,37
1055,T,260731,041147,60.226170N,24.812338E,12,7.1,37
1056,T,260731,041148,60.226185N,24.812363E,12,7.2,35
1057,T,260731,041149,60.226204N,24.812387E,12,7.6,40
1058,T,260731,041150,60.226223N,24.812418E,11,8.7,38
1059,T,260731,041151,60.226284N,24.812490E,12,10.5,37
1060,T,260731,041152,60.226337N,24.812576E,11,12.3,36
1061,T,260731,041153,60.226429N,24.812672E,11,12.3,36
1062,T,260731,041154,60.226482N,24.812733E,11,11.8,36
1063,T,260731,041155,60.226517N,24.812777E,11,10.5,37
1064,T,260731,041156,60.226547N,24.812817E,11,9.9,36
1065,T,260731,041157,60.226582N,24.812830E,12,10.5,50
1066,T,260731,041158,60.226624N,24.812881E,13,11.7,59
1067,T,260731,041159,60.226650N,24.812944E,13,11.7,60
1068,T,260731,041200,60.226681N,24.813005E,13,11.6,59
1069,T,260731,041201,60.226719N,24.813065E,14,11.0,57
1070,T,260731,041202,60.226765N,24.813103E,14,11.6,52
1071,T,260731,041203,60.226799N,24.813116E,15,11.2,48
1072,T,260731,041204,60.226837N,24.813124E,15,11.0,44
1073,T,260731,041205,60.226868N,24.813137E,15,11.5,41
1074,T,260731,041206,60.226894N,24.813158E,15,11.4,38
1075,T,260731,041207,60.226921N,24.813189E,16,11.5,35
1076,T,260731,041208,60.226948N,24.813217E,16,10.6,34
1077,T,260731,041209,60.226967N,24.813244E,15,9.9,32
1078,T,260731,041210,60.226982N,24.813269E,15,8.6,32
1079,T,260731,041211,60.227009N,24.813295E,15,9.6,31
1080,T,260731,041212,60.227024N,24.813316E,15,7.7,40
1081,T,260731,041213,60.227039N,24.813341E,15,6.3,42
1082,T,260731,041214,60.227058N,24.813368E,15,8.3,40
1083,T,260731,041215,60.227077N,24.813391E,15,7.6,42
1084,T,260731,041216,60.227093N,24.813410E,15,8.0,39
1085,T,260731,041217,60.227108N,24.813433E,15,7.4,38
1086,T,260731,041218,60.227127N,24.813456E,14,8.3,37
1087,T,260731,041219,60.227154N,24.813477E,14,9.5,37
1088,T,260731,041220,60.227180N,24.813511E,14,9.6,35
1089,T,260731,041221,60.227234N,24.813545E,14,11.4,22
1090,T,260731,041222,60.227283N,24.813580E,14,12.5,16
1091,T,260731,041223,60.227333N,24.813601E,14,11.7,13
1092,T,260731,041224,60.227409N,24.813581E,14,11.8,10
1093,T,260731,041225,60.227467N,24.813660E,14,12.7,16
1094,T,260731,041226,60.227512N,24.813700E,15,12.6,13
1095,T,260731,041227,60.227547N,24.813749E,15,12.0,14
1096,T,260731,041228,60.227581N,24.813784E,16,11.4,5
1097,T,260731,041229,60.227619N,24.813812E,17,11.5,1
1098,T,260731,041230,60.227661N,24.813831E,19,11.6,0
1099,T,260731,041231,60.227695N,24.813845E,19,12.2,3
1100,T,260731,041232,60.227730N,24.813858E,20,12.7,2
1101,T,260731,041233,60.227776N,24.813862E,21,13.7,356
1102,T,260731,041234,60.227814N,24.813869E,22,13.6,358
1103,T,260731,041235,60.227848N,24.813885E,23,12.1,6
1104,T,260731,041236,60.227879N,24.813896E,24,11.8,8
1105,T,260731,041237,60.227913N,24.813915E,25,12.7,8
1106,T,260731,041238,60.227947N,24.813931E,25,13.2,8
1107,T,260731,041239,60.227982N,24.813940E,26,12.9,356
1108,T,260731,041240,60.228012N,24.813938E,26,11.8,358
1109,T,260731,041241,60.228046N,24.813938E,27,12.4,359
1110,T,260731,041242,60.228081N,24.813944E,27,12.4,1
1111,T,260731,041243,60.228115N,24.813948E,28,12.9,1
1112,T,260731,041244,60.228153N,24.813951E,29,12.9,3
1113,T,260731,041245,60.228184N,24.813957E,30,12.3,2
1114,T,260731,041246,60.228214N,24.813963E,30,12.4,2
1115,T,260731,041247,60.228249N,24.813967E,30,12.7,4
1116,T,260731,041248,60.228279N,24.813972E,31,12.8,4
1117,T,260731,041249,60.228317N,24.813971E,31,13.5,3
1118,T,260731,041250,60.228352N,24.813969E,31,14.0,2
1119,T,260731,041251,60.228394N,24.813967E,32,14.0,1
1120,T,260731,041252,60.228428N,24.813969E,32,13.9,6
1121,T,260731,041253,60.228458N,24.813976E,33,13.3,6
1122,T,260731,041254,60.228497N,24.813972E,34,12.7,3
1123,T,260731,041255,60.228527N,24.813967E,35,12.0,1
1124,T,260731,041256,60.228561N,24.813955E,35,11.9,7
1125,T,260731,041257,60.228592N,24.813953E,36,9.7,8
1126,T,260731,041258,60.228619N,24.813959E,37,7.6,354
1127,T,260731,041259,60.228642N,24.813969E,37,4.1,354
1128,T,260731,041300,60.228653N,24.813976E,37,0.0,354
1129,T,260731,041301,60.228661N,24.813982E,37,0.0,354
1130,T,260731,041302,60.228672N,24.813992E,37,7.6,9
1131,T,260731,041303,60.228695N,24.814001E,38,10.9,8
1132,T,260731,041304,60.228725N,24.814007E,38,12.0,7
1133,T,260731,041305,60.228756N,24.814009E,38,12.9,356
1134,T,260731,041306,60.228790N,24.813997E,38,15.2,355
1135,T,260731,041307,60.228832N,24.813969E,39,15.5,352
1136,T,260731,041308,60.228863N,24.813929E,39,15.4,350
1137,T,260731,041309,60.228901N,24.813898E,39,16.1,349
1138,T,260731,041310,60.228939N,24.813889E,40,16.7,350
1139,T,260731,041311,60.228985N,24.813892E,40,17.5,2
1140,T,260731,041312,60.229027N,24.813896E,40,17.5,2
1141,T,260731,041313,60.229073N,24.813900E,40,17.4,359
1142,T,260731,041314,60.229115N,24.813902E,41,17.4,359
1143,T,260731,041315,60.229160N,24.813904E,41,17.9,1
1144,T,260731,041316,60.229210N,24.813908E,41,18.0,2
1145,T,260731,041317,60.229252N,24.813911E,42,18.3,359
1146,T,260731,041318,60.229301N,24.813910E,42,18.3,358
1147,T,260731,041319,60.229343N,24.813906E,43,17.1,357
1148,T,260731,041320,60.229389N,24.813904E,43,16.7,358
1149,T,260731,041321,60.229427N,24.813898E,43,16.9,357
1150,T,260731,041322,60.229473N,24.813894E,43,17.0,356
1151,T,260731,041323,60.229511N,24.813890E,43,17.0,356
1152,T,260731,041324,60.229557N,24.813889E,44,17.0,357
1153,T,260731,041325,60.229595N,24.813887E,44,17.0,358
1154,T,260731,041326,60.229641N,24.813885E,44,17.0,358
1155,T,260731,041327,60.229679N,24.813877E,44,17.0,358
1156,T,260731,041328,60.229725N,24.813875E,45,16.6,2
1157,T,260731,041329,60.229767N,24.813875E,45,17.0,2
1158,T,260731,041330,60.229813N,24.813885E,45,17.7,8
1159,T,260731,041331,60.229858N,24.813896E,45,19.1,6
1160,T,260731,041332,60.229904N,24.813904E,45,18.1,3
1161,T,260731,041333,60.229954N,24.813908E,45,17.3,2
1162,T,260731,041334,60.229996N,24.813911E,45,18.1,359
1163,T,260731,041335,60.230045N,24.813913E,45,18.5,1
1164,T,260731,041336,60.230091N,24.813915E,45,19.5,2
1165,T,260731,041337,60.230145N,24.813917E,44,20.2,358
1166,T,260731,041338,60.230190N,24.813919E,44,20.2,0
1167,T,260731,041339,60.230247N,24.813925E,44,21.2,0
1168,T,260731,041340,60.230301N,24.813929E,44,21.3,1
1169,T,260731,041341,60.230358N,24.813932E,43,22.1,359
1170,T,260731,041342,60.230415N,24.813932E,43,22.7,0
1171,T,260731,041343,60.230473N,24.813936E,43,23.7,2
1172,T,260731,041344,60.230537N,24.813944E,42,24.7,1
1173,T,260731,041345,60.230595N,24.813948E,42,25.0,0
1174,T,260731,041346,60.230659N,24.813953E,42,24.3,2
1175,T,260731,041347,60.230721N,24.813963E,41,22.9,2
1176,T,260731,041348,60.230782N,24.813967E,41,23.9,1
1177,T,260731,041349,60.230839N,24.813969E,41,25.0,1
1178,T,260731,041350,60.230904N,24.813965E,40,26.0,357
1179,T,260731,041351,60.230965N,24.813955E,40,22.8,355
1180,T,260731,041352,60.231022N,24.813946E,40,22.7,356
1181,T,260731,041353,60.231075N,24.813938E,40,22.0,356
1182,T,260731,041354,60.231133N,24.813931E,40,21.9,356
1183,T,260731,041355,60.231190N,24.813925E,41,21.7,358
1184,T,260731,041356,60.231239N,24.813925E,41,21.7,358
1185,T,260731,041357,60.231293N,24.813915E,41,21.5,359
1186,T,260731,041358,60.231346N,24.813911E,41,21.1,359
1187,T,260731,041359,60.231400N,24.813904E,41,20.8,359
1188,T,260731,041400,60.231449N,24.813900E,41,20.5,358
1189,T,260731,041401,60.231499N,24.813896E,41,20.3,358
1190,T,260731,041402,60.231548N,24.813892E,41,20.3,358
1191,T,260731,041403,60.231602N,24.813889E,41,20.2,357
1192,T,260731,041404,60.231647N,24.813885E,41,20.3,357
1193,T,260731,041405,60.231701N,24.813881E,41,20.4,357
1194,T,260731,041406,60.231750N,24.813881E,41,20.0,0
1195,T,260731,041407,60.231800N,24.813881E,41,20.6,359
1196,T,260731,041408,60.231853N,24.813875E,41,20.7,359
1197,T,260731,041409,60.231907N,24.813871E,41,21.5,358
1198,T,260731,041410,60.231960N,24.813875E,41,22.6,2
1199,T,260731,041411,60.232018N,24.813881E,41,21.0,3
1200,T,260731,041412,60.232071N,24.813883E,41,21.2,357
1201,T,260731,041413,60.232124N,24.813869E,40,22.1,355
1202,T,260731,041414,60.232182N,24.813866E,40,21.6,357
1203,T,260731,041415,60.232235N,24.813868E,40,22.8,0
1204,T,260731,041416,60.232296N,24.813869E,40,23.4,0
1205,T,260731,041417,60.232357N,24.813871E,40,23.9,359
1206,T,260731,041418,60.232414N,24.813868E,39,25.0,358
1207,T,260731,041419,60.232479N,24.813864E,39,25.5,358
1208,T,260731,041420,60.232544N,24.813860E,39,26.2,359
1209,T,260731,041421,60.232609N,24.813858E,38,26.5,358
1210,T,260731,041422,60.232681N,24.813854E,37,27.6,0
1211,T,260731,041423,60.232746N,24.813854E,37,27.7,359
1212,T,260731,041424,60.232815N,24.813858E,37,27.0,1
1213,T,260731,041425,60.232883N,24.813864E,37,27.0,1
1214,T,260731,041426,60.232952N,24.813866E,36,28.0,359
1215,T,260731,041427,60.233025N,24.813864E,36,28.5,357
1216,T,260731,041428,60.233097N,24.813864E,36,27.1,357
1217,T,260731,041429,60.233166N,24.813864E,35,27.2,358
1218,T,260731,041430,60.233231N,24.813864E,35,26.9,358
1219,T,260731,041431,60.233299N,24.813864E,35,27.0,0
1220,T,260731,041432,60.233364N,24.813862E,34,26.3,358
1221,T,260731,041433,60.233425N,24.813856E,34,24.0,357
1222,T,260731,041434,60.233479N,24.813850E,34,21.0,357
1223,T,260731,041435,60.233524N,24.813833E,33,14.7,355
1224,T,260731,041436,60.233551N,24.813793E,33,14.3,351
1225,T,260731,041437,60.233582N,24.813738E,33,15.5,347
1226,T,260731,041438,60.233608N,24.813684E,33,16.3,345
1227,T,260731,041439,60.233643N,24.813637E,33,16.9,342
1228,T,260731,041440,60.233685N,24.813614E,33,18.0,355
1229,T,260731,041441,60.233727N,24.813608E,33,18.0,356
1230,T,260731,041442,60.233772N,24.813601E,32,17.6,356
1231,T,260731,041443,60.233810N,24.813576E,32,15.8,354
1232,T,260731,041444,60.233841N,24.813557E,32,9.5,352
1233,T,260731,041445,60.233860N,24.813540E,32,7.9,351
1234,T,260731,041446,60.233879N,24.813520E,32,9.2,325
1235,T,260731,041447,60.233906N,24.813496E,32,13.1,327
1236,T,260731,041448,60.233936N,24.813492E,32,13.0,6
1237,T,260731,041449,60.233967N,24.813496E,31,13.1,6
1238,T,260731,041450,60.234001N,24.813501E,31,13.5,4
1239,T,260731,041451,60.234039N,24.813507E,32,15.4,1
1240,T,260731,041452,60.234077N,24.813505E,32,15.5,357
1241,T,260731,041453,60.234116N,24.813494E,32,15.9,344
1242,T,260731,041454,60.234158N,24.813461E,32,18.0,332
1243,T,260731,041455,60.234196N,24.813416E,33,19.0,330
1244,T,260731,041456,60.234241N,24.813368E,32,19.0,329
1245,T,260731,041457,60.234280N,24.813311E,32,19.5,319
1246,T,260731,041458,60.234318N,24.813244E,33,20.1,318
1247,T,260731,041459,60.234352N,24.813183E,33,19.7,316
1248,T,260731,041500,60.234386N,24.813110E,33,20.4,311
1249,T,260731,041501,60.234421N,24.813028E,33,20.1,310
1250,T,260731,041502,60.234455N,24.812952E,33,19.5,313
1251,T,260731,041503,60.234489N,24.812876E,34,19.1,310
1252,T,260731,041504,60.234520N,24.812796E,34,19.5,309
1253,T,260731,041505,60.234554N,24.812719E,34,18.8,309
1254,T,260731,041506,60.234585N,24.812643E,35,18.8,308
1255,T,260731,041507,60.234612N,24.812572E,35,18.9,308
1256,T,260731,041508,60.234646N,24.812498E,35,19.0,310
1257,T,260731,041509,60.234680N,24.812429E,35,19.3,321
1258,T,260731,041510,60.234715N,24.812368E,35,19.4,319
1259,T,260731,041511,60.234753N,24.812302E,35,19.4,318
1260,T,260731,041512,60.234787N,24.812237E,35,18.5,312
1261,T,260731,041513,60.234821N,24.812166E,35,18.7,312
1262,T,260731,041514,60.234848N,24.812098E,35,17.8,312
1263,T,260731,041515,60.234879N,24.812031E,35,18.7,312
1264,T,260731,041516,60.234913N,24.811964E,35,17.8,309
1265,T,260731,041517,60.234940N,24.811895E,35,16.9,309
1266,T,260731,041518,60.234966N,24.811827E,35,18.0,309
1267,T,260731,041519,60.234997N,24.811758E,35,17.9,311
1268,T,260731,041520,60.235031N,24.811689E,35,18.0,311
1269,T,260731,041521,60.235062N,24.811621E,35,18.1,311
1270,T,260731,041522,60.235088N,24.811544E,35,18.7,310
1271,T,260731,041523,60.235119N,24.811470E,35,18.7,309
1272,T,260731,041524,60.235153N,24.811396E,35,19.3,309
1273,T,260731,041525,60.235184N,24.811321E,35,19.3,309
1274,T,260731,041526,60.235214N,24.811243E,35,19.8,310
1275,T,260731,041527,60.235249N,24.811169E,35,19.5,310
1276,T,260731,041528,60.235279N,24.811094E,35,19.6,311
1277,T,260731,041529,60.235317N,24.811016E,35,19.5,310
1278,T,260731,041530,60.235352N,24.810928E,35,19.8,310
1279,T,260731,041531,60.235378N,24.810844E,35,19.9,309
1280,T,260731,041532,60.235413N,24.810764E,34,20.3,311
1281,T,260731,041533,60.235447N,24.810688E,34,20.3,311
1282,T,260731,041534,60.235481N,24.810614E,34,20.4,309
1283,T,260731,041535,60.235512N,24.810535E,34,20.7,312
1284,T,260731,041536,60.235546N,24.810455E,34,20.7,309
1285,T,260731,041537,60.235580N,24.810371E,34,21.1,310
1286,T,260731,041538,60.235611N,24.810291E,34,20.4,310
1287,T,260731,041539,60.235649N,24.810211E,34,20.9,310
1288,T,260731,041540,60.235680N,24.810129E,34,21.0,310
1289,T,260731,041541,60.235718N,24.810047E,34,21.5,310
1290,T,260731,041542,60.235752N,24.809963E,34,22.3,310
1291,T,260731,041543,60.235786N,24.809875E,34,21.7,310
1292,T,260731,041544,60.235825N,24.809792E,34,21.3,310
1293,T,260731,041545,60.235855N,24.809706E,34,21.4,309
1294,T,260731,041546,60.235889N,24.809622E,34,21.1,308
1295,T,260731,041547,60.235920N,24.809536E,33,20.6,302
1296,T,260731,041548,60.235943N,24.809450E,33,19.6,300
1297,T,260731,041549,60.235970N,24.809370E,34,18.9,300
1298,T,260731,041550,60.236000N,24.809296E,34,18.9,301
1299,T,260731,041551,60.236027N,24.809223E,34,18.8,302
1300,T,260731,041552,60.236061N,24.809156E,34,18.2,303
1301,T,260731,041553,60.236092N,24.809095E,34,17.1,305
1302,T,260731,041554,60.236122N,24.809040E,34,17.0,306
1303,T,260731,041555,60.236156N,24.808985E,34,16.0,307
1304,T,260731,041556,60.236187N,24.808931E,35,15.5,309
1305,T,260731,041557,60.236217N,24.808876E,35,15.0,310
1306,T,260731,041558,60.236240N,24.808821E,35,14.0,301
1307,T,260731,041559,60.236252N,24.808760E,36,12.2,284
1308,T,260731,041600,60.236256N,24.808702E,35,10.6,283
1309,T,260731,041601,60.236267N,24.808655E,35,10.3,286
1310,T,260731,041602,60.236286N,24.808622E,34,10.4,292
1311,T,260731,041603,60.236320N,24.808615E,34,12.2,298
1312,T,260731,041604,60.236351N,24.808611E,34,13.8,304
1313,T,260731,041605,60.236393N,24.808603E,34,14.7,309
1314,T,260731,041606,60.236427N,24.808603E,34,15.7,1
1315,T,260731,041607,60.236469N,24.808605E,33,15.1,4
1316,T,260731,041608,60.236507N,24.808613E,33,16.0,3
1317,T,260731,041609,60.236546N,24.808620E,33,15.5,4
1318,T,260731,041610,60.236588N,24.808630E,33,17.1,6
1319,T,260731,041611,60.236629N,24.808643E,33,17.0,9
1320,T,260731,041612,60.236668N,24.808659E,33,17.0,9
1321,T,260731,041613,60.236713N,24.808674E,33,18.2,10
1322,T,260731,041614,60.236755N,24.808687E,33,17.5,11
1323,T,260731,041615,60.236797N,24.808704E,34,17.5,10
1324,T,260731,041616,60.236839N,24.808716E,34,16.9,8
1325,T,260731,041617,60.236885N,24.808723E,34,16.6,6
1326,T,260731,041618,60.236923N,24.808729E,35,16.5,6
1327,T,260731,041619,60.236969N,24.808731E,36,16.4,4
1328,T,260731,041620,60.237007N,24.808735E,36,15.9,357
1329,T,260731,041621,60.237049N,24.808729E,36,16.4,357
1330,T,260731,041622,60.237087N,24.808731E,37,16.4,1
1331,T,260731,041623,60.237129N,24.808731E,37,16.9,358
1332,T,260731,041624,60.237171N,24.808731E,37,16.8,2
1333,T,260731,041625,60.237213N,24.808735E,37,16.1,0
1334,T,260731,041626,60.237255N,24.808737E,37,16.1,0
1335,T,260731,041627,60.237297N,24.808737E,37,16.1,0
1336,T,260731,041628,60.237339N,24.808735E,38,16.3,357
1337,T,260731,041629,60.237381N,24.808727E,38,16.9,356
1338,T,260731,041630,60.237423N,24.808723E,38,16.9,358
1339,T,260731,041631,60.237465N,24.808722E,39,17.0,358
1340,T,260731,041632,60.237511N,24.808718E,39,17.0,358
1341,T,260731,041633,60.237553N,24.808716E,39,17.0,0
1342,T,260731,041634,60.237598N,24.808716E,39,17.1,359
1343,T,260731,041635,60.237640N,24.808712E,39,16.3,359
1344,T,260731,041636,60.237682N,24.808708E,40,16.3,0
1345,T,260731,041637,60.237724N,24.808708E,40,16.0,359
1346,T,260731,041638,60.237762N,24.808708E,40,16.4,359
1347,T,260731,041639,60.237804N,24.808708E,40,16.3,0
1348,T,260731,041640,60.237839N,24.808708E,41,15.5,358
1349,T,260731,041641,60.237881N,24.808706E,41,15.2,358
1350,T,260731,041642,60.237919N,24.808704E,41,16.0,359
1351,T,260731,041643,60.237961N,24.808704E,41,15.9,359
1352,T,260731,041644,60.237999N,24.808702E,41,16.5,358
1353,T,260731,041645,60.238041N,24.808704E,42,15.6,359
1354,T,260731,041646,60.238079N,24.808704E,42,15.9,359
1355,T,260731,041647,60.238121N,24.808702E,42,15.9,358
1356,T,260731,041648,60.238159N,24.808702E,43,16.0,0
1357,T,260731,041649,60.238201N,24.808702E,43,15.7,359
1358,T,260731,041650,60.238239N,24.808701E,44,15.6,359
1359,T,260731,041651,60.238281N,24.808702E,44,15.0,1
1360,T,260731,041652,60.238316N,24.808702E,44,14.9,359
1361,T,260731,041653,60.238358N,24.808702E,44,14.8,0
1362,T,260731,041654,60.238392N,24.808704E,44,14.7,1
1363,T,260731,041655,60.238426N,24.808704E,44,14.6,358
1364,T,260731,041656,60.238464N,24.808701E,44,14.6,356
1365,T,260731,041657,60.238499N,24.808697E,44,14.5,358
1366,T,260731,041658,60.238537N,24.808697E,44,14.5,0
1367,T,260731,041659,60.238571N,24.808697E,44,14.6,358
1368,T,260731,041700,60.238613N,24.808697E,45,15.5,357
1369,T,260731,041701,60.238647N,24.808693E,44,16.2,357
1370,T,260731,041702,60.238689N,24.808689E,44,16.5,359
1371,T,260731,041703,60.238731N,24.808685E,44,16.6,357
1372,T,260731,041704,60.238773N,24.808680E,44,16.6,357
1373,T,260731,041705,60.238819N,24.808680E,44,17.9,358
1374,T,260731,041706,60.238865N,24.808683E,44,18.8,358
1375,T,260731,041707,60.238911N,24.808683E,44,19.3,1
1376,T,260731,041708,60.238960N,24.808683E,44,19.7,358
1377,T,260731,041709,60.239014N,24.808681E,43,20.2,0
1378,T,260731,041710,60.239063N,24.808683E,43,20.1,0
1379,T,260731,041711,60.239113N,24.808683E,43,20.5,356
1380,T,260731,041712,60.239162N,24.808678E,44,19.9,0
1381,T,260731,041713,60.239212N,24.808678E,43,20.4,359
1382,T,260731,041714,60.239269N,24.808678E,43,20.3,359
1383,T,260731,041715,60.239319N,24.808672E,43,20.6,356
1384,T,260731,041716,60.239368N,24.808664E,43,20.9,355
1385,T,260731,041717,60.239426N,24.808657E,43,20.1,357
1386,T,260731,041718,60.239471N,24.808657E,43,20.8,359
1387,T,260731,041719,60.239525N,24.808657E,43,21.4,2
1388,T,260731,041720,60.239578N,24.808661E,43,21.0,2
1389,T,260731,041721,60.239632N,24.808661E,42,20.8,356
1390,T,260731,041722,60.239685N,24.808659E,42,21.7,358
1391,T,260731,041723,60.239738N,24.808657E,42,22.3,359
1392,T,260731,041724,60.239799N,24.808655E,42,23.6,358
1393,T,260731,041725,60.239861N,24.808647E,41,23.7,358
1394,T,260731,041726,60.239922N,24.808645E,41,24.9,359
1395,T,260731,041727,60.239983N,24.808643E,40,26.2,359
1396,T,260731,041728,60.240051N,24.808643E,40,28.7,359
1397,T,260731,041729,60.240124N,24.808643E,39,27.6,1
1398,T,260731,041730,60.240196N,24.808645E,39,28.5,1
1399,T,260731,041731,60.240269N,24.808645E,38,30.0,359
1400,T,260731,041732,60.240341N,24.808645E,38,29.6,359
1401,T,260731,041733,60.240421N,24.808643E,37,30.9,358
1402,T,260731,041734,60.240498N,24.808640E,37,30.5,358
1403,T,260731,041735,60.240566N,24.808632E,37,29.5,357
1404,T,260731,041736,60.240643N,24.808628E,37,27.8,358
1405,T,260731,041737,60.240711N,24.808630E,36,28.3,0
1406,T,260731,041738,60.240784N,24.808624E,36,28.3,357
1407,T,260731,041739,60.240860N,24.808619E,36,28.5,356
1408,T,260731,041740,60.240932N,24.808607E,35,29.4,356
1409,T,260731,041741,60.241009N,24.808601E,35,29.4,358
1410,T,260731,041742,60.241081N,24.808599E,34,29.8,359
1411,T,260731,041743,60.241154N,24.808603E,34,28.6,2
1412,T,260731,041744,60.241222N,24.808605E,33,29.2,1
1413,T,260731,041745,60.241295N,24.808607E,33,28.9,0
1414,T,260731,041746,60.241367N,24.808603E,33,28.7,357
1415,T,260731,041747,60.241440N,24.808603E,32,27.5,0
1416,T,260731,041748,60.241508N,24.808601E,32,27.0,358
1417,T,260731,041749,60.241577N,24.808599E,32,27.0,359
1418,T,260731,041750,60.241646N,24.808598E,32,27.6,359
1419,T,260731,041751,60.241711N,24.808598E,32,25.5,1
1420,T,260731,041752,60.241776N,24.808598E,32,26.0,359
1421,T,260731,041753,60.241840N,24.808596E,33,23.5,359
1422,T,260731,041754,60.241905N,24.808594E,33,23.9,359
1423,T,260731,041755,60.241959N,24.808590E,33,23.4,358
1424,T,260731,041756,60.242020N,24.808584E,33,24.3,359
1425,T,260731,041757,60.242081N,24.808584E,33,23.6,358
1426,T,260731,041758,60.242142N,24.808577E,33,23.5,358
1427,T,260731,041759,60.242203N,24.808575E,34,23.5,358
1428,T,260731,041800,60.242264N,24.808573E,34,23.4,358
1429,T,260731,041801,60.242321N,24.808567E,34,23.0,359
1430,T,260731,041802,60.242378N,24.808565E,34,22.4,359
1431,T,260731,041803,60.242432N,24.808565E,34,21.8,0
1432,T,260731,041804,60.242489N,24.808563E,35,21.3,359
1433,T,260731,041805,60.242538N,24.808561E,35,20.6,359
1434,T,260731,041806,60.242592N,24.808559E,35,19.6,0
1435,T,260731,041807,60.242641N,24.808558E,36,18.8,358
1436,T,260731,041808,60.242687N,24.808554E,36,18.2,357
1437,T,260731,041809,60.242737N,24.808550E,36,18.4,357
1438,T,260731,041810,60.242779N,24.808550E,36,19.3,0
1439,T,260731,041811,60.242828N,24.808552E,36,17.7,0
1440,T,260731,041812,60.242870N,24.808550E,36,17.7,359
1441,T,260731,041813,60.242916N,24.808550E,36,18.6,0
1442,T,260731,041814,60.242966N,24.808544E,37,18.1,357
1443,T,260731,041815,60.243011N,24.808544E,37,19.5,358
1444,T,260731,041816,60.243061N,24.808538E,37,19.7,357
1445,T,260731,041817,60.243111N,24.808537E,36,20.8,358
1446,T,260731,041818,60.243160N,24.808537E,36,20.8,0
1447,T,260731,041819,60.243217N,24.808533E,36,21.7,356
1448,T,260731,041820,60.243271N,24.808521E,36,23.0,355
1449,T,260731,041821,60.243328N,24.808514E,36,23.7,355
1450,T,260731,041822,60.243389N,24.808506E,36,23.4,357
1451,T,260731,041823,60.243443N,24.808504E,36,23.7,357
1452,T,260731,041824,60.243504N,24.808496E,36,24.5,357
1453,T,260731,041825,60.243565N,24.808489E,36,24.1,356
1454,T,260731,041826,60.243622N,24.808483E,36,22.2,357
1455,T,260731,041827,60.243679N,24.808483E,36,24.1,0
1456,T,260731,041828,60.243740N,24.808487E,36,24.7,0
1457,T,260731,041829,60.243797N,24.808483E,35,23.2,357
1458,T,260731,041830,60.243855N,24.808479E,35,23.2,358
1459,T,260731,041831,60.243912N,24.808475E,35,23.2,358
1460,T,260731,041832,60.243969N,24.808474E,35,23.7,359
1461,T,260731,041833,60.244026N,24.808472E,35,23.2,359
1462,T,260731,041834,60.244087N,24.808468E,35,22.9,358
1463,T,260731,041835,60.244148N,24.808466E,35,24.1,359
1464,T,260731,041836,60.244213N,24.808464E,35,24.0,0
1465,T,260731,041837,60.244270N,24.808464E,35,23.3,0
1466,T,260731,041838,60.244331N,24.808462E,35,23.9,1
1467,T,260731,041839,60.244392N,24.808468E,35,22.1,4
1468,T,260731,041840,60.244446N,24.808477E,35,22.1,4
1469,T,260731,041841,60.244499N,24.808489E,34,21.7,3
1470,T,260731,041842,60.244553N,24.808495E,34,21.5,3
1471,T,260731,041843,60.244614N,24.808496E,35,22.8,2
1472,T,260731,041844,60.244671N,24.808496E,35,22.9,0
1473,T,260731,041845,60.244728N,24.808500E,35,21.6,0
1474,T,260731,041846,60.244789N,24.808496E,35,20.9,356
1475,T,260731,041847,60.244839N,24.808481E,36,20.1,348
1476,T,260731,041848,60.244888N,24.808456E,35,20.0,342
1477,T,260731,041849,60.244938N,24.808435E,34,18.5,343
1478,T,260731,041850,60.244984N,24.808432E,34,19.0,4
1479,T,260731,041851,60.245033N,24.808451E,35,19.3,5
1480,T,260731,041852,60.245079N,24.808470E,35,18.1,7
1481,T,260731,041853,60.245125N,24.808477E,36,17.3,6
1482,T,260731,041854,60.245167N,24.808483E,36,17.0,6
1483,T,260731,041855,60.245213N,24.808487E,37,17.2,5
1484,T,260731,041856,60.245255N,24.808489E,37,16.7,357
1485,T,260731,041857,60.245300N,24.808487E,38,16.4,358
1486,T,260731,041858,60.245338N,24.808483E,38,16.5,358
1487,T,260731,041859,60.245380N,24.808487E,38,16.4,359
1488,T,260731,041900,60.245422N,24.808483E,38,16.7,358
1489,T,260731,041901,60.245464N,24.808481E,38,16.8,359
1490,T,260731,041902,60.245506N,24.808479E,39,16.7,358
1491,T,260731,041903,60.245548N,24.808477E,39,16.7,358
1492,T,260731,041904,60.245590N,24.808475E,39,17.0,0
1493,T,260731,041905,60.245632N,24.808477E,39,17.0,0
1494,T,260731,041906,60.245674N,24.808475E,39,17.0,358
1495,T,260731,041907,60.245724N,24.808474E,39,17.4,358
1496,T,260731,041908,60.245770N,24.808470E,40,17.5,358
1497,T,260731,041909,60.245819N,24.808468E,40,17.7,358
1498,T,260731,041910,60.245861N,24.808470E,40,17.7,359
1499,T,260731,041911,60.245907N,24.808474E,40,17.7,2
1500,T,260731,041912,60.245953N,24.808475E,40,17.7,359
1501,T,260731,041913,60.245995N,24.808474E,41,17.8,357
1502,T,260731,041914,60.246040N,24.808468E,41,18.1,357
1503,T,260731,041915,60.246082N,24.808464E,41,18.0,358
1504,T,260731,041916,60.246128N,24.808464E,41,17.9,359
1505,T,260731,041917,60.246178N,24.808464E,41,17.4,359
1506,T,260731,041918,60.246220N,24.808464E,41,17.4,0
1507,T,260731,041919,60.246265N,24.808464E,42,16.9,0
1508,T,260731,041920,60.246307N,24.808462E,42,16.8,359
1509,T,260731,041921,60.246353N,24.808458E,42,16.7,358
1510,T,260731,041922,60.246391N,24.808456E,42,16.4,358
1511,T,260731,041923,60.246433N,24.808455E,43,16.4,1
1512,T,260731,041924,60.246475N,24.808456E,43,16.0,2
1513,T,260731,041925,60.246517N,24.808456E,43,16.1,357
1514,T,260731,041926,60.246555N,24.808453E,44,16.1,357
1515,T,260731,041927,60.246601N,24.808451E,44,16.2,0
1516,T,260731,041928,60.246639N,24.808451E,44,15.8,359
1517,T,260731,041929,60.246681N,24.808449E,44,15.8,357
1518,T,260731,041930,60.246716N,24.808447E,44,15.6,0
1519,T,260731,041931,60.246758N,24.808449E,45,15.7,0
1520,T,260731,041932,60.246792N,24.808449E,44,15.7,0
1521,T,260731,041933,60.246834N,24.808447E,44,15.6,359
1522,T,260731,041934,60.246872N,24.808447E,44,15.7,359
1523,T,260731,041935,60.246910N,24.808449E,44,16.6,3
1524,T,260731,041936,60.246952N,24.808456E,44,16.9,4
1525,T,260731,041937,60.246998N,24.808464E,44,18.0,5
1526,T,260731,041938,60.247040N,24.808470E,43,18.1,3
1527,T,260731,041939,60.247086N,24.808470E,43,18.2,357
1528,T,260731,041940,60.247128N,24.808464E,43,19.4,357
1529,T,260731,041941,60.247177N,24.808466E,43,20.2,0
1530,T,260731,041942,60.247227N,24.808464E,43,20.4,358
1531,T,260731,041943,60.247280N,24.808456E,43,21.3,350
1532,T,260731,041944,60.247337N,24.808435E,42,22.1,347
1533,T,260731,041945,60.247391N,24.808405E,42,22.8,343
1534,T,260731,041946,60.247448N,24.808365E,42,23.9,337
1535,T,260731,041947,60.247505N,24.808313E,41,24.0,334
1536,T,260731,041948,60.247559N,24.808260E,41,23.9,333
1537,T,260731,041949,60.247616N,24.808205E,41,24.8,331
1538,T,260731,041950,60.247673N,24.808144E,40,24.7,331
1539,T,260731,041951,60.247726N,24.808086E,40,24.6,333
1540,T,260731,041952,60.247784N,24.808035E,40,25.5,335
1541,T,260731,041953,60.247845N,24.807981E,39,25.7,336
1542,T,260731,041954,60.247906N,24.807928E,39,26.7,336
1543,T,260731,041955,60.247963N,24.807865E,38,27.7,331
1544,T,260731,041956,60.248024N,24.807793E,38,27.6,323
1545,T,260731,041957,60.248081N,24.807705E,38,28.1,318
1546,T,260731,041958,60.248127N,24.807604E,37,29.0,314
1547,T,260731,041959,60.248180N,24.807495E,37,28.9,310
1548,T,260731,042000,60.248222N,24.807390E,37,25.9,308
1549,T,260731,042001,60.248260N,24.807295E,37,22.9,306
1550,T,260731,042002,60.248287N,24.807203E,36,19.8,303
1551,T,260731,042003,60.248314N,24.807125E,36,16.1,293
1552,T,260731,042004,60.248322N,24.807058E,36,12.6,278
1553,T,260731,042005,60.248333N,24.806999E,36,12.1,280
1554,T,260731,042006,60.248352N,24.806965E,36,12.0,286
1555,T,260731,042007,60.248386N,24.806940E,35,14.8,291
1556,T,260731,042008,60.248421N,24.806906E,35,16.3,295
1557,T,260731,042009,60.248455N,24.806862E,35,16.9,298
1558,T,260731,042010,60.248486N,24.806795E,34,18.4,301
1559,T,260731,042011,60.248512N,24.806711E,34,20.5,302
1560,T,260731,042012,60.248535N,24.806618E,34,21.7,303
1561,T,260731,042013,60.248566N,24.806517E,34,23.3,302
1562,T,260731,042014,60.248592N,24.806408E,33,24.3,301
1563,T,260731,042015,60.248619N,24.806297E,33,25.0,300
1564,T,260731,042016,60.248657N,24.806189E,33,25.9,301
1565,T,260731,042017,60.248692N,24.806076E,32,26.7,302
1566,T,260731,042018,60.248734N,24.805964E,32,27.2,304
1567,T,260731,042019,60.248772N,24.805857E,32,27.3,306
1568,T,260731,042020,60.248817N,24.805750E,32,27.2,308
1569,T,260731,042021,60.248859N,24.805643E,32,27.1,309
1570,T,260731,042022,60.248901N,24.805542E,32,26.3,309
1571,T,260731,042023,60.248943N,24.805447E,32,24.8,315
1572,T,260731,042024,60.248993N,24.805370E,32,23.0,324
1573,T,260731,042025,60.249039N,24.805332E,32,20.6,351
1574,T,260731,042026,60.249088N,24.805338E,32,19.7,13
1575,T,260731,042027,60.249138N,24.805376E,32,19.1,30
1576,T,260731,042028,60.249172N,24.805433E,32,18.8,40
1577,T,260731,042029,60.249207N,24.805498E,32,18.7,47
1578,T,260731,042030,60.249241N,24.805565E,32,18.7,46
1579,T,260731,042031,60.249275N,24.805624E,32,18.3,45
1580,T,260731,042032,60.249313N,24.805679E,32,18.3,44
1581,T,260731,042033,60.249352N,24.805738E,32,18.2,44
1582,T,260731,042034,60.249390N,24.805796E,32,18.2,43
1583,T,260731,042035,60.249420N,24.805861E,32,18.8,43
1584,T,260731,042036,60.249454N,24.805922E,32,18.7,38
1585,T,260731,042037,60.249493N,24.805984E,32,18.8,38
1586,T,260731,042038,60.249527N,24.806046E,32,18.8,39
1587,T,260731,042039,60.249569N,24.806114E,33,19.5,39
1588,T,260731,042040,60.249607N,24.806175E,33,19.4,36
1589,T,260731,042041,60.249645N,24.806240E,33,19.4,38
1590,T,260731,042042,60.249680N,24.806305E,33,19.9,39
1591,T,260731,042043,60.249722N,24.806376E,33,20.3,41
1592,T,260731,042044,60.249760N,24.806452E,33,20.4,44
1593,T,260731,042045,60.249798N,24.806526E,34,20.5,40
1594,T,260731,042046,60.249836N,24.806589E,34,20.4,35
1595,T,260731,042047,60.249874N,24.806650E,34,20.3,36
1596,T,260731,042048,60.249916N,24.806711E,34,20.2,35
1597,T,260731,042049,60.249954N,24.806770E,34,20.1,34
1598,T,260731,042050,60.249996N,24.806824E,34,19.6,34
1599,T,260731,042051,60.250038N,24.806875E,34,19.9,27
1600,T,260731,042052,60.250084N,24.806919E,34,19.5,25
1601,T,260731,042053,60.250130N,24.806955E,34,18.9,20
1602,T,260731,042054,60.250172N,24.806986E,34,19.6,18
1603,T,260731,042055,60.250217N,24.807016E,34,19.6,16
1604,T,260731,042056,60.250263N,24.807035E,34,19.9,11
1605,T,260731,042057,60.250313N,24.807053E,34,20.6,8
1606,T,260731,042058,60.250362N,24.807068E,33,21.2,9
1607,T,260731,042059,60.250416N,24.807076E,33,20.9,359
1608,T,260731,042100,60.250469N,24.807074E,33,21.0,359
1609,T,260731,042101,60.250519N,24.807068E,33,21.7,355
1610,T,260731,042102,60.250576N,24.807058E,33,20.8,353
1611,T,260731,042103,60.250629N,24.807043E,34,21.8,353
1612,T,260731,042104,60.250683N,24.807035E,33,21.9,354
1613,T,260731,042105,60.250736N,24.807024E,33,21.9,355
1614,T,260731,042106,60.250793N,24.807013E,33,21.4,353
1615,T,260731,042107,60.250843N,24.806990E,33,23.0,346
1616,T,260731,042108,60.250900N,24.806965E,33,23.5,346
1617,T,260731,042109,60.250961N,24.806938E,33,23.2,348
1618,T,260731,042110,60.251019N,24.806917E,33,23.3,349
1619,T,260731,042111,60.251076N,24.806896E,33,23.2,350
1620,T,260731,042112,60.251137N,24.806881E,33,23.3,350
1621,T,260731,042113,60.251198N,24.806864E,34,23.4,351
1622,T,260731,042114,60.251251N,24.806847E,34,23.5,351
1623,T,260731,042115,60.251312N,24.806829E,33,22.7,351
1624,T,260731,042116,60.251369N,24.806812E,33,23.5,351
1625,T,260731,042117,60.251423N,24.806799E,33,22.7,352
1626,T,260731,042118,60.251484N,24.806782E,33,23.5,352
1627,T,260731,042119,60.251541N,24.806763E,33,22.8,352
1628,T,260731,042120,60.251598N,24.806744E,33,22.9,352
1629,T,260731,042121,60.251656N,24.806725E,33,23.0,351
1630,T,260731,042122,60.251717N,24.806704E,33,22.9,350
1631,T,260731,042123,60.251766N,24.806684E,33,21.9,350
1632,T,260731,042124,60.251827N,24.806665E,33,21.9,350
1633,T,260731,042125,60.251881N,24.806646E,33,21.8,350
1634,T,260731,042126,60.251930N,24.806627E,33,21.5,350
1635,T,260731,042127,60.251987N,24.806614E,33,21.1,351
1636,T,260731,042128,60.252041N,24.806601E,33,21.0,352
1637,T,260731,042129,60.252087N,24.806585E,33,20.5,352
1638,T,260731,042130,60.252140N,24.806570E,33,20.4,351
1639,T,260731,042131,60.252193N,24.806555E,33,20.1,351
1640,T,260731,042132,60.252239N,24.806536E,33,20.1,351
1641,T,260731,042133,60.252293N,24.806522E,33,20.1,351
1642,T,260731,042134,60.252342N,24.806503E,33,20.2,350
1643,T,260731,042135,60.252396N,24.806484E,34,20.1,350
1644,T,260731,042136,60.252445N,24.806465E,34,20.1,350
1645,T,260731,042137,60.252491N,24.806450E,33,20.1,350
1646,T,260731,042138,60.252541N,24.806435E,33,19.4,349
1647,T,260731,042139,60.252590N,24.806414E,33,19.7,349
1648,T,260731,042140,60.252636N,24.806396E,33,18.9,349
1649,T,260731,042141,60.252686N,24.806389E,33,19.9,359
1650,T,260731,042142,60.252728N,24.806393E,33,19.8,10
1651,T,260731,042143,60.252769N,24.806408E,33,17.5,16
1652,T,260731,042144,60.252811N,24.806431E,33,16.3,14
1653,T,260731,042145,60.252850N,24.806448E,33,16.3,13
1654,T,260731,042146,60.252888N,24.806463E,33,16.9,15
1655,T,260731,042147,60.252930N,24.806486E,33,14.0,17
1656,T,260731,042148,60.252964N,24.806507E,33,16.3,17
1657,T,260731,042149,60.253010N,24.806534E,33,17.6,17
1658,T,260731,042150,60.253048N,24.806559E,32,17.6,17
1659,T,260731,042151,60.253094N,24.806578E,32,18.2,16
1660,T,260731,042152,60.253136N,24.806604E,32,17.5,15
1661,T,260731,042153,60.253181N,24.806622E,32,15.8,13
1662,T,260731,042154,60.253220N,24.806641E,31,16.5,14
1663,T,260731,042155,60.253258N,24.806664E,31,16.5,15
1664,T,260731,042156,60.253300N,24.806686E,31,17.6,15
1665,T,260731,042157,60.253349N,24.806711E,31,17.7,15
1666,T,260731,042158,60.253384N,24.806736E,31,16.7,17
1667,T,260731,042159,60.253429N,24.806767E,31,17.9,18
1668,T,260731,042200,60.253468N,24.806803E,31,17.9,19
1669,T,260731,042201,60.253510N,24.806837E,30,17.2,20
1670,T,260731,042202,60.253548N,24.806885E,30,18.1,32
1671,T,260731,042203,60.253586N,24.806934E,30,18.2,31
1672,T,260731,042204,60.253628N,24.806978E,29,18.1,29
1673,T,260731,042205,60.253670N,24.807022E,29,17.8,28
1674,T,260731,042206,60.253712N,24.807064E,29,17.1,28
1675,T,260731,042207,60.253754N,24.807106E,29,17.0,29
1676,T,260731,042208,60.253792N,24.807150E,29,17.4,28
1677,T,260731,042209,60.253834N,24.807192E,29,17.3,28
1678,T,260731,042210,60.253872N,24.807224E,29,16.0,27
1679,T,260731,042211,60.253914N,24.807259E,29,15.9,25
1680,T,260731,042212,60.253952N,24.807287E,29,15.2,19
1681,T,260731,042213,60.254002N,24.807312E,29,15.3,17
1682,T,260731,042214,60.254051N,24.807341E,31,16.2,15
1683,T,260731,042215,60.254097N,24.807360E,31,16.2,10
1684,T,260731,042216,60.254143N,24.807369E,32,16.7,7
1685,T,260731,042217,60.254189N,24.807377E,32,16.7,5
1686,T,260731,042218,60.254230N,24.807383E,32,16.6,3
1687,T,260731,042219,60.254280N,24.807383E,32,16.6,359
1688,T,260731,042220,60.254318N,24.807377E,32,16.6,353
1689,T,260731,042221,60.254368N,24.807364E,33,16.5,351
1690,T,260731,042222,60.254410N,24.807354E,33,16.5,353
1691,T,260731,042223,60.254448N,24.807346E,34,15.3,355
1692,T,260731,042224,60.254490N,24.807339E,34,14.7,352
1693,T,260731,042225,60.254524N,24.807323E,35,13.9,352
1694,T,260731,042226,60.254559N,24.807316E,35,13.2,352
1695,T,260731,042227,60.254593N,24.807304E,35,12.2,351
1696,T,260731,042228,60.254620N,24.807297E,36,10.2,351
1697,T,260731,042229,60.254646N,24.807285E,36,10.4,350
1698,T,260731,042230,60.254681N,24.807278E,37,11.0,350
1699,T,260731,042231,60.254711N,24.807272E,38,10.9,350
1700,T,260731,042232,60.254742N,24.807266E,39,11.7,350
1701,T,260731,042233,60.254768N,24.807257E,39,12.2,350
1702,T,260731,042234,60.254799N,24.807249E,39,11.1,352
1703,T,260731,042235,60.254829N,24.807243E,40,10.3,352
1704,T,260731,042236,60.254860N,24.807236E,41,11.8,352
1705,T,260731,042237,60.254887N,24.807232E,41,11.1,2
1706,T,260731,042238,60.254917N,24.807234E,41,11.2,359
1707,T,260731,042239,60.254940N,24.807234E,42,8.5,357
1708,T,260731,042240,60.254963N,24.807230E,42,10.5,355
1709,T,260731,042241,60.254993N,24.807224E,42,10.3,354
1710,T,260731,042242,60.255020N,24.807224E,42,12.8,9
1711,T,260731,042243,60.255047N,24.807224E,42,10.6,351
1712,T,260731,042244,60.255077N,24.807207E,43,10.2,354
1713,T,260731,042245,60.255104N,24.807199E,43,11.5,355
1714,T,260731,042246,60.255135N,24.807188E,43,10.9,353
1715,T,260731,042247,60.255161N,24.807182E,44,10.9,355
1716,T,260731,042248,60.255188N,24.807180E,44,9.6,5
1717,T,260731,042249,60.255207N,24.807182E,44,8.9,7
1718,T,260731,042250,60.255234N,24.807182E,44,9.2,6
1719,T,260731,042251,60.255257N,24.807178E,45,8.8,3
1720,T,260731,042252,60.255280N,24.807180E,45,10.6,2
1721,T,260731,042253,60.255302N,24.807184E,44,10.6,3
1722,T,260731,042254,60.255333N,24.807186E,44,10.5,2
1723,T,260731,042255,60.255360N,24.807186E,44,10.4,1
1724,T,260731,042256,60.255390N,24.807188E,45,12.0,2
1725,T,260731,042257,60.255424N,24.807194E,45,11.6,10
1726,T,260731,042258,60.255455N,24.807201E,45,11.6,9
1727,T,260731,042259,60.255489N,24.807213E,45,12.9,10
1728,T,260731,042300,60.255520N,24.807222E,45,12.5,9
1729,T,260731,042301,60.255550N,24.807232E,45,14.1,10
1730,T,260731,042302,60.255592N,24.807241E,44,15.3,9
1731,T,260731,042303,60.255630N,24.807253E,44,17.1,8
1732,T,260731,042304,60.255672N,24.807268E,44,17.1,16
1733,T,260731,042305,60.255718N,24.807293E,43,18.8,14
1734,T,260731,042306,60.255764N,24.807316E,43,17.2,15
1735,T,260731,042307,60.255810N,24.807344E,43,17.9,16
1736,T,260731,042308,60.255852N,24.807367E,43,18.5,14
1737,T,260731,042309,60.255898N,24.807381E,42,18.5,3
1738,T,260731,042310,60.255947N,24.807379E,41,21.5,355
1739,T,260731,042311,60.256008N,24.807365E,41,24.5,353
1740,T,260731,042312,60.256073N,24.807352E,40,25.8,352
1741,T,260731,042313,60.256130N,24.807341E,39,24.8,354
1742,T,260731,042314,60.256195N,24.807331E,39,24.3,356
1743,T,260731,042315,60.256268N,24.807322E,39,24.4,354
1744,T,260731,042316,60.256329N,24.807308E,39,22.0,353
1745,T,260731,042317,60.256390N,24.807297E,39,21.3,352
1746,T,260731,042318,60.256439N,24.807278E,39,19.2,351
1747,T,260731,042319,60.256493N,24.807259E,39,19.5,351
1748,T,260731,042320,60.256542N,24.807249E,39,19.1,353
1749,T,260731,042321,60.256592N,24.807241E,39,18.7,354
1750,T,260731,042322,60.256641N,24.807234E,39,16.6,356
1751,T,260731,042323,60.256680N,24.807232E,39,14.7,357
1752,T,260731,042324,60.256721N,24.807224E,40,14.7,357
1753,T,260731,042325,60.256756N,24.807217E,40,12.4,357
1754,T,260731,042326,60.256783N,24.807217E,41,10.1,0
1755,T,260731,042327,60.256809N,24.807215E,41,9.0,1
1756,T,260731,042328,60.256832N,24.807213E,41,7.3,357
1757,T,260731,042329,60.256847N,24.807211E,41,6.2,359
1758,T,260731,042330,60.256859N,24.807203E,41,0.0,359
1759,T,260731,042331,60.256863N,24.807203E,41,0.0,359
1760,T,260731,042332,60.256870N,24.807205E,41,0.0,359
1761,T,260731,042333,60.256886N,24.807198E,41,0.0,359
1762,T,260731,042334,60.256901N,24.807203E,41,0.0,359
1763,T,260731,042335,60.256916N,24.807199E,42,8.1,8
1764,T,260731,042336,60.256939N,24.807198E,42,9.7,356
1765,T,260731,042337,60.256973N,24.807186E,43,15.6,353
1766,T,260731,042338,60.257011N,24.807158E,43,17.8,351
1767,T,260731,042339,60.257057N,24.807125E,43,17.0,340
1768,T,260731,042340,60.257095N,24.807102E,43,14.9,337
1769,T,260731,042341,60.257133N,24.807072E,43,14.9,338
1770,T,260731,042342,60.257168N,24.807051E,43,13.1,346
1771,T,260731,042343,60.257195N,24.807039E,43,10.7,1
1772,T,260731,042344,60.257221N,24.807056E,43,10.8,33
1773,T,260731,042345,60.257240N,24.807100E,42,13.6,62
1774,T,260731,042346,60.257275N,24.807156E,42,13.5,74
1775,T,260731,042347,60.257294N,24.807228E,42,14.1,74
1776,T,260731,042348,60.257313N,24.807295E,43,13.0,74
1777,T,260731,042349,60.257328N,24.807350E,44,11.6,73
1778,T,260731,042350,60.257343N,24.807400E,44,10.7,72
1779,T,260731,042351,60.257359N,24.807447E,45,9.3,72
1780,T,260731,042352,60.257366N,24.807493E,45,9.2,70
1781,T,260731,042353,60.257378N,24.807543E,45,9.9,68
1782,T,260731,042354,60.257385N,24.807592E,45,11.2,69
1783,T,260731,042355,60.257397N,24.807646E,45,12.4,69
1784,T,260731,042356,60.257404N,24.807709E,45,13.5,69
1785,T,260731,042357,60.257408N,24.807779E,46,13.5,69
1786,T,260731,042358,60.257412N,24.807858E,46,13.5,72
1787,T,260731,042359,60.257420N,24.807934E,46,14.2,69
1788,T,260731,042400,60.257431N,24.808008E,45,15.2,70
1789,T,260731,042401,60.257442N,24.808084E,45,15.9,72
1790,T,260731,042402,60.257462N,24.808163E,45,16.2,70
1791,T,260731,042403,60.257473N,24.808235E,44,16.1,71
1792,T,260731,042404,60.257488N,24.808315E,44,16.8,71
1793,T,260731,042405,60.257504N,24.808395E,44,17.5,71
1794,T,260731,042406,60.257519N,24.808487E,44,19.0,71
1795,T,260731,042407,60.257538N,24.808577E,43,19.5,71
1796,T,260731,042408,60.257553N,24.808672E,43,19.5,69
1797,T,260731,042409,60.257572N,24.808764E,43,19.4,70
1798,T,260731,042410,60.257584N,24.808851E,42,17.7,70
1799,T,260731,042411,60.257595N,24.808935E,42,15.6,71
1800,T,260731,042412,60.257607N,24.809010E,42,15.6,73
1801,T,260731,042413,60.257622N,24.809090E,42,16.5,74
1802,T,260731,042414,60.257629N,24.809168E,42,16.1,81
1803,T,260731,042415,60.257629N,24.809248E,42,15.5,90
1804,T,260731,042416,60.257626N,24.809320E,42,14.5,110
1805,T,260731,042417,60.257599N,24.809362E,42,13.2,145
1806,T,260731,042418,60.257568N,24.809387E,42,15.1,157
1807,T,260731,042419,60.257530N,24.809416E,42,15.6,155
1808,T,260731,042420,60.257492N,24.809454E,41,17.4,154
1809,T,260731,042421,60.257462N,24.809517E,41,19.3,126
1810,T,260731,042422,60.257442N,24.809608E,41,20.7,104
1811,T,260731,042423,60.257446N,24.809706E,41,18.9,71
1812,T,260731,042424,60.257473N,24.809793E,41,19.6,52
1813,T,260731,042425,60.257507N,24.809864E,41,20.0,35
1814,T,260731,042426,60.257545N,24.809935E,40,20.0,35
1815,T,260731,042427,60.257584N,24.809996E,40,19.5,34
1816,T,260731,042428,60.257629N,24.810061E,40,20.2,39
1817,T,260731,042429,60.257668N,24.810127E,40,20.5,39
1818,T,260731,042430,60.257710N,24.810194E,40,19.7,42
1819,T,260731,042431,60.257748N,24.810266E,40,20.9,43
1820,T,260731,042432,60.257786N,24.810352E,40,21.6,49
1821,T,260731,042433,60.257820N,24.810444E,39,22.9,51
1822,T,260731,042434,60.257854N,24.810535E,40,22.5,48
1823,T,260731,042435,60.257893N,24.810625E,40,22.6,49
1824,T,260731,042436,60.257931N,24.810717E,40,23.3,47
1825,T,260731,042437,60.257969N,24.810806E,39,22.7,45
1826,T,260731,042438,60.258007N,24.810894E,39,23.2,46
1827,T,260731,042439,60.258049N,24.810984E,38,23.2,40
1828,T,260731,042440,60.258091N,24.811064E,38,23.2,41
1829,T,260731,042441,60.258137N,24.811138E,38,23.5,38
1830,T,260731,042442,60.258179N,24.811214E,37,23.6,39
1831,T,260731,042443,60.258228N,24.811293E,37,23.3,40
1832,T,260731,042444,60.258270N,24.811371E,37,23.3,39
1833,T,260731,042445,60.258312N,24.811455E,37,23.3,40
1834,T,260731,042446,60.258354N,24.811539E,38,23.3,41
1835,T,260731,042447,60.258400N,24.811621E,38,23.2,41
1836,T,260731,042448,60.258438N,24.811703E,37,22.1,42
1837,T,260731,042449,60.258484N,24.811787E,37,22.5,43
1838,T,260731,042450,60.258526N,24.811865E,37,21.9,42
1839,T,260731,042451,60.258568N,24.811935E,37,21.5,41
1840,T,260731,042452,60.258614N,24.812006E,38,21.4,40
1841,T,260731,042453,60.258656N,24.812077E,38,21.0,40
1842,T,260731,042454,60.258698N,24.812145E,38,20.9,40
1843,T,260731,042455,60.258732N,24.812218E,38,20.3,41
1844,T,260731,042456,60.258766N,24.812294E,38,20.2,51
1845,T,260731,042457,60.258797N,24.812376E,39,19.7,55
1846,T,260731,042458,60.258823N,24.812450E,39,18.7,54
1847,T,260731,042459,60.258862N,24.812513E,39,18.7,52
1848,T,260731,042500,60.258896N,24.812569E,39,18.6,50
1849,T,260731,042501,60.258942N,24.812601E,39,18.7,46
1850,T,260731,042502,60.258984N,24.812643E,40,19.4,45
1851,T,260731,042503,60.259022N,24.812704E,40,19.7,42
1852,T,260731,042504,60.259060N,24.812777E,40,20.2,42
1853,T,260731,042505,60.259094N,24.812843E,40,19.4,41
1854,T,260731,042506,60.259132N,24.812914E,40,21.1,40
1855,T,260731,042507,60.259171N,24.812981E,40,20.4,39
1856,T,260731,042508,60.259216N,24.813044E,41,20.0,37
1857,T,260731,042509,60.259254N,24.813108E,40,20.8,36
1858,T,260731,042510,60.259293N,24.813183E,40,20.8,43
1859,T,260731,042511,60.259331N,24.813255E,40,21.2,42
1860,T,260731,042512,60.259373N,24.813328E,39,21.1,41
1861,T,260731,042513,60.259407N,24.813402E,39,21.1,41
1862,T,260731,042514,60.259449N,24.813477E,39,21.2,42
1863,T,260731,042515,60.259487N,24.813543E,38,20.0,42
1864,T,260731,042516,60.259525N,24.813620E,38,20.7,47
1865,T,260731,042517,60.259560N,24.813700E,39,20.2,51
1866,T,260731,042518,60.259586N,24.813784E,39,19.9,53
1867,T,260731,042519,60.259617N,24.813873E,38,20.8,53
1868,T,260731,042520,60.259644N,24.813963E,38,20.9,58
1869,T,260731,042521,60.259670N,24.814053E,38,20.5,58
1870,T,260731,042522,60.259701N,24.814138E,38,20.5,58
1871,T,260731,042523,60.259727N,24.814224E,37,20.4,57
1872,T,260731,042524,60.259750N,24.814312E,37,20.4,57
1873,T,260731,042525,60.259769N,24.814409E,37,20.0,64
1874,T,260731,042526,60.259823N,24.814493E,37,20.3,63
1875,T,260731,042527,60.259861N,24.814585E,37,21.6,60
1876,T,260731,042528,60.259899N,24.814672E,37,22.6,59
1877,T,260731,042529,60.259945N,24.814754E,37,22.6,57
1878,T,260731,042530,60.259987N,24.814833E,37,22.2,56
1879,T,260731,042531,60.260029N,24.814905E,36,22.3,54
1880,T,260731,042532,60.260067N,24.814985E,36,23.0,53
1881,T,260731,042533,60.260113N,24.815077E,36,23.7,52
1882,T,260731,042534,60.260151N,24.815165E,35,22.8,51
1883,T,260731,042535,60.260197N,24.815243E,35,21.3,51
1884,T,260731,042536,60.260231N,24.815315E,35,19.5,49
1885,T,260731,042537,60.260265N,24.815393E,35,18.0,48
1886,T,260731,042538,60.260292N,24.815460E,36,16.9,47
1887,T,260731,042539,60.260323N,24.815523E,36,16.9,47
1888,T,260731,042540,60.260353N,24.815592E,36,17.6,49
1889,T,260731,042541,60.260387N,24.815664E,36,20.3,49
1890,T,260731,042542,60.260426N,24.815741E,36,20.7,49
1891,T,260731,042543,60.260468N,24.815817E,36,21.3,48
1892,T,260731,042544,60.260509N,24.815895E,37,21.9,46
1893,T,260731,042545,60.260544N,24.815975E,37,22.3,46
1894,T,260731,042546,60.260590N,24.816059E,37,22.3,46
1895,T,260731,042547,60.260624N,24.816139E,37,22.3,46
1896,T,260731,042548,60.260670N,24.816221E,37,22.7,46
1897,T,260731,042549,60.260704N,24.816303E,36,22.7,46
1898,T,260731,042550,60.260742N,24.816389E,36,22.7,46
1899,T,260731,042551,60.260784N,24.816477E,36,22.8,47
1900,T,260731,042552,60.260822N,24.816565E,36,22.7,48
1901,T,260731,042553,60.260864N,24.816645E,36,22.3,48
1902,T,260731,042554,60.260902N,24.816727E,36,22.1,48
1903,T,260731,042555,60.260941N,24.816805E,36,21.2,48
1904,T,260731,042556,60.260971N,24.816879E,37,19.6,49
1905,T,260731,042557,60.261009N,24.816944E,38,17.6,36
1906,T,260731,042558,60.261044N,24.816990E,38,17.1,22
1907,T,260731,042559,60.261086N,24.817011E,38,18.5,8
1908,T,260731,042600,60.261131N,24.817020E,38,20.2,2
1909,T,260731,042601,60.261185N,24.817024E,38,21.1,4
1910,T,260731,042602,60.261238N,24.817036E,38,22.5,5
1911,T,260731,042603,60.261295N,24.817053E,38,22.0,7
1912,T,260731,042604,60.261353N,24.817066E,38,23.5,8
1913,T,260731,042605,60.261414N,24.817081E,38,24.0,7
1914,T,260731,042606,60.261471N,24.817097E,37,24.1,7
1915,T,260731,042607,60.261532N,24.817104E,37,24.1,7
1916,T,260731,042608,60.261593N,24.817102E,38,24.5,357
1917,T,260731,042609,60.261654N,24.817099E,38,24.0,0
1918,T,260731,042610,60.261715N,24.817097E,38,23.9,358
1919,T,260731,042611,60.261772N,24.817085E,38,22.8,355
1920,T,260731,042612,60.261833N,24.817076E,38,22.7,355
1921,T,260731,042613,60.261887N,24.817064E,38,22.0,353
1922,T,260731,042614,60.261940N,24.817045E,38,22.1,352
1923,T,260731,042615,60.261997N,24.817024E,38,21.1,345
1924,T,260731,042616,60.262043N,24.816990E,38,21.1,336
1925,T,260731,042617,60.262093N,24.816944E,38,20.2,332
1926,T,260731,042618,60.262135N,24.816893E,38,20.8,329
1927,T,260731,042619,60.262180N,24.816833E,38,21.7,325
1928,T,260731,042620,60.262218N,24.816771E,38,21.6,321
1929,T,260731,042621,60.262260N,24.816690E,38,22.0,314
1930,T,260731,042622,60.262299N,24.816605E,38,22.8,310
1931,T,260731,042623,60.262341N,24.816519E,37,22.8,311
1932,T,260731,042624,60.262379N,24.816437E,37,23.3,314
1933,T,260731,042625,60.262428N,24.816357E,36,24.1,314
1934,T,260731,042626,60.262478N,24.816277E,36,24.8,315
1935,T,260731,042627,60.262524N,24.816202E,36,24.7,316
1936,T,260731,042628,60.262581N,24.816133E,36,24.5,318
1937,T,260731,042629,60.262630N,24.816078E,35,24.6,338
1938,T,260731,042630,60.262691N,24.816040E,34,24.8,349
1939,T,260731,042631,60.262753N,24.816036E,34,24.0,6
1940,T,260731,042632,60.262814N,24.816048E,33,24.1,7
1941,T,260731,042633,60.262871N,24.816059E,33,24.1,5
1942,T,260731,042634,60.262932N,24.816071E,33,22.8,5
1943,T,260731,042635,60.262989N,24.816080E,33,22.8,5
1944,T,260731,042636,60.263042N,24.816092E,33,22.7,6
1945,T,260731,042637,60.263103N,24.816105E,34,22.2,5
1946,T,260731,042638,60.263161N,24.816116E,34,22.7,5
1947,T,260731,042639,60.263214N,24.816126E,34,22.6,5
1948,T,260731,042640,60.263271N,24.816137E,34,22.7,5
1949,T,260731,042641,60.263329N,24.816153E,33,22.6,5
1950,T,260731,042642,60.263386N,24.816162E,33,23.2,5
1951,T,260731,042643,60.263439N,24.816166E,33,23.7,3
1952,T,260731,042644,60.263500N,24.816162E,32,23.4,355
1953,T,260731,042645,60.263561N,24.816141E,32,22.7,343
1954,T,260731,042646,60.263611N,24.816105E,32,22.7,337
1955,T,260731,042647,60.263664N,24.816057E,32,22.4,335
1956,T,260731,042648,60.263714N,24.816011E,32,21.0,332
1957,T,260731,042649,60.263760N,24.815958E,32,22.0,327
1958,T,260731,042650,60.263805N,24.815893E,31,22.9,324
1959,T,260731,042651,60.263851N,24.815828E,31,23.6,327
1960,T,260731,042652,60.263905N,24.815771E,31,24.0,340
1961,T,260731,042653,60.263966N,24.815727E,31,24.1,344
1962,T,260731,042654,60.264023N,24.815681E,31,23.5,343
1963,T,260731,042655,60.264084N,24.815624E,31,24.8,342
1964,T,260731,042656,60.264145N,24.815561E,31,26.3,341
1965,T,260731,042657,60.264198N,24.815495E,30,27.2,339
1966,T,260731,042658,60.264259N,24.815418E,30,28.2,338
1967,T,260731,042659,60.264324N,24.815336E,29,29.0,337
1968,T,260731,042700,60.264385N,24.815250E,30,28.9,336
1969,T,260731,042701,60.264442N,24.815163E,30,28.9,334
1970,T,260731,042702,60.264500N,24.815071E,30,28.8,333
1971,T,260731,042703,60.264557N,24.814980E,30,28.4,332
1972,T,260731,042704,60.264614N,24.814896E,30,27.7,331
1973,T,260731,042705,60.264671N,24.814812E,30,27.3,330
1974,T,260731,042706,60.264725N,24.814730E,30,27.2,329
1975,T,260731,042707,60.264778N,24.814648E,30,26.3,328
1976,T,260731,042708,60.264832N,24.814575E,30,25.9,328
1977,T,260731,042709,60.264885N,24.814503E,30,24.7,326
1978,T,260731,042710,60.264931N,24.814434E,30,23.5,326
1979,T,260731,042711,60.264980N,24.814367E,30,22.4,325
1980,T,260731,042712,60.265022N,24.814304E,30,21.2,324
1981,T,260731,042713,60.265068N,24.814243E,30,20.2,323
1982,T,260731,042714,60.265106N,24.814190E,30,18.9,332
1983,T,260731,042715,60.265152N,24.814169E,30,17.7,359
1984,T,260731,042716,60.265186N,24.814196E,30,17.4,34
1985,T,260731,042717,60.265224N,24.814257E,30,19.3,46
1986,T,260731,042718,60.265259N,24.814335E,30,21.7,45
1987,T,260731,042719,60.265297N,24.814417E,30,23.4,46
1988,T,260731,042720,60.265335N,24.814505E,30,23.3,46
1989,T,260731,042721,60.265377N,24.814590E,29,23.3,46
1990,T,260731,042722,60.265415N,24.814680E,29,24.3,48
1991,T,260731,042723,60.265457N,24.814787E,29,25.1,48
1992,T,260731,042724,60.265495N,24.814888E,29,25.0,48
1993,T,260731,042725,60.265537N,24.814981E,29,24.7,47
1994,T,260731,042726,60.265572N,24.815077E,29,23.6,47
1995,T,260731,042727,60.265610N,24.815168E,29,23.7,46
1996,T,260731,042728,60.265652N,24.815264E,30,24.1,45
1997,T,260731,042729,60.265694N,24.815359E,29,24.9,46
1998,T,260731,042730,60.265736N,24.815460E,30,24.8,47
1999,T,260731,042731,60.265778N,24.815556E,29,24.8,48
2000,T,260731,042732,60.265816N,24.815657E,29,25.4,49
2001,T,260731,042733,60.265858N,24.815756E,29,25.4,49
2002,T,260731,042734,60.265892N,24.815853E,29,24.5,48
2003,T,260731,042735,60.265930N,24.815952E,29,25.2,48
2004,T,260731,042736,60.265976N,24.816046E,29,24.2,48
2005,T,260731,042737,60.266014N,24.816139E,29,24.2,47
2006,T,260731,042738,60.266056N,24.816236E,29,24.8,48
2007,T,260731,042739,60.266094N,24.816336E,29,24.2,50
2008,T,260731,042740,60.266136N,24.816437E,29,24.2,50
2009,T,260731,042741,60.266171N,24.816530E,28,23.9,50
2010,T,260731,042742,60.266209N,24.816629E,28,24.3,51
2011,T,260731,042743,60.266243N,24.816732E,28,23.7,52
2012,T,260731,042744,60.266273N,24.816835E,28,23.8,52
2013,T,260731,042745,60.266308N,24.816942E,28,23.8,54
2014,T,260731,042746,60.266338N,24.817041E,27,23.3,55
2015,T,260731,042747,60.266373N,24.817142E,27,23.4,55
2016,T,260731,042748,60.266403N,24.817240E,27,23.3,57
2017,T,260731,042749,60.266438N,24.817341E,27,22.9,57
2018,T,260731,042750,60.266472N,24.817436E,27,22.7,57
2019,T,260731,042751,60.266499N,24.817532E,27,22.7,56
2020,T,260731,042752,60.266533N,24.817627E,27,22.3,57
2021,T,260731,042753,60.266563N,24.817722E,28,22.3,57
2022,T,260731,042754,60.266598N,24.817825E,28,22.8,57
2023,T,260731,042755,60.266632N,24.817930E,28,22.9,58
2024,T,260731,042756,60.266659N,24.818029E,27,22.8,58
2025,T,260731,042757,60.266689N,24.818129E,27,23.6,58
2026,T,260731,042758,60.266720N,24.818233E,27,24.3,58
2027,T,260731,042759,60.266747N,24.818338E,26,23.5,58
2028,T,260731,042800,60.266781N,24.818441E,26,24.3,59
2029,T,260731,042801,60.266808N,24.818548E,26,24.2,59
2030,T,260731,042802,60.266846N,24.818659E,27,25.2,60
2031,T,260731,042803,60.266880N,24.818771E,27,25.6,60
2032,T,260731,042804,60.266899N,24.818884E,27,25.5,61
2033,T,260731,042805,60.266930N,24.819002E,27,25.2,63
2034,T,260731,042806,60.266956N,24.819117E,27,24.7,64
2035,T,260731,042807,60.266983N,24.819223E,27,24.6,64
2036,T,260731,042808,60.267010N,24.819336E,27,24.5,64
2037,T,260731,042809,60.267033N,24.819447E,27,24.0,65
2038,T,260731,042810,60.267059N,24.819555E,27,24.0,65
2039,T,260731,042811,60.267082N,24.819664E,26,24.0,65
2040,T,260731,042812,60.267113N,24.819775E,26,23.5,64
2041,T,260731,042813,60.267132N,24.819878E,25,23.5,64
2042,T,260731,042814,60.267155N,24.819984E,25,21.3,65
2043,T,260731,042815,60.267181N,24.820087E,25,23.6,66
2044,T,260731,042816,60.267204N,24.820194E,25,22.8,65
2045,T,260731,042817,60.267227N,24.820297E,25,22.8,65
2046,T,260731,042818,60.267254N,24.820404E,25,22.9,64
2047,T,260731,042819,60.267277N,24.820507E,25,22.5,68
2048,T,260731,042820,60.267300N,24.820616E,25,22.4,66
2049,T,260731,042821,60.267319N,24.820719E,25,21.9,67
2050,T,260731,042822,60.267345N,24.820824E,25,22.5,66
2051,T,260731,042823,60.267368N,24.820930E,25,22.6,66
2052,T,260731,042824,60.267391N,24.821035E,25,22.2,66
2053,T,260731,042825,60.267422N,24.821146E,25,22.1,66
2054,T,260731,042826,60.267441N,24.821253E,26,21.7,66
2055,T,260731,042827,60.267464N,24.821354E,26,21.1,66
2056,T,260731,042828,60.267483N,24.821451E,27,21.2,66
2057,T,260731,042829,60.267509N,24.821550E,27,21.5,66
2058,T,260731,042830,60.267529N,24.821650E,28,21.4,66
2059,T,260731,042831,60.267548N,24.821751E,28,21.4,66
2060,T,260731,042832,60.267570N,24.821848E,29,21.4,66
2061,T,260731,042833,60.267593N,24.821947E,29,21.7,66
2062,T,260731,042834,60.267616N,24.822048E,29,21.8,66
2063,T,260731,042835,60.267639N,24.822149E,29,22.2,66
2064,T,260731,042836,60.267658N,24.822256E,29,22.8,66
2065,T,260731,042837,60.267685N,24.822359E,29,22.7,66
2066,T,260731,042838,60.267708N,24.822464E,29,22.7,65
2067,T,260731,042839,60.267735N,24.822561E,29,22.6,63
2068,T,260731,042840,60.267765N,24.822660E,29,22.7,61
2069,T,260731,042841,60.267792N,24.822760E,29,22.7,60
2070,T,260731,042842,60.267818N,24.822861E,29,22.7,60
2071,T,260731,042843,60.267845N,24.822960E,29,23.1,60
2072,T,260731,042844,60.267872N,24.823065E,29,23.2,61
2073,T,260731,042845,60.267891N,24.823172E,29,22.3,62
2074,T,260731,042846,60.267918N,24.823277E,29,23.2,62
2075,T,260731,042847,60.267941N,24.823383E,29,23.2,64
2076,T,260731,042848,60.267963N,24.823494E,30,23.2,65
2077,T,260731,042849,60.267982N,24.823603E,30,23.2,66
2078,T,260731,042850,60.268005N,24.823711E,30,23.2,67
2079,T,260731,042851,60.268024N,24.823824E,31,23.9,69
2080,T,260731,042852,60.268040N,24.823938E,31,23.5,71
2081,T,260731,042853,60.268059N,24.824047E,31,22.9,68
2082,T,260731,042854,60.268082N,24.824156E,31,22.9,69
2083,T,260731,042855,60.268101N,24.824265E,31,23.3,68
2084,T,260731,042856,60.268120N,24.824366E,31,21.7,67
2085,T,260731,042857,60.268143N,24.824467E,32,21.8,66
2086,T,260731,042858,60.268166N,24.824568E,32,21.9,66
2087,T,260731,042859,60.268188N,24.824671E,32,22.5,65
2088,T,260731,042900,60.268208N,24.824776E,31,23.4,65
2089,T,260731,042901,60.268230N,24.824888E,31,24.3,66
2090,T,260731,042902,60.268253N,24.825005E,32,24.6,66
2091,T,260731,042903,60.268280N,24.825117E,32,24.7,66
2092,T,260731,042904,60.268303N,24.825230E,32,24.3,65
2093,T,260731,042905,60.268333N,24.825340E,32,24.3,64
2094,T,260731,042906,60.268356N,24.825451E,32,23.7,64
2095,T,260731,042907,60.268379N,24.825558E,32,23.2,65
2096,T,260731,042908,60.268398N,24.825665E,32,22.8,65
2097,T,260731,042909,60.268425N,24.825766E,32,22.7,66
2098,T,260731,042910,60.268444N,24.825872E,32,22.7,66
2099,T,260731,042911,60.268467N,24.825975E,32,22.7,66
2100,T,260731,042912,60.268490N,24.826082E,32,22.7,66
2101,T,260731,042913,60.268513N,24.826185E,32,22.7,66
2102,T,260731,042914,60.268536N,24.826288E,32,22.0,66
2103,T,260731,042915,60.268555N,24.826389E,33,21.6,67
2104,T,260731,042916,60.268574N,24.826492E,33,21.0,68
2105,T,260731,042917,60.268589N,24.826593E,33,20.9,69
2106,T,260731,042918,60.268600N,24.826696E,33,20.9,70
2107,T,260731,042919,60.268608N,24.826797E,33,21.2,70
2108,T,260731,042920,60.268620N,24.826902E,33,21.6,71
2109,T,260731,042921,60.268631N,24.827007E,33,21.6,72
2110,T,260731,042922,60.268639N,24.827116E,33,21.7,73
2111,T,260731,042923,60.268654N,24.827223E,34,21.6,73
2112,T,260731,042924,60.268661N,24.827328E,34,21.6,75
2113,T,260731,042925,60.268673N,24.827436E,34,21.7,76
2114,T,260731,042926,60.268681N,24.827543E,34,22.1,77
2115,T,260731,042927,60.268681N,24.827650E,34,22.2,78
2116,T,260731,042928,60.268684N,24.827761E,33,22.7,79
2117,T,260731,042929,60.268684N,24.827873E,33,22.8,80
2118,T,260731,042930,60.268681N,24.827986E,33,23.1,81
2119,T,260731,042931,60.268681N,24.828102E,33,23.2,82
2120,T,260731,042932,60.268681N,24.828217E,33,23.2,83
2121,T,260731,042933,60.268673N,24.828337E,33,23.6,84
2122,T,260731,042934,60.268669N,24.828453E,33,23.3,85
2123,T,260731,042935,60.268661N,24.828569E,33,23.3,87
2124,T,260731,042936,60.268646N,24.828688E,33,23.7,88
2125,T,260731,042937,60.268639N,24.828806E,33,23.6,89
2126,T,260731,042938,60.268627N,24.828924E,33,23.7,90
2127,T,260731,042939,60.268612N,24.829042E,33,24.0,91
2128,T,260731,042940,60.268597N,24.829163E,33,24.0,93
2129,T,260731,042941,60.268585N,24.829275E,32,23.8,94
2130,T,260731,042942,60.268566N,24.829393E,33,24.0,95
2131,T,260731,042943,60.268547N,24.829506E,33,23.9,96
2132,T,260731,042944,60.268528N,24.829620E,33,23.5,97
2133,T,260731,042945,60.268509N,24.829733E,33,23.2,99
2134,T,260731,042946,60.268482N,24.829838E,33,22.6,100
2135,T,260731,042947,60.268463N,24.829945E,33,22.4,101
2136,T,260731,042948,60.268440N,24.830046E,33,22.4,116
2137,T,260731,042949,60.268417N,24.830149E,33,21.8,115
2138,T,260731,042950,60.268391N,24.830248E,33,22.1,116
2139,T,260731,042951,60.268364N,24.830347E,33,22.5,118
2140,T,260731,042952,60.268337N,24.830444E,33,22.1,119
2141,T,260731,042953,60.268303N,24.830542E,34,22.2,120
2142,T,260731,042954,60.268276N,24.830635E,33,22.1,122
2143,T,260731,042955,60.268246N,24.830730E,33,21.7,123
2144,T,260731,042956,60.268211N,24.830818E,33,21.7,124
2145,T,260731,042957,60.268181N,24.830906E,33,21.7,125
2146,T,260731,042958,60.268143N,24.830992E,33,22.5,126
2147,T,260731,042959,60.268108N,24.831078E,32,22.4,127
2148,T,260731,043000,60.268070N,24.831167E,32,22.5,127
2149,T,260731,043001,60.268040N,24.831261E,32,22.6,126
2150,T,260731,043002,60.268009N,24.831356E,32,22.9,125
2151,T,260731,043003,60.267979N,24.831453E,32,22.9,123
2152,T,260731,043004,60.267952N,24.831556E,32,22.9,120
2153,T,260731,043005,60.267925N,24.831657E,32,23.2,118
2154,T,260731,043006,60.267895N,24.831764E,32,23.2,117
2155,T,260731,043007,60.267872N,24.831865E,32,23.2,115
2156,T,260731,043008,60.267849N,24.831976E,32,23.1,113
2157,T,260731,043009,60.267822N,24.832085E,32,23.0,112
2158,T,260731,043010,60.267803N,24.832190E,32,22.2,111
2159,T,260731,043011,60.267784N,24.832293E,32,21.2,110
2160,T,260731,043012,60.267769N,24.832390E,32,20.5,108
2161,T,260731,043013,60.267757N,24.832487E,32,20.1,106
2162,T,260731,043014,60.267738N,24.832584E,32,20.0,105
2163,T,260731,043015,60.267727N,24.832682E,32,19.9,104
2164,T,260731,043016,60.267715N,24.832775E,33,19.9,104
2165,T,260731,043017,60.267700N,24.832870E,33,19.5,104
2166,T,260731,043018,60.267689N,24.832964E,32,19.5,104
2167,T,260731,043019,60.267681N,24.833061E,33,19.5,102
2168,T,260731,043020,60.267677N,24.833162E,33,19.7,92
2169,T,260731,043021,60.267673N,24.833261E,33,19.8,91
2170,T,260731,043022,60.267673N,24.833363E,33,20.3,90
2171,T,260731,043023,60.267673N,24.833464E,33,20.4,91
2172,T,260731,043024,60.267673N,24.833570E,33,20.6,91
2173,T,260731,043025,60.267673N,24.833675E,33,20.9,91
2174,T,260731,043026,60.267673N,24.833780E,33,20.9,89
2175,T,260731,043027,60.267677N,24.833885E,33,20.9,83
2176,T,260731,043028,60.267685N,24.833990E,32,21.0,78
2177,T,260731,043029,60.267704N,24.834089E,32,20.7,64
2178,T,260731,043030,60.267735N,24.834169E,32,18.4,44
2179,T,260731,043031,60.267769N,24.834202E,32,11.3,0
2180,T,260731,043032,60.267792N,24.834175E,32,11.2,308
2181,T,260731,043033,60.267811N,24.834129E,32,11.2,309
2182,T,260731,043034,60.267834N,24.834097E,31,10.6,311
2183,T,260731,043035,60.267860N,24.834084E,31,9.7,316
2184,T,260731,043036,60.267879N,24.834106E,30,11.3,49
2185,T,260731,043037,60.267887N,24.834164E,30,14.2,52
2186,T,260731,043038,60.267891N,24.834244E,30,15.3,55
2187,T,260731,043039,60.267899N,24.834324E,30,17.2,58
2188,T,260731,043040,60.267906N,24.834408E,31,18.0,61
2189,T,260731,043041,60.267918N,24.834501E,31,19.1,63
2190,T,260731,043042,60.267929N,24.834597E,31,19.1,65
2191,T,260731,043043,60.267941N,24.834688E,32,19.0,66
2192,T,260731,043044,60.267960N,24.834778E,32,19.0,68
2193,T,260731,043045,60.267975N,24.834867E,32,19.0,69
2194,T,260731,043046,60.267990N,24.834957E,32,19.1,70
2195,T,260731,043047,60.268013N,24.835049E,32,19.1,70
2196,T,260731,043048,60.268032N,24.835138E,32,19.2,68
2197,T,260731,043049,60.268051N,24.835224E,32,19.1,67
2198,T,260731,043050,60.268078N,24.835308E,32,19.1,67
2199,T,260731,043051,60.268101N,24.835394E,32,19.5,66
2200,T,260731,043052,60.268124N,24.835480E,32,20.2,65
2201,T,260731,043053,60.268150N,24.835567E,32,20.3,64
2202,T,260731,043054,60.268177N,24.835657E,32,20.2,62
2203,T,260731,043055,60.268204N,24.835745E,32,20.2,61
2204,T,260731,043056,60.268230N,24.835829E,32,20.2,60
2205,T,260731,043057,60.268261N,24.835911E,32,20.0,59
2206,T,260731,043058,60.268291N,24.835991E,32,20.0,58
2207,T,260731,043059,60.268330N,24.836063E,32,20.0,45
2208,T,260731,043100,60.268364N,24.836130E,32,19.6,41
2209,T,260731,043101,60.268398N,24.836191E,32,19.6,30
2210,T,260731,043102,60.268444N,24.836222E,32,19.5,8
2211,T,260731,043103,60.268490N,24.836218E,32,17.5,350
2212,T,260731,043104,60.268528N,24.836191E,32,16.9,338
2213,T,260731,043105,60.268566N,24.836164E,32,16.9,339
2214,T,260731,043106,60.268604N,24.836136E,32,14.8,339
2215,T,260731,043107,60.268642N,24.836128E,32,16.8,5
2216,T,260731,043108,60.268681N,24.836161E,33,17.7,8
2217,T,260731,043109,60.268703N,24.836226E,33,16.7,15
2218,T,260731,043110,60.268715N,24.836304E,33,15.7,22
2219,T,260731,043111,60.268719N,24.836384E,33,16.5,29
2220,T,260731,043112,60.268719N,24.836464E,33,16.0,35
2221,T,260731,043113,60.268726N,24.836544E,33,15.9,83
2222,T,260731,043114,60.268726N,24.836628E,32,16.7,80
2223,T,260731,043115,60.268742N,24.836714E,32,18.3,72
2224,T,260731,043116,60.268761N,24.836800E,32,19.8,65
2225,T,260731,043117,60.268784N,24.836891E,32,20.8,61
2226,T,260731,043118,60.268810N,24.836979E,31,20.8,59
2227,T,260731,043119,60.268845N,24.837063E,32,20.7,55
2228,T,260731,043120,60.268875N,24.837143E,32,19.8,51
2229,T,260731,043121,60.268913N,24.837215E,32,19.8,47
2230,T,260731,043122,60.268948N,24.837288E,32,19.9,46
2231,T,260731,043123,60.268978N,24.837360E,31,19.7,47
2232,T,260731,043124,60.269016N,24.837437E,31,20.2,49
2233,T,260731,043125,60.269047N,24.837519E,31,20.3,51
2234,T,260731,043126,60.269081N,24.837603E,31,20.4,52
2235,T,260731,043127,60.269112N,24.837685E,31,20.5,53
2236,T,260731,043128,60.269142N,24.837765E,31,20.5,53
2237,T,260731,043129,60.269176N,24.837849E,31,20.9,52
2238,T,260731,043130,60.269207N,24.837931E,31,21.4,51
2239,T,260731,043131,60.269249N,24.838003E,30,21.5,42
2240,T,260731,043132,60.269291N,24.838070E,30,21.8,35
2241,T,260731,043133,60.269341N,24.838127E,30,21.8,32
2242,T,260731,043134,60.269390N,24.838184E,30,21.8,33
2243,T,260731,043135,60.269436N,24.838240E,30,21.4,32
2244,T,260731,043136,60.269485N,24.838293E,30,21.0,32
2245,T,260731,043137,60.269527N,24.838345E,30,21.0,29
2246,T,260731,043138,60.269581N,24.838396E,30,21.1,27
2247,T,260731,043139,60.269623N,24.838446E,31,21.0,28
2248,T,260731,043140,60.269672N,24.838495E,31,20.9,26
2249,T,260731,043141,60.269718N,24.838545E,31,20.8,26
2250,T,260731,043142,60.269768N,24.838593E,31,21.1,25
2251,T,260731,043143,60.269817N,24.838633E,31,21.2,23
2252,T,260731,043144,60.269863N,24.838676E,31,21.1,22
2253,T,260731,043145,60.269917N,24.838718E,31,21.0,22
2254,T,260731,043146,60.269958N,24.838764E,31,19.6,23
2255,T,260731,043147,60.270004N,24.838808E,30,19.5,19
2256,T,260731,043148,60.270042N,24.838839E,29,18.0,11
2257,T,260731,043149,60.270092N,24.838850E,30,17.5,2
2258,T,260731,043150,60.270138N,24.838844E,30,18.4,351
2259,T,260731,043151,60.270184N,24.838825E,30,19.5,349
2260,T,260731,043152,60.270237N,24.838810E,29,21.5,350
2261,T,260731,043153,60.270290N,24.838800E,29,21.6,354
2262,T,260731,043154,60.270351N,24.838797E,29,22.5,356
2263,T,260731,043155,60.270409N,24.838787E,29,21.4,357
2264,T,260731,043156,60.270458N,24.838778E,28,21.0,356
2265,T,260731,043157,60.270512N,24.838772E,28,20.9,357
2266,T,260731,043158,60.270565N,24.838762E,28,19.7,356
2267,T,260731,043159,60.270607N,24.838741E,27,18.2,344
2268,T,260731,043200,60.270653N,24.838715E,27,17.6,338
2269,T,260731,043201,60.270687N,24.838678E,27,15.8,329
2270,T,260731,043202,60.270729N,24.838638E,27,15.2,332
2271,T,260731,043203,60.270760N,24.838606E,27,12.4,331
2272,T,260731,043204,60.270790N,24.838575E,28,12.5,329
2273,T,260731,043205,60.270824N,24.838545E,28,12.0,327
2274,T,260731,043206,60.270847N,24.838511E,29,10.0,326
2275,T,260731,043207,60.270878N,24.838478E,29,10.4,331
2276,T,260731,043208,60.270905N,24.838448E,30,10.3,328
2277,T,260731,043209,60.270931N,24.838425E,31,9.4,329
2278,T,260731,043210,60.270962N,24.838404E,32,9.5,332
2279,T,260731,043211,60.270985N,24.838379E,34,10.4,333
2280,T,260731,043212,60.271015N,24.838352E,34,11.0,333
2281,T,260731,043213,60.271049N,24.838326E,35,12.3,335
2282,T,260731,043214,60.271080N,24.838303E,35,11.9,336
2283,T,260731,043215,60.271114N,24.838284E,36,12.7,337
2284,T,260731,043216,60.271149N,24.838261E,37,12.3,337
2285,T,260731,043217,60.271187N,24.838236E,38,14.8,337
2286,T,260731,043218,60.271225N,24.838217E,38,13.8,338
2287,T,260731,043219,60.271259N,24.838190E,39,12.6,336
2288,T,260731,043220,60.271294N,24.838160E,39,12.6,337
2289,T,260731,043221,60.271328N,24.838139E,40,14.6,338
2290,T,260731,043222,60.271366N,24.838120E,40,13.2,348
2291,T,260731,043223,60.271404N,24.838099E,41,13.2,347
2292,T,260731,043224,60.271439N,24.838091E,41,11.8,348
2293,T,260731,043225,60.271473N,24.838076E,41,10.6,347
2294,T,260731,043226,60.271503N,24.838057E,42,10.2,346
2295,T,260731,043227,60.271530N,24.838032E,42,11.2,343
2296,T,260731,043228,60.271564N,24.838005E,42,11.2,334
2297,T,260731,043229,60.271591N,24.837978E,42,9.8,321
2298,T,260731,043230,60.271622N,24.837944E,42,11.2,323
2299,T,260731,043231,60.271645N,24.837908E,42,10.8,321
2300,T,260731,043232,60.271667N,24.837879E,42,8.5,329
2301,T,260731,043233,60.271702N,24.837845E,42,8.2,329
2302,T,260731,043234,60.271725N,24.837820E,42,7.3,330
2303,T,260731,043235,60.271748N,24.837820E,42,7.2,14
2304,T,260731,043236,60.271767N,24.837835E,41,10.3,16
2305,T,260731,043237,60.271786N,24.837873E,41,9.7,23
2306,T,260731,043238,60.271797N,24.837923E,41,12.5,29
2307,T,260731,043239,60.271812N,24.837994E,42,15.4,34
2308,T,260731,043240,60.271824N,24.838076E,41,17.7,39
2309,T,260731,043241,60.271835N,24.838165E,41,19.4,75
2310,T,260731,043242,60.271847N,24.838257E,41,18.0,73
2311,T,260731,043243,60.271870N,24.838337E,40,16.3,63
2312,T,260731,043244,60.271885N,24.838409E,40,16.0,61
2313,T,260731,043245,60.271908N,24.838478E,39,14.9,60
2314,T,260731,043246,60.271923N,24.838545E,38,14.1,60
2315,T,260731,043247,60.271942N,24.838602E,38,14.6,51
2316,T,260731,043248,60.271969N,24.838663E,37,17.4,44
2317,T,260731,043249,60.272003N,24.838732E,37,20.4,45
2318,T,260731,043250,60.272049N,24.838802E,38,21.7,41
2319,T,260731,043251,60.272091N,24.838873E,37,22.7,41
2320,T,260731,043252,60.272129N,24.838947E,37,19.7,43
2321,T,260731,043253,60.272160N,24.839016E,36,18.8,44
2322,T,260731,043254,60.272190N,24.839085E,36,18.8,43
2323,T,260731,043255,60.272236N,24.839170E,36,20.1,44
2324,T,260731,043256,60.272266N,24.839251E,36,19.4,48
2325,T,260731,043257,60.272301N,24.839333E,35,18.3,51
2326,T,260731,043258,60.272327N,24.839411E,35,17.7,56
2327,T,260731,043259,60.272350N,24.839485E,35,17.8,60
2328,T,260731,043300,60.272377N,24.839573E,35,18.5,62
2329,T,260731,043301,60.272400N,24.839661E,35,19.2,60
2330,T,260731,043302,60.272423N,24.839748E,35,20.5,60
2331,T,260731,043303,60.272449N,24.839844E,34,22.0,61
2332,T,260731,043304,60.272488N,24.839947E,34,23.0,61
2333,T,260731,043305,60.272514N,24.840050E,34,23.8,61
2334,T,260731,043306,60.272545N,24.840158E,34,24.2,62
2335,T,260731,043307,60.272572N,24.840263E,34,24.5,62
2336,T,260731,043308,60.272598N,24.840370E,34,24.4,60
2337,T,260731,043309,60.272636N,24.840473E,34,24.5,59
2338,T,260731,043310,60.272667N,24.840572E,34,24.8,50
2339,T,260731,043311,60.272709N,24.840666E,34,24.7,51
2340,T,260731,043312,60.272743N,24.840763E,34,24.2,52
2341,T,260731,043313,60.272778N,24.840866E,35,23.6,59
2342,T,260731,043314,60.272808N,24.840969E,35,23.5,60
2343,T,260731,043315,60.272835N,24.841072E,35,23.7,59
2344,T,260731,043316,60.272861N,24.841175E,35,22.7,63
2345,T,260731,043317,60.272881N,24.841284E,34,22.8,65
2346,T,260731,043318,60.272907N,24.841391E,36,22.8,66
2347,T,260731,043319,60.272926N,24.841496E,36,22.9,68
2348,T,260731,043320,60.272949N,24.841604E,36,22.9,71
2349,T,260731,043321,60.272964N,24.841715E,36,22.6,72
2350,T,260731,043322,60.272980N,24.841824E,36,22.7,74
2351,T,260731,043323,60.272991N,24.841932E,36,22.7,76
2352,T,260731,043324,60.272999N,24.842043E,36,22.3,83
2353,T,260731,043325,60.272999N,24.842152E,36,22.2,86
2354,T,260731,043326,60.273003N,24.842262E,36,22.1,87
2355,T,260731,043327,60.273003N,24.842373E,36,22.1,91
2356,T,260731,043328,60.272999N,24.842482E,36,22.0,91
2357,T,260731,043329,60.272995N,24.842596E,36,21.9,91
2358,T,260731,043330,60.272991N,24.842710E,37,21.9,91
2359,T,260731,043331,60.272987N,24.842825E,37,22.5,92
2360,T,260731,043332,60.272980N,24.842937E,37,22.6,92
2361,T,260731,043333,60.272976N,24.843056E,37,22.6,89
2362,T,260731,043334,60.272976N,24.843172E,37,22.1,90
2363,T,260731,043335,60.272968N,24.843283E,37,22.0,89
2364,T,260731,043336,60.272972N,24.843386E,37,22.0,84
2365,T,260731,043337,60.272980N,24.843500E,37,22.8,80
2366,T,260731,043338,60.272987N,24.843615E,37,22.8,81
2367,T,260731,043339,60.272995N,24.843721E,37,22.3,83
2368,T,260731,043340,60.272995N,24.843838E,37,22.6,85
2369,T,260731,043341,60.272999N,24.843952E,37,22.0,86
2370,T,260731,043342,60.272999N,24.844067E,38,22.1,81
2371,T,260731,043343,60.273010N,24.844177E,37,22.1,80
2372,T,260731,043344,60.273026N,24.844290E,37,22.5,76
2373,T,260731,043345,60.273037N,24.844397E,37,22.4,76
2374,T,260731,043346,60.273052N,24.844505E,37,22.7,75
2375,T,260731,043347,60.273067N,24.844620E,37,22.2,69
2376,T,260731,043348,60.273090N,24.844727E,37,22.6,65
2377,T,260731,043349,60.273113N,24.844828E,37,22.0,68
2378,T,260731,043350,60.273136N,24.844927E,37,21.5,67
2379,T,260731,043351,60.273155N,24.845028E,37,20.9,68
2380,T,260731,043352,60.273170N,24.845123E,37,19.9,67
2381,T,260731,043353,60.273193N,24.845219E,36,19.3,66
2382,T,260731,043354,60.273216N,24.845304E,36,18.7,57
2383,T,260731,043355,60.273247N,24.845381E,36,18.7,47
2384,T,260731,043356,60.273285N,24.845428E,36,17.6,19
2385,T,260731,043357,60.273323N,24.845442E,35,16.6,1
2386,T,260731,043358,60.273369N,24.845434E,35,15.9,348
2387,T,260731,043359,60.273415N,24.845392E,35,19.0,330
2388,T,260731,043400,60.273460N,24.845343E,35,19.6,330
2389,T,260731,043401,60.273502N,24.845295E,35,19.3,329
2390,T,260731,043402,60.273552N,24.845238E,35,20.0,328
2391,T,260731,043403,60.273598N,24.845181E,35,21.3,327
2392,T,260731,043404,60.273643N,24.845121E,34,21.4,329
2393,T,260731,043405,60.273693N,24.845060E,33,21.4,326
2394,T,260731,043406,60.273750N,24.844995E,33,22.5,331
2395,T,260731,043407,60.273804N,24.844940E,33,22.4,332
2396,T,260731,043408,60.273861N,24.844894E,33,20.2,337
2397,T,260731,043409,60.273903N,24.844845E,34,18.8,331
2398,T,260731,043410,60.273949N,24.844797E,33,18.5,329
2399,T,260731,043411,60.273983N,24.844755E,33,15.5,331
2400,T,260731,043412,60.274025N,24.844725E,33,14.5,338
2401,T,260731,043413,60.274059N,24.844694E,33,13.6,335
2402,T,260731,043414,60.274090N,24.844664E,33,12.9,334
2403,T,260731,043415,60.274120N,24.844637E,33,12.5,332
2404,T,260731,043416,60.274147N,24.844606E,34,12.2,333
2405,T,260731,043417,60.274174N,24.844580E,34,11.1,333
2406,T,260731,043418,60.274200N,24.844555E,34,12.4,331
2407,T,260731,043419,60.274227N,24.844526E,33,12.4,332
2408,T,260731,043420,60.274258N,24.844498E,33,11.4,331
2409,T,260731,043421,60.274281N,24.844467E,33,11.4,330
2410,T,260731,043422,60.274311N,24.844437E,34,14.1,335
2411,T,260731,043423,60.274349N,24.844404E,34,14.2,333
2412,T,260731,043424,60.274380N,24.844368E,34,14.3,332
2413,T,260731,043425,60.274410N,24.844334E,34,12.7,332
2414,T,260731,043426,60.274445N,24.844303E,34,12.2,334
2415,T,260731,043427,60.274475N,24.844275E,34,14.6,332
2416,T,260731,043428,60.274509N,24.844242E,35,14.5,333
2417,T,260731,043429,60.274540N,24.844213E,35,12.8,334
2418,T,260731,043430,60.274570N,24.844185E,35,13.2,334
2419,T,260731,043431,60.274605N,24.844156E,35,14.5,334
2420,T,260731,043432,60.274639N,24.844122E,35,15.2,335
2421,T,260731,043433,60.274677N,24.844093E,35,14.2,334
2422,T,260731,043434,60.274712N,24.844063E,35,14.5,333
2423,T,260731,043435,60.274742N,24.844025E,35,14.9,331
2424,T,260731,043436,60.274776N,24.843994E,35,12.8,331
2425,T,260731,043437,60.274815N,24.843966E,35,15.3,331
2426,T,260731,043438,60.274853N,24.843937E,35,15.0,332
2427,T,260731,043439,60.274887N,24.843904E,35,14.1,333
2428,T,260731,043440,60.274921N,24.843864E,35,13.9,324
2429,T,260731,043441,60.274960N,24.843826E,35,15.5,325
2430,T,260731,043442,60.274998N,24.843786E,35,15.2,326
2431,T,260731,043443,60.275032N,24.843750E,35,14.8,327
2432,T,260731,043444,60.275078N,24.843714E,35,17.0,330
2433,T,260731,043445,60.275112N,24.843674E,36,16.3,330
2434,T,260731,043446,60.275146N,24.843634E,36,15.9,331
2435,T,260731,043447,60.275185N,24.843590E,36,15.9,331
2436,T,260731,043448,60.275219N,24.843544E,35,15.5,333
2437,T,260731,043449,60.275261N,24.843504E,35,15.7,333
2438,T,260731,043450,60.275299N,24.843468E,35,16.0,334
2439,T,260731,043451,60.275341N,24.843430E,35,16.0,334
2440,T,260731,043452,60.275379N,24.843393E,36,16.4,334
2441,T,260731,043453,60.275417N,24.843357E,36,16.1,334
2442,T,260731,043454,60.275455N,24.843325E,37,16.1,334
2443,T,260731,043455,60.275494N,24.843288E,37,16.0,335
2444,T,260731,043456,60.275532N,24.843254E,37,16.1,335
2445,T,260731,043457,60.275566N,24.843220E,38,16.1,335
2446,T,260731,043458,60.275608N,24.843185E,38,16.1,336
2447,T,260731,043459,60.275642N,24.843159E,39,14.6,337
2448,T,260731,043500,60.275681N,24.843126E,39,15.6,337
2449,T,260731,043501,60.275719N,24.843094E,39,15.7,336
2450,T,260731,043502,60.275757N,24.843063E,39,15.6,337
2451,T,260731,043503,60.275791N,24.843027E,40,15.5,332
2452,T,260731,043504,60.275829N,24.842991E,40,15.5,331
2453,T,260731,043505,60.275864N,24.842957E,39,15.5,333
2454,T,260731,043506,60.275902N,24.842924E,39,15.1,335
2455,T,260731,043507,60.275932N,24.842899E,40,13.0,337
2456,T,260731,043508,60.275959N,24.842878E,40,12.7,336
2457,T,260731,043509,60.275993N,24.842854E,40,11.2,327
2458,T,260731,043510,60.276012N,24.842825E,40,11.5,327
2459,T,260731,043511,60.276035N,24.842804E,41,11.6,328
2460,T,260731,043512,60.276066N,24.842777E,41,13.1,329
2461,T,260731,043513,60.276093N,24.842756E,42,11.4,330
2462,T,260731,043514,60.276119N,24.842733E,42,10.5,329
2463,T,260731,043515,60.276150N,24.842705E,43,12.6,331
2464,T,260731,043516,60.276173N,24.842676E,44,11.4,334
2465,T,260731,043517,60.276196N,24.842653E,44,11.5,334
2466,T,260731,043518,60.276218N,24.842625E,45,12.7,334
2467,T,260731,043519,60.276249N,24.842596E,46,12.5,334
2468,T,260731,043520,60.276272N,24.842564E,46,12.1,334
2469,T,260731,043521,60.276302N,24.842537E,46,13.4,338
2470,T,260731,043522,60.276340N,24.842505E,47,13.8,337
2471,T,260731,043523,60.276371N,24.842470E,47,14.3,336
2472,T,260731,043524,60.276405N,24.842436E,47,13.7,334
2473,T,260731,043525,60.276440N,24.842402E,47,14.1,334
2474,T,260731,043526,60.276470N,24.842369E,47,14.1,333
2475,T,260731,043527,60.276505N,24.842342E,46,14.7,333
2476,T,260731,043528,60.276539N,24.842314E,46,14.7,334
2477,T,260731,043529,60.276581N,24.842283E,46,16.9,336
2478,T,260731,043530,60.276611N,24.842257E,45,14.5,336
2479,T,260731,043531,60.276649N,24.842224E,45,15.1,336
2480,T,260731,043532,60.276684N,24.842190E,45,15.2,335
2481,T,260731,043533,60.276718N,24.842157E,45,15.1,334
2482,T,260731,043534,60.276752N,24.842127E,46,14.4,334
2483,T,260731,043535,60.276783N,24.842098E,46,11.8,335
2484,T,260731,043536,60.276821N,24.842066E,46,15.1,335
2485,T,260731,043537,60.276852N,24.842028E,46,14.0,327
2486,T,260731,043538,60.276882N,24.841997E,46,13.4,328
2487,T,260731,043539,60.276924N,24.841963E,46,14.9,329
2488,T,260731,043540,60.276966N,24.841925E,46,16.1,330
2489,T,260731,043541,60.277023N,24.841883E,47,17.9,330
2490,T,260731,043542,60.277061N,24.841843E,48,15.5,331
2491,T,260731,043543,60.277100N,24.841805E,48,14.7,333
2492,T,260731,043544,60.277126N,24.841768E,48,12.7,333
2493,T,260731,043545,60.277168N,24.841724E,48,17.8,335
2494,T,260731,043546,60.277210N,24.841684E,49,16.7,335
2495,T,260731,043547,60.277248N,24.841644E,49,16.1,335
2496,T,260731,043548,60.277279N,24.841606E,49,13.3,333
2497,T,260731,043549,60.277313N,24.841574E,49,14.9,334
2498,T,260731,043550,60.277351N,24.841537E,50,16.0,335
2499,T,260731,043551,60.277390N,24.841503E,50,14.6,336
2500,T,260731,043552,60.277420N,24.841475E,50,12.6,336
2501,T,260731,043553,60.277451N,24.841440E,50,14.9,335
2502,T,260731,043554,60.277489N,24.841410E,51,15.6,338
2503,T,260731,043555,60.277527N,24.841377E,52,14.9,336
2504,T,260731,043556,60.277561N,24.841360E,53,15.3,335
2505,T,260731,043557,60.277596N,24.841331E,53,15.9,338
2506,T,260731,043558,60.277634N,24.841297E,54,14.1,333
2507,T,260731,043559,60.277664N,24.841270E,55,13.5,335
2508,T,260731,043600,60.277699N,24.841236E,55,14.4,333
2509,T,260731,043601,60.277737N,24.841194E,54,16.0,333
2510,T,260731,043602,60.277767N,24.841146E,54,16.0,332
2511,T,260731,043603,60.277805N,24.841105E,53,15.5,334
2512,T,260731,043604,60.277847N,24.841070E,53,15.6,334
2513,T,260731,043605,60.277889N,24.841036E,53,16.5,335
2514,T,260731,043606,60.277927N,24.841000E,53,16.6,335
2515,T,260731,043607,60.277969N,24.840958E,53,16.7,334
2516,T,260731,043608,60.278004N,24.840916E,53,17.4,333
2517,T,260731,043609,60.278046N,24.840874E,53,17.5,332
2518,T,260731,043610,60.278084N,24.840811E,53,17.5,333
2519,T,260731,043611,60.278130N,24.840755E,54,18.0,334
2520,T,260731,043612,60.278168N,24.840704E,54,18.3,334
2521,T,260731,043613,60.278214N,24.840660E,54,18.0,334
2522,T,260731,043614,60.278259N,24.840622E,55,18.8,334
2523,T,260731,043615,60.278301N,24.840584E,55,17.5,334
2524,T,260731,043616,60.278343N,24.840546E,55,17.6,335
2525,T,260731,043617,60.278389N,24.840515E,56,17.2,335
2526,T,260731,043618,60.278431N,24.840473E,57,18.4,335
2527,T,260731,043619,60.278477N,24.840437E,57,18.0,335
2528,T,260731,043620,60.278519N,24.840393E,57,17.9,335
2529,T,260731,043621,60.278564N,24.840355E,57,18.9,334
2530,T,260731,043622,60.278606N,24.840305E,56,18.5,334
2531,T,260731,043623,60.278648N,24.840260E,55,18.4,334
2532,T,260731,043624,60.278687N,24.840218E,55,18.1,333
2533,T,260731,043625,60.278732N,24.840183E,55,17.1,334
2534,T,260731,043626,60.278770N,24.840151E,55,16.3,335
2535,T,260731,043627,60.278812N,24.840117E,55,15.9,334
2536,T,260731,043628,60.278851N,24.840076E,54,16.3,332
2537,T,260731,043629,60.278889N,24.840038E,54,16.4,331
2538,T,260731,043630,60.278923N,24.840000E,54,16.3,330
2539,T,260731,043631,60.278961N,24.839968E,54,15.2,337
2540,T,260731,043632,60.278999N,24.839951E,54,15.2,349
2541,T,260731,043633,60.279037N,24.839956E,55,15.3,16
2542,T,260731,043634,60.279068N,24.839996E,55,15.4,42
2543,T,260731,043635,60.279095N,24.840055E,55,15.9,49
2544,T,260731,043636,60.279121N,24.840124E,55,16.9,55
2545,T,260731,043637,60.279148N,24.840197E,55,17.5,57
2546,T,260731,043638,60.279171N,24.840269E,55,17.1,56
2547,T,260731,043639,60.279202N,24.840336E,55,17.2,55
2548,T,260731,043640,60.279221N,24.840412E,55,17.7,55
2549,T,260731,043641,60.279247N,24.840496E,55,17.7,56
2550,T,260731,043642,60.279278N,24.840576E,55,18.6,54
2551,T,260731,043643,60.279305N,24.840654E,54,19.2,53
2552,T,260731,043644,60.279327N,24.840742E,55,19.6,53
2553,T,260731,043645,60.279354N,24.840826E,56,18.7,53
2554,T,260731,043646,60.279381N,24.840908E,56,18.2,55
2555,T,260731,043647,60.279404N,24.840988E,56,18.7,51
2556,T,260731,043648,60.279430N,24.841057E,56,17.3,55
2557,T,260731,043649,60.279453N,24.841124E,55,17.3,56
2558,T,260731,043650,60.279480N,24.841194E,55,17.2,55
2559,T,260731,043651,60.279503N,24.841263E,55,17.1,56
2560,T,260731,043652,60.279530N,24.841331E,55,17.8,54
2561,T,260731,043653,60.279552N,24.841404E,54,16.4,58
2562,T,260731,043654,60.279579N,24.841482E,56,17.9,58
2563,T,260731,043655,60.279606N,24.841564E,56,18.0,57
2564,T,260731,043656,60.279636N,24.841640E,57,18.1,55
2565,T,260731,043657,60.279663N,24.841717E,57,18.1,54
2566,T,260731,043658,60.279690N,24.841793E,57,18.2,55
2567,T,260731,043659,60.279720N,24.841869E,57,18.3,53
2568,T,260731,043700,60.279747N,24.841944E,57,18.8,51
2569,T,260731,043701,60.279781N,24.842016E,57,20.4,50
2570,T,260731,043702,60.279812N,24.842098E,57,20.4,50
2571,T,260731,043703,60.279846N,24.842175E,57,20.3,48
2572,T,260731,043704,60.279881N,24.842255E,57,20.3,49
2573,T,260731,043705,60.279911N,24.842335E,57,19.5,50
2574,T,260731,043706,60.279945N,24.842415E,57,20.5,50
2575,T,260731,043707,60.279980N,24.842493E,58,20.5,50
2576,T,260731,043708,60.280010N,24.842575E,58,21.1,51
2577,T,260731,043709,60.280045N,24.842661E,57,20.1,53
2578,T,260731,043710,60.280071N,24.842749E,57,20.2,54
2579,T,260731,043711,60.280102N,24.842836E,57,20.7,55
2580,T,260731,043712,60.280132N,24.842924E,57,20.8,56
2581,T,260731,043713,60.280167N,24.843012E,57,21.7,55
2582,T,260731,043714,60.280205N,24.843096E,57,20.7,54
2583,T,260731,043715,60.280235N,24.843184E,57,20.8,55
2584,T,260731,043716,60.280266N,24.843271E,57,21.6,55
2585,T,260731,043717,60.280293N,24.843367E,57,21.5,57
2586,T,260731,043718,60.280319N,24.843464E,57,21.0,58
2587,T,260731,043719,60.280338N,24.843559E,57,21.0,59
2588,T,260731,043720,60.280369N,24.843649E,57,20.4,59
2589,T,260731,043721,60.280396N,24.843731E,57,19.6,57
2590,T,260731,043722,60.280422N,24.843800E,57,17.9,42
2591,T,260731,043723,60.280457N,24.843864E,58,17.9,27
2592,T,260731,043724,60.280491N,24.843889E,56,18.6,10
2593,T,260731,043725,60.280540N,24.843901E,54,22.1,5
2594,T,260731,043726,60.280598N,24.843910E,53,22.9,4
2595,T,260731,043727,60.280655N,24.843924E,53,24.4,7
2596,T,260731,043728,60.280720N,24.843945E,52,25.3,9
2597,T,260731,043729,60.280785N,24.843967E,52,27.0,10
2598,T,260731,043730,60.280849N,24.843992E,51,27.1,10
2599,T,260731,043731,60.280918N,24.844013E,51,27.9,9
2600,T,260731,043732,60.280987N,24.844032E,50,28.0,9
2601,T,260731,043733,60.281059N,24.844048E,50,28.9,7
2602,T,260731,043734,60.281132N,24.844072E,50,28.8,7
2603,T,260731,043735,60.281208N,24.844088E,49,28.7,7
2604,T,260731,043736,60.281281N,24.844105E,49,27.8,6
2605,T,260731,043737,60.281349N,24.844122E,48,26.0,6
2606,T,260731,043738,60.281406N,24.844137E,48,23.7,6
2607,T,260731,043739,60.281460N,24.844152E,47,19.6,6
2608,T,260731,043740,60.281513N,24.844162E,47,18.0,5
2609,T,260731,043741,60.281555N,24.844175E,47,18.1,15
2610,T,260731,043742,60.281593N,24.844225E,47,18.0,46
2611,T,260731,043743,60.281616N,24.844284E,47,16.0,64
2612,T,260731,043744,60.281639N,24.844343E,47,15.5,63
2613,T,260731,043745,60.281673N,24.844393E,47,15.8,59
2614,T,260731,043746,60.281712N,24.844414E,47,15.8,359
2615,T,260731,043747,60.281750N,24.844412E,46,15.1,359
2616,T,260731,043748,60.281784N,24.844397E,47,15.5,356
2617,T,260731,043749,60.281815N,24.844351E,47,14.4,352
2618,T,260731,043750,60.281845N,24.844311E,47,14.1,350
2619,T,260731,043751,60.281879N,24.844294E,47,14.9,352
2620,T,260731,043752,60.281921N,24.844290E,47,17.1,3
2621,T,260731,043753,60.281960N,24.844301E,47,17.1,3
2622,T,260731,043754,60.282001N,24.844313E,46,15.4,3
2623,T,260731,043755,60.282043N,24.844316E,46,18.8,2
2624,T,260731,043756,60.282097N,24.844320E,45,20.4,1
2625,T,260731,043757,60.282143N,24.844326E,45,21.7,6
2626,T,260731,043758,60.282196N,24.844337E,44,20.2,3
2627,T,260731,043759,60.282249N,24.844343E,44,20.9,2
2628,T,260731,043800,60.282299N,24.844349E,43,20.1,358
2629,T,260731,043801,60.282352N,24.844355E,43,20.7,5
2630,T,260731,043802,60.282406N,24.844370E,42,20.7,11
2631,T,260731,043803,60.282455N,24.844393E,42,21.7,11
2632,T,260731,043804,60.282513N,24.844402E,42,21.7,358
2633,T,260731,043805,60.282562N,24.844410E,40,21.7,6
2634,T,260731,043806,60.282619N,24.844419E,40,22.6,4
2635,T,260731,043807,60.282681N,24.844435E,39,23.2,4
2636,T,260731,043808,60.282742N,24.844446E,38,25.6,4
2637,T,260731,043809,60.282799N,24.844456E,37,24.3,3
2638,T,260731,043810,60.282860N,24.844463E,36,22.3,5
2639,T,260731,043811,60.282921N,24.844477E,36,21.7,4
2640,T,260731,043812,60.282970N,24.844486E,37,17.9,3
2641,T,260731,043813,60.283012N,24.844488E,37,12.4,358
2642,T,260731,043814,60.283047N,24.844492E,37,7.0,353
2643,T,260731,043815,60.283073N,24.844496E,36,7.0,347
2644,T,260731,043816,60.283096N,24.844501E,36,8.5,5
2645,T,260731,043817,60.283123N,24.844503E,36,12.3,6
2646,T,260731,043818,60.283161N,24.844507E,35,13.8,6
2647,T,260731,043819,60.283195N,24.844521E,35,13.7,16
2648,T,260731,043820,60.283234N,24.844540E,35,16.4,21
2649,T,260731,043821,60.283272N,24.844576E,35,17.3,30
2650,T,260731,043822,60.283314N,24.844625E,35,18.6,39
2651,T,260731,043823,60.283352N,24.844690E,35,19.1,45
2652,T,260731,043824,60.283394N,24.844765E,35,19.9,49
2653,T,260731,043825,60.283428N,24.844845E,36,20.4,51
2654,T,260731,043826,60.283459N,24.844927E,36,20.4,50
2655,T,260731,043827,60.283497N,24.844999E,36,19.9,48
2656,T,260731,043828,60.283535N,24.845066E,36,19.9,33
2657,T,260731,043829,60.283581N,24.845104E,36,18.9,9
2658,T,260731,043830,60.283623N,24.845104E,36,18.5,352
2659,T,260731,043831,60.283669N,24.845079E,36,19.4,338
2660,T,260731,043832,60.283718N,24.845032E,35,22.8,335
2661,T,260731,043833,60.283772N,24.844982E,35,24.3,335
2662,T,260731,043834,60.283833N,24.844921E,35,27.1,328
2663,T,260731,043835,60.283890N,24.844854E,35,27.5,329
2664,T,260731,043836,60.283947N,24.844788E,34,25.9,329
2665,T,260731,043837,60.283993N,24.844746E,34,18.9,331
2666,T,260731,043838,60.284039N,24.844700E,34,23.7,334
2667,T,260731,043839,60.284092N,24.844646E,33,22.6,332
2668,T,260731,043840,60.284145N,24.844593E,33,21.5,332
2669,T,260731,043841,60.284187N,24.844542E,33,19.8,332
2670,T,260731,043842,60.284233N,24.844492E,33,19.6,331
2671,T,260731,043843,60.284271N,24.844444E,33,17.2,330
2672,T,260731,043844,60.284306N,24.844397E,34,15.9,329
2673,T,260731,043845,60.284332N,24.844341E,34,13.8,329
2674,T,260731,043846,60.284359N,24.844297E,35,13.8,328
2675,T,260731,043847,60.284397N,24.844267E,35,14.1,330
2676,T,260731,043848,60.284435N,24.844238E,36,15.5,331
2677,T,260731,043849,60.284477N,24.844204E,36,15.9,331
2678,T,260731,043850,60.284515N,24.844164E,36,16.5,331
2679,T,260731,043851,60.284557N,24.844124E,37,16.8,331
2680,T,260731,043852,60.284592N,24.844080E,37,17.0,330
2681,T,260731,043853,60.284634N,24.844032E,37,17.7,329
2682,T,260731,043854,60.284672N,24.843983E,37,18.2,329
2683,T,260731,043855,60.284714N,24.843933E,37,18.8,329
2684,T,260731,043856,60.284756N,24.843889E,38,18.9,330
2685,T,260731,043857,60.284809N,24.843847E,40,19.3,330
2686,T,260731,043858,60.284859N,24.843803E,42,19.6,331
2687,T,260731,043859,60.284912N,24.843754E,43,19.7,330
2688,T,260731,043900,60.284950N,24.843699E,43,19.8,329
2689,T,260731,043901,60.285000N,24.843643E,43,20.2,328
2690,T,260731,043902,60.285046N,24.843586E,44,20.5,328
2691,T,260731,043903,60.285088N,24.843533E,44,20.5,328
2692,T,260731,043904,60.285137N,24.843479E,45,20.4,329
2693,T,260731,043905,60.285179N,24.843431E,45,18.8,330
2694,T,260731,043906,60.285225N,24.843390E,46,19.6,331
2695,T,260731,043907,60.285267N,24.843351E,46,18.7,332
2696,T,260731,043908,60.285309N,24.843315E,46,17.6,333
2697,T,260731,043909,60.285351N,24.843287E,47,17.5,334
2698,T,260731,043910,60.285393N,24.843258E,47,16.8,334
2699,T,260731,043911,60.285431N,24.843237E,48,16.4,335
2700,T,260731,043912,60.285469N,24.843216E,48,16.2,336
2701,T,260731,043913,60.285503N,24.843197E,48,16.2,337
2702,T,260731,043914,60.285545N,24.843176E,48,16.2,338
2703,T,260731,043915,60.285580N,24.843157E,48,16.2,339
2704,T,260731,043916,60.285622N,24.843138E,48,16.7,340
2705,T,260731,043917,60.285656N,24.843136E,48,14.6,2
2706,T,260731,043918,60.285694N,24.843163E,48,17.2,24
2707,T,260731,043919,60.285732N,24.843214E,48,17.9,43
2708,T,260731,043920,60.285759N,24.843287E,48,18.5,58
2709,T,260731,043921,60.285782N,24.843372E,48,18.9,64
2710,T,260731,043922,60.285801N,24.843462E,48,19.2,78
2711,T,260731,043923,60.285809N,24.843550E,47,18.7,76
2712,T,260731,043924,60.285820N,24.843641E,47,18.3,75
2713,T,260731,043925,60.285839N,24.843723E,47,14.7,65
2714,T,260731,043926,60.285858N,24.843781E,47,12.3,46
2715,T,260731,043927,60.285877N,24.843794E,46,8.7,356
2716,T,260731,043928,60.285900N,24.843788E,46,10.8,354
2717,T,260731,043929,60.285927N,24.843777E,46,14.0,351
2718,T,260731,043930,60.285969N,24.843760E,45,16.0,348
2719,T,260731,043931,60.286007N,24.843750E,44,16.4,355
2720,T,260731,043932,60.286057N,24.843742E,44,19.2,352
2721,T,260731,043933,60.286106N,24.843731E,43,20.4,351
2722,T,260731,043934,60.286160N,24.843718E,43,21.5,353
2723,T,260731,043935,60.286213N,24.843708E,42,21.5,355
2724,T,260731,043936,60.286263N,24.843691E,41,22.0,346
2725,T,260731,043937,60.286316N,24.843651E,41,22.1,334
2726,T,260731,043938,60.286369N,24.843609E,39,23.8,335
2727,T,260731,043939,60.286430N,24.843576E,38,27.7,336
2728,T,260731,043940,60.286499N,24.843550E,37,27.1,338
2729,T,260731,043941,60.286568N,24.843534E,36,27.0,340
2730,T,260731,043942,60.286636N,24.843515E,34,27.5,341
2731,T,260731,043943,60.286705N,24.843496E,33,28.7,342
2732,T,260731,043944,60.286777N,24.843481E,32,28.1,343
2733,T,260731,043945,60.286842N,24.843464E,32,25.3,344
2734,T,260731,043946,60.286900N,24.843449E,32,21.5,345
2735,T,260731,043947,60.286953N,24.843430E,32,18.4,343
2736,T,260731,043948,60.286991N,24.843399E,31,16.9,332
2737,T,260731,043949,60.287041N,24.843357E,30,16.9,324
2738,T,260731,043950,60.287083N,24.843311E,32,17.2,321
2739,T,260731,043951,60.287117N,24.843256E,32,17.3,316
2740,T,260731,043952,60.287151N,24.843193E,32,18.0,315
2741,T,260731,043953,60.287186N,24.843128E,32,18.5,315
2742,T,260731,043954,60.287220N,24.843063E,32,18.8,318
2743,T,260731,043955,60.287258N,24.843008E,32,19.4,319
2744,T,260731,043956,60.287300N,24.842953E,32,19.8,319
2745,T,260731,043957,60.287338N,24.842896E,32,19.8,320
2746,T,260731,043958,60.287384N,24.842842E,32,19.7,321
2747,T,260731,043959,60.287430N,24.842791E,32,20.3,322
2748,T,260731,044000,60.287472N,24.842743E,32,19.5,323
2749,T,260731,044001,60.287518N,24.842693E,32,20.0,323
2750,T,260731,044002,60.287560N,24.842644E,32,20.6,324
2751,T,260731,044003,60.287605N,24.842594E,32,19.9,325
2752,T,260731,044004,60.287647N,24.842548E,31,18.1,326
2753,T,260731,044005,60.287689N,24.842505E,31,18.1,326
2754,T,260731,044006,60.287727N,24.842461E,31,17.1,328
2755,T,260731,044007,60.287766N,24.842417E,31,16.4,328
2756,T,260731,044008,60.287800N,24.842373E,31,16.5,328
2757,T,260731,044009,60.287834N,24.842323E,31,16.8,326
2758,T,260731,044010,60.287872N,24.842276E,31,18.7,324
2759,T,260731,044011,60.287910N,24.842224E,31,18.9,330
2760,T,260731,044012,60.287952N,24.842173E,31,18.5,326
2761,T,260731,044013,60.287987N,24.842119E,31,18.8,328
2762,T,260731,044014,60.288029N,24.842070E,32,17.2,328
2763,T,260731,044015,60.288063N,24.842024E,31,17.2,329
2764,T,260731,044016,60.288101N,24.841980E,31,17.1,329
2765,T,260731,044017,60.288132N,24.841936E,31,16.6,330
2766,T,260731,044018,60.288170N,24.841887E,31,17.6,330
2767,T,260731,044019,60.288208N,24.841841E,31,17.1,330
2768,T,260731,044020,60.288239N,24.841797E,31,16.7,328
2769,T,260731,044021,60.288280N,24.841757E,31,16.0,328
2770,T,260731,044022,60.288315N,24.841717E,31,17.4,329
2771,T,260731,044023,60.288361N,24.841669E,31,20.2,331
2772,T,260731,044024,60.288403N,24.841627E,31,18.5,332
2773,T,260731,044025,60.288441N,24.841591E,31,14.0,333
2774,T,260731,044026,60.288464N,24.841564E,30,9.1,332
2775,T,260731,044027,60.288483N,24.841541E,30,9.5,337
2776,T,260731,044028,60.288506N,24.841524E,30,9.2,336
2777,T,260731,044029,60.288528N,24.841497E,30,11.0,336
2778,T,260731,044030,60.288551N,24.841480E,30,11.6,344
2779,T,260731,044031,60.288582N,24.841463E,31,12.8,345
2780,T,260731,044032,60.288605N,24.841448E,31,8.6,343
2781,T,260731,044033,60.288628N,24.841431E,31,10.7,341
2782,T,260731,044034,60.288651N,24.841410E,31,11.4,337
2783,T,260731,044035,60.288681N,24.841391E,31,10.9,335
2784,T,260731,044036,60.288704N,24.841368E,31,10.5,337
2785,T,260731,044037,60.288727N,24.841360E,31,11.6,336
2786,T,260731,044038,60.288757N,24.841368E,31,9.0,26
2787,T,260731,044039,60.288776N,24.841396E,31,11.5,27
2788,T,260731,044040,60.288799N,24.841434E,31,13.3,28
2789,T,260731,044041,60.288830N,24.841475E,31,13.8,29
2790,T,260731,044042,60.288860N,24.841513E,31,14.9,31
2791,T,260731,044043,60.288891N,24.841555E,31,15.4,32
2792,T,260731,044044,60.288929N,24.841595E,31,15.5,31
2793,T,260731,044045,60.288960N,24.841635E,31,15.9,30
2794,T,260731,044046,60.289001N,24.841673E,31,16.1,29
2795,T,260731,044047,60.289036N,24.841707E,31,16.4,27
2796,T,260731,044048,60.289070N,24.841745E,31,16.5,27
2797,T,260731,044049,60.289116N,24.841789E,31,16.9,27
2798,T,260731,044050,60.289158N,24.841841E,32,17.5,27
2799,T,260731,044051,60.289192N,24.841892E,32,17.9,27
2800,T,260731,044052,60.289223N,24.841951E,32,17.9,45
2801,T,260731,044053,60.289257N,24.842022E,32,18.0,51
2802,T,260731,044054,60.289284N,24.842098E,32,18.2,57
2803,T,260731,044055,60.289307N,24.842178E,33,18.3,61
2804,T,260731,044056,60.289330N,24.842264E,33,18.4,65
2805,T,260731,044057,60.289345N,24.842354E,33,19.1,75
2806,T,260731,044058,60.289356N,24.842447E,33,19.1,77
2807,T,260731,044059,60.289368N,24.842543E,33,19.2,75
2808,T,260731,044100,60.289379N,24.842636E,33,19.5,77
2809,T,260731,044101,60.289387N,24.842731E,33,19.6,79
2810,T,260731,044102,60.289394N,24.842831E,33,19.9,79
2811,T,260731,044103,60.289406N,24.842930E,33,19.9,80
2812,T,260731,044104,60.289413N,24.843031E,33,19.9,80
2813,T,260731,044105,60.289425N,24.843128E,33,19.8,79
2814,T,260731,044106,60.289436N,24.843224E,34,19.8,77
2815,T,260731,044107,60.289448N,24.843323E,34,19.7,76
2816,T,260731,044108,60.289459N,24.843418E,34,19.7,74
2817,T,260731,044109,60.289474N,24.843513E,34,19.7,73
2818,T,260731,044110,60.289494N,24.843609E,34,19.8,71
2819,T,260731,044111,60.289513N,24.843704E,34,20.3,69
2820,T,260731,044112,60.289528N,24.843800E,34,20.3,68
2821,T,260731,044113,60.289551N,24.843893E,34,20.3,66
2822,T,260731,044114,60.289574N,24.843987E,34,20.4,65
2823,T,260731,044115,60.289597N,24.844078E,34,20.3,63
2824,T,260731,044116,60.289619N,24.844170E,34,20.4,62
2825,T,260731,044117,60.289639N,24.844261E,34,20.4,62
2826,T,260731,044118,60.289665N,24.844353E,35,19.5,62
2827,T,260731,044119,60.289688N,24.844437E,35,18.5,61
2828,T,260731,044120,60.289707N,24.844513E,35,17.0,61
2829,T,260731,044121,60.289726N,24.844584E,35,15.6,60
2830,T,260731,044122,60.289753N,24.844645E,36,14.6,52
2831,T,260731,044123,60.289772N,24.844702E,36,14.7,53
2832,T,260731,044124,60.289791N,24.844757E,36,13.2,54
2833,T,260731,044125,60.289806N,24.844816E,36,13.1,56
2834,T,260731,044126,60.289829N,24.844873E,36,13.6,60
2835,T,260731,044127,60.289841N,24.844936E,36,14.5,60
2836,T,260731,044128,60.289856N,24.844999E,36,13.7,63
2837,T,260731,044129,60.289867N,24.845070E,35,15.3,73
2838,T,260731,044130,60.289871N,24.845150E,35,17.8,92
2839,T,260731,044131,60.289864N,24.845242E,35,19.6,105
2840,T,260731,044132,60.289848N,24.845331E,35,18.5,113
2841,T,260731,044133,60.289833N,24.845404E,35,13.6,110
2842,T,260731,044134,60.289833N,24.845448E,34,6.6,106
2843,T,260731,044135,60.289841N,24.845451E,34,5.2,106
2844,T,260731,044136,60.289848N,24.845432E,34,4.6,106
2845,T,260731,044137,60.289848N,24.845404E,34,6.6,275
2846,T,260731,044138,60.289852N,24.845366E,34,7.9,276
2847,T,260731,044139,60.289860N,24.845324E,34,8.8,277
2848,T,260731,044140,60.289864N,24.845276E,34,9.7,278
2849,T,260731,044141,60.289871N,24.845222E,34,11.4,281
2850,T,260731,044142,60.289875N,24.845161E,35,12.2,280
2851,T,260731,044143,60.289875N,24.845098E,35,12.3,280
2852,T,260731,044144,60.289879N,24.845034E,35,12.2,281
2853,T,260731,044145,60.289890N,24.844975E,35,13.2,282
2854,T,260731,044146,60.289917N,24.844919E,35,14.7,285
2855,T,260731,044147,60.289948N,24.844872E,35,16.0,288
2856,T,260731,044148,60.289982N,24.844822E,35,16.8,291
2857,T,260731,044149,60.290016N,24.844772E,35,17.0,294
2858,T,260731,044150,60.290051N,24.844725E,36,17.3,298
2859,T,260731,044151,60.290089N,24.844666E,36,17.6,300
2860,T,260731,044152,60.290123N,24.844614E,36,17.7,303
2861,T,260731,044153,60.290165N,24.844563E,36,18.1,306
2862,T,260731,044154,60.290203N,24.844515E,36,18.2,308
2863,T,260731,044155,60.290245N,24.844463E,36,18.5,311
2864,T,260731,044156,60.290287N,24.844412E,36,18.6,313
2865,T,260731,044157,60.290329N,24.844366E,36,19.1,315
2866,T,260731,044158,60.290367N,24.844324E,36,19.6,317
2867,T,260731,044159,60.290417N,24.844282E,36,19.6,319
2868,T,260731,044200,60.290459N,24.844236E,37,19.5,320
2869,T,260731,044201,60.290501N,24.844189E,37,19.4,322
2870,T,260731,044202,60.290543N,24.844143E,37,19.3,323
2871,T,260731,044203,60.290585N,24.844093E,37,18.9,325
2872,T,260731,044204,60.290623N,24.844044E,37,18.8,327
2873,T,260731,044205,60.290665N,24.843998E,37,18.3,330
2874,T,260731,044206,60.290703N,24.843956E,38,18.3,332
2875,T,260731,044207,60.290745N,24.843916E,38,18.2,334
2876,T,260731,044208,60.290787N,24.843880E,38,18.8,336
2877,T,260731,044209,60.290833N,24.843843E,38,18.7,338
2878,T,260731,044210,60.290874N,24.843813E,38,19.5,339
2879,T,260731,044211,60.290920N,24.843779E,38,19.6,340
2880,T,260731,044212,60.290970N,24.843746E,39,19.5,341
2881,T,260731,044213,60.291012N,24.843714E,39,19.6,341
2882,T,260731,044214,60.291061N,24.843679E,39,19.7,340
2883,T,260731,044215,60.291103N,24.843643E,38,19.8,339
2884,T,260731,044216,60.291153N,24.843611E,39,20.3,339
2885,T,260731,044217,60.291199N,24.843576E,39,20.3,339
2886,T,260731,044218,60.291248N,24.843540E,39,20.4,339
2887,T,260731,044219,60.291294N,24.843504E,39,20.5,339
2888,T,260731,044220,60.291340N,24.843466E,39,20.5,339
2889,T,260731,044221,60.291393N,24.843431E,39,20.6,339
2890,T,260731,044222,60.291439N,24.843395E,39,20.7,339
2891,T,260731,044223,60.291489N,24.843361E,39,20.8,339
2892,T,260731,044224,60.291538N,24.843325E,39,20.9,340
2893,T,260731,044225,60.291588N,24.843292E,39,21.0,341
2894,T,260731,044226,60.291641N,24.843264E,39,21.0,342
2895,T,260731,044227,60.291687N,24.843241E,39,20.5,343
2896,T,260731,044228,60.291740N,24.843220E,39,20.0,343
2897,T,260731,044229,60.291786N,24.843203E,39,19.9,344
2898,T,260731,044230,60.291836N,24.843182E,39,20.2,345
2899,T,260731,044231,60.291885N,24.843161E,39,20.8,346
2900,T,260731,044232,60.291935N,24.843136E,39,21.1,347
2901,T,260731,044233,60.291988N,24.843107E,39,21.4,346
2902,T,260731,044234,60.292042N,24.843077E,39,21.9,346
2903,T,260731,044235,60.292091N,24.843042E,38,21.7,344
2904,T,260731,044236,60.292141N,24.843008E,38,21.0,342
2905,T,260731,044237,60.292191N,24.842976E,38,21.0,342
2906,T,260731,044238,60.292240N,24.842941E,38,21.4,341
2907,T,260731,044239,60.292294N,24.842903E,38,22.0,339
2908,T,260731,044240,60.292343N,24.842863E,38,21.5,340
2909,T,260731,044241,60.292397N,24.842831E,38,21.5,339
2910,T,260731,044242,60.292442N,24.842793E,38,20.7,338
2911,T,260731,044243,60.292492N,24.842754E,38,20.2,338
2912,T,260731,044244,60.292542N,24.842724E,38,19.8,344
2913,T,260731,044245,60.292583N,24.842691E,38,19.1,341
2914,T,260731,044246,60.292625N,24.842648E,38,16.4,339
2915,T,260731,044247,60.292641N,24.842588E,38,13.8,333
2916,T,260731,044248,60.292641N,24.842520E,38,13.7,324
2917,T,260731,044249,60.292629N,24.842461E,37,11.9,316
2918,T,260731,044250,60.292618N,24.842400E,37,12.7,310
2919,T,260731,044251,60.292610N,24.842337E,37,13.2,305
2920,T,260731,044252,60.292629N,24.842278E,37,14.6,303
2921,T,260731,044253,60.292656N,24.842243E,37,15.2,303
2922,T,260731,044254,60.292690N,24.842224E,37,16.6,305
2923,T,260731,044255,60.292728N,24.842197E,37,17.2,308
2924,T,260731,044256,60.292767N,24.842173E,37,18.2,310
2925,T,260731,044257,60.292812N,24.842142E,37,18.9,312
2926,T,260731,044258,60.292854N,24.842106E,37,19.2,336
2927,T,260731,044259,60.292900N,24.842060E,36,19.8,328
2928,T,260731,044300,60.292946N,24.841997E,36,20.6,321
2929,T,260731,044301,60.292984N,24.841927E,36,22.0,315
2930,T,260731,044302,60.293018N,24.841841E,35,23.9,308
2931,T,260731,044303,60.293060N,24.841738E,35,25.9,306
2932,T,260731,044304,60.293098N,24.841635E,34,27.7,306
2933,T,260731,044305,60.293152N,24.841534E,34,29.5,308
2934,T,260731,044306,60.293217N,24.841446E,33,30.6,310
2935,T,260731,044307,60.293285N,24.841379E,33,30.2,313
2936,T,260731,044308,60.293358N,24.841324E,33,30.1,315
2937,T,260731,044309,60.293423N,24.841267E,33,29.8,317
2938,T,260731,044310,60.293491N,24.841208E,33,29.8,320
2939,T,260731,044311,60.293560N,24.841148E,32,29.7,321
2940,T,260731,044312,60.293633N,24.841089E,32,29.2,323
2941,T,260731,044313,60.293697N,24.841040E,32,28.2,325
2942,T,260731,044314,60.293758N,24.840996E,33,26.6,327
2943,T,260731,044315,60.293823N,24.840956E,33,24.9,328
2944,T,260731,044316,60.293880N,24.840919E,33,23.8,330
2945,T,260731,044317,60.293941N,24.840885E,33,23.1,331
2946,T,260731,044318,60.293991N,24.840857E,33,22.4,333
2947,T,260731,044319,60.294044N,24.840828E,34,21.7,334
2948,T,260731,044320,60.294098N,24.840797E,34,21.1,335
2949,T,260731,044321,60.294144N,24.840763E,34,20.4,337
2950,T,260731,044322,60.294189N,24.840715E,34,19.7,328
2951,T,260731,044323,60.294228N,24.840662E,34,19.1,322
2952,T,260731,044324,60.294258N,24.840588E,35,18.0,309
2953,T,260731,044325,60.294281N,24.840508E,35,17.3,294
2954,T,260731,044326,60.294300N,24.840427E,35,16.6,296
2955,T,260731,044327,60.294319N,24.840361E,35,15.2,298
2956,T,260731,044328,60.294350N,24.840307E,35,13.6,300
2957,T,260731,044329,60.294376N,24.840269E,35,13.0,303
2958,T,260731,044330,60.294407N,24.840242E,35,12.6,306
2959,T,260731,044331,60.294437N,24.840219E,35,13.2,309
2960,T,260731,044332,60.294472N,24.840206E,35,14.7,313
2961,T,260731,044333,60.294502N,24.840237E,35,16.1,48
2962,T,260731,044334,60.294529N,24.840305E,35,17.2,50
2963,T,260731,044335,60.294544N,24.840389E,35,18.2,51
2964,T,260731,044336,60.294559N,24.840481E,35,18.5,53
2965,T,260731,044337,60.294575N,24.840570E,35,19.1,55
2966,T,260731,044338,60.294594N,24.840662E,35,20.0,57
2967,T,260731,044339,60.294613N,24.840757E,35,20.7,58
2968,T,260731,044340,60.294632N,24.840860E,35,21.3,60
2969,T,260731,044341,60.294647N,24.840963E,34,22.2,61
2970,T,260731,044342,60.294662N,24.841074E,34,22.8,62
2971,T,260731,044343,60.294685N,24.841185E,34,23.4,63
2972,T,260731,044344,60.294704N,24.841297E,34,23.9,65
2973,T,260731,044345,60.294720N,24.841415E,34,24.2,65
2974,T,260731,044346,60.294739N,24.841532E,34,24.3,66
2975,T,260731,044347,60.294762N,24.841652E,34,24.4,67
2976,T,260731,044348,60.294781N,24.841770E,34,24.5,69
2977,T,260731,044349,60.294796N,24.841888E,34,24.7,71
2978,T,260731,044350,60.294815N,24.842009E,34,24.7,72
2979,T,260731,044351,60.294834N,24.842129E,34,24.9,73
2980,T,260731,044352,60.294857N,24.842251E,34,24.9,74
2981,T,260731,044353,60.294872N,24.842373E,34,25.0,75
2982,T,260731,044354,60.294884N,24.842497E,34,25.1,76
2983,T,260731,044355,60.294899N,24.842625E,33,25.2,77
2984,T,260731,044356,60.294914N,24.842752E,33,25.2,77
2985,T,260731,044357,60.294933N,24.842876E,33,25.2,76
2986,T,260731,044358,60.294945N,24.842999E,33,24.9,77
2987,T,260731,044359,60.294956N,24.843124E,33,24.8,78
2988,T,260731,044400,60.294964N,24.843246E,33,24.4,78
2989,T,260731,044401,60.294975N,24.843369E,33,24.4,79
2990,T,260731,044402,60.294987N,24.843489E,33,24.2,79
2991,T,260731,044403,60.294994N,24.843607E,33,23.7,80
2992,T,260731,044404,60.295006N,24.843723E,33,23.8,81
2993,T,260731,044405,60.295013N,24.843840E,34,22.2,82
2994,T,260731,044406,60.295021N,24.843946E,34,21.0,81
2995,T,260731,044407,60.295033N,24.844036E,34,19.0,80
2996,T,260731,044408,60.295040N,24.844124E,34,19.5,78
2997,T,260731,044409,60.295048N,24.844213E,34,18.5,76
2998,T,260731,044410,60.295063N,24.844303E,34,18.4,62
2999,T,260731,044411,60.295086N,24.844387E,33,17.5,51
3000,T,260731,044412,60.295116N,24.844444E,33,15.9,32
3001,T,260731,044413,60.295151N,24.844473E,33,16.0,7
3002,T,260731,044414,60.295193N,24.844463E,34,18.7,346
3003,T,260731,044415,60.295238N,24.844435E,34,19.5,338
3004,T,260731,044416,60.295284N,24.844398E,34,18.7,336
3005,T,260731,044417,60.295326N,24.844364E,34,18.6,338
3006,T,260731,044418,60.295372N,24.844336E,34,19.5,339
3007,T,260731,044419,60.295425N,24.844307E,33,22.4,339
3008,T,260731,044420,60.295479N,24.844278E,33,25.2,340
3009,T,260731,044421,60.295547N,24.844254E,32,27.0,341
3010,T,260731,044422,60.295612N,24.844234E,32,27.0,342
3011,T,260731,044423,60.295681N,24.844213E,32,25.7,343
3012,T,260731,044424,60.295738N,24.844193E,32,25.2,343
3013,T,260731,044425,60.295799N,24.844172E,32,24.8,344
3014,T,260731,044426,60.295864N,24.844158E,32,25.2,345
3015,T,260731,044427,60.295925N,24.844135E,32,24.5,346
3016,T,260731,044428,60.295982N,24.844114E,32,24.1,348
3017,T,260731,044429,60.296047N,24.844090E,32,24.0,349
3018,T,260731,044430,60.296108N,24.844067E,32,24.1,349
3019,T,260731,044431,60.296169N,24.844044E,32,24.7,350
3020,T,260731,044432,60.296230N,24.844025E,32,25.1,350
3021,T,260731,044433,60.296295N,24.844002E,32,25.2,350
3022,T,260731,044434,60.296360N,24.843979E,32,25.2,350
3023,T,260731,044435,60.296421N,24.843954E,31,25.3,349
3024,T,260731,044436,60.296486N,24.843929E,31,25.3,349
3025,T,260731,044437,60.296547N,24.843906E,31,25.4,349
3026,T,260731,044438,60.296608N,24.843884E,31,25.5,349
3027,T,260731,044439,60.296673N,24.843863E,31,25.5,349
3028,T,260731,044440,60.296734N,24.843840E,31,25.0,350
3029,T,260731,044441,60.296791N,24.843819E,31,25.0,350
3030,T,260731,044442,60.296852N,24.843796E,31,24.5,350
3031,T,260731,044443,60.296913N,24.843775E,31,24.1,349
3032,T,260731,044444,60.296967N,24.843752E,31,23.7,349
3033,T,260731,044445,60.297028N,24.843735E,31,23.7,350
3034,T,260731,044446,60.297085N,24.843714E,31,23.5,350
3035,T,260731,044447,60.297146N,24.843693E,31,23.9,350
3036,T,260731,044448,60.297199N,24.843674E,31,23.9,350
3037,T,260731,044449,60.297260N,24.843655E,31,24.0,350
3038,T,260731,044450,60.297321N,24.843634E,31,23.9,350
3039,T,260731,044451,60.297375N,24.843616E,31,23.3,350
3040,T,260731,044452,60.297432N,24.843596E,31,22.8,350
3041,T,260731,044453,60.297485N,24.843580E,31,22.0,350
3042,T,260731,044454,60.297535N,24.843559E,31,21.6,349
3043,T,260731,044455,60.297588N,24.843540E,31,21.6,349
3044,T,260731,044456,60.297642N,24.843517E,31,21.0,348
3045,T,260731,044457,60.297688N,24.843496E,31,20.9,348
3046,T,260731,044458,60.297741N,24.843475E,32,20.6,348
3047,T,260731,044459,60.297787N,24.843452E,32,20.5,348
3048,T,260731,044500,60.297840N,24.843433E,32,20.1,348
3049,T,260731,044501,60.297890N,24.843416E,32,19.8,348
3050,T,260731,044502,60.297935N,24.843395E,32,19.5,349
3051,T,260731,044503,60.297985N,24.843378E,32,19.4,349
3052,T,260731,044504,60.298031N,24.843357E,33,19.2,348
3053,T,260731,044505,60.298077N,24.843344E,33,18.7,349
3054,T,260731,044506,60.298119N,24.843325E,33,18.6,348
3055,T,260731,044507,60.298161N,24.843304E,33,18.5,348
3056,T,260731,044508,60.298203N,24.843285E,33,18.3,347
3057,T,260731,044509,60.298248N,24.843262E,33,18.2,346
3058,T,260731,044510,60.298286N,24.843243E,34,17.5,346
3059,T,260731,044511,60.298332N,24.843222E,34,17.1,346
3060,T,260731,044512,60.298374N,24.843204E,34,16.7,347
3061,T,260731,044513,60.298416N,24.843189E,34,16.2,348
3062,T,260731,044514,60.298454N,24.843172E,34,15.6,347
3063,T,260731,044515,60.298489N,24.843159E,35,14.7,348
3064,T,260731,044516,60.298523N,24.843143E,35,14.3,348
3065,T,260731,044517,60.298561N,24.843126E,35,14.3,347
3066,T,260731,044518,60.298592N,24.843113E,35,14.3,351
3067,T,260731,044519,60.298630N,24.843100E,35,14.8,351
3068,T,260731,044520,60.298664N,24.843086E,35,15.2,349
3069,T,260731,044521,60.298702N,24.843075E,36,15.7,351
3070,T,260731,044522,60.298744N,24.843058E,36,16.3,346
3071,T,260731,044523,60.298782N,24.843046E,36,16.3,347
3072,T,260731,044524,60.298824N,24.843039E,36,16.4,348
3073,T,260731,044525,60.298862N,24.843025E,36,16.5,350
3074,T,260731,044526,60.298904N,24.843012E,37,16.4,348
3075,T,260731,044527,60.298943N,24.842995E,37,16.3,348
3076,T,260731,044528,60.298985N,24.842976E,37,16.3,349
3077,T,260731,044529,60.299023N,24.842964E,37,15.8,349
3078,T,260731,044530,60.299065N,24.842949E,38,15.8,348
3079,T,260731,044531,60.299099N,24.842936E,38,15.6,353
3080,T,260731,044532,60.299133N,24.842922E,38,15.6,350
3081,T,260731,044533,60.299168N,24.842915E,39,15.6,351
3082,T,260731,044534,60.299210N,24.842897E,39,15.7,349
3083,T,260731,044535,60.299248N,24.842882E,39,15.6,348
3084,T,260731,044536,60.299290N,24.842861E,39,15.6,347
3085,T,260731,044537,60.299324N,24.842846E,40,15.5,348
3086,T,260731,044538,60.299358N,24.842834E,40,15.0,349
3087,T,260731,044539,60.299400N,24.842825E,40,14.9,350
3088,T,260731,044540,60.299435N,24.842812E,40,14.9,351
3089,T,260731,044541,60.299473N,24.842804E,40,15.3,352
3090,T,260731,044542,60.299511N,24.842798E,40,16.2,352
3091,T,260731,044543,60.299553N,24.842791E,40,16.8,353
3092,T,260731,044544,60.299595N,24.842785E,40,17.7,354
3093,T,260731,044545,60.299641N,24.842775E,40,18.4,356
3094,T,260731,044546,60.299686N,24.842770E,40,19.0,356
3095,T,260731,044547,60.299736N,24.842764E,40,19.4,356
3096,T,260731,044548,60.299786N,24.842758E,40,20.1,357
3097,T,260731,044549,60.299835N,24.842752E,40,20.1,356
3098,T,260731,044550,60.299889N,24.842745E,40,21.0,356
3099,T,260731,044551,60.299938N,24.842737E,40,20.9,356
3100,T,260731,044552,60.299992N,24.842733E,40,20.8,356
3101,T,260731,044553,60.300045N,24.842726E,40,20.8,356
3102,T,260731,044554,60.300095N,24.842720E,40,20.7,356
3103,T,260731,044555,60.300148N,24.842716E,40,20.8,357
3104,T,260731,044556,60.300201N,24.842714E,40,21.3,357
3105,T,260731,044557,60.300251N,24.842710E,40,20.9,358
3106,T,260731,044558,60.300304N,24.842705E,40,20.8,358
3107,T,260731,044559,60.300362N,24.842703E,40,20.8,357
3108,T,260731,044600,60.300411N,24.842699E,40,21.6,357
3109,T,260731,044601,60.300468N,24.842695E,40,21.1,357
3110,T,260731,044602,60.300522N,24.842690E,40,21.0,357
3111,T,260731,044603,60.300571N,24.842688E,40,20.8,358
3112,T,260731,044604,60.300621N,24.842682E,41,19.8,357
3113,T,260731,044605,60.300667N,24.842676E,41,19.2,357
3114,T,260731,044606,60.300716N,24.842669E,41,18.8,356
3115,T,260731,044607,60.300762N,24.842663E,41,18.8,356
3116,T,260731,044608,60.300812N,24.842655E,41,18.8,356
3117,T,260731,044609,60.300858N,24.842651E,41,18.8,355
3118,T,260731,044610,60.300903N,24.842644E,41,18.8,355
3119,T,260731,044611,60.300949N,24.842636E,41,18.7,355
3120,T,260731,044612,60.300995N,24.842627E,41,18.3,354
3121,T,260731,044613,60.301044N,24.842619E,41,18.2,354
3122,T,260731,044614,60.301086N,24.842609E,42,17.9,354
3123,T,260731,044615,60.301128N,24.842604E,42,17.8,355
3124,T,260731,044616,60.301170N,24.842596E,42,17.7,356
3125,T,260731,044617,60.301220N,24.842592E,42,17.7,357
3126,T,260731,044618,60.301262N,24.842590E,42,17.6,358
3127,T,260731,044619,60.301308N,24.842587E,42,18.1,358
3128,T,260731,044620,60.301353N,24.842585E,42,18.1,359
3129,T,260731,044621,60.301395N,24.842583E,42,18.1,0
3130,T,260731,044622,60.301441N,24.842583E,42,18.1,359
3131,T,260731,044623,60.301487N,24.842581E,42,19.1,359
3132,T,260731,044624,60.301537N,24.842573E,42,19.2,356
3133,T,260731,044625,60.301582N,24.842566E,42,19.7,356
3134,T,260731,044626,60.301632N,24.842564E,42,19.4,2
3135,T,260731,044627,60.301682N,24.842569E,42,19.1,3
3136,T,260731,044628,60.301727N,24.842575E,42,18.3,3
3137,T,260731,044629,60.301773N,24.842581E,42,17.9,4
3138,T,260731,044630,60.301811N,24.842592E,42,17.9,8
3139,T,260731,044631,60.301861N,24.842600E,42,18.4,6
3140,T,260731,044632,60.301903N,24.842625E,42,19.4,24
3141,T,260731,044633,60.301945N,24.842678E,42,19.5,41
3142,T,260731,044634,60.301975N,24.842749E,41,18.5,47
3143,T,260731,044635,60.302013N,24.842804E,41,18.6,26
3144,T,260731,044636,60.302059N,24.842825E,41,19.8,6
3145,T,260731,044637,60.302105N,24.842821E,41,17.7,346
3146,T,260731,044638,60.302143N,24.842791E,41,17.4,330
3147,T,260731,044639,60.302181N,24.842739E,41,16.1,313
3148,T,260731,044640,60.302208N,24.842682E,42,15.4,308
3149,T,260731,044641,60.302231N,24.842625E,42,14.8,312
3150,T,260731,044642,60.302261N,24.842579E,43,13.6,312
3151,T,260731,044643,60.302288N,24.842543E,43,13.0,330
3152,T,260731,044644,60.302319N,24.842520E,44,13.0,344
3153,T,260731,044645,60.302353N,24.842505E,45,12.3,342
3154,T,260731,044646,60.302380N,24.842489E,45,11.8,344
3155,T,260731,044647,60.302406N,24.842476E,45,11.0,343
3156,T,260731,044648,60.302433N,24.842463E,46,10.7,343
3157,T,260731,044649,60.302460N,24.842449E,46,10.7,343
3158,T,260731,044650,60.302483N,24.842436E,46,10.1,344
3159,T,260731,044651,60.302513N,24.842422E,47,10.6,338
3160,T,260731,044652,60.302536N,24.842405E,47,10.5,340
3161,T,260731,044653,60.302559N,24.842396E,47,10.4,341
3162,T,260731,044654,60.302586N,24.842386E,48,9.9,342
3163,T,260731,044655,60.302608N,24.842381E,48,10.7,343
3164,T,260731,044656,60.302639N,24.842379E,48,9.9,356
3165,T,260731,044657,60.302666N,24.842377E,49,10.4,357
3166,T,260731,044658,60.302692N,24.842379E,49,10.9,359
3167,T,260731,044659,60.302719N,24.842381E,49,11.6,359
3168,T,260731,044700,60.302753N,24.842382E,49,11.7,1
3169,T,260731,044701,60.302776N,24.842384E,49,11.6,359
3170,T,260731,044702,60.302807N,24.842386E,50,11.7,359
3171,T,260731,044703,60.302841N,24.842390E,50,11.6,0
3172,T,260731,044704,60.302868N,24.842394E,50,11.9,0
3173,T,260731,044705,60.302898N,24.842394E,50,11.8,0
3174,T,260731,044706,60.302929N,24.842398E,51,12.4,0
3175,T,260731,044707,60.302959N,24.842398E,51,12.4,0
3176,T,260731,044708,60.302994N,24.842402E,51,12.3,2
3177,T,260731,044709,60.303024N,24.842403E,52,12.2,1
3178,T,260731,044710,60.303051N,24.842409E,52,12.3,2
3179,T,260731,044711,60.303089N,24.842417E,52,12.2,3
3180,T,260731,044712,60.303120N,24.842417E,52,12.7,3
3181,T,260731,044713,60.303150N,24.842419E,52,13.6,2
3182,T,260731,044714,60.303188N,24.842422E,52,14.6,3
3183,T,260731,044715,60.303223N,24.842426E,53,14.2,3
3184,T,260731,044716,60.303261N,24.842430E,53,14.2,3
3185,T,260731,044717,60.303295N,24.842438E,53,14.9,4
3186,T,260731,044718,60.303333N,24.842442E,53,14.4,359
3187,T,260731,044719,60.303368N,24.842442E,53,15.5,359
3188,T,260731,044720,60.303410N,24.842443E,53,17.0,2
3189,T,260731,044721,60.303452N,24.842445E,53,17.8,2
3190,T,260731,044722,60.303501N,24.842447E,53,18.4,358
3191,T,260731,044723,60.303547N,24.842449E,52,19.9,2
3192,T,260731,044724,60.303596N,24.842457E,52,20.5,2
3193,T,260731,044725,60.303650N,24.842457E,52,21.1,0
3194,T,260731,044726,60.303699N,24.842457E,52,21.9,0
3195,T,260731,044727,60.303761N,24.842455E,51,23.0,358
3196,T,260731,044728,60.303818N,24.842445E,51,23.8,357
3197,T,260731,044729,60.303875N,24.842438E,50,25.0,356
3198,T,260731,044730,60.303940N,24.842428E,50,25.9,354
3199,T,260731,044731,60.304008N,24.842415E,50,26.5,354
3200,T,260731,044732,60.304073N,24.842396E,49,27.0,354
3201,T,260731,044733,60.304138N,24.842390E,49,27.1,354
3202,T,260731,044734,60.304211N,24.842388E,49,27.1,356
3203,T,260731,044735,60.304279N,24.842386E,49,26.4,357
3204,T,260731,044736,60.304344N,24.842390E,49,25.4,0
3205,T,260731,044737,60.304405N,24.842390E,48,24.0,0
3206,T,260731,044738,60.304462N,24.842394E,48,23.1,1
3207,T,260731,044739,60.304520N,24.842394E,48,22.7,359
3208,T,260731,044740,60.304577N,24.842394E,48,21.9,359
3209,T,260731,044741,60.304630N,24.842388E,48,21.3,358
3210,T,260731,044742,60.304684N,24.842384E,47,21.4,358
3211,T,260731,044743,60.304741N,24.842382E,47,22.2,0
3212,T,260731,044744,60.304794N,24.842384E,47,23.3,1
3213,T,260731,044745,60.304855N,24.842390E,47,24.5,3
3214,T,260731,044746,60.304920N,24.842402E,46,26.4,5
3215,T,260731,044747,60.304989N,24.842413E,45,27.6,4
3216,T,260731,044748,60.305061N,24.842422E,45,28.5,3
3217,T,260731,044749,60.305134N,24.842428E,45,29.1,3
3218,T,260731,044750,60.305206N,24.842432E,44,29.7,2
3219,T,260731,044751,60.305279N,24.842434E,44,29.6,359
3220,T,260731,044752,60.305355N,24.842434E,44,29.3,359
3221,T,260731,044753,60.305428N,24.842430E,44,29.4,358
3222,T,260731,044754,60.305500N,24.842422E,44,28.2,357
3223,T,260731,044755,60.305569N,24.842415E,44,26.8,356
3224,T,260731,044756,60.305634N,24.842398E,43,25.5,350
3225,T,260731,044757,60.305691N,24.842361E,43,24.6,334
3226,T,260731,044758,60.305733N,24.842283E,42,23.0,306
3227,T,260731,044759,60.305759N,24.842190E,42,20.8,290
3228,T,260731,044800,60.305775N,24.842094E,42,19.6,279
3229,T,260731,044801,60.305779N,24.841993E,42,20.2,270
3230,T,260731,044802,60.305779N,24.841885E,42,22.4,270
3231,T,260731,044803,60.305779N,24.841793E,42,19.6,269
3232,T,260731,044804,60.305775N,24.841696E,42,20.4,266
3233,T,260731,044805,60.305775N,24.841585E,42,19.9,268
3234,T,260731,044806,60.305782N,24.841484E,42,18.9,281
3235,T,260731,044807,60.305801N,24.841393E,42,19.0,298
3236,T,260731,044808,60.305836N,24.841311E,42,21.2,321
3237,T,260731,044809,60.305885N,24.841255E,42,22.7,340
3238,T,260731,044810,60.305939N,24.841234E,42,23.2,358
3239,T,260731,044811,60.305996N,24.841242E,41,23.7,7
3240,T,260731,044812,60.306053N,24.841255E,41,22.7,8
3241,T,260731,044813,60.306107N,24.841263E,41,21.1,5
3242,T,260731,044814,60.306160N,24.841265E,41,20.5,3
3243,T,260731,044815,60.306213N,24.841267E,41,20.6,359
3244,T,260731,044816,60.306267N,24.841265E,41,20.3,0
3245,T,260731,044817,60.306316N,24.841265E,41,19.2,2
3246,T,260731,044818,60.306362N,24.841269E,41,18.2,2
3247,T,260731,044819,60.306408N,24.841272E,41,17.5,1
3248,T,260731,044820,60.306454N,24.841274E,41,16.9,1
3249,T,260731,044821,60.306492N,24.841270E,41,15.6,0
3250,T,260731,044822,60.306534N,24.841272E,41,16.2,358
3251,T,260731,044823,60.306572N,24.841272E,41,16.3,359
3252,T,260731,044824,60.306606N,24.841272E,41,15.3,2
3253,T,260731,044825,60.306652N,24.841276E,43,15.3,359
3254,T,260731,044826,60.306698N,24.841282E,44,15.7,1
3255,T,260731,044827,60.306736N,24.841284E,44,16.0,2
3256,T,260731,044828,60.306774N,24.841288E,44,16.4,2
3257,T,260731,044829,60.306820N,24.841291E,45,16.4,3
3258,T,260731,044830,60.306862N,24.841295E,45,16.4,2
3259,T,260731,044831,60.306900N,24.841303E,45,16.3,2
3260,T,260731,044832,60.306938N,24.841307E,46,16.3,2
3261,T,260731,044833,60.306980N,24.841309E,46,16.3,2
3262,T,260731,044834,60.307018N,24.841307E,46,16.2,1
3263,T,260731,044835,60.307060N,24.841316E,46,16.3,1
3264,T,260731,044836,60.307098N,24.841324E,46,16.3,359
3265,T,260731,044837,60.307140N,24.841324E,46,16.3,0
3266,T,260731,044838,60.307178N,24.841322E,47,16.4,0
3267,T,260731,044839,60.307220N,24.841322E,47,16.0,359
3268,T,260731,044840,60.307259N,24.841322E,47,16.0,357
3269,T,260731,044841,60.307301N,24.841320E,47,15.9,358
3270,T,260731,044842,60.307339N,24.841316E,47,15.9,356
3271,T,260731,044843,60.307381N,24.841305E,47,15.8,353
3272,T,260731,044844,60.307415N,24.841295E,47,15.4,351
3273,T,260731,044845,60.307453N,24.841282E,47,15.5,350
3274,T,260731,044846,60.307491N,24.841274E,47,15.9,355
3275,T,260731,044847,60.307533N,24.841265E,47,16.0,353
3276,T,260731,044848,60.307571N,24.841251E,47,16.1,350
3277,T,260731,044849,60.307610N,24.841234E,47,15.0,347
3278,T,260731,044850,60.307648N,24.841219E,47,15.0,347
3279,T,260731,044851,60.307678N,24.841204E,46,13.7,347
3280,T,260731,044852,60.307713N,24.841188E,46,12.2,346
3281,T,260731,044853,60.307739N,24.841162E,46,12.9,345
3282,T,260731,044854,60.307758N,24.841112E,46,13.0,342
3283,T,260731,044855,60.307770N,24.841045E,46,14.0,337
3284,T,260731,044856,60.307758N,24.840977E,46,15.1,331
3285,T,260731,044857,60.307747N,24.840902E,46,15.1,324
3286,T,260731,044858,60.307735N,24.840824E,46,15.8,317
3287,T,260731,044859,60.307724N,24.840748E,47,15.8,310
3288,T,260731,044900,60.307713N,24.840672E,47,15.8,257
3289,T,260731,044901,60.307709N,24.840595E,47,15.8,263
3290,T,260731,044902,60.307709N,24.840519E,48,15.3,270
3291,T,260731,044903,60.307709N,24.840437E,48,16.1,275
3292,T,260731,044904,60.307713N,24.840357E,48,16.3,277
3293,T,260731,044905,60.307720N,24.840273E,49,16.3,277
3294,T,260731,044906,60.307724N,24.840195E,49,16.2,282
3295,T,260731,044907,60.307735N,24.840113E,50,16.1,288
3296,T,260731,044908,60.307747N,24.840027E,50,16.2,288
3297,T,260731,044909,60.307758N,24.839943E,50,17.0,291
3298,T,260731,044910,60.307781N,24.839855E,50,17.3,294
3299,T,260731,044911,60.307800N,24.839781E,50,17.3,301
3300,T,260731,044912,60.307819N,24.839705E,51,17.4,300
3301,T,260731,044913,60.307842N,24.839626E,51,17.5,301
3302,T,260731,044914,60.307869N,24.839550E,51,17.7,303
3303,T,260731,044915,60.307892N,24.839478E,51,17.8,305
3304,T,260731,044916,60.307922N,24.839409E,52,17.8,314
3305,T,260731,044917,60.307957N,24.839344E,52,17.3,316
3306,T,260731,044918,60.307987N,24.839281E,52,17.8,319
3307,T,260731,044919,60.308022N,24.839224E,52,17.9,321
3308,T,260731,044920,60.308056N,24.839165E,52,17.5,323
3309,T,260731,044921,60.308090N,24.839123E,54,17.5,331
3310,T,260731,044922,60.308128N,24.839083E,53,17.4,334
3311,T,260731,044923,60.308167N,24.839045E,53,17.3,333
3312,T,260731,044924,60.308205N,24.839005E,53,17.6,333
3313,T,260731,044925,60.308243N,24.838964E,53,17.1,336
3314,T,260731,044926,60.308285N,24.838932E,54,17.2,338
3315,T,260731,044927,60.308323N,24.838902E,54,17.2,341
3316,T,260731,044928,60.308365N,24.838881E,54,17.1,342
3317,T,260731,044929,60.308403N,24.838863E,54,17.1,344
3318,T,260731,044930,60.308445N,24.838854E,54,17.2,345
3319,T,260731,044931,60.308487N,24.838844E,54,17.1,346
3320,T,260731,044932,60.308533N,24.838840E,54,17.5,358
3321,T,260731,044933,60.308575N,24.838840E,54,17.4,0
3322,T,260731,044934,60.308620N,24.838842E,54,17.4,359
3323,T,260731,044935,60.308662N,24.838839E,54,17.4,358
3324,T,260731,044936,60.308708N,24.838840E,54,17.3,358
3325,T,260731,044937,60.308750N,24.838842E,55,17.2,358
3326,T,260731,044938,60.308792N,24.838846E,55,17.3,358
3327,T,260731,044939,60.308842N,24.838848E,55,17.3,358
3328,T,260731,044940,60.308884N,24.838850E,54,17.6,359
3329,T,260731,044941,60.308929N,24.838850E,54,17.6,1
3330,T,260731,044942,60.308971N,24.838850E,54,17.9,358
3331,T,260731,044943,60.309017N,24.838844E,54,18.0,358
3332,T,260731,044944,60.309059N,24.838840E,54,17.9,359
3333,T,260731,044945,60.309109N,24.838837E,55,17.8,359
3334,T,260731,044946,60.309151N,24.838835E,55,17.4,358
3335,T,260731,044947,60.309193N,24.838835E,55,17.4,358
3336,T,260731,044948,60.309235N,24.838833E,55,17.4,358
3337,T,260731,044949,60.309280N,24.838833E,55,17.4,0
3338,T,260731,044950,60.309322N,24.838835E,55,17.7,0
3339,T,260731,044951,60.309368N,24.838835E,55,17.7,359
3340,T,260731,044952,60.309410N,24.838833E,55,17.9,359
3341,T,260731,044953,60.309456N,24.838831E,55,17.9,358
3342,T,260731,044954,60.309502N,24.838825E,55,17.8,358
3343,T,260731,044955,60.309544N,24.838823E,55,17.8,1
3344,T,260731,044956,60.309589N,24.838823E,55,17.7,1
3345,T,260731,044957,60.309631N,24.838823E,55,17.6,358
3346,T,260731,044958,60.309677N,24.838823E,56,17.6,359
3347,T,260731,044959,60.309719N,24.838823E,56,17.5,358
3348,T,260731,045000,60.309765N,24.838823E,56,18.1,0
3349,T,260731,045001,60.309807N,24.838827E,56,18.1,0
3350,T,260731,045002,60.309856N,24.838827E,56,18.2,358
3351,T,260731,045003,60.309898N,24.838825E,56,18.2,358
3352,T,260731,045004,60.309948N,24.838825E,56,18.1,0
3353,T,260731,045005,60.309994N,24.838825E,56,18.0,359
3354,T,260731,045006,60.310036N,24.838825E,56,18.0,359
3355,T,260731,045007,60.310081N,24.838825E,56,17.8,0
3356,T,260731,045008,60.310123N,24.838823E,56,17.7,358
3357,T,260731,045009,60.310169N,24.838823E,56,17.7,358
3358,T,260731,045010,60.310211N,24.838823E,56,17.6,0
3359,T,260731,045011,60.310257N,24.838823E,56,17.6,1
3360,T,260731,045012,60.310299N,24.838821E,57,17.7,358
3361,T,260731,045013,60.310345N,24.838820E,57,18.0,359
3362,T,260731,045014,60.310390N,24.838816E,57,18.1,359
3363,T,260731,045015,60.310436N,24.838812E,58,18.6,0
3364,T,260731,045016,60.310486N,24.838810E,58,18.7,0
3365,T,260731,045017,60.310532N,24.838806E,58,18.8,358
3366,T,260731,045018,60.310581N,24.838804E,58,19.0,359
3367,T,260731,045019,60.310627N,24.838804E,58,19.1,359
3368,T,260731,045020,60.310677N,24.838802E,58,19.4,359
3369,T,260731,045021,60.310722N,24.838804E,58,19.5,1
3370,T,260731,045022,60.310772N,24.838804E,57,19.5,358
3371,T,260731,045023,60.310822N,24.838804E,57,19.5,358
3372,T,260731,045024,60.310871N,24.838802E,56,19.5,359
3373,T,260731,045025,60.310921N,24.838804E,56,19.4,359
3374,T,260731,045026,60.310966N,24.838802E,56,19.4,358
3375,T,260731,045027,60.311016N,24.838804E,55,19.5,0
3376,T,260731,045028,60.311066N,24.838806E,55,19.4,2
3377,T,260731,045029,60.311111N,24.838816E,55,19.1,4
3378,T,260731,045030,60.311161N,24.838825E,54,19.1,5
3379,T,260731,045031,60.311207N,24.838837E,54,19.2,4
3380,T,260731,045032,60.311256N,24.838844E,54,19.8,2
3381,T,260731,045033,60.311302N,24.838844E,54,19.8,357
3382,T,260731,045034,60.311352N,24.838837E,53,20.1,352
3383,T,260731,045035,60.311405N,24.838823E,53,19.6,352
3384,T,260731,045036,60.311451N,24.838812E,53,19.7,352
3385,T,260731,045037,60.311501N,24.838802E,53,19.8,352
3386,T,260731,045038,60.311546N,24.838795E,53,20.4,352
3387,T,260731,045039,60.311596N,24.838787E,53,20.5,351
3388,T,260731,045040,60.311646N,24.838776E,52,20.8,351
3389,T,260731,045041,60.311695N,24.838764E,52,20.9,351
3390,T,260731,045042,60.311749N,24.838751E,52,21.0,351
3391,T,260731,045043,60.311798N,24.838732E,52,21.4,347
3392,T,260731,045044,60.311848N,24.838705E,52,21.4,344
3393,T,260731,045045,60.311901N,24.838680E,51,21.1,345
3394,T,260731,045046,60.311947N,24.838654E,51,21.1,344
3395,T,260731,045047,60.312000N,24.838621E,51,21.6,343
3396,T,260731,045048,60.312050N,24.838589E,51,21.7,342
3397,T,260731,045049,60.312099N,24.838556E,50,21.8,344
3398,T,260731,045050,60.312153N,24.838533E,50,22.2,344
3399,T,260731,045051,60.312206N,24.838512E,50,22.3,345
3400,T,260731,045052,60.312260N,24.838484E,50,21.8,346
3401,T,260731,045053,60.312317N,24.838457E,50,21.5,346
3402,T,260731,045054,60.312366N,24.838432E,50,21.1,346
3403,T,260731,045055,60.312416N,24.838402E,50,21.1,344
3404,T,260731,045056,60.312469N,24.838367E,50,21.2,344
3405,T,260731,045057,60.312515N,24.838337E,50,21.1,342
3406,T,260731,045058,60.312569N,24.838299E,50,21.2,341
3407,T,260731,045059,60.312614N,24.838259E,51,21.2,340
3408,T,260731,045100,60.312668N,24.838217E,51,21.2,339
3409,T,260731,045101,60.312721N,24.838177E,51,21.7,338
3410,T,260731,045102,60.312771N,24.838133E,52,21.8,337
3411,T,260731,045103,60.312820N,24.838085E,52,21.8,337
3412,T,260731,045104,60.312874N,24.838041E,52,21.8,336
3413,T,260731,045105,60.312923N,24.837990E,53,21.9,335
3414,T,260731,045106,60.312977N,24.837938E,53,21.9,333
3415,T,260731,045107,60.313023N,24.837887E,54,22.0,332
3416,T,260731,045108,60.313072N,24.837831E,55,21.6,331
3417,T,260731,045109,60.313122N,24.837776E,55,21.5,330
3418,T,260731,045110,60.313168N,24.837723E,56,21.2,330
3419,T,260731,045111,60.313217N,24.837667E,56,20.8,330
3420,T,260731,045112,60.313259N,24.837618E,57,20.1,329
3421,T,260731,045113,60.313305N,24.837570E,57,19.5,329
3422,T,260731,045114,60.313347N,24.837519E,57,19.1,329
3423,T,260731,045115,60.313389N,24.837463E,57,19.1,327
3424,T,260731,045116,60.313431N,24.837412E,57,19.5,331
3425,T,260731,045117,60.313477N,24.837362E,56,20.4,330
3426,T,260731,045118,60.313519N,24.837309E,56,21.2,330
3427,T,260731,045119,60.313568N,24.837257E,55,21.7,332
3428,T,260731,045120,60.313618N,24.837212E,55,20.9,335
3429,T,260731,045121,60.313660N,24.837164E,55,17.3,323
3430,T,260731,045122,60.313683N,24.837105E,55,13.8,297
3431,T,260731,045123,60.313686N,24.837038E,55,14.6,265
3432,T,260731,045124,60.313683N,24.836964E,55,14.9,252
3433,T,260731,045125,60.313667N,24.836889E,55,16.1,247
3434,T,260731,045126,60.313660N,24.836811E,57,16.7,250
3435,T,260731,045127,60.313652N,24.836723E,57,17.6,265
3436,T,260731,045128,60.313648N,24.836636E,58,17.2,265
3437,T,260731,045129,60.313637N,24.836550E,58,17.1,263
3438,T,260731,045130,60.313629N,24.836464E,58,17.2,263
3439,T,260731,045131,60.313614N,24.836382E,58,17.2,261
3440,T,260731,045132,60.313599N,24.836296E,58,17.6,260
3441,T,260731,045133,60.313587N,24.836214E,58,17.6,259
3442,T,260731,045134,60.313576N,24.836128E,58,17.7,258
3443,T,260731,045135,60.313568N,24.836042E,58,18.0,265
3444,T,260731,045136,60.313568N,24.835951E,58,17.6,275
3445,T,260731,045137,60.313576N,24.835863E,58,17.6,286
3446,T,260731,045138,60.313591N,24.835779E,58,17.6,297
3447,T,260731,045139,60.313618N,24.835705E,59,17.7,304
3448,T,260731,045140,60.313648N,24.835627E,59,18.1,314
3449,T,260731,045141,60.313683N,24.835564E,59,18.1,323
3450,T,260731,045142,60.313725N,24.835520E,59,18.1,334
3451,T,260731,045143,60.313766N,24.835487E,60,18.3,341
3452,T,260731,045144,60.313812N,24.835464E,60,18.6,344
3453,T,260731,045145,60.313862N,24.835443E,60,18.7,344
3454,T,260731,045146,60.313904N,24.835426E,60,18.8,346
3455,T,260731,045147,60.313953N,24.835411E,60,19.2,347
3456,T,260731,045148,60.313999N,24.835398E,60,19.3,349
3457,T,260731,045149,60.314049N,24.835384E,60,19.6,352
3458,T,260731,045150,60.314095N,24.835381E,60,19.7,1
3459,T,260731,045151,60.314144N,24.835390E,60,19.7,8
3460,T,260731,045152,60.314194N,24.835407E,61,19.7,8
3461,T,260731,045153,60.314240N,24.835424E,61,19.8,6
3462,T,260731,045154,60.314293N,24.835426E,61,20.5,357
3463,T,260731,045155,60.314342N,24.835424E,61,20.0,355
3464,T,260731,045156,60.314392N,24.835409E,61,19.0,349
3465,T,260731,045157,60.314442N,24.835388E,61,19.1,344
3466,T,260731,045158,60.314487N,24.835354E,61,19.7,337
3467,T,260731,045159,60.314533N,24.835314E,61,20.5,335
3468,T,260731,045200,60.314579N,24.835278E,61,20.4,336
3469,T,260731,045201,60.314632N,24.835255E,61,20.4,337
3470,T,260731,045202,60.314678N,24.835236E,61,20.7,338
3471,T,260731,045203,60.314732N,24.835220E,62,20.8,339
3472,T,260731,045204,60.314789N,24.835203E,62,21.3,341
3473,T,260731,045205,60.314838N,24.835192E,62,21.3,342
3474,T,260731,045206,60.314892N,24.835180E,62,21.5,343
3475,T,260731,045207,60.314949N,24.835171E,62,21.6,344
3476,T,260731,045208,60.314999N,24.835157E,62,21.6,345
3477,T,260731,045209,60.315056N,24.835146E,62,21.9,346
3478,T,260731,045210,60.315113N,24.835135E,62,22.0,347
3479,T,260731,045211,60.315166N,24.835115E,63,21.5,348
3480,T,260731,045212,60.315224N,24.835100E,63,21.9,350
3481,T,260731,045213,60.315281N,24.835087E,63,22.0,352
3482,T,260731,045214,60.315338N,24.835077E,63,22.0,353
3483,T,260731,045215,60.315395N,24.835068E,63,22.5,354
3484,T,260731,045216,60.315449N,24.835058E,63,22.5,354
3485,T,260731,045217,60.315502N,24.835047E,63,22.5,354
3486,T,260731,045218,60.315559N,24.835033E,63,22.5,353
3487,T,260731,045219,60.315613N,24.835020E,63,22.4,353
3488,T,260731,045220,60.315674N,24.835011E,63,22.8,353
3489,T,260731,045221,60.315723N,24.834995E,63,21.9,353
3490,T,260731,045222,60.315781N,24.834982E,63,21.5,352
3491,T,260731,045223,60.315830N,24.834963E,63,21.6,351
3492,T,260731,045224,60.315884N,24.834944E,63,21.5,350
3493,T,260731,045225,60.315933N,24.834917E,63,20.6,342
3494,T,260731,045226,60.315979N,24.834881E,63,21.2,333
3495,T,260731,045227,60.316029N,24.834827E,63,20.8,326
3496,T,260731,045228,60.316071N,24.834764E,64,19.9,318
3497,T,260731,045229,60.316109N,24.834700E,64,19.8,319
3498,T,260731,045230,60.316147N,24.834661E,64,14.9,322
3499,T,260731,045231,60.316181N,24.834656E,64,13.6,326
3500,T,260731,045232,60.316212N,24.834654E,64,12.5,329
3501,T,260731,045233,60.316242N,24.834650E,64,13.7,332
3502,T,260731,045234,60.316277N,24.834661E,63,14.8,20
3503,T,260731,045235,60.316311N,24.834688E,63,14.8,23
3504,T,260731,045236,60.316349N,24.834721E,63,17.4,21
3505,T,260731,045237,60.316391N,24.834745E,63,19.0,14
3506,T,260731,045238,60.316437N,24.834764E,63,19.1,7
3507,T,260731,045239,60.316486N,24.834768E,64,19.7,357
3508,T,260731,045240,60.316540N,24.834757E,64,19.7,347
3509,T,260731,045241,60.316589N,24.834730E,65,21.5,342
3510,T,260731,045242,60.316631N,24.834694E,64,22.3,341
3511,T,260731,045243,60.316681N,24.834658E,64,21.6,343
3512,T,260731,045244,60.316734N,24.834625E,64,22.2,343
3513,T,260731,045245,60.316788N,24.834597E,64,21.9,344
3514,T,260731,045246,60.316841N,24.834564E,64,21.8,343
3515,T,260731,045247,60.316891N,24.834528E,64,21.9,343
3516,T,260731,045248,60.316944N,24.834496E,64,21.9,343
3517,T,260731,045249,60.317001N,24.834463E,64,22.0,343
3518,T,260731,045250,60.317051N,24.834431E,64,21.8,342
3519,T,260731,045251,60.317104N,24.834396E,64,21.8,341
3520,T,260731,045252,60.317158N,24.834356E,64,21.7,340
3521,T,260731,045253,60.317207N,24.834316E,64,21.8,339
3522,T,260731,045254,60.317265N,24.834276E,64,22.4,338
3523,T,260731,045255,60.317314N,24.834236E,64,23.1,338
3524,T,260731,045256,60.317368N,24.834194E,64,23.0,337
3525,T,260731,045257,60.317425N,24.834145E,64,23.0,336
3526,T,260731,045258,60.317478N,24.834099E,64,23.1,336
3527,T,260731,045259,60.317532N,24.834049E,64,23.7,335
3528,T,260731,045300,60.317589N,24.833998E,64,23.8,334
3529,T,260731,045301,60.317638N,24.833944E,64,24.3,333
3530,T,260731,045302,60.317696N,24.833887E,64,24.4,333
3531,T,260731,045303,60.317753N,24.833832E,64,24.4,332
3532,T,260731,045304,60.317802N,24.833775E,64,24.4,331
3533,T,260731,045305,60.317856N,24.833715E,64,24.0,331
3534,T,260731,045306,60.317913N,24.833656E,64,24.1,331
3535,T,260731,045307,60.317963N,24.833597E,63,24.5,331
3536,T,260731,045308,60.318020N,24.833540E,63,24.4,330
3537,T,260731,045309,60.318073N,24.833479E,64,24.5,330
3538,T,260731,045310,60.318127N,24.833418E,64,24.5,330
3539,T,260731,045311,60.318184N,24.833359E,64,24.5,331
3540,T,260731,045312,60.318241N,24.833300E,64,24.6,331
3541,T,260731,045313,60.318291N,24.833237E,64,24.6,331
3542,T,260731,045314,60.318352N,24.833176E,64,24.6,331
3543,T,260731,045315,60.318405N,24.833117E,64,24.2,331
3544,T,260731,045316,60.318459N,24.833057E,64,24.1,331
3545,T,260731,045317,60.318516N,24.833004E,64,24.0,332
3546,T,260731,045318,60.318569N,24.832945E,64,23.5,331
3547,T,260731,045319,60.318619N,24.832888E,64,23.4,331
3548,T,260731,045320,60.318672N,24.832832E,64,23.2,330
3549,T,260731,045321,60.318726N,24.832771E,65,22.9,330
3550,T,260731,045322,60.318775N,24.832716E,65,22.9,330
3551,T,260731,045323,60.318829N,24.832663E,65,22.9,331
3552,T,260731,045324,60.318874N,24.832603E,65,22.8,331
3553,T,260731,045325,60.318924N,24.832544E,65,22.7,330
3554,T,260731,045326,60.318977N,24.832491E,65,22.8,330
3555,T,260731,045327,60.319023N,24.832430E,65,23.2,329
3556,T,260731,045328,60.319077N,24.832367E,65,23.6,328
3557,T,260731,045329,60.319126N,24.832306E,65,24.1,328
3558,T,260731,045330,60.319180N,24.832247E,65,24.6,329
3559,T,260731,045331,60.319233N,24.832184E,65,25.1,329
3560,T,260731,045332,60.319286N,24.832115E,65,25.0,328
3561,T,260731,045333,60.319340N,24.832050E,65,24.9,327
3562,T,260731,045334,60.319393N,24.831980E,65,24.9,326
3563,T,260731,045335,60.319439N,24.831907E,65,24.5,326
3564,T,260731,045336,60.319492N,24.831844E,65,24.4,326
3565,T,260731,045337,60.319538N,24.831779E,65,23.9,327
3566,T,260731,045338,60.319592N,24.831717E,64,23.6,327
3567,T,260731,045339,60.319645N,24.831654E,64,23.5,328
3568,T,260731,045340,60.319691N,24.831593E,64,22.9,328
3569,T,260731,045341,60.319740N,24.831526E,65,22.6,326
3570,T,260731,045342,60.319790N,24.831465E,65,22.5,327
3571,T,260731,045343,60.319836N,24.831404E,65,22.1,327
3572,T,260731,045344,60.319885N,24.831335E,65,22.0,326
3573,T,260731,045345,60.319927N,24.831268E,65,21.2,325
3574,T,260731,045346,60.319969N,24.831198E,65,20.7,318
3575,T,260731,045347,60.320000N,24.831123E,65,20.2,308
3576,T,260731,045348,60.320026N,24.831039E,65,19.7,297
3577,T,260731,045349,60.320049N,24.830954E,65,19.3,295
3578,T,260731,045350,60.320072N,24.830868E,64,19.4,296
3579,T,260731,045351,60.320099N,24.830805E,64,15.2,298
3580,T,260731,045352,60.320129N,24.830757E,65,13.3,301
3581,T,260731,045353,60.320156N,24.830721E,65,15.5,303
3582,T,260731,045354,60.320187N,24.830687E,65,13.4,307
3583,T,260731,045355,60.320217N,24.830662E,65,12.9,310
3584,T,260731,045356,60.320248N,24.830652E,65,14.6,314
3585,T,260731,045357,60.320290N,24.830656E,65,16.1,6
3586,T,260731,045358,60.320328N,24.830664E,65,17.9,3
3587,T,260731,045359,60.320370N,24.830664E,65,18.6,355
3588,T,260731,045400,60.320415N,24.830648E,65,19.7,354
3589,T,260731,045401,60.320461N,24.830622E,65,20.4,353
3590,T,260731,045402,60.320503N,24.830584E,64,20.8,351
3591,T,260731,045403,60.320549N,24.830530E,64,21.1,348
3592,T,260731,045404,60.320591N,24.830469E,64,21.2,346
3593,T,260731,045405,60.320637N,24.830412E,64,21.2,344
3594,T,260731,045406,60.320679N,24.830357E,64,21.2,342
3595,T,260731,045407,60.320724N,24.830297E,63,21.3,341
3596,T,260731,045408,60.320766N,24.830240E,63,21.3,339
3597,T,260731,045409,60.320812N,24.830181E,63,21.3,338
3598,T,260731,045410,60.320862N,24.830124E,63,21.2,336
3599,T,260731,045411,60.320904N,24.830067E,63,21.2,335
3600,T,260731,045412,60.320950N,24.830009E,62,21.1,334
3601,T,260731,045413,60.320992N,24.829952E,62,21.1,333
3602,T,260731,045414,60.321041N,24.829897E,62,21.1,331
3603,T,260731,045415,60.321079N,24.829826E,62,21.5,330
3604,T,260731,045416,60.321125N,24.829763E,62,21.5,328
3605,T,260731,045417,60.321167N,24.829710E,62,20.2,335
3606,T,260731,045418,60.321213N,24.829691E,62,17.0,358
3607,T,260731,045419,60.321243N,24.829710E,61,11.9,37
3608,T,260731,045420,60.321259N,24.829746E,61,8.1,50
3609,T,260731,045421,60.321274N,24.829784E,61,10.3,49
3610,T,260731,045422,60.321289N,24.829824E,61,9.7,50
3611,T,260731,045423,60.321297N,24.829876E,60,11.1,51
3612,T,260731,045424,60.321304N,24.829929E,60,11.5,53
3613,T,260731,045425,60.321316N,24.829987E,60,12.5,54
3614,T,260731,045426,60.321335N,24.830040E,60,13.0,54
3615,T,260731,045427,60.321362N,24.830093E,60,15.6,54
3616,T,260731,045428,60.321384N,24.830153E,60,15.1,53
3617,T,260731,045429,60.321404N,24.830215E,60,15.5,53
3618,T,260731,045430,60.321426N,24.830286E,61,15.9,53
3619,T,260731,045431,60.321449N,24.830359E,61,16.3,54
3620,T,260731,045432,60.321472N,24.830429E,61,16.3,56
3621,T,260731,045433,60.321487N,24.830502E,61,16.2,57
3622,T,260731,045434,60.321507N,24.830576E,61,16.3,58
3623,T,260731,045435,60.321529N,24.830645E,62,15.7,59
3624,T,260731,045436,60.321548N,24.830713E,62,15.6,59
3625,T,260731,045437,60.321568N,24.830778E,62,15.2,59
3626,T,260731,045438,60.321587N,24.830845E,62,15.2,58
3627,T,260731,045439,60.321609N,24.830906E,63,15.3,58
3628,T,260731,045440,60.321632N,24.830973E,63,15.9,57
3629,T,260731,045441,60.321651N,24.831039E,63,15.6,57
3630,T,260731,045442,60.321674N,24.831108E,63,15.9,57
3631,T,260731,045443,60.321697N,24.831177E,63,16.2,58
3632,T,260731,045444,60.321716N,24.831245E,63,16.3,58
3633,T,260731,045445,60.321739N,24.831318E,63,16.4,57
3634,T,260731,045446,60.321758N,24.831394E,63,16.7,58
3635,T,260731,045447,60.321785N,24.831465E,64,16.7,57
3636,T,260731,045448,60.321808N,24.831535E,64,16.8,56
3637,T,260731,045449,60.321831N,24.831608E,64,16.8,56
3638,T,260731,045450,60.321854N,24.831682E,64,17.0,57
3639,T,260731,045451,60.321877N,24.831757E,64,17.3,57
3640,T,260731,045452,60.321899N,24.831827E,64,17.5,57
3641,T,260731,045453,60.321922N,24.831903E,64,17.8,58
3642,T,260731,045454,60.321945N,24.831984E,64,17.8,59
3643,T,260731,045455,60.321968N,24.832060E,63,17.8,58
3644,T,260731,045456,60.321995N,24.832136E,63,17.9,58
3645,T,260731,045457,60.322021N,24.832214E,63,18.3,58
3646,T,260731,045458,60.322044N,24.832291E,63,17.7,53
3647,T,260731,045459,60.322067N,24.832363E,63,17.8,56
3648,T,260731,045500,60.322086N,24.832439E,63,16.5,57
3649,T,260731,045501,60.322105N,24.832512E,62,14.6,61
3650,T,260731,045502,60.322124N,24.832560E,62,12.9,58
3651,T,260731,045503,60.322151N,24.832577E,62,11.9,52
3652,T,260731,045504,60.322182N,24.832560E,62,13.5,333
3653,T,260731,045505,60.322208N,24.832512E,62,17.0,331
3654,T,260731,045506,60.322239N,24.832447E,61,17.0,329
3655,T,260731,045507,60.322269N,24.832382E,61,18.3,327
3656,T,260731,045508,60.322300N,24.832308E,61,19.2,325
3657,T,260731,045509,60.322330N,24.832233E,61,19.2,324
3658,T,260731,045510,60.322361N,24.832153E,61,19.8,322
3659,T,260731,045511,60.322392N,24.832073E,61,20.2,320
3660,T,260731,045512,60.322418N,24.831989E,61,20.2,319
3661,T,260731,045513,60.322453N,24.831905E,61,20.7,317
3662,T,260731,045514,60.322483N,24.831821E,61,21.0,316
3663,T,260731,045515,60.322521N,24.831736E,61,21.5,315
3664,T,260731,045516,60.322556N,24.831654E,61,22.0,313
3665,T,260731,045517,60.322601N,24.831575E,61,22.4,314
3666,T,260731,045518,60.322643N,24.831497E,61,22.9,314
3667,T,260731,045519,60.322693N,24.831427E,60,23.2,314
3668,T,260731,045520,60.322739N,24.831360E,60,23.6,315
3669,T,260731,045521,60.322792N,24.831297E,60,23.7,316
3670,T,260731,045522,60.322845N,24.831228E,60,23.7,317
3671,T,260731,045523,60.322891N,24.831161E,60,23.8,318
3672,T,260731,045524,60.322941N,24.831097E,60,23.9,319
3673,T,260731,045525,60.322990N,24.831030E,60,24.2,320
3674,T,260731,045526,60.323040N,24.830963E,60,24.2,320
3675,T,260731,045527,60.323093N,24.830898E,60,23.6,321
3676,T,260731,045528,60.323139N,24.830830E,60,24.8,323
3677,T,260731,045529,60.323193N,24.830763E,60,24.7,325
3678,T,260731,045530,60.323242N,24.830690E,60,24.2,325
3679,T,260731,045531,60.323292N,24.830620E,60,24.8,326
3680,T,260731,045532,60.323345N,24.830549E,59,24.9,326
3681,T,260731,045533,60.323395N,24.830482E,59,24.5,326
3682,T,260731,045534,60.323448N,24.830412E,59,25.4,326
3683,T,260731,045535,60.323498N,24.830343E,59,23.6,327
3684,T,260731,045536,60.323547N,24.830282E,59,22.7,327
3685,T,260731,045537,60.323593N,24.830219E,59,23.9,327
3686,T,260731,045538,60.323643N,24.830154E,58,24.9,327
3687,T,260731,045539,60.323700N,24.830088E,58,25.3,328
3688,T,260731,045540,60.323753N,24.830021E,57,26.0,327
3689,T,260731,045541,60.323807N,24.829947E,57,26.4,327
3690,T,260731,045542,60.323864N,24.829872E,56,26.7,326
3691,T,260731,045543,60.323921N,24.829794E,56,26.7,326
3692,T,260731,045544,60.323975N,24.829716E,55,29.1,326
3693,T,260731,045545,60.324036N,24.829636E,54,29.2,327
3694,T,260731,045546,60.324100N,24.829556E,54,29.3,327
3695,T,260731,045547,60.324162N,24.829477E,53,28.0,327
3696,T,260731,045548,60.324223N,24.829393E,52,30.8,328
3697,T,260731,045549,60.324291N,24.829298E,52,33.2,328
3698,T,260731,045550,60.324360N,24.829203E,51,33.2,326
3699,T,260731,045551,60.324432N,24.829102E,50,33.7,326
3700,T,260731,045552,60.324505N,24.829002E,50,34.9,325
3701,T,260731,045553,60.324577N,24.828897E,49,35.4,325
3702,T,260731,045554,60.324654N,24.828798E,48,36.0,325
3703,T,260731,045555,60.324722N,24.828697E,48,34.8,325
3704,T,260731,045556,60.324795N,24.828600E,47,34.7,325
3705,T,260731,045557,60.324860N,24.828501E,47,33.2,325
3706,T,260731,045558,60.324928N,24.828402E,46,32.5,324
3707,T,260731,045559,60.324997N,24.828302E,46,32.6,324
3708,T,260731,045600,60.325062N,24.828199E,45,31.7,322
3709,T,260731,045601,60.325123N,24.828098E,45,31.1,320
3710,T,260731,045602,60.325180N,24.827995E,45,30.5,320
3711,T,260731,045603,60.325241N,24.827896E,45,29.7,318
3712,T,260731,045604,60.325294N,24.827793E,44,29.5,318
3713,T,260731,045605,60.325352N,24.827694E,44,28.9,317
3714,T,260731,045606,60.325405N,24.827597E,44,28.9,318
3715,T,260731,045607,60.325459N,24.827501E,44,28.9,319
3716,T,260731,045608,60.325516N,24.827412E,44,28.8,320
3717,T,260731,045609,60.325573N,24.827324E,44,28.7,322
3718,T,260731,045610,60.325630N,24.827242E,44,28.4,323
3719,T,260731,045611,60.325691N,24.827160E,45,28.7,324
3720,T,260731,045612,60.325752N,24.827085E,44,28.8,325
3721,T,260731,045613,60.325813N,24.827017E,44,28.6,326
3722,T,260731,045614,60.325874N,24.826950E,44,29.0,326
3723,T,260731,045615,60.325943N,24.826883E,44,29.7,327
3724,T,260731,045616,60.326008N,24.826818E,44,29.7,328
3725,T,260731,045617,60.326077N,24.826754E,44,29.6,328
3726,T,260731,045618,60.326145N,24.826696E,44,30.4,339
3727,T,260731,045619,60.326214N,24.826649E,44,30.9,341
3728,T,260731,045620,60.326286N,24.826605E,44,31.0,342
3729,T,260731,045621,60.326359N,24.826563E,44,31.3,343
3730,T,260731,045622,60.326435N,24.826517E,44,31.2,343
3731,T,260731,045623,60.326508N,24.826475E,44,31.1,344
3732,T,260731,045624,60.326580N,24.826431E,44,30.6,343
3733,T,260731,045625,60.326653N,24.826384E,44,30.5,343
3734,T,260731,045626,60.326725N,24.826336E,44,30.5,340
3735,T,260731,045627,60.326797N,24.826281E,43,30.4,339
3736,T,260731,045628,60.326866N,24.826237E,44,31.0,345
3737,T,260731,045629,60.326942N,24.826200E,43,30.4,348
3738,T,260731,045630,60.327019N,24.826170E,43,31.3,348
3739,T,260731,045631,60.327095N,24.826141E,43,32.0,348
3740,T,260731,045632,60.327175N,24.826103E,43,32.1,346
3741,T,260731,045633,60.327251N,24.826069E,43,30.5,345
3742,T,260731,045634,60.327328N,24.826031E,43,30.6,345
3743,T,260731,045635,60.327400N,24.825991E,43,30.5,344
3744,T,260731,045636,60.327473N,24.825947E,43,30.0,343
3745,T,260731,045637,60.327541N,24.825907E,43,29.1,343
3746,T,260731,045638,60.327614N,24.825872E,43,29.0,344
3747,T,260731,045639,60.327682N,24.825838E,43,29.4,345
3748,T,260731,045640,60.327755N,24.825809E,43,29.4,347
3749,T,260731,045641,60.327827N,24.825785E,43,29.3,349
3750,T,260731,045642,60.327900N,24.825762E,42,28.9,350
3751,T,260731,045643,60.327969N,24.825739E,42,28.8,351
3752,T,260731,045644,60.328041N,24.825716E,42,28.4,351
3753,T,260731,045645,60.328114N,24.825699E,42,28.3,352
3754,T,260731,045646,60.328178N,24.825682E,42,28.0,352
3755,T,260731,045647,60.328247N,24.825665E,42,27.8,352
3756,T,260731,045648,60.328320N,24.825645E,42,27.5,353
3757,T,260731,045649,60.328388N,24.825630E,41,27.5,353
3758,T,260731,045650,60.328457N,24.825611E,41,28.0,352
3759,T,260731,045651,60.328529N,24.825594E,41,28.0,352
3760,T,260731,045652,60.328594N,24.825577E,41,28.3,351
3761,T,260731,045653,60.328663N,24.825554E,41,28.4,351
3762,T,260731,045654,60.328735N,24.825535E,41,28.4,351
3763,T,260731,045655,60.328808N,24.825512E,41,28.5,350
3764,T,260731,045656,60.328876N,24.825487E,41,28.2,350
3765,T,260731,045657,60.328949N,24.825464E,40,28.3,350
3766,T,260731,045658,60.329018N,24.825443E,40,28.3,350
3767,T,260731,045659,60.329082N,24.825418E,40,28.4,350
3768,T,260731,045700,60.329155N,24.825396E,40,28.3,349
3769,T,260731,045701,60.329224N,24.825373E,40,28.0,349
3770,T,260731,045702,60.329292N,24.825346E,40,27.9,349
3771,T,260731,045703,60.329361N,24.825321E,40,27.6,349
3772,T,260731,045704,60.329430N,24.825296E,40,27.5,348
3773,T,260731,045705,60.329491N,24.825264E,40,27.3,347
3774,T,260731,045706,60.329559N,24.825226E,40,27.2,345
3775,T,260731,045707,60.329620N,24.825184E,40,27.1,342
3776,T,260731,045708,60.329685N,24.825136E,40,26.6,341
3777,T,260731,045709,60.329742N,24.825085E,40,25.6,339
3778,T,260731,045710,60.329803N,24.825031E,40,25.9,337
3779,T,260731,045711,60.329865N,24.824976E,40,25.8,335
3780,T,260731,045712,60.329922N,24.824917E,40,25.0,333
3781,T,260731,045713,60.329975N,24.824856E,40,25.0,332
3782,T,260731,045714,60.330029N,24.824797E,40,24.0,331
3783,T,260731,045715,60.330078N,24.824734E,40,23.6,329
3784,T,260731,045716,60.330132N,24.824671E,40,23.2,328
3785,T,260731,045717,60.330181N,24.824610E,40,23.2,328
3786,T,260731,045718,60.330231N,24.824553E,40,22.6,328
3787,T,260731,045719,60.330276N,24.824488E,40,22.5,326
3788,T,260731,045720,60.330322N,24.824425E,40,22.5,325
3789,T,260731,045721,60.330372N,24.824352E,40,23.0,324
3790,T,260731,045722,60.330421N,24.824278E,40,22.9,323
3791,T,260731,045723,60.330471N,24.824200E,40,22.6,321
3792,T,260731,045724,60.330517N,24.824121E,41,22.5,320
3793,T,260731,045725,60.330559N,24.824041E,41,22.0,318
3794,T,260731,045726,60.330605N,24.823961E,41,22.4,316
3795,T,260731,045727,60.330643N,24.823875E,41,22.3,315
3796,T,260731,045728,60.330685N,24.823793E,41,22.3,314
3797,T,260731,045729,60.330723N,24.823708E,41,22.3,313
3798,T,260731,045730,60.330765N,24.823626E,42,22.2,313
3799,T,260731,045731,60.330803N,24.823542E,42,22.2,312
3800,T,260731,045732,60.330841N,24.823456E,42,22.2,312
3801,T,260731,045733,60.330879N,24.823370E,42,22.2,311
3802,T,260731,045734,60.330921N,24.823288E,42,22.2,311
3803,T,260731,045735,60.330956N,24.823202E,42,22.2,310
3804,T,260731,045736,60.330994N,24.823112E,42,22.2,308
3805,T,260731,045737,60.331024N,24.823023E,42,22.2,307
3806,T,260731,045738,60.331051N,24.822926E,42,22.6,301
3807,T,260731,045739,60.331081N,24.822824E,42,22.7,297
3808,T,260731,045740,60.331104N,24.822721E,42,22.7,297
3809,T,260731,045741,60.331127N,24.822617E,42,22.8,297
3810,T,260731,045742,60.331154N,24.822512E,42,22.9,296
3811,T,260731,045743,60.331181N,24.822405E,42,23.0,295
3812,T,260731,045744,60.331200N,24.822298E,42,23.1,294
3813,T,260731,045745,60.331223N,24.822189E,43,23.2,293
3814,T,260731,045746,60.331253N,24.822086E,43,23.2,294
3815,T,260731,045747,60.331276N,24.821981E,43,22.6,296
3816,T,260731,045748,60.331303N,24.821877E,43,23.4,297
3817,T,260731,045749,60.331333N,24.821770E,43,23.8,298
3818,T,260731,045750,60.331360N,24.821665E,42,24.1,298
3819,T,260731,045751,60.331387N,24.821556E,42,24.7,298
3820,T,260731,045752,60.331421N,24.821442E,42,25.1,298
3821,T,260731,045753,60.331451N,24.821329E,42,25.2,299
3822,T,260731,045754,60.331490N,24.821220E,42,25.7,300
3823,T,260731,045755,60.331520N,24.821104E,41,26.2,301
3824,T,260731,045756,60.331554N,24.820990E,41,26.3,301
3825,T,260731,045757,60.331593N,24.820877E,41,26.2,302
3826,T,260731,045758,60.331627N,24.820770E,41,26.2,303
3827,T,260731,045759,60.331665N,24.820662E,41,26.2,304
3828,T,260731,045800,60.331703N,24.820557E,41,26.2,306
3829,T,260731,045801,60.331745N,24.820454E,40,26.2,307
3830,T,260731,045802,60.331783N,24.820351E,40,26.2,308
3831,T,260731,045803,60.331829N,24.820248E,40,26.7,310
3832,T,260731,045804,60.331875N,24.820150E,40,27.1,312
3833,T,260731,045805,60.331924N,24.820059E,39,28.3,322
3834,T,260731,045806,60.331985N,24.819975E,38,29.4,325
3835,T,260731,045807,60.332043N,24.819887E,38,30.3,325
3836,T,260731,045808,60.332111N,24.819803E,38,30.9,328
3837,T,260731,045809,60.332176N,24.819721E,37,31.6,329
3838,T,260731,045810,60.332245N,24.819639E,37,31.8,329
3839,T,260731,045811,60.332314N,24.819557E,36,32.3,329
3840,T,260731,045812,60.332382N,24.819473E,36,32.2,329
3841,T,260731,045813,60.332451N,24.819391E,36,31.5,330
3842,T,260731,045814,60.332520N,24.819317E,35,31.6,331
3843,T,260731,045815,60.332592N,24.819242E,35,32.0,333
3844,T,260731,045816,60.332664N,24.819176E,35,32.1,334
3845,T,260731,045817,60.332737N,24.819122E,35,31.2,336
3846,T,260731,045818,60.332809N,24.819080E,34,30.6,337
3847,T,260731,045819,60.332878N,24.819042E,34,29.2,338
3848,T,260731,045820,60.332943N,24.819004E,34,28.4,338
3849,T,260731,045821,60.333012N,24.818968E,33,28.9,339
3850,T,260731,045822,60.333084N,24.818935E,32,29.0,342
3851,T,260731,045823,60.333153N,24.818892E,32,30.5,337
3852,T,260731,045824,60.333221N,24.818823E,32,31.7,327
3853,T,260731,045825,60.333275N,24.818720E,31,30.6,311
3854,T,260731,045826,60.333313N,24.818596E,31,28.8,289
3855,T,260731,045827,60.333328N,24.818457E,30,28.2,275
3856,T,260731,045828,60.333336N,24.818317E,30,27.3,275
3857,T,260731,045829,60.333344N,24.818186E,30,26.0,276
3858,T,260731,045830,60.333351N,24.818060E,30,24.4,275
3859,T,260731,045831,60.333363N,24.817947E,30,22.5,285
3860,T,260731,045832,60.333382N,24.817852E,30,21.0,296
3861,T,260731,045833,60.333412N,24.817770E,30,21.4,316
3862,T,260731,045834,60.333454N,24.817719E,30,21.3,338
3863,T,260731,045835,60.333508N,24.817696E,30,21.4,352
3864,T,260731,045836,60.333561N,24.817701E,30,22.2,6
3865,T,260731,045837,60.333611N,24.817724E,29,21.1,9
3866,T,260731,045838,60.333664N,24.817739E,29,21.1,8
3867,T,260731,045839,60.333721N,24.817759E,29,21.1,8
3868,T,260731,045840,60.333767N,24.817776E,30,20.3,8
3869,T,260731,045841,60.333820N,24.817787E,30,20.0,5
3870,T,260731,045842,60.333874N,24.817797E,31,19.0,5
3871,T,260731,045843,60.333920N,24.817804E,31,18.3,3
3872,T,260731,045844,60.333969N,24.817806E,31,18.3,359
3873,T,260731,045845,60.334011N,24.817804E,31,18.1,358
3874,T,260731,045846,60.334061N,24.817804E,32,18.7,1
3875,T,260731,045847,60.334106N,24.817808E,32,19.4,3
3876,T,260731,045848,60.334156N,24.817814E,33,19.9,1
3877,T,260731,045849,60.334206N,24.817816E,33,19.4,1
3878,T,260731,045850,60.334251N,24.817816E,33,19.8,1
3879,T,260731,045851,60.334305N,24.817820E,33,20.2,2
3880,T,260731,045852,60.334354N,24.817823E,33,20.8,2
3881,T,260731,045853,60.334408N,24.817827E,33,20.8,2
3882,T,260731,045854,60.334461N,24.817835E,33,21.1,3
3883,T,260731,045855,60.334511N,24.817842E,33,21.1,3
3884,T,260731,045856,60.334568N,24.817844E,33,21.6,3
3885,T,260731,045857,60.334621N,24.817850E,33,21.5,3
3886,T,260731,045858,60.334675N,24.817854E,33,21.5,3
3887,T,260731,045859,60.334728N,24.817862E,33,21.5,3
3888,T,260731,045900,60.334785N,24.817869E,33,22.0,4
3889,T,260731,045901,60.334839N,24.817879E,33,21.9,4
3890,T,260731,045902,60.334892N,24.817886E,33,21.8,5
3891,T,260731,045903,60.334949N,24.817896E,33,22.4,4
3892,T,260731,045904,60.334999N,24.817902E,34,22.5,3
3893,T,260731,045905,60.335060N,24.817907E,34,23.1,3
3894,T,260731,045906,60.335117N,24.817917E,34,23.2,2
3895,T,260731,045907,60.335171N,24.817919E,34,23.2,1
3896,T,260731,045908,60.335232N,24.817921E,34,23.2,0
3897,T,260731,045909,60.335289N,24.817921E,35,23.3,0
3898,T,260731,045910,60.335342N,24.817917E,35,22.9,356
3899,T,260731,045911,60.335400N,24.817909E,35,22.8,355
3900,T,260731,045912,60.335457N,24.817900E,36,22.3,354
3901,T,260731,045913,60.335510N,24.817888E,36,22.0,353
3902,T,260731,045914,60.335564N,24.817879E,36,21.9,353
3903,T,260731,045915,60.335617N,24.817867E,36,21.3,354
3904,T,260731,045916,60.335667N,24.817856E,36,21.3,353
3905,T,260731,045917,60.335720N,24.817841E,36,21.9,352
3906,T,260731,045918,60.335773N,24.817822E,36,22.2,351
3907,T,260731,045919,60.335827N,24.817802E,36,22.1,349
3908,T,260731,045920,60.335880N,24.817781E,36,22.0,348
3909,T,260731,045921,60.335938N,24.817760E,36,22.7,347
3910,T,260731,045922,60.335987N,24.817734E,36,22.6,346
3911,T,260731,045923,60.336040N,24.817703E,36,22.7,345
3912,T,260731,045924,60.336098N,24.817677E,36,22.8,344
3913,T,260731,045925,60.336151N,24.817642E,36,22.9,342
3914,T,260731,045926,60.336205N,24.817604E,36,23.6,341
3915,T,260731,045927,60.336262N,24.817564E,36,23.6,340
3916,T,260731,045928,60.336315N,24.817522E,36,23.7,339
3917,T,260731,045929,60.336372N,24.817480E,36,23.6,339
3918,T,260731,045930,60.336430N,24.817440E,35,23.7,339
3919,T,260731,045931,60.336483N,24.817398E,36,24.9,339
3920,T,260731,045932,60.336540N,24.817356E,35,23.4,339
3921,T,260731,045933,60.336594N,24.817316E,35,22.7,338
3922,T,260731,045934,60.336647N,24.817270E,35,23.5,338
3923,T,260731,045935,60.336704N,24.817228E,35,23.1,338
3924,T,260731,045936,60.336761N,24.817188E,35,23.2,339
3925,T,260731,045937,60.336815N,24.817146E,34,24.4,339
3926,T,260731,045938,60.336872N,24.817104E,34,24.5,339
3927,T,260731,045939,60.336929N,24.817062E,34,24.0,339
3928,T,260731,045940,60.336987N,24.817020E,34,23.8,339
3929,T,260731,045941,60.337044N,24.816978E,33,23.8,339
3930,T,260731,045942,60.337101N,24.816936E,33,23.7,339
3931,T,260731,045943,60.337151N,24.816896E,33,23.3,339
3932,T,260731,045944,60.337208N,24.816854E,33,23.3,338
3933,T,260731,045945,60.337265N,24.816813E,33,23.2,339
3934,T,260731,045946,60.337318N,24.816774E,33,23.3,339
3935,T,260731,045947,60.337372N,24.816736E,33,23.2,340
3936,T,260731,045948,60.337429N,24.816696E,33,22.9,340
3937,T,260731,045949,60.337479N,24.816656E,32,22.8,339
3938,T,260731,045950,60.337532N,24.816612E,32,22.9,338
3939,T,260731,045951,60.337589N,24.816570E,32,22.4,337
3940,T,260731,045952,60.337639N,24.816528E,32,22.7,337
3941,T,260731,045953,60.337692N,24.816484E,32,22.8,337
3942,T,260731,045954,60.337746N,24.816444E,32,23.3,338
3943,T,260731,045955,60.337799N,24.816399E,32,23.7,338
3944,T,260731,045956,60.337856N,24.816355E,32,24.2,338
3945,T,260731,045957,60.337914N,24.816307E,32,25.2,337
3946,T,260731,045958,60.337971N,24.816263E,32,25.9,337
3947,T,260731,045959,60.338036N,24.816216E,31,26.8,337
3948,T,260731,050000,60.338097N,24.816164E,31,27.7,338
3949,T,260731,050001,60.338165N,24.816113E,30,29.0,338
3950,T,260731,050002,60.338230N,24.816055E,30,30.6,337
3951,T,260731,050003,60.338303N,24.815996E,30,31.5,337
3952,T,260731,050004,60.338375N,24.815929E,29,32.7,336
3953,T,260731,050005,60.338451N,24.815859E,29,34.0,335
3954,T,260731,050006,60.338531N,24.815784E,28,35.2,334
3955,T,260731,050007,60.338615N,24.815706E,28,36.9,334
3956,T,260731,050008,60.338699N,24.815630E,27,37.4,334
3957,T,260731,050009,60.338787N,24.815554E,27,37.4,335
3958,T,260731,050010,60.338871N,24.815472E,26,38.0,335
3959,T,260731,050011,60.338959N,24.815395E,26,38.1,336
3960,T,260731,050012,60.339046N,24.815327E,26,38.1,338
3961,T,260731,050013,60.339134N,24.815264E,25,36.7,339
3962,T,260731,050014,60.339218N,24.815208E,25,34.2,342
3963,T,260731,050015,60.339298N,24.815163E,25,32.3,344
3964,T,260731,050016,60.339378N,24.815123E,25,31.0,345
3965,T,260731,050017,60.339451N,24.815088E,25,29.7,347
3966,T,260731,050018,60.339523N,24.815060E,25,29.6,348
3967,T,260731,050019,60.339600N,24.815027E,25,29.5,348
3968,T,260731,050020,60.339668N,24.814987E,25,29.6,341
3969,T,260731,050021,60.339741N,24.814943E,25,29.5,341
3970,T,260731,050022,60.339813N,24.814896E,25,30.4,341
3971,T,260731,050023,60.339886N,24.814842E,25,31.1,339
3972,T,260731,050024,60.339951N,24.814787E,24,29.1,339
3973,T,260731,050025,60.340019N,24.814735E,24,30.4,340
3974,T,260731,050026,60.340092N,24.814686E,24,30.1,339
3975,T,260731,050027,60.340160N,24.814644E,24,28.4,340
3976,T,260731,050028,60.340221N,24.814598E,24,28.3,340
3977,T,260731,050029,60.340286N,24.814552E,24,28.9,341
3978,T,260731,050030,60.340355N,24.814505E,24,28.9,341
3979,T,260731,050031,60.340420N,24.814457E,24,28.9,341
3980,T,260731,050032,60.340488N,24.814407E,24,29.5,341
3981,T,260731,050033,60.340557N,24.814363E,24,28.9,341
3982,T,260731,050034,60.340626N,24.814318E,24,29.3,341
3983,T,260731,050035,60.340694N,24.814270E,24,29.4,341
3984,T,260731,050036,60.340763N,24.814220E,24,29.4,340
3985,T,260731,050037,60.340832N,24.814171E,24,29.3,340
3986,T,260731,050038,60.340900N,24.814119E,24,29.2,339
3987,T,260731,050039,60.340969N,24.814066E,24,28.9,339
3988,T,260731,050040,60.341038N,24.814016E,24,28.8,339
3989,T,260731,050041,60.341099N,24.813967E,24,28.5,339
3990,T,260731,050042,60.341167N,24.813917E,24,28.4,339
3991,T,260731,050043,60.341236N,24.813869E,24,28.2,340
3992,T,260731,050044,60.341301N,24.813822E,24,27.7,340
3993,T,260731,050045,60.341366N,24.813772E,24,27.8,339
3994,T,260731,050046,60.341431N,24.813725E,24,27.8,339
3995,T,260731,050047,60.341496N,24.813675E,24,27.7,339
3996,T,260731,050048,60.341560N,24.813623E,24,27.7,339
3997,T,260731,050049,60.341625N,24.813576E,24,27.7,339
3998,T,260731,050050,60.341686N,24.813526E,24,27.7,338
3999,T,260731,050051,60.341751N,24.813477E,24,27.3,338
4000,T,260731,050052,60.341812N,24.813425E,24,26.7,338
4001,T,260731,050053,60.341873N,24.813375E,24,26.4,337
4002,T,260731,050054,60.341930N,24.813326E,24,25.9,337
4003,T,260731,050055,60.341991N,24.813278E,24,25.4,337
4004,T,260731,050056,60.342052N,24.813229E,24,25.3,337
4005,T,260731,050057,60.342113N,24.813177E,25,25.2,337
4006,T,260731,050058,60.342167N,24.813126E,25,25.1,337
4007,T,260731,050059,60.342224N,24.813080E,25,25.0,337
4008,T,260731,050100,60.342285N,24.813036E,25,23.7,338
4009,T,260731,050101,60.342335N,24.812988E,26,23.1,337
4010,T,260731,050102,60.342392N,24.812946E,26,22.0,338
4011,T,260731,050103,60.342442N,24.812912E,26,21.3,339
4012,T,260731,050104,60.342495N,24.812876E,26,22.4,340
4013,T,260731,050105,60.342548N,24.812838E,27,22.9,340
4014,T,260731,050106,60.342602N,24.812796E,27,23.0,339
4015,T,260731,050107,60.342659N,24.812756E,27,23.3,339
4016,T,260731,050108,60.342712N,24.812716E,27,23.3,339
4017,T,260731,050109,60.342770N,24.812675E,27,24.0,340
4018,T,260731,050110,60.342827N,24.812634E,27,26.4,340
4019,T,260731,050111,60.342888N,24.812588E,27,27.2,340
4020,T,260731,050112,60.342953N,24.812544E,26,27.5,340
4021,T,260731,050113,60.343021N,24.812500E,26,27.5,341
4022,T,260731,050114,60.343082N,24.812456E,26,27.5,341
4023,T,260731,050115,60.343147N,24.812414E,26,27.5,341
4024,T,260731,050116,60.343212N,24.812370E,26,27.4,342
4025,T,260731,050117,60.343277N,24.812326E,26,27.3,341
4026,T,260731,050118,60.343342N,24.812284E,25,27.2,341
4027,T,260731,050119,60.343403N,24.812241E,25,27.2,341
4028,T,260731,050120,60.343468N,24.812199E,25,27.1,342
4029,T,260731,050121,60.343533N,24.812157E,25,27.1,342
4030,T,260731,050122,60.343597N,24.812115E,25,27.0,341
4031,T,260731,050123,60.343658N,24.812071E,25,26.9,341
4032,T,260731,050124,60.343723N,24.812023E,25,26.8,341
4033,T,260731,050125,60.343788N,24.811981E,25,26.7,340
4034,T,260731,050126,60.343849N,24.811935E,25,26.6,340
4035,T,260731,050127,60.343910N,24.811893E,25,26.3,341
4036,T,260731,050128,60.343971N,24.811850E,25,26.2,341
4037,T,260731,050129,60.344036N,24.811804E,25,26.0,341
4038,T,260731,050130,60.344097N,24.811762E,25,25.7,341
4039,T,260731,050131,60.344154N,24.811722E,25,25.3,341
4040,T,260731,050132,60.344215N,24.811680E,25,25.2,341
4041,T,260731,050133,60.344273N,24.811642E,25,25.2,341
4042,T,260731,050134,60.344334N,24.811604E,25,25.2,341
4043,T,260731,050135,60.344391N,24.811563E,25,25.2,341
4044,T,260731,050136,60.344452N,24.811523E,25,25.2,341
4045,T,260731,050137,60.344513N,24.811483E,25,25.2,341
4046,T,260731,050138,60.344570N,24.811443E,25,25.3,342
4047,T,260731,050139,60.344631N,24.811407E,25,25.4,342
4048,T,260731,050140,60.344692N,24.811373E,25,25.4,343
4049,T,260731,050141,60.344757N,24.811335E,25,25.4,343
4050,T,260731,050142,60.344814N,24.811296E,25,25.3,343
4051,T,260731,050143,60.344875N,24.811260E,25,25.2,343
4052,T,260731,050144,60.344936N,24.811224E,25,24.9,343
4053,T,260731,050145,60.344997N,24.811186E,25,24.9,343
4054,T,260731,050146,60.345055N,24.811153E,25,25.0,344
4055,T,260731,050147,60.345116N,24.811119E,25,25.1,344
4056,T,260731,050148,60.345177N,24.811085E,25,25.1,345
4057,T,260731,050149,60.345238N,24.811054E,25,25.2,345
4058,T,260731,050150,60.345299N,24.811020E,25,25.2,345
4059,T,260731,050151,60.345360N,24.810986E,25,25.3,345
4060,T,260731,050152,60.345421N,24.810953E,25,25.4,345
4061,T,260731,050153,60.345486N,24.810921E,25,25.5,345
4062,T,260731,050154,60.345543N,24.810888E,25,25.6,345
4063,T,260731,050155,60.345608N,24.810856E,25,25.6,345
4064,T,260731,050156,60.345673N,24.810823E,26,25.6,345
4065,T,260731,050157,60.345734N,24.810795E,26,25.6,345
4066,T,260731,050158,60.345791N,24.810764E,26,25.6,345
4067,T,260731,050159,60.345856N,24.810732E,26,25.6,345
4068,T,260731,050200,60.345921N,24.810701E,26,25.6,346
4069,T,260731,050201,60.345985N,24.810673E,26,25.3,346
4070,T,260731,050202,60.346046N,24.810644E,26,25.2,347
4071,T,260731,050203,60.346107N,24.810616E,26,25.2,347
4072,T,260731,050204,60.346169N,24.810589E,26,25.1,347
4073,T,260731,050205,60.346233N,24.810558E,26,24.7,346
4074,T,260731,050206,60.346291N,24.810528E,26,24.5,347
4075,T,260731,050207,60.346352N,24.810501E,26,24.6,347
4076,T,260731,050208,60.346413N,24.810478E,26,23.8,348
4077,T,260731,050209,60.346474N,24.810450E,26,24.6,347
4078,T,260731,050210,60.346527N,24.810419E,26,24.9,347
4079,T,260731,050211,60.346592N,24.810394E,26,25.0,347
4080,T,260731,050212,60.346657N,24.810366E,26,25.6,347
4081,T,260731,050213,60.346718N,24.810341E,27,25.2,347
4082,T,260731,050214,60.346775N,24.810316E,27,24.5,348
4083,T,260731,050215,60.346836N,24.810293E,27,24.6,347
4084,T,260731,050216,60.346897N,24.810266E,27,24.6,347
4085,T,260731,050217,60.346954N,24.810246E,27,24.1,348
4086,T,260731,050218,60.347015N,24.810223E,27,24.7,348
4087,T,260731,050219,60.347076N,24.810196E,27,24.7,348
4088,T,260731,050220,60.347141N,24.810175E,27,24.8,349
4089,T,260731,050221,60.347198N,24.810150E,27,24.8,349
4090,T,260731,050222,60.347263N,24.810125E,27,24.9,349
4091,T,260731,050223,60.347324N,24.810104E,28,24.9,349
4092,T,260731,050224,60.347389N,24.810080E,28,25.0,349
4093,T,260731,050225,60.347446N,24.810057E,28,25.0,349
4094,T,260731,050226,60.347507N,24.810036E,27,24.9,349
4095,T,260731,050227,60.347569N,24.810015E,28,24.9,349
4096,T,260731,050228,60.347633N,24.809990E,28,25.4,349
4097,T,260731,050229,60.347687N,24.809963E,27,24.8,349
4098,T,260731,050230,60.347752N,24.809942E,28,24.9,348
4099,T,260731,050231,60.347809N,24.809916E,28,24.8,348
4100,T,260731,050232,60.347870N,24.809895E,28,24.8,347
4101,T,260731,050233,60.347927N,24.809866E,28,24.9,348
4102,T,260731,050234,60.347992N,24.809843E,28,25.7,347
4103,T,260731,050235,60.348053N,24.809813E,28,25.0,346
4104,T,260731,050236,60.348110N,24.809780E,28,25.5,345
4105,T,260731,050237,60.348175N,24.809744E,28,25.9,344
4106,T,260731,050238,60.348240N,24.809711E,28,25.1,343
4107,T,260731,050239,60.348301N,24.809675E,28,25.5,343
4108,T,260731,050240,60.348358N,24.809635E,28,26.3,343
4109,T,260731,050241,60.348423N,24.809601E,28,26.7,343
4110,T,260731,050242,60.348488N,24.809566E,28,26.2,344
4111,T,260731,050243,60.348553N,24.809536E,28,26.3,345
4112,T,260731,050244,60.348618N,24.809504E,28,27.2,346
4113,T,260731,050245,60.348682N,24.809475E,28,27.2,347
4114,T,260731,050246,60.348747N,24.809444E,28,26.5,347
4115,T,260731,050247,60.348812N,24.809418E,28,25.7,348
4116,T,260731,050248,60.348873N,24.809387E,28,26.0,348
4117,T,260731,050249,60.348934N,24.809361E,28,26.1,348
4118,T,260731,050250,60.348991N,24.809334E,28,23.7,348
4119,T,260731,050251,60.349049N,24.809315E,27,24.5,349
4120,T,260731,050252,60.349110N,24.809290E,27,24.5,346
4121,T,260731,050253,60.349163N,24.809263E,27,24.3,347
4122,T,260731,050254,60.349224N,24.809238E,26,24.4,348
4123,T,260731,050255,60.349285N,24.809214E,26,25.2,348
4124,T,260731,050256,60.349342N,24.809187E,26,25.8,348
4125,T,260731,050257,60.349403N,24.809160E,26,25.1,347
4126,T,260731,050258,60.349468N,24.809134E,26,25.1,348
4127,T,260731,050259,60.349525N,24.809105E,25,24.6,347
4128,T,260731,050300,60.349583N,24.809076E,25,24.5,346
4129,T,260731,050301,60.349640N,24.809046E,25,24.4,346
4130,T,260731,050302,60.349697N,24.809015E,25,24.4,346
4131,T,260731,050303,60.349754N,24.808987E,25,24.4,346
4132,T,260731,050304,60.349812N,24.808958E,24,24.5,346
4133,T,260731,050305,60.349873N,24.808928E,24,24.5,346
4134,T,260731,050306,60.349934N,24.808899E,24,24.6,346
4135,T,260731,050307,60.349991N,24.808867E,24,24.7,345
4136,T,260731,050308,60.350052N,24.808834E,24,24.8,345
4137,T,260731,050309,60.350113N,24.808796E,24,25.1,344
4138,T,260731,050310,60.350170N,24.808758E,24,25.1,343
4139,T,260731,050311,60.350231N,24.808720E,24,25.1,341
4140,T,260731,050312,60.350288N,24.808680E,24,25.1,341
4141,T,260731,050313,60.350353N,24.808641E,24,25.0,341
4142,T,260731,050314,60.350407N,24.808603E,24,25.0,341
4143,T,260731,050315,60.350468N,24.808561E,24,25.0,341
4144,T,260731,050316,60.350529N,24.808521E,24,24.9,341
4145,T,260731,050317,60.350582N,24.808479E,24,24.9,341
4146,T,260731,050318,60.350643N,24.808439E,24,24.8,341
4147,T,260731,050319,60.350700N,24.808399E,24,24.7,341
4148,T,260731,050320,60.350761N,24.808359E,24,24.7,341
4149,T,260731,050321,60.350819N,24.808319E,24,24.7,341
4150,T,260731,050322,60.350876N,24.808275E,24,24.7,340
4151,T,260731,050323,60.350933N,24.808235E,24,24.6,341
4152,T,260731,050324,60.350990N,24.808201E,24,24.5,341
4153,T,260731,050325,60.351048N,24.808163E,24,24.2,341
4154,T,260731,050326,60.351109N,24.808123E,24,24.1,341
4155,T,260731,050327,60.351166N,24.808084E,24,24.0,341
4156,T,260731,050328,60.351219N,24.808044E,24,23.7,341
4157,T,260731,050329,60.351276N,24.808010E,24,23.6,342
4158,T,260731,050330,60.351334N,24.807976E,24,23.5,342
4159,T,260731,050331,60.351387N,24.807936E,24,23.4,341
4160,T,260731,050332,60.351440N,24.807899E,24,23.5,341
4161,T,260731,050333,60.351501N,24.807865E,24,23.5,341
4162,T,260731,050334,60.351555N,24.807831E,24,23.5,341
4163,T,260731,050335,60.351608N,24.807793E,25,23.5,341
4164,T,260731,050336,60.351669N,24.807756E,25,23.4,341
4165,T,260731,050337,60.351719N,24.807716E,25,23.4,341
4166,T,260731,050338,60.351776N,24.807678E,25,23.4,341
4167,T,260731,050339,60.351833N,24.807640E,25,23.4,341
4168,T,260731,050340,60.351887N,24.807602E,25,23.5,341
4169,T,260731,050341,60.351940N,24.807564E,25,23.5,341
4170,T,260731,050342,60.351997N,24.807524E,25,23.6,341
4171,T,260731,050343,60.352051N,24.807487E,25,23.6,341
4172,T,260731,050344,60.352108N,24.807449E,25,23.7,341
4173,T,260731,050345,60.352165N,24.807413E,25,23.7,341
4174,T,260731,050346,60.352219N,24.807377E,25,23.8,341
4175,T,260731,050347,60.352276N,24.807337E,25,23.8,341
4176,T,260731,050348,60.352333N,24.807297E,25,23.9,340
4177,T,260731,050349,60.352386N,24.807259E,25,23.9,341
4178,T,260731,050350,60.352444N,24.807222E,25,23.9,341
4179,T,260731,050351,60.352501N,24.807184E,25,23.8,341
4180,T,260731,050352,60.352558N,24.807146E,25,23.8,341
4181,T,260731,050353,60.352615N,24.807108E,25,23.7,341
4182,T,260731,050354,60.352673N,24.807070E,25,23.6,341
4183,T,260731,050355,60.352730N,24.807034E,25,23.5,342
4184,T,260731,050356,60.352783N,24.806997E,25,23.5,342
4185,T,260731,050357,60.352840N,24.806965E,25,23.5,343
4186,T,260731,050358,60.352898N,24.806931E,25,23.6,343
4187,T,260731,050359,60.352955N,24.806898E,25,23.6,343
4188,T,260731,050400,60.353012N,24.806862E,25,23.7,343
4189,T,260731,050401,60.353069N,24.806822E,26,23.7,341
4190,T,260731,050402,60.353119N,24.806776E,26,23.7,339
4191,T,260731,050403,60.353176N,24.806728E,26,24.0,337
4192,T,260731,050404,60.353233N,24.806679E,26,24.4,336
4193,T,260731,050405,60.353283N,24.806637E,26,24.0,336
4194,T,260731,050406,60.353340N,24.806599E,26,24.4,337
4195,T,260731,050407,60.353401N,24.806566E,26,24.5,337
4196,T,260731,050408,60.353458N,24.806540E,26,24.6,338
4197,T,260731,050409,60.353519N,24.806517E,26,24.2,339
4198,T,260731,050410,60.353577N,24.806490E,26,24.3,339
4199,T,260731,050411,60.353642N,24.806463E,26,25.0,340
4200,T,260731,050412,60.353699N,24.806437E,26,25.0,341
4201,T,260731,050413,60.353760N,24.806412E,26,25.1,341
4202,T,260731,050414,60.353825N,24.806396E,26,25.1,355
4203,T,260731,050415,60.353889N,24.806396E,26,24.5,358
4204,T,260731,050416,60.353951N,24.806395E,26,25.7,359
4205,T,260731,050417,60.354012N,24.806398E,27,25.3,3
4206,T,260731,050418,60.354073N,24.806408E,27,24.0,6
4207,T,260731,050419,60.354134N,24.806416E,27,23.5,3
4208,T,260731,050420,60.354191N,24.806417E,27,23.9,1
4209,T,260731,050421,60.354256N,24.806417E,27,23.9,359
4210,T,260731,050422,60.354317N,24.806414E,27,23.9,359
4211,T,260731,050423,60.354378N,24.806412E,27,23.9,359
4212,T,260731,050424,60.354435N,24.806410E,27,23.8,359
4213,T,260731,050425,60.354496N,24.806410E,28,23.4,0
4214,T,260731,050426,60.354553N,24.806414E,28,23.0,2
4215,T,260731,050427,60.354610N,24.806419E,28,22.9,3
4216,T,260731,050428,60.354668N,24.806425E,28,22.4,4
4217,T,260731,050429,60.354725N,24.806433E,28,24.4,2
4218,T,260731,050430,60.354782N,24.806440E,28,23.8,4
4219,T,260731,050431,60.354843N,24.806454E,29,24.6,5
4220,T,260731,050432,60.354904N,24.806463E,29,23.4,5
4221,T,260731,050433,60.354965N,24.806477E,29,23.5,6
4222,T,260731,050434,60.355022N,24.806492E,29,23.8,6
4223,T,260731,050435,60.355087N,24.806505E,29,24.1,6
4224,T,260731,050436,60.355152N,24.806519E,29,24.2,5
4225,T,260731,050437,60.355213N,24.806526E,29,24.8,4
4226,T,260731,050438,60.355274N,24.806536E,29,24.7,4
4227,T,260731,050439,60.355339N,24.806543E,29,24.2,3
4228,T,260731,050440,60.355400N,24.806555E,29,23.7,3
4229,T,260731,050441,60.355457N,24.806562E,29,23.2,4
4230,T,260731,050442,60.355511N,24.806572E,29,22.9,5
4231,T,260731,050443,60.355568N,24.806581E,29,22.9,5
4232,T,260731,050444,60.355625N,24.806595E,29,23.9,6
4233,T,260731,050445,60.355682N,24.806612E,29,24.0,8
4234,T,260731,050446,60.355740N,24.806635E,29,23.7,9
4235,T,260731,050447,60.355801N,24.806654E,30,23.2,10
4236,T,260731,050448,60.355858N,24.806673E,30,23.2,10
4237,T,260731,050449,60.355911N,24.806694E,30,23.2,11
4238,T,260731,050450,60.355968N,24.806711E,30,22.5,10
4239,T,260731,050451,60.356026N,24.806728E,30,22.5,9
4240,T,260731,050452,60.356079N,24.806749E,30,22.9,13
4241,T,260731,050453,60.356133N,24.806772E,30,21.8,11
4242,T,260731,050454,60.356182N,24.806784E,29,21.9,8
4243,T,260731,050455,60.356239N,24.806803E,30,21.9,8
4244,T,260731,050456,60.356293N,24.806816E,30,21.8,7
4245,T,260731,050457,60.356346N,24.806833E,30,21.9,8
4246,T,260731,050458,60.356400N,24.806852E,30,20.6,8
4247,T,260731,050459,60.356453N,24.806866E,30,21.3,8
4248,T,260731,050500,60.356503N,24.806883E,30,21.8,8
4249,T,260731,050501,60.356556N,24.806896E,30,20.6,8
4250,T,260731,050502,60.356609N,24.806911E,30,20.9,8
4251,T,260731,050503,60.356659N,24.806927E,30,21.1,7
4252,T,260731,050504,60.356716N,24.806940E,30,21.2,7
4253,T,260731,050505,60.356770N,24.806950E,30,21.2,6
4254,T,260731,050506,60.356819N,24.806965E,30,21.2,6
4255,T,260731,050507,60.356876N,24.806976E,30,21.2,5
4256,T,260731,050508,60.356930N,24.806984E,31,21.2,5
4257,T,260731,050509,60.356979N,24.806995E,31,20.7,5
4258,T,260731,050510,60.357033N,24.807007E,31,21.1,5
4259,T,260731,050511,60.357086N,24.807016E,31,21.0,5
4260,T,260731,050512,60.357143N,24.807026E,32,21.3,5
4261,T,260731,050513,60.357201N,24.807035E,32,21.2,4
4262,T,260731,050514,60.357250N,24.807043E,32,21.2,4
4263,T,260731,050515,60.357304N,24.807055E,32,21.2,4
4264,T,260731,050516,60.357357N,24.807064E,32,21.2,4
4265,T,260731,050517,60.357407N,24.807072E,33,21.2,4
4266,T,260731,050518,60.357464N,24.807079E,33,21.2,4
4267,T,260731,050519,60.357517N,24.807087E,33,21.2,3
4268,T,260731,050520,60.357567N,24.807093E,33,21.2,3
4269,T,260731,050521,60.357624N,24.807098E,33,21.2,2
4270,T,260731,050522,60.357677N,24.807104E,33,21.1,3
4271,T,260731,050523,60.357727N,24.807114E,33,21.0,3
4272,T,260731,050524,60.357780N,24.807117E,34,20.9,2
4273,T,260731,050525,60.357834N,24.807121E,34,20.5,3
4274,T,260731,050526,60.357883N,24.807131E,34,20.2,3
4275,T,260731,050527,60.357933N,24.807137E,34,20.1,2
4276,T,260731,050528,60.357983N,24.807137E,34,20.6,2
4277,T,260731,050529,60.358036N,24.807140E,35,20.2,2
4278,T,260731,050530,60.358089N,24.807144E,35,20.1,2
4279,T,260731,050531,60.358139N,24.807148E,35,20.5,2
4280,T,260731,050532,60.358192N,24.807152E,35,20.7,2
4281,T,260731,050533,60.358246N,24.807154E,35,20.6,1
4282,T,260731,050534,60.358292N,24.807158E,35,20.3,1
4283,T,260731,050535,60.358345N,24.807163E,35,20.1,2
4284,T,260731,050536,60.358391N,24.807171E,35,19.7,2
4285,T,260731,050537,60.358444N,24.807167E,35,20.2,2
4286,T,260731,050538,60.358498N,24.807167E,35,20.3,1
4287,T,260731,050539,60.358547N,24.807171E,35,20.3,0
4288,T,260731,050540,60.358604N,24.807171E,36,20.5,0
4289,T,260731,050541,60.358658N,24.807177E,37,20.5,1
4290,T,260731,050542,60.358707N,24.807177E,37,20.5,1
4291,T,260731,050543,60.358761N,24.807177E,37,20.5,359
4292,T,260731,050544,60.358807N,24.807177E,37,20.4,1
4293,T,260731,050545,60.358860N,24.807178E,37,20.3,359
4294,T,260731,050546,60.358910N,24.807177E,37,20.0,0
4295,T,260731,050547,60.358959N,24.807178E,38,20.0,359
4296,T,260731,050548,60.359009N,24.807178E,38,20.1,359
4297,T,260731,050549,60.359058N,24.807178E,38,20.1,0
4298,T,260731,050550,60.359112N,24.807177E,38,20.2,358
4299,T,260731,050551,60.359161N,24.807175E,38,20.2,358
4300,T,260731,050552,60.359211N,24.807167E,39,20.5,358
4301,T,260731,050553,60.359264N,24.807165E,39,20.4,359
4302,T,260731,050554,60.359318N,24.807163E,39,20.5,358
4303,T,260731,050555,60.359367N,24.807159E,40,20.5,358
4304,T,260731,050556,60.359417N,24.807156E,40,20.0,358
4305,T,260731,050557,60.359463N,24.807154E,40,20.0,357
4306,T,260731,050558,60.359516N,24.807152E,40,20.0,0
4307,T,260731,050559,60.359566N,24.807152E,40,19.6,357
4308,T,260731,050600,60.359612N,24.807144E,40,19.7,357
4309,T,260731,050601,60.359661N,24.807142E,39,19.7,357
4310,T,260731,050602,60.359711N,24.807137E,39,19.7,357
4311,T,260731,050603,60.359760N,24.807135E,39,19.7,357
4312,T,260731,050604,60.359810N,24.807125E,39,19.7,357
4313,T,260731,050605,60.359856N,24.807121E,39,19.7,357
4314,T,260731,050606,60.359905N,24.807116E,39,19.3,357
4315,T,260731,050607,60.359951N,24.807110E,39,20.1,357
4316,T,260731,050608,60.360004N,24.807104E,39,20.0,356
4317,T,260731,050609,60.360046N,24.807098E,39,19.8,356
4318,T,260731,050610,60.360100N,24.807096E,39,19.2,356
4319,T,260731,050611,60.360146N,24.807093E,40,19.2,356
4320,T,260731,050612,60.360191N,24.807083E,40,19.7,356
4321,T,260731,050613,60.360241N,24.807076E,40,19.2,355
4322,T,260731,050614,60.360287N,24.807068E,40,18.1,355
4323,T,260731,050615,60.360329N,24.807064E,40,17.2,355
4324,T,260731,050616,60.360367N,24.807058E,40,16.7,356
4325,T,260731,050617,60.360413N,24.807056E,40,16.1,357
4326,T,260731,050618,60.360447N,24.807053E,40,15.2,356
4327,T,260731,050619,60.360485N,24.807049E,40,12.8,357
4328,T,260731,050620,60.360512N,24.807053E,40,8.6,15
4329,T,260731,050621,60.360527N,24.807055E,41,6.2,351
4330,T,260731,050622,60.360538N,24.807053E,41,0.0,351
4331,T,260731,050623,60.360538N,24.807051E,41,0.0,351
4332,T,260731,050624,60.360535N,24.807049E,41,0.0,351
4333,T,260731,050625,60.360535N,24.807049E,41,0.0,351
4334,T,260731,050626,60.360535N,24.807049E,41,0.0,351
4335,T,260731,050627,60.360535N,24.807049E,41,0.0,351
4336,T,260731,050628,60.360535N,24.807049E,41,0.0,351
4337,T,260731,050629,60.360535N,24.807049E,41,0.0,351
4338,T,260731,050630,60.360535N,24.807049E,41,0.0,351
4339,T,260731,050631,60.360535N,24.807049E,41,0.0,351
4340,T,260731,050632,60.360535N,24.807049E,41,0.0,351
4341,T,260731,050633,60.360535N,24.807049E,41,0.0,351
4342,T,260731,050634,60.360535N,24.807049E,41,0.0,351
4343,T,260731,050635,60.360535N,24.807049E,41,0.0,351
4344,T,260731,050636,60.360535N,24.807049E,41,0.0,351
4345,T,260731,050637,60.360535N,24.807049E,41,0.0,351
4346,T,260731,050638,60.360535N,24.807049E,41,0.0,351
4347,T,260731,050639,60.360535N,24.807049E,41,0.0,351
4348,T,260731,050640,60.360535N,24.807049E,41,0.0,351
4349,T,260731,050641,60.360535N,24.807049E,41,0.0,351
4350,T,260731,050642,60.360535N,24.807049E,41,0.0,351
4351,T,260731,050643,60.360535N,24.807049E,41,0.0,351
4352,T,260731,050644,60.360535N,24.807049E,41,0.0,351
4353,T,260731,050645,60.360531N,24.807049E,41,0.0,351
4354,T,260731,050646,60.360531N,24.807049E,41,0.0,351
4355,T,260731,050647,60.360531N,24.807049E,41,0.0,351
4356,T,260731,050648,60.360531N,24.807049E,41,0.0,351
4357,T,260731,050649,60.360531N,24.807049E,41,0.0,351
4358,T,260731,050650,60.360531N,24.807049E,41,0.0,351
4359,T,260731,050651,60.360531N,24.807049E,41,0.0,351
4360,T,260731,050652,60.360531N,24.807049E,41,0.0,351
4361,T,260731,050653,60.360531N,24.807049E,41,0.0,351
4362,T,260731,050654,60.360531N,24.807049E,41,0.0,351
4363,T,260731,050655,60.360531N,24.807049E,41,0.0,351
4364,T,260731,050656,60.360531N,24.807049E,41,0.0,351
4365,T,260731,050657,60.360531N,24.807051E,41,0.0,351
4366,T,260731,050658,60.360531N,24.807051E,41,0.0,351
4367,T,260731,050659,60.360531N,24.807051E,41,0.0,351
4368,T,260731,050700,60.360531N,24.807049E,41,0.0,351
4369,T,260731,050701,60.360531N,24.807049E,41,0.0,351
4370,T,260731,050702,60.360531N,24.807049E,41,0.0,351
4371,T,260731,050703,60.360531N,24.807049E,41,0.0,351
4372,T,260731,050704,60.360531N,24.807049E,41,0.0,351
4373,T,260731,050705,60.360531N,24.807049E,41,0.0,351
4374,T,260731,050706,60.360531N,24.807049E,41,0.0,351
4375,T,260731,050707,60.360531N,24.807049E,41,0.0,351
4376,T,260731,050708,60.360531N,24.807049E,41,0.0,351
4377,T,260731,050709,60.360531N,24.807051E,41,0.0,351
4378,T,260731,050710,60.360531N,24.807051E,41,0.0,351
4379,T,260731,050711,60.360535N,24.807049E,41,0.0,351
4380,T,260731,050712,60.360531N,24.807058E,41,0.0,351
4381,T,260731,050713,60.360531N,24.807058E,41,0.0,351
4382,T,260731,050714,60.360531N,24.807060E,41,0.0,351
4383,T,260731,050715,60.360531N,24.807060E,41,0.0,351
4384,T,260731,050716,60.360531N,24.807060E,41,0.0,351
4385,T,260731,050717,60.360531N,24.807060E,41,0.0,351
4386,T,260731,050718,60.360531N,24.807060E,41,0.0,351
4387,T,260731,050719,60.360531N,24.807060E,41,0.0,351
4388,T,260731,050720,60.360531N,24.807060E,41,0.0,351
4389,T,260731,050721,60.360531N,24.807060E,41,0.0,351
4390,T,260731,050722,60.360531N,24.807060E,41,0.0,351
4391,T,260731,050723,60.360531N,24.807060E,41,0.0,351
4392,T,260731,050724,60.360531N,24.807060E,41,0.0,351
4393,T,260731,050725,60.360531N,24.807060E,41,0.0,351
4394,T,260731,050726,60.360531N,24.807060E,41,0.0,351
4395,T,260731,050727,60.360531N,24.807058E,41,0.0,351
4396,T,260731,050728,60.360531N,24.807058E,41,0.0,351
4397,T,260731,050729,60.360531N,24.807058E,41,0.0,351
4398,T,260731,050730,60.360531N,24.807058E,41,0.0,351
4399,T,260731,050731,60.360531N,24.807060E,41,0.0,351
4400,T,260731,050732,60.360531N,24.807060E,41,0.0,351
4401,T,260731,050733,60.360531N,24.807060E,41,0.0,351
4402,T,260731,050734,60.360531N,24.807060E,41,0.0,351
4403,T,260731,050735,60.360531N,24.807060E,41,0.0,351
4404,T,260731,050736,60.360531N,24.807060E,41,0.0,351
4405,T,260731,050737,60.360531N,24.807060E,41,0.0,351
4406,T,260731,050738,60.360531N,24.807060E,41,0.0,351
4407,T,260731,050739,60.360531N,24.807060E,41,0.0,351
4408,T,260731,050740,60.360531N,24.807060E,41,0.0,351
4409,T,260731,050741,60.360531N,24.807055E,41,0.0,351
4410,T,260731,050742,60.360535N,24.807053E,41,3.8,351
4411,T,260731,050743,60.360546N,24.807043E,41,5.3,342
4412,T,260731,050744,60.360561N,24.807037E,41,4.8,343
4413,T,260731,050745,60.360573N,24.807035E,41,4.0,10
4414,T,260731,050746,60.360580N,24.807035E,41,4.4,347
4415,T,260731,050747,60.360596N,24.807039E,40,7.6,25
4416,T,260731,050748,60.360615N,24.807064E,40,11.9,26
4417,T,260731,050749,60.360641N,24.807096E,40,11.3,27
4418,T,260731,050750,60.360664N,24.807137E,40,12.9,28
4419,T,260731,050751,60.360691N,24.807177E,41,14.1,29
4420,T,260731,050752,60.360725N,24.807217E,41,15.6,26
4421,T,260731,050753,60.360767N,24.807243E,41,18.7,27
4422,T,260731,050754,60.360813N,24.807261E,41,18.0,25
4423,T,260731,050755,60.360855N,24.807261E,41,19.2,359
4424,T,260731,050756,60.360909N,24.807257E,41,19.8,357
4425,T,260731,050757,60.360950N,24.807243E,41,19.5,351
4426,T,260731,050758,60.361000N,24.807228E,41,19.8,351
4427,T,260731,050759,60.361053N,24.807217E,41,19.8,352
4428,T,260731,050800,60.361099N,24.807203E,41,19.9,353
4429,T,260731,050801,60.361153N,24.807194E,42,19.8,354
4430,T,260731,050802,60.361198N,24.807182E,42,19.9,353
4431,T,260731,050803,60.361248N,24.807167E,42,19.9,354
4432,T,260731,050804,60.361301N,24.807156E,42,19.9,353
4433,T,260731,050805,60.361351N,24.807144E,42,20.2,353
4434,T,260731,050806,60.361401N,24.807133E,42,20.7,353
4435,T,260731,050807,60.361458N,24.807123E,42,21.2,354
4436,T,260731,050808,60.361507N,24.807114E,42,21.3,354
4437,T,260731,050809,60.361561N,24.807100E,43,21.7,353
4438,T,260731,050810,60.361614N,24.807089E,43,21.7,354
4439,T,260731,050811,60.361671N,24.807077E,43,21.7,353
4440,T,260731,050812,60.361725N,24.807066E,43,21.2,353
4441,T,260731,050813,60.361774N,24.807056E,43,21.2,353
4442,T,260731,050814,60.361828N,24.807043E,43,21.2,353
4443,T,260731,050815,60.361881N,24.807030E,43,21.2,352
4444,T,260731,050816,60.361931N,24.807016E,44,21.2,353
4445,T,260731,050817,60.361984N,24.807005E,44,21.4,353
4446,T,260731,050818,60.362038N,24.806995E,44,21.4,353
4447,T,260731,050819,60.362087N,24.806984E,44,21.4,353
4448,T,260731,050820,60.362141N,24.806973E,44,21.5,353
4449,T,260731,050821,60.362198N,24.806961E,44,21.4,353
4450,T,260731,050822,60.362247N,24.806950E,44,21.4,353
4451,T,260731,050823,60.362301N,24.806936E,44,21.4,353
4452,T,260731,050824,60.362354N,24.806925E,45,21.4,353
4453,T,260731,050825,60.362408N,24.806910E,45,21.4,353
4454,T,260731,050826,60.362461N,24.806896E,45,21.3,352
4455,T,260731,050827,60.362511N,24.806885E,45,21.3,353
4456,T,260731,050828,60.362568N,24.806871E,45,21.2,353
4457,T,260731,050829,60.362621N,24.806860E,45,21.2,353
4458,T,260731,050830,60.362671N,24.806849E,45,21.2,353
4459,T,260731,050831,60.362724N,24.806835E,45,21.2,353
4460,T,260731,050832,60.362778N,24.806824E,46,20.9,353
4461,T,260731,050833,60.362827N,24.806816E,46,20.8,353
4462,T,260731,050834,60.362881N,24.806803E,46,20.8,353
4463,T,260731,050835,60.362926N,24.806789E,46,20.8,353
4464,T,260731,050836,60.362980N,24.806778E,46,20.9,353
4465,T,260731,050837,60.363033N,24.806765E,46,20.9,353
4466,T,260731,050838,60.363087N,24.806755E,46,21.0,353
4467,T,260731,050839,60.363140N,24.806744E,46,21.3,353
4468,T,260731,050840,60.363194N,24.806732E,46,21.4,353
4469,T,260731,050841,60.363247N,24.806721E,47,21.3,353
4470,T,260731,050842,60.363300N,24.806707E,47,21.3,353
4471,T,260731,050843,60.363358N,24.806696E,47,21.3,353
4472,T,260731,050844,60.363407N,24.806684E,47,21.2,353
4473,T,260731,050845,60.363461N,24.806669E,47,21.1,353
4474,T,260731,050846,60.363510N,24.806656E,47,20.7,353
4475,T,260731,050847,60.363564N,24.806644E,47,20.7,353
4476,T,260731,050848,60.363617N,24.806629E,47,20.7,353
4477,T,260731,050849,60.363667N,24.806618E,47,20.6,353
4478,T,260731,050850,60.363720N,24.806606E,47,20.6,354
4479,T,260731,050851,60.363773N,24.806597E,47,20.7,353
4480,T,260731,050852,60.363823N,24.806581E,47,20.7,353
4481,T,260731,050853,60.363876N,24.806570E,47,20.8,353
4482,T,260731,050854,60.363930N,24.806559E,47,20.9,353
4483,T,260731,050855,60.363979N,24.806543E,47,21.0,353
4484,T,260731,050856,60.364033N,24.806532E,47,21.1,353
4485,T,260731,050857,60.364082N,24.806520E,47,21.2,353
4486,T,260731,050858,60.364140N,24.806511E,47,21.2,353
4487,T,260731,050859,60.364193N,24.806498E,47,21.3,353
4488,T,260731,050900,60.364243N,24.806488E,47,21.2,354
4489,T,260731,050901,60.364296N,24.806477E,47,21.2,353
4490,T,260731,050902,60.364349N,24.806463E,47,21.3,354
4491,T,260731,050903,60.364399N,24.806456E,47,21.3,354
4492,T,260731,050904,60.364456N,24.806444E,47,21.4,353
4493,T,260731,050905,60.364510N,24.806429E,47,21.4,353
4494,T,260731,050906,60.364559N,24.806414E,47,21.8,353
4495,T,260731,050907,60.364616N,24.806402E,47,21.9,353
4496,T,260731,050908,60.364674N,24.806391E,47,22.2,353
4497,T,260731,050909,60.364723N,24.806376E,47,22.2,353
4498,T,260731,050910,60.364780N,24.806364E,47,22.2,353
4499,T,260731,050911,60.364838N,24.806351E,47,22.3,353
4500,T,260731,050912,60.364887N,24.806337E,47,22.6,353
4501,T,260731,050913,60.364948N,24.806324E,47,22.7,353
4502,T,260731,050914,60.365005N,24.806316E,47,23.2,353
4503,T,260731,050915,60.365063N,24.806301E,47,23.3,353
4504,T,260731,050916,60.365124N,24.806288E,47,23.6,353
4505,T,260731,050917,60.365181N,24.806278E,47,23.7,353
4506,T,260731,050918,60.365238N,24.806267E,47,23.7,353
4507,T,260731,050919,60.365299N,24.806252E,47,23.8,353
4508,T,260731,050920,60.365360N,24.806236E,47,23.9,353
4509,T,260731,050921,60.365421N,24.806223E,47,23.9,353
4510,T,260731,050922,60.365479N,24.806208E,47,24.0,353
4511,T,260731,050923,60.365540N,24.806196E,47,24.1,353
4512,T,260731,050924,60.365601N,24.806177E,47,24.2,353
4513,T,260731,050925,60.365662N,24.806162E,47,24.2,353
4514,T,260731,050926,60.365719N,24.806149E,47,24.3,353
4515,T,260731,050927,60.365780N,24.806135E,46,24.3,353
4516,T,260731,050928,60.365841N,24.806120E,46,24.3,353
4517,T,260731,050929,60.365906N,24.806105E,46,24.4,352
4518,T,260731,050930,60.365963N,24.806087E,46,24.5,353
4519,T,260731,050931,60.366024N,24.806076E,46,24.7,353
4520,T,260731,050932,60.366089N,24.806065E,46,24.8,353
4521,T,260731,050933,60.366154N,24.806047E,46,24.9,353
4522,T,260731,050934,60.366211N,24.806032E,46,25.3,353
4523,T,260731,050935,60.366276N,24.806017E,46,25.4,353
4524,T,260731,050936,60.366341N,24.806002E,45,25.5,353
4525,T,260731,050937,60.366405N,24.805984E,45,25.6,353
4526,T,260731,050938,60.366467N,24.805967E,45,26.1,353
4527,T,260731,050939,60.366531N,24.805954E,45,26.1,353
4528,T,260731,050940,60.366600N,24.805939E,45,26.5,353
4529,T,260731,050941,60.366665N,24.805922E,45,26.6,353
4530,T,260731,050942,60.366734N,24.805906E,44,26.7,353
4531,T,260731,050943,60.366798N,24.805889E,44,27.1,353
4532,T,260731,050944,60.366863N,24.805876E,44,27.0,353
4533,T,260731,050945,60.366932N,24.805862E,44,26.9,353
4534,T,260731,050946,60.367001N,24.805843E,43,26.7,353
4535,T,260731,050947,60.367065N,24.805830E,43,26.7,353
4536,T,260731,050948,60.367130N,24.805817E,43,26.7,353
4537,T,260731,050949,60.367199N,24.805801E,43,26.7,354
4538,T,260731,050950,60.367264N,24.805788E,43,26.7,354
4539,T,260731,050951,60.367332N,24.805777E,42,26.7,354
4540,T,260731,050952,60.367401N,24.805763E,42,26.8,354
4541,T,260731,050953,60.367470N,24.805750E,42,26.9,354
4542,T,260731,050954,60.367535N,24.805737E,42,27.2,354
4543,T,260731,050955,60.367603N,24.805721E,42,27.3,354
4544,T,260731,050956,60.367672N,24.805708E,41,27.7,354
4545,T,260731,050957,60.367741N,24.805696E,41,27.9,354
4546,T,260731,050958,60.367813N,24.805683E,41,28.2,354
4547,T,260731,050959,60.367886N,24.805672E,41,28.6,355
4548,T,260731,051000,60.367954N,24.805660E,40,28.7,355
4549,T,260731,051001,60.368027N,24.805647E,40,29.1,355
4550,T,260731,051002,60.368099N,24.805635E,40,29.2,355
4551,T,260731,051003,60.368176N,24.805622E,40,29.6,355
4552,T,260731,051004,60.368252N,24.805611E,39,30.0,355
4553,T,260731,051005,60.368328N,24.805597E,39,30.4,355
4554,T,260731,051006,60.368404N,24.805586E,39,30.9,356
4555,T,260731,051007,60.368484N,24.805576E,39,31.3,356
4556,T,260731,051008,60.368561N,24.805565E,38,31.6,356
4557,T,260731,051009,60.368641N,24.805553E,38,31.6,356
4558,T,260731,051010,60.368721N,24.805544E,38,31.7,356
4559,T,260731,051011,60.368801N,24.805536E,37,32.1,356
4560,T,260731,051012,60.368881N,24.805527E,37,32.1,356
4561,T,260731,051013,60.368961N,24.805517E,37,32.2,356
4562,T,260731,051014,60.369041N,24.805510E,37,32.2,356
4563,T,260731,051015,60.369122N,24.805504E,37,31.8,357
4564,T,260731,051016,60.369198N,24.805502E,36,30.5,357
4565,T,260731,051017,60.369270N,24.805500E,36,30.4,358
4566,T,260731,051018,60.369347N,24.805496E,36,30.3,358
4567,T,260731,051019,60.369423N,24.805496E,36,29.4,358
4568,T,260731,051020,60.369499N,24.805494E,36,29.3,358
4569,T,260731,051021,60.369572N,24.805487E,36,29.2,358
4570,T,260731,051022,60.369644N,24.805479E,35,29.8,357
4571,T,260731,051023,60.369720N,24.805471E,35,29.9,357
4572,T,260731,051024,60.369797N,24.805464E,35,30.7,357
4573,T,260731,051025,60.369877N,24.805460E,34,31.1,357
4574,T,260731,051026,60.369953N,24.805460E,34,31.1,358
4575,T,260731,051027,60.370033N,24.805458E,34,31.1,358
4576,T,260731,051028,60.370110N,24.805458E,34,31.0,359
4577,T,260731,051029,60.370186N,24.805460E,34,30.7,359
4578,T,260731,051030,60.370258N,24.805462E,34,30.1,0
4579,T,260731,051031,60.370335N,24.805462E,34,29.4,0
4580,T,260731,051032,60.370407N,24.805464E,34,29.1,0
4581,T,260731,051033,60.370480N,24.805466E,35,28.8,359
4582,T,260731,051034,60.370552N,24.805471E,36,28.3,359
4583,T,260731,051035,60.370625N,24.805471E,36,28.2,0
4584,T,260731,051036,60.370693N,24.805473E,36,27.6,0
4585,T,260731,051037,60.370762N,24.805473E,36,27.1,359
4586,T,260731,051038,60.370827N,24.805473E,36,26.3,359
4587,T,260731,051039,60.370895N,24.805473E,36,25.8,0
4588,T,260731,051040,60.370960N,24.805473E,36,25.1,0
4589,T,260731,051041,60.371021N,24.805475E,37,24.5,359
4590,T,260731,051042,60.371078N,24.805473E,37,23.7,359
4591,T,260731,051043,60.371140N,24.805475E,37,23.2,0
4592,T,260731,051044,60.371197N,24.805475E,37,22.7,0
4593,T,260731,051045,60.371250N,24.805477E,38,22.4,0
4594,T,260731,051046,60.371307N,24.805479E,38,22.4,1
4595,T,260731,051047,60.371361N,24.805479E,38,22.0,1
4596,T,260731,051048,60.371414N,24.805485E,38,22.1,1
4597,T,260731,051049,60.371471N,24.805487E,38,21.8,2
4598,T,260731,051050,60.371525N,24.805489E,38,21.7,1
4599,T,260731,051051,60.371578N,24.805489E,39,21.4,1
4600,T,260731,051052,60.371632N,24.805490E,39,21.0,1
4601,T,260731,051053,60.371685N,24.805496E,39,20.6,2
4602,T,260731,051054,60.371735N,24.805500E,39,20.5,2
4603,T,260731,051055,60.371788N,24.805504E,40,20.4,3
4604,T,260731,051056,60.371838N,24.805511E,40,20.1,2
4605,T,260731,051057,60.371887N,24.805517E,40,20.0,3
4606,T,260731,051058,60.371937N,24.805525E,40,19.9,3
4607,T,260731,051059,60.371983N,24.805531E,40,19.8,3
4608,T,260731,051100,60.372032N,24.805538E,41,19.8,3
4609,T,260731,051101,60.372086N,24.805544E,41,19.8,3
4610,T,260731,051102,60.372131N,24.805548E,41,19.7,2
4611,T,260731,051103,60.372181N,24.805553E,41,19.7,3
4612,T,260731,051104,60.372231N,24.805559E,41,20.0,3
4613,T,260731,051105,60.372280N,24.805567E,41,19.8,4
4614,T,260731,051106,60.372330N,24.805574E,42,19.9,4
4615,T,260731,051107,60.372379N,24.805582E,42,20.2,4
4616,T,260731,051108,60.372429N,24.805590E,42,19.0,4
4617,T,260731,051109,60.372475N,24.805595E,43,19.6,4
4618,T,260731,051110,60.372524N,24.805605E,43,19.5,4
4619,T,260731,051111,60.372574N,24.805611E,43,19.2,3
4620,T,260731,051112,60.372620N,24.805616E,43,19.3,3
4621,T,260731,051113,60.372669N,24.805624E,44,19.6,3
4622,T,260731,051114,60.372715N,24.805634E,44,19.6,3
4623,T,260731,051115,60.372768N,24.805643E,44,20.3,4
4624,T,260731,051116,60.372814N,24.805653E,44,19.6,5
4625,T,260731,051117,60.372864N,24.805662E,44,19.6,5
4626,T,260731,051118,60.372910N,24.805664E,44,19.3,4
4627,T,260731,051119,60.372959N,24.805670E,44,19.4,4
4628,T,260731,051120,60.373009N,24.805676E,45,19.3,4
4629,T,260731,051121,60.373055N,24.805681E,45,19.4,4
4630,T,260731,051122,60.373104N,24.805689E,45,19.5,4
4631,T,260731,051123,60.373158N,24.805698E,45,19.5,5
4632,T,260731,051124,60.373207N,24.805708E,45,19.5,5
4633,T,260731,051125,60.373257N,24.805716E,45,19.5,5
4634,T,260731,051126,60.373302N,24.805719E,46,19.5,3
4635,T,260731,051127,60.373352N,24.805729E,46,20.1,3
4636,T,260731,051128,60.373405N,24.805737E,46,20.6,3
4637,T,260731,051129,60.373455N,24.805744E,46,21.3,4
4638,T,260731,051130,60.373508N,24.805754E,46,20.4,4
4639,T,260731,051131,60.373562N,24.805763E,47,20.3,4
4640,T,260731,051132,60.373608N,24.805775E,47,20.6,4
4641,T,260731,051133,60.373661N,24.805784E,47,20.2,4
4642,T,260731,051134,60.373711N,24.805792E,47,20.6,4
4643,T,260731,051135,60.373760N,24.805799E,46,20.3,4
4644,T,260731,051136,60.373810N,24.805811E,47,19.8,4
4645,T,260731,051137,60.373859N,24.805820E,47,19.4,5
4646,T,260731,051138,60.373913N,24.805830E,47,20.2,5
4647,T,260731,051139,60.373962N,24.805840E,47,20.6,5
4648,T,260731,051140,60.374012N,24.805847E,47,19.9,5
4649,T,260731,051141,60.374065N,24.805857E,47,19.9,5
4650,T,260731,051142,60.374111N,24.805866E,47,20.0,5
4651,T,260731,051143,60.374161N,24.805876E,48,20.1,5
4652,T,260731,051144,60.374210N,24.805882E,48,20.6,4
4653,T,260731,051145,60.374268N,24.805887E,48,20.7,3
4654,T,260731,051146,60.374317N,24.805893E,48,19.7,3
4655,T,260731,051147,60.374367N,24.805899E,48,20.4,3
4656,T,260731,051148,60.374420N,24.805904E,49,19.9,3
4657,T,260731,051149,60.374481N,24.805908E,49,20.7,3
4658,T,260731,051150,60.374531N,24.805914E,48,20.6,4
4659,T,260731,051151,60.374580N,24.805918E,48,20.9,4
4660,T,260731,051152,60.374626N,24.805918E,48,20.9,4
4661,T,260731,051153,60.374680N,24.805923E,49,20.5,5
4662,T,260731,051154,60.374729N,24.805937E,49,20.5,5
4663,T,260731,051155,60.374783N,24.805952E,48,20.9,7
4664,T,260731,051156,60.374840N,24.805967E,48,21.8,8
4665,T,260731,051157,60.374901N,24.805983E,49,22.5,8
4666,T,260731,051158,60.374950N,24.805992E,49,21.6,7
4667,T,260731,051159,60.375008N,24.806002E,49,21.6,5
4668,T,260731,051200,60.375069N,24.806009E,49,22.5,4
4669,T,260731,051201,60.375126N,24.806017E,49,22.5,3
4670,T,260731,051202,60.375179N,24.806028E,50,21.9,3
4671,T,260731,051203,60.375237N,24.806038E,50,22.8,3
4672,T,260731,051204,60.375286N,24.806047E,50,22.7,3
4673,T,260731,051205,60.375347N,24.806055E,50,22.5,4
4674,T,260731,051206,60.375401N,24.806068E,50,21.8,5
4675,T,260731,051207,60.375458N,24.806078E,51,22.1,5
4676,T,260731,051208,60.375515N,24.806087E,51,23.2,5
4677,T,260731,051209,60.375572N,24.806101E,51,23.3,5
4678,T,260731,051210,60.375633N,24.806112E,50,23.2,5
4679,T,260731,051211,60.375687N,24.806124E,50,23.2,5
4680,T,260731,051212,60.375748N,24.806133E,50,23.8,5
4681,T,260731,051213,60.375805N,24.806143E,50,23.9,5
4682,T,260731,051214,60.375862N,24.806152E,50,23.9,5
4683,T,260731,051215,60.375927N,24.806162E,50,24.6,4
4684,T,260731,051216,60.375988N,24.806173E,50,25.0,4
4685,T,260731,051217,60.376049N,24.806185E,50,23.1,5
4686,T,260731,051218,60.376114N,24.806194E,51,24.0,5
4687,T,260731,051219,60.376171N,24.806204E,51,23.6,5
4688,T,260731,051220,60.376240N,24.806211E,51,25.1,4
4689,T,260731,051221,60.376308N,24.806227E,51,25.2,4
4690,T,260731,051222,60.376377N,24.806246E,51,25.2,4
4691,T,260731,051223,60.376438N,24.806261E,52,24.9,4
4692,T,260731,051224,60.376507N,24.806278E,51,26.6,5
4693,T,260731,051225,60.376575N,24.806297E,51,26.0,5
4694,T,260731,051226,60.376644N,24.806316E,51,27.2,4
4695,T,260731,051227,60.376717N,24.806332E,51,27.2,4
4696,T,260731,051228,60.376781N,24.806347E,50,26.5,5
4697,T,260731,051229,60.376846N,24.806360E,51,26.5,4
4698,T,260731,051230,60.376919N,24.806370E,50,26.8,5
4699,T,260731,051231,60.376984N,24.806381E,50,26.7,5
4700,T,260731,051232,60.377052N,24.806393E,51,25.7,4
4701,T,260731,051233,60.377121N,24.806404E,51,26.9,4
4702,T,260731,051234,60.377186N,24.806416E,51,26.3,4
4703,T,260731,051235,60.377247N,24.806429E,51,25.5,4
4704,T,260731,051236,60.377312N,24.806442E,50,25.0,5
4705,T,260731,051237,60.377377N,24.806454E,50,25.5,5
4706,T,260731,051238,60.377441N,24.806463E,50,25.0,5
4707,T,260731,051239,60.377502N,24.806479E,50,25.0,5
4708,T,260731,051240,60.377567N,24.806490E,49,25.4,5
4709,T,260731,051241,60.377632N,24.806503E,49,24.1,6
4710,T,260731,051242,60.377697N,24.806517E,48,24.6,6
4711,T,260731,051243,60.377762N,24.806530E,48,24.5,6
4712,T,260731,051244,60.377819N,24.806541E,48,24.1,5
4713,T,260731,051245,60.377880N,24.806553E,48,24.0,5
4714,T,260731,051246,60.377941N,24.806564E,47,24.0,5
4715,T,260731,051247,60.377998N,24.806576E,47,23.7,5
4716,T,260731,051248,60.378059N,24.806585E,48,23.7,5
4717,T,260731,051249,60.378120N,24.806599E,47,22.9,5
4718,T,260731,051250,60.378181N,24.806608E,47,23.4,4
4719,T,260731,051251,60.378239N,24.806620E,47,22.7,4
4720,T,260731,051252,60.378300N,24.806627E,47,22.3,4
4721,T,260731,051253,60.378361N,24.806637E,47,22.2,4
4722,T,260731,051254,60.378414N,24.806648E,47,21.9,5
4723,T,260731,051255,60.378471N,24.806658E,48,22.3,5
4724,T,260731,051256,60.378529N,24.806669E,48,22.3,5
4725,T,260731,051257,60.378586N,24.806681E,48,22.3,5
4726,T,260731,051258,60.378639N,24.806690E,47,22.2,4
4727,T,260731,051259,60.378696N,24.806698E,48,22.3,4
4728,T,260731,051300,60.378750N,24.806709E,48,21.8,4
4729,T,260731,051301,60.378803N,24.806721E,48,21.9,4
4730,T,260731,051302,60.378853N,24.806734E,48,21.4,4
4731,T,260731,051303,60.378906N,24.806744E,48,21.3,4
4732,T,260731,051304,60.378960N,24.806751E,48,21.7,4
4733,T,260731,051305,60.379017N,24.806765E,48,22.0,4
4734,T,260731,051306,60.379070N,24.806776E,48,21.2,5
4735,T,260731,051307,60.379124N,24.806786E,48,21.2,5
4736,T,260731,051308,60.379177N,24.806801E,48,21.3,6
4737,T,260731,051309,60.379227N,24.806810E,48,21.0,5
4738,T,260731,051310,60.379280N,24.806820E,48,20.9,5
4739,T,260731,051311,60.379330N,24.806829E,49,21.0,5
4740,T,260731,051312,60.379379N,24.806841E,49,20.9,5
4741,T,260731,051313,60.379433N,24.806852E,49,21.0,5
4742,T,260731,051314,60.379482N,24.806862E,49,21.3,5
4743,T,260731,051315,60.379536N,24.806870E,50,21.4,5
4744,T,260731,051316,60.379589N,24.806881E,50,21.0,5
4745,T,260731,051317,60.379639N,24.806890E,50,20.9,4
4746,T,260731,051318,60.379692N,24.806900E,51,20.9,5
4747,T,260731,051319,60.379749N,24.806911E,51,20.9,5
4748,T,260731,051320,60.379799N,24.806923E,51,20.9,5
4749,T,260731,051321,60.379848N,24.806932E,51,20.9,5
4750,T,260731,051322,60.379906N,24.806942E,51,20.6,5
4751,T,260731,051323,60.379955N,24.806950E,51,20.7,5
4752,T,260731,051324,60.380009N,24.806957E,51,20.5,5
4753,T,260731,051325,60.380058N,24.806965E,51,20.2,5
4754,T,260731,051326,60.380108N,24.806971E,51,19.8,5
4755,T,260731,051327,60.380161N,24.806978E,51,20.4,5
4756,T,260731,051328,60.380207N,24.806986E,51,20.6,5
4757,T,260731,051329,60.380260N,24.806995E,51,20.7,5
4758,T,260731,051330,60.380318N,24.807005E,51,20.6,5
4759,T,260731,051331,60.380363N,24.807014E,51,20.5,5
4760,T,260731,051332,60.380417N,24.807024E,52,20.5,5
4761,T,260731,051333,60.380466N,24.807034E,51,20.4,5
4762,T,260731,051334,60.380520N,24.807043E,52,20.4,5
4763,T,260731,051335,60.380573N,24.807056E,52,20.4,5
4764,T,260731,051336,60.380623N,24.807064E,52,20.4,5
4765,T,260731,051337,60.380676N,24.807074E,52,20.4,5
4766,T,260731,051338,60.380730N,24.807083E,52,20.4,5
4767,T,260731,051339,60.380779N,24.807096E,52,20.4,5
4768,T,260731,051340,60.380829N,24.807104E,52,20.3,5
4769,T,260731,051341,60.380878N,24.807114E,52,20.3,5
4770,T,260731,051342,60.380928N,24.807125E,52,19.9,6
4771,T,260731,051343,60.380978N,24.807138E,52,19.9,6
4772,T,260731,051344,60.381023N,24.807152E,52,20.0,7
4773,T,260731,051345,60.381077N,24.807171E,52,20.1,9
4774,T,260731,051346,60.381123N,24.807190E,52,20.1,9
4775,T,260731,051347,60.381172N,24.807207E,52,20.6,10
4776,T,260731,051348,60.381226N,24.807226E,52,20.6,10
4777,T,260731,051349,60.381275N,24.807243E,52,20.2,9
4778,T,260731,051350,60.381329N,24.807261E,53,20.2,9
4779,T,260731,051351,60.381374N,24.807274E,53,20.3,7
4780,T,260731,051352,60.381428N,24.807285E,53,20.3,7
4781,T,260731,051353,60.381477N,24.807299E,53,20.5,6
4782,T,260731,051354,60.381527N,24.807312E,53,20.5,6
4783,T,260731,051355,60.381580N,24.807323E,53,20.5,6
4784,T,260731,051356,60.381634N,24.807337E,53,20.5,6
4785,T,260731,051357,60.381680N,24.807344E,53,20.5,6
4786,T,260731,051358,60.381729N,24.807356E,53,20.5,6
4787,T,260731,051359,60.381779N,24.807365E,53,20.9,6
4788,T,260731,051400,60.381832N,24.807377E,53,20.1,5
4789,T,260731,051401,60.381882N,24.807384E,53,20.2,4
4790,T,260731,051402,60.381931N,24.807394E,53,20.2,5
4791,T,260731,051403,60.381981N,24.807405E,53,20.6,5
4792,T,260731,051404,60.382030N,24.807419E,54,20.3,5
4793,T,260731,051405,60.382080N,24.807428E,54,20.3,6
4794,T,260731,051406,60.382130N,24.807442E,54,20.5,5
4795,T,260731,051407,60.382179N,24.807449E,54,20.5,5
4796,T,260731,051408,60.382229N,24.807461E,54,20.5,4
4797,T,260731,051409,60.382278N,24.807467E,55,20.5,4
4798,T,260731,051410,60.382328N,24.807476E,55,20.5,4
4799,T,260731,051411,60.382381N,24.807486E,55,20.5,5
4800,T,260731,051412,60.382431N,24.807495E,55,20.4,4
4801,T,260731,051413,60.382481N,24.807505E,55,20.3,4
4802,T,260731,051414,60.382530N,24.807516E,56,20.3,5
4803,T,260731,051415,60.382584N,24.807524E,56,20.3,5
4804,T,260731,051416,60.382637N,24.807533E,56,20.6,5
4805,T,260731,051417,60.382687N,24.807543E,56,20.6,5
4806,T,260731,051418,60.382740N,24.807552E,56,20.7,5
4807,T,260731,051419,60.382793N,24.807562E,56,20.8,4
4808,T,260731,051420,60.382843N,24.807570E,56,21.2,4
4809,T,260731,051421,60.382900N,24.807583E,56,21.2,5
4810,T,260731,051422,60.382954N,24.807592E,56,21.3,5
4811,T,260731,051423,60.383003N,24.807602E,56,21.4,4
4812,T,260731,051424,60.383060N,24.807610E,57,21.4,4
4813,T,260731,051425,60.383118N,24.807623E,57,21.4,4
4814,T,260731,051426,60.383167N,24.807634E,57,21.4,4
4815,T,260731,051427,60.383221N,24.807644E,57,21.5,4
4816,T,260731,051428,60.383278N,24.807652E,57,21.5,4
4817,T,260731,051429,60.383327N,24.807657E,57,21.5,3
4818,T,260731,051430,60.383385N,24.807665E,57,21.5,2
4819,T,260731,051431,60.383434N,24.807669E,57,21.5,359
4820,T,260731,051432,60.383488N,24.807671E,57,21.4,0
4821,T,260731,051433,60.383541N,24.807671E,57,21.4,0
4822,T,260731,051434,60.383595N,24.807669E,57,21.4,359
4823,T,260731,051435,60.383648N,24.807669E,57,21.4,3
4824,T,260731,051436,60.383705N,24.807676E,57,21.3,5
4825,T,260731,051437,60.383755N,24.807684E,57,21.3,5
4826,T,260731,051438,60.383812N,24.807692E,57,21.3,5
4827,T,260731,051439,60.383865N,24.807699E,57,21.6,4
4828,T,260731,051440,60.383919N,24.807707E,57,21.7,4
4829,T,260731,051441,60.383976N,24.807716E,57,21.8,4
4830,T,260731,051442,60.384033N,24.807722E,57,21.8,4
4831,T,260731,051443,60.384083N,24.807726E,57,21.9,4
4832,T,260731,051444,60.384140N,24.807735E,57,22.2,4
4833,T,260731,051445,60.384197N,24.807749E,57,22.4,5
4834,T,260731,051446,60.384247N,24.807764E,57,22.7,6
4835,T,260731,051447,60.384308N,24.807772E,57,23.0,6
4836,T,260731,051448,60.384365N,24.807783E,56,22.7,7
4837,T,260731,051449,60.384418N,24.807795E,56,23.5,6
4838,T,260731,051450,60.384480N,24.807804E,56,24.4,5
4839,T,260731,051451,60.384544N,24.807814E,56,24.0,5
4840,T,260731,051452,60.384602N,24.807821E,55,23.8,5
4841,T,260731,051453,60.384659N,24.807833E,55,23.9,4
4842,T,260731,051454,60.384720N,24.807844E,55,24.3,5
4843,T,260731,051455,60.384785N,24.807858E,55,24.2,5
4844,T,260731,051456,60.384838N,24.807867E,55,23.9,5
4845,T,260731,051457,60.384899N,24.807880E,54,24.6,5
4846,T,260731,051458,60.384960N,24.807890E,54,24.1,5
4847,T,260731,051459,60.385025N,24.807903E,54,24.8,5
4848,T,260731,051500,60.385082N,24.807917E,54,24.5,5
4849,T,260731,051501,60.385143N,24.807924E,53,24.6,5
4850,T,260731,051502,60.385208N,24.807936E,53,24.6,5
4851,T,260731,051503,60.385269N,24.807945E,53,24.5,4
4852,T,260731,051504,60.385326N,24.807961E,53,24.0,5
4853,T,260731,051505,60.385387N,24.807976E,53,23.2,6
4854,T,260731,051506,60.385448N,24.807995E,53,24.1,7
4855,T,260731,051507,60.385509N,24.808004E,52,24.2,6
4856,T,260731,051508,60.385567N,24.808016E,52,24.2,5
4857,T,260731,051509,60.385628N,24.808025E,52,24.2,5
4858,T,260731,051510,60.385685N,24.808043E,52,24.3,5
4859,T,260731,051511,60.385750N,24.808058E,51,24.7,6
4860,T,260731,051512,60.385807N,24.808075E,51,24.2,7
4861,T,260731,051513,60.385868N,24.808088E,51,25.0,6
4862,T,260731,051514,60.385933N,24.808102E,51,25.7,6
4863,T,260731,051515,60.385998N,24.808117E,51,25.8,5
4864,T,260731,051516,60.386059N,24.808126E,51,26.3,5
4865,T,260731,051517,60.386127N,24.808140E,51,26.4,5
4866,T,260731,051518,60.386192N,24.808155E,51,26.7,5
4867,T,260731,051519,60.386257N,24.808174E,51,27.0,6
4868,T,260731,051520,60.386318N,24.808187E,51,26.9,6
4869,T,260731,051521,60.386387N,24.808205E,51,27.0,6
4870,T,260731,051522,60.386456N,24.808218E,51,27.1,6
4871,T,260731,051523,60.386524N,24.808235E,51,27.6,6
4872,T,260731,051524,60.386593N,24.808254E,51,27.6,7
4873,T,260731,051525,60.386665N,24.808268E,50,29.1,6
4874,T,260731,051526,60.386742N,24.808285E,50,29.0,6
4875,T,260731,051527,60.386814N,24.808296E,50,29.1,5
4876,T,260731,051528,60.386887N,24.808310E,49,28.6,5
4877,T,260731,051529,60.386959N,24.808331E,49,28.6,6
4878,T,260731,051530,60.387032N,24.808348E,49,29.1,7
4879,T,260731,051531,60.387104N,24.808371E,49,29.0,8
4880,T,260731,051532,60.387173N,24.808386E,48,29.0,7
4881,T,260731,051533,60.387245N,24.808399E,48,28.3,7
4882,T,260731,051534,60.387318N,24.808416E,48,28.2,7
4883,T,260731,051535,60.387386N,24.808432E,48,28.2,6
4884,T,260731,051536,60.387455N,24.808451E,48,28.8,6
4885,T,260731,051537,60.387527N,24.808472E,47,28.8,7
4886,T,260731,051538,60.387604N,24.808496E,47,28.9,7
4887,T,260731,051539,60.387676N,24.808516E,47,28.8,8
4888,T,260731,051540,60.387749N,24.808540E,46,28.3,8
4889,T,260731,051541,60.387821N,24.808561E,46,28.8,8
4890,T,260731,051542,60.387894N,24.808584E,46,28.9,8
4891,T,260731,051543,60.387962N,24.808605E,46,28.3,9
4892,T,260731,051544,60.388035N,24.808628E,45,28.2,9
4893,T,260731,051545,60.388107N,24.808653E,45,28.2,9
4894,T,260731,051546,60.388180N,24.808676E,45,29.0,9
4895,T,260731,051547,60.388252N,24.808699E,45,29.9,9
4896,T,260731,051548,60.388329N,24.808725E,45,30.2,10
4897,T,260731,051549,60.388401N,24.808752E,44,29.9,10
4898,T,260731,051550,60.388477N,24.808777E,44,29.6,10
4899,T,260731,051551,60.388554N,24.808798E,44,29.9,9
4900,T,260731,051552,60.388622N,24.808825E,43,29.9,9
4901,T,260731,051553,60.388695N,24.808853E,43,29.8,9
4902,T,260731,051554,60.388771N,24.808878E,43,29.8,10
4903,T,260731,051555,60.388844N,24.808907E,42,29.8,10
4904,T,260731,051556,60.388920N,24.808931E,42,30.6,10
4905,T,260731,051557,60.388996N,24.808956E,42,30.5,10
4906,T,260731,051558,60.389072N,24.808989E,42,31.1,11
4907,T,260731,051559,60.389145N,24.809025E,42,31.4,11
4908,T,260731,051600,60.389225N,24.809055E,41,32.2,11
4909,T,260731,051601,60.389305N,24.809090E,41,33.0,11
4910,T,260731,051602,60.389389N,24.809126E,40,33.1,11
4911,T,260731,051603,60.389469N,24.809164E,40,33.7,11
4912,T,260731,051604,60.389553N,24.809204E,40,34.3,12
4913,T,260731,051605,60.389637N,24.809240E,39,34.4,12
4914,T,260731,051606,60.389721N,24.809277E,39,34.5,12
4915,T,260731,051607,60.389805N,24.809313E,39,34.2,12
4916,T,260731,051608,60.389889N,24.809347E,39,33.6,12
4917,T,260731,051609,60.389969N,24.809383E,39,32.6,12
4918,T,260731,051610,60.390049N,24.809422E,38,32.2,12
4919,T,260731,051611,60.390125N,24.809456E,38,31.6,12
4920,T,260731,051612,60.390205N,24.809488E,38,31.1,12
4921,T,260731,051613,60.390282N,24.809526E,38,30.7,13
4922,T,260731,051614,60.390350N,24.809565E,38,30.0,14
4923,T,260731,051615,60.390423N,24.809601E,38,29.4,14
4924,T,260731,051616,60.390495N,24.809635E,38,28.9,14
4925,T,260731,051617,60.390568N,24.809671E,38,28.2,14
4926,T,260731,051618,60.390636N,24.809704E,38,27.7,14
4927,T,260731,051619,60.390701N,24.809740E,38,27.6,14
4928,T,260731,051620,60.390766N,24.809774E,38,27.5,14
4929,T,260731,051621,60.390835N,24.809809E,38,27.4,14
4930,T,260731,051622,60.390903N,24.809843E,38,27.2,14
4931,T,260731,051623,60.390968N,24.809877E,38,27.1,14
4932,T,260731,051624,60.391033N,24.809916E,38,26.7,15
4933,T,260731,051625,60.391094N,24.809952E,38,26.3,15
4934,T,260731,051626,60.391159N,24.809984E,38,26.2,15
4935,T,260731,051627,60.391224N,24.810022E,38,26.1,15
4936,T,260731,051628,60.391285N,24.810059E,38,26.0,15
4937,T,260731,051629,60.391350N,24.810097E,38,26.0,15
4938,T,260731,051630,60.391407N,24.810135E,38,26.0,15
4939,T,260731,051631,60.391472N,24.810167E,38,25.9,16
4940,T,260731,051632,60.391537N,24.810204E,38,25.5,16
4941,T,260731,051633,60.391598N,24.810242E,38,25.0,15
4942,T,260731,051634,60.391655N,24.810276E,38,24.5,15
4943,T,260731,051635,60.391716N,24.810308E,38,24.1,16
4944,T,260731,051636,60.391773N,24.810343E,38,23.6,15
4945,T,260731,051637,60.391827N,24.810375E,38,23.2,16
4946,T,260731,051638,60.391884N,24.810406E,39,23.1,16
4947,T,260731,051639,60.391941N,24.810440E,39,23.0,16
4948,T,260731,051640,60.391994N,24.810472E,39,23.0,16
4949,T,260731,051641,60.392048N,24.810505E,39,23.0,16
4950,T,260731,051642,60.392109N,24.810539E,39,23.5,17
4951,T,260731,051643,60.392162N,24.810575E,39,23.6,17
4952,T,260731,051644,60.392220N,24.810612E,39,23.7,17
4953,T,260731,051645,60.392277N,24.810650E,39,24.0,18
4954,T,260731,051646,60.392338N,24.810688E,39,24.1,18
4955,T,260731,051647,60.392391N,24.810724E,39,24.2,18
4956,T,260731,051648,60.392452N,24.810762E,39,24.6,17
4957,T,260731,051649,60.392513N,24.810801E,39,24.9,18
4958,T,260731,051650,60.392567N,24.810841E,39,25.0,18
4959,T,260731,051651,60.392632N,24.810881E,39,25.1,18
4960,T,260731,051652,60.392689N,24.810919E,39,25.4,18
4961,T,260731,051653,60.392754N,24.810959E,39,25.4,18
4962,T,260731,051654,60.392811N,24.810999E,39,25.5,17
4963,T,260731,051655,60.392872N,24.811037E,39,25.6,17
4964,T,260731,051656,60.392937N,24.811081E,39,25.7,18
4965,T,260731,051657,60.392998N,24.811125E,39,25.7,18
4966,T,260731,051658,60.393055N,24.811165E,39,25.7,18
4967,T,260731,051659,60.393116N,24.811209E,39,25.7,18
4968,T,260731,051700,60.393177N,24.811251E,39,25.7,18
4969,T,260731,051701,60.393230N,24.811295E,39,25.7,18
4970,T,260731,051702,60.393291N,24.811337E,39,25.7,18
4971,T,260731,051703,60.393356N,24.811377E,39,26.0,18
4972,T,260731,051704,60.393417N,24.811419E,39,26.1,18
4973,T,260731,051705,60.393478N,24.811462E,39,26.5,18
4974,T,260731,051706,60.393539N,24.811506E,38,26.9,18
4975,T,260731,051707,60.393604N,24.811552E,38,27.3,18
4976,T,260731,051708,60.393673N,24.811596E,38,27.4,18
4977,T,260731,051709,60.393738N,24.811638E,38,27.5,18
4978,T,260731,051710,60.393803N,24.811682E,38,27.5,18
4979,T,260731,051711,60.393867N,24.811728E,38,27.6,18
4980,T,260731,051712,60.393936N,24.811775E,38,27.7,19
4981,T,260731,051713,60.394001N,24.811819E,38,27.7,19
4982,T,260731,051714,60.394066N,24.811865E,38,27.2,19
4983,T,260731,051715,60.394127N,24.811907E,38,26.9,18
4984,T,260731,051716,60.394192N,24.811949E,38,26.5,18
4985,T,260731,051717,60.394257N,24.811991E,38,26.5,18
4986,T,260731,051718,60.394321N,24.812037E,38,26.4,19
4987,T,260731,051719,60.394379N,24.812082E,38,26.3,19
4988,T,260731,051720,60.394444N,24.812126E,38,26.3,19
4989,T,260731,051721,60.394505N,24.812172E,38,26.3,20
4990,T,260731,051722,60.394569N,24.812218E,38,26.7,20
4991,T,260731,051723,60.394630N,24.812263E,37,26.4,19
4992,T,260731,051724,60.394691N,24.812305E,38,26.3,19
4993,T,260731,051725,60.394756N,24.812349E,38,25.8,18
4994,T,260731,051726,60.394817N,24.812393E,38,25.4,18
4995,T,260731,051727,60.394875N,24.812437E,37,25.3,19
4996,T,260731,051728,60.394932N,24.812481E,37,24.8,19
4997,T,260731,051729,60.394993N,24.812525E,37,24.7,19
4998,T,260731,051730,60.395039N,24.812569E,37,24.2,19
4999,T,260731,051731,60.395096N,24.812613E,38,23.6,19
5000,T,260731,051732,60.395153N,24.812651E,38,22.9,18
5001,T,260731,051733,60.395203N,24.812689E,38,22.6,18
5002,T,260731,051734,60.395256N,24.812723E,38,21.7,19
5003,T,260731,051735,60.395309N,24.812759E,38,21.3,19
5004,T,260731,051736,60.395359N,24.812792E,39,20.8,18
5005,T,260731,051737,60.395409N,24.812824E,39,20.7,18
5006,T,260731,051738,60.395454N,24.812859E,39,20.7,18
5007,T,260731,051739,60.395504N,24.812893E,39,20.7,18
5008,T,260731,051740,60.395554N,24.812923E,39,20.3,19
5009,T,260731,051741,60.395599N,24.812958E,39,20.2,19
5010,T,260731,051742,60.395645N,24.812990E,39,20.1,18
5011,T,260731,051743,60.395691N,24.813025E,40,20.2,19
5012,T,260731,051744,60.395741N,24.813059E,40,20.3,19
5013,T,260731,051745,60.395790N,24.813091E,40,20.3,18
5014,T,260731,051746,60.395840N,24.813124E,40,20.7,18
5015,T,260731,051747,60.395889N,24.813156E,40,20.7,18
5016,T,260731,051748,60.395935N,24.813190E,40,20.7,18
5017,T,260731,051749,60.395988N,24.813225E,40,21.1,18
5018,T,260731,051750,60.396042N,24.813255E,40,21.2,18
5019,T,260731,051751,60.396088N,24.813290E,40,21.6,18
5020,T,260731,051752,60.396141N,24.813326E,40,21.7,18
5021,T,260731,051753,60.396191N,24.813360E,40,22.2,18
5022,T,260731,051754,60.396244N,24.813396E,40,22.7,18
5023,T,260731,051755,60.396301N,24.813435E,40,22.6,18
5024,T,260731,051756,60.396351N,24.813471E,40,22.7,18
5025,T,260731,051757,60.396408N,24.813503E,40,22.8,17
5026,T,260731,051758,60.396461N,24.813538E,40,23.1,17
5027,T,260731,051759,60.396515N,24.813574E,40,23.2,17
5028,T,260731,051800,60.396572N,24.813608E,40,23.3,16
5029,T,260731,051801,60.396629N,24.813641E,40,23.3,17
5030,T,260731,051802,60.396683N,24.813675E,40,23.3,16
5031,T,260731,051803,60.396740N,24.813705E,40,23.2,16
5032,T,260731,051804,60.396801N,24.813738E,40,23.3,16
5033,T,260731,051805,60.396854N,24.813772E,41,23.3,16
5034,T,260731,051806,60.396912N,24.813807E,41,23.3,17
5035,T,260731,051807,60.396969N,24.813845E,41,23.4,17
5036,T,260731,051808,60.397022N,24.813881E,41,23.5,18
5037,T,260731,051809,60.397079N,24.813915E,41,23.6,18
5038,T,260731,051810,60.397141N,24.813951E,41,23.6,18
5039,T,260731,051811,60.397190N,24.813988E,41,23.6,18
5040,T,260731,051812,60.397247N,24.814026E,41,23.7,18
5041,T,260731,051813,60.397308N,24.814064E,41,23.7,18
5042,T,260731,051814,60.397366N,24.814100E,41,23.8,18
5043,T,260731,051815,60.397419N,24.814138E,41,23.9,18
5044,T,260731,051816,60.397480N,24.814178E,41,24.3,18
5045,T,260731,051817,60.397537N,24.814217E,41,24.3,18
5046,T,260731,051818,60.397591N,24.814257E,41,24.4,18
5047,T,260731,051819,60.397652N,24.814297E,41,24.4,19
5048,T,260731,051820,60.397713N,24.814339E,41,24.4,19
5049,T,260731,051821,60.397766N,24.814379E,41,24.2,19
5050,T,260731,051822,60.397823N,24.814417E,41,24.2,18
5051,T,260731,051823,60.397881N,24.814459E,41,24.2,19
5052,T,260731,051824,60.397942N,24.814495E,41,24.1,18
5053,T,260731,051825,60.397995N,24.814535E,41,24.1,18
5054,T,260731,051826,60.398052N,24.814573E,41,24.1,18
5055,T,260731,051827,60.398113N,24.814613E,41,24.2,18
5056,T,260731,051828,60.398167N,24.814653E,41,24.3,18
5057,T,260731,051829,60.398228N,24.814693E,41,24.6,18
5058,T,260731,051830,60.398285N,24.814734E,41,24.7,18
5059,T,260731,051831,60.398342N,24.814774E,41,25.1,18
5060,T,260731,051832,60.398403N,24.814814E,41,25.2,18
5061,T,260731,051833,60.398464N,24.814854E,40,25.3,18
5062,T,260731,051834,60.398529N,24.814896E,40,25.7,18
5063,T,260731,051835,60.398586N,24.814938E,40,25.8,19
5064,T,260731,051836,60.398647N,24.814981E,40,25.9,19
5065,T,260731,051837,60.398712N,24.815025E,40,26.1,19
5066,T,260731,051838,60.398773N,24.815069E,40,26.2,18
5067,T,260731,051839,60.398834N,24.815111E,40,26.5,18
5068,T,260731,051840,60.398899N,24.815157E,40,26.7,18
5069,T,260731,051841,60.398964N,24.815201E,40,26.8,18
5070,T,260731,051842,60.399029N,24.815247E,40,27.2,18
5071,T,260731,051843,60.399094N,24.815290E,40,27.3,18
5072,T,260731,051844,60.399155N,24.815336E,40,27.4,18
5073,T,260731,051845,60.399220N,24.815378E,40,27.5,18
5074,T,260731,051846,60.399288N,24.815424E,39,27.1,18
5075,T,260731,051847,60.399353N,24.815466E,39,27.1,18
5076,T,260731,051848,60.399418N,24.815508E,39,26.8,18
5077,T,260731,051849,60.399479N,24.815550E,39,26.3,18
5078,T,260731,051850,60.399540N,24.815592E,40,26.0,18
5079,T,260731,051851,60.399601N,24.815636E,40,25.6,18
5080,T,260731,051852,60.399658N,24.815676E,40,25.0,18
5081,T,260731,051853,60.399719N,24.815716E,40,25.1,18
5082,T,260731,051854,60.399780N,24.815756E,40,25.2,18
5083,T,260731,051855,60.399841N,24.815796E,40,25.6,18
5084,T,260731,051856,60.399902N,24.815836E,39,26.0,18
5085,T,260731,051857,60.399963N,24.815878E,39,26.3,18
5086,T,260731,051858,60.400028N,24.815920E,39,26.4,18
5087,T,260731,051859,60.400089N,24.815964E,39,26.5,18
5088,T,260731,051900,60.400150N,24.816006E,39,26.8,18
5089,T,260731,051901,60.400215N,24.816051E,39,26.9,18
5090,T,260731,051902,60.400280N,24.816095E,39,27.2,18
5091,T,260731,051903,60.400345N,24.816139E,39,27.6,18
5092,T,260731,051904,60.400410N,24.816189E,39,28.0,18
5093,T,260731,051905,60.400475N,24.816236E,39,28.0,18
5094,T,260731,051906,60.400539N,24.816280E,38,27.9,18
5095,T,260731,051907,60.400608N,24.816324E,38,27.9,17
5096,T,260731,051908,60.400677N,24.816366E,38,27.9,18
5097,T,260731,051909,60.400745N,24.816414E,38,27.8,18
5098,T,260731,051910,60.400806N,24.816460E,38,27.8,19
5099,T,260731,051911,60.400875N,24.816504E,38,27.7,19
5100,T,260731,051912,60.400940N,24.816545E,37,27.6,19
5101,T,260731,051913,60.401009N,24.816591E,37,27.5,18
5102,T,260731,051914,60.401073N,24.816633E,37,27.4,18
5103,T,260731,051915,60.401134N,24.816677E,37,27.3,18
5104,T,260731,051916,60.401199N,24.816725E,37,27.2,19
5105,T,260731,051917,60.401264N,24.816771E,37,27.2,19
5106,T,260731,051918,60.401329N,24.816816E,36,27.2,19
5107,T,260731,051919,60.401398N,24.816858E,36,27.5,18
5108,T,260731,051920,60.401459N,24.816902E,36,27.6,18
5109,T,260731,051921,60.401527N,24.816948E,36,27.7,18
5110,T,260731,051922,60.401592N,24.816996E,36,27.9,18
5111,T,260731,051923,60.401661N,24.817039E,35,28.0,18
5112,T,260731,051924,60.401726N,24.817083E,35,28.1,18
5113,T,260731,051925,60.401791N,24.817127E,35,28.2,18
5114,T,260731,051926,60.401859N,24.817177E,34,28.2,18
5115,T,260731,051927,60.401924N,24.817225E,34,28.3,19
5116,T,260731,051928,60.401993N,24.817270E,34,28.4,19
5117,T,260731,051929,60.402061N,24.817316E,34,28.5,18
5118,T,260731,051930,60.402122N,24.817360E,34,28.6,18
5119,T,260731,051931,60.402191N,24.817406E,33,28.9,18
5120,T,260731,051932,60.402260N,24.817453E,33,29.0,18
5121,T,260731,051933,60.402328N,24.817497E,33,29.0,18
5122,T,260731,051934,60.402397N,24.817545E,32,29.1,18
5123,T,260731,051935,60.402470N,24.817595E,32,29.2,18
5124,T,260731,051936,60.402534N,24.817638E,32,29.2,18
5125,T,260731,051937,60.402603N,24.817684E,32,29.2,18
5126,T,260731,051938,60.402672N,24.817732E,32,29.2,18
5127,T,260731,051939,60.402740N,24.817780E,31,29.2,18
5128,T,260731,051940,60.402809N,24.817825E,31,29.2,18
5129,T,260731,051941,60.402882N,24.817877E,31,29.1,19
5130,T,260731,051942,60.402946N,24.817923E,31,28.7,18
5131,T,260731,051943,60.403015N,24.817966E,31,28.6,18
5132,T,260731,051944,60.403084N,24.818012E,31,28.5,18
5133,T,260731,051945,60.403152N,24.818058E,30,28.5,18
5134,T,260731,051946,60.403221N,24.818104E,30,28.6,18
5135,T,260731,051947,60.403282N,24.818153E,30,28.6,18
5136,T,260731,051948,60.403351N,24.818199E,30,28.5,18
5137,T,260731,051949,60.403419N,24.818247E,30,28.6,18
5138,T,260731,051950,60.403488N,24.818295E,30,28.5,18
5139,T,260731,051951,60.403553N,24.818340E,30,27.8,18
5140,T,260731,051952,60.403622N,24.818386E,30,27.4,18
5141,T,260731,051953,60.403679N,24.818434E,30,27.5,19
5142,T,260731,051954,60.403748N,24.818478E,30,28.0,18
5143,T,260731,051955,60.403812N,24.818523E,30,28.0,18
5144,T,260731,051956,60.403881N,24.818563E,30,28.1,18
5145,T,260731,051957,60.403950N,24.818609E,30,28.0,18
5146,T,260731,051958,60.404011N,24.818657E,30,27.9,18
5147,T,260731,051959,60.404076N,24.818703E,30,27.6,18
5148,T,260731,052000,60.404140N,24.818748E,30,27.5,18
5149,T,260731,052001,60.404209N,24.818794E,30,27.1,18
5150,T,260731,052002,60.404270N,24.818838E,30,27.0,18
5151,T,260731,052003,60.404331N,24.818882E,30,26.7,18
5152,T,260731,052004,60.404396N,24.818924E,30,26.4,18
5153,T,260731,052005,60.404461N,24.818968E,30,26.3,18
5154,T,260731,052006,60.404518N,24.819010E,30,26.2,18
5155,T,260731,052007,60.404579N,24.819054E,30,25.9,18
5156,T,260731,052008,60.404640N,24.819099E,30,25.8,19
5157,T,260731,052009,60.404701N,24.819143E,30,25.5,19
5158,T,260731,052010,60.404758N,24.819183E,30,24.8,18
5159,T,260731,052011,60.404816N,24.819225E,30,24.2,18
5160,T,260731,052012,60.404873N,24.819265E,31,23.5,18
5161,T,260731,052013,60.404926N,24.819304E,31,22.8,18
5162,T,260731,052014,60.404980N,24.819338E,31,22.2,18
5163,T,260731,052015,60.405033N,24.819374E,31,21.7,18
5164,T,260731,052016,60.405083N,24.819407E,31,21.3,18
5165,T,260731,052017,60.405136N,24.819439E,32,20.9,18
5166,T,260731,052018,60.405186N,24.819471E,32,20.9,18
5167,T,260731,052019,60.405235N,24.819504E,32,20.9,18
5168,T,260731,052020,60.405285N,24.819538E,32,21.0,18
5169,T,260731,052021,60.405334N,24.819571E,32,21.1,18
5170,T,260731,052022,60.405384N,24.819605E,32,21.7,18
5171,T,260731,052023,60.405437N,24.819641E,32,22.1,19
5172,T,260731,052024,60.405487N,24.819679E,32,22.5,19
5173,T,260731,052025,60.405540N,24.819715E,32,22.8,19
5174,T,260731,052026,60.405598N,24.819752E,32,22.9,18
5175,T,260731,052027,60.405647N,24.819790E,32,23.3,18
5176,T,260731,052028,60.405708N,24.819826E,32,23.7,18
5177,T,260731,052029,60.405762N,24.819868E,32,23.8,19
5178,T,260731,052030,60.405815N,24.819910E,32,23.8,20
5179,T,260731,052031,60.405872N,24.819956E,32,23.8,21
5180,T,260731,052032,60.405930N,24.820004E,32,23.7,22
5181,T,260731,052033,60.405979N,24.820051E,32,23.6,23
5182,T,260731,052034,60.406033N,24.820099E,32,23.2,23
5183,T,260731,052035,60.406090N,24.820143E,32,23.1,23
5184,T,260731,052036,60.406139N,24.820185E,32,23.0,22
5185,T,260731,052037,60.406193N,24.820225E,32,23.1,21
5186,T,260731,052038,60.406246N,24.820263E,32,23.1,19
5187,T,260731,052039,60.406303N,24.820295E,33,23.0,18
5188,T,260731,052040,60.406361N,24.820333E,33,23.0,18
5189,T,260731,052041,60.406418N,24.820368E,33,23.0,18
5190,T,260731,052042,60.406467N,24.820406E,33,23.0,18
5191,T,260731,052043,60.406525N,24.820444E,33,22.9,18
5192,T,260731,052044,60.406574N,24.820478E,33,22.9,18
5193,T,260731,052045,60.406628N,24.820517E,33,22.8,18
5194,T,260731,052046,60.406685N,24.820557E,33,22.8,18
5195,T,260731,052047,60.406734N,24.820589E,33,22.8,18
5196,T,260731,052048,60.406792N,24.820623E,33,22.8,18
5197,T,260731,052049,60.406849N,24.820662E,33,22.8,18
5198,T,260731,052050,60.406898N,24.820698E,33,22.9,18
5199,T,260731,052051,60.406956N,24.820734E,33,22.9,18
5200,T,260731,052052,60.407013N,24.820770E,33,22.9,18
5201,T,260731,052053,60.407066N,24.820807E,33,22.9,18
5202,T,260731,052054,60.407120N,24.820845E,33,22.8,18
5203,T,260731,052055,60.407177N,24.820881E,33,22.8,18
5204,T,260731,052056,60.407227N,24.820915E,33,22.7,17
5205,T,260731,052057,60.407280N,24.820948E,33,22.7,17
5206,T,260731,052058,60.407337N,24.820980E,33,22.6,16
5207,T,260731,052059,60.407391N,24.821016E,33,22.6,16
5208,T,260731,052100,60.407444N,24.821047E,33,22.6,16
5209,T,260731,052101,60.407501N,24.821077E,33,22.6,15
5210,T,260731,052102,60.407551N,24.821108E,33,22.6,15
5211,T,260731,052103,60.407608N,24.821136E,33,22.6,14
5212,T,260731,052104,60.407665N,24.821163E,33,22.6,14
5213,T,260731,052105,60.407719N,24.821196E,33,22.5,14
5214,T,260731,052106,60.407772N,24.821228E,34,22.5,15
5215,T,260731,052107,60.407825N,24.821262E,34,22.5,16
5216,T,260731,052108,60.407879N,24.821299E,34,22.6,18
5217,T,260731,052109,60.407932N,24.821337E,34,22.6,18
5218,T,260731,052110,60.407990N,24.821369E,34,22.7,18
5219,T,260731,052111,60.408039N,24.821404E,34,22.7,18
5220,T,260731,052112,60.408096N,24.821440E,34,22.7,17
5221,T,260731,052113,60.408154N,24.821474E,34,22.7,17
5222,T,260731,052114,60.408203N,24.821508E,34,22.7,17
5223,T,260731,052115,60.408260N,24.821545E,34,22.6,17
5224,T,260731,052116,60.408314N,24.821575E,34,22.3,17
5225,T,260731,052117,60.408363N,24.821609E,34,22.2,17
5226,T,260731,052118,60.408417N,24.821644E,34,22.1,17
5227,T,260731,052119,60.408466N,24.821676E,34,21.7,17
5228,T,260731,052120,60.408520N,24.821711E,35,21.7,17
5229,T,260731,052121,60.408569N,24.821745E,35,21.4,17
5230,T,260731,052122,60.408619N,24.821775E,35,21.2,16
5231,T,260731,052123,60.408672N,24.821806E,35,21.2,16
5232,T,260731,052124,60.408718N,24.821836E,35,21.0,16
5233,T,260731,052125,60.408768N,24.821869E,35,20.9,16
5234,T,260731,052126,60.408821N,24.821899E,35,20.8,16
5235,T,260731,052127,60.408867N,24.821928E,35,20.5,16
5236,T,260731,052128,60.408920N,24.821957E,35,20.5,16
5237,T,260731,052129,60.408970N,24.821983E,35,20.4,16
5238,T,260731,052130,60.409016N,24.822014E,35,20.0,16
5239,T,260731,052131,60.409065N,24.822041E,36,20.1,15
5240,T,260731,052132,60.409111N,24.822065E,36,19.9,15
5241,T,260731,052133,60.409161N,24.822092E,36,19.5,15
5242,T,260731,052134,60.409203N,24.822119E,36,19.4,14
5243,T,260731,052135,60.409252N,24.822144E,36,19.1,15
5244,T,260731,052136,60.409294N,24.822170E,36,18.5,15
5245,T,260731,052137,60.409340N,24.822195E,36,18.6,15
5246,T,260731,052138,60.409386N,24.822216E,37,18.2,15
5247,T,260731,052139,60.409428N,24.822239E,37,18.5,15
5248,T,260731,052140,60.409473N,24.822262E,37,18.0,14
5249,T,260731,052141,60.409515N,24.822283E,37,17.4,14
5250,T,260731,052142,60.409557N,24.822302E,37,17.4,14
5251,T,260731,052143,60.409595N,24.822325E,38,17.4,14
5252,T,260731,052144,60.409637N,24.822344E,38,17.3,14
5253,T,260731,052145,60.409679N,24.822367E,38,17.0,15
5254,T,260731,052146,60.409721N,24.822390E,38,17.0,15
5255,T,260731,052147,60.409760N,24.822414E,38,17.3,15
5256,T,260731,052148,60.409805N,24.822435E,39,17.3,14
5257,T,260731,052149,60.409843N,24.822456E,39,17.3,14
5258,T,260731,052150,60.409889N,24.822479E,39,17.9,14
5259,T,260731,052151,60.409931N,24.822504E,39,17.9,13
5260,T,260731,052152,60.409977N,24.822527E,40,17.9,14
5261,T,260731,052153,60.410019N,24.822550E,40,17.5,14
5262,T,260731,052154,60.410061N,24.822573E,40,17.4,13
5263,T,260731,052155,60.410103N,24.822592E,40,17.3,13
5264,T,260731,052156,60.410145N,24.822615E,40,16.9,13
5265,T,260731,052157,60.410187N,24.822634E,41,16.9,13
5266,T,260731,052158,60.410229N,24.822653E,41,17.0,13
5267,T,260731,052159,60.410271N,24.822672E,41,16.9,13
5268,T,260731,052200,60.410313N,24.822693E,41,16.9,13
5269,T,260731,052201,60.410351N,24.822710E,41,16.9,13
5270,T,260731,052202,60.410393N,24.822729E,41,16.9,13
5271,T,260731,052203,60.410431N,24.822750E,42,16.6,13
5272,T,260731,052204,60.410473N,24.822769E,42,16.5,13
5273,T,260731,052205,60.410511N,24.822786E,42,16.5,12
5274,T,260731,052206,60.410553N,24.822802E,42,16.5,11
5275,T,260731,052207,60.410595N,24.822821E,42,16.5,11
5276,T,260731,052208,60.410637N,24.822840E,42,16.2,12
5277,T,260731,052209,60.410675N,24.822859E,42,16.2,13
5278,T,260731,052210,60.410717N,24.822876E,42,16.8,12
5279,T,260731,052211,60.410755N,24.822889E,42,16.1,11
5280,T,260731,052212,60.410797N,24.822905E,42,15.6,10
5281,T,260731,052213,60.410831N,24.822922E,42,15.3,10
5282,T,260731,052214,60.410870N,24.822935E,42,14.8,10
5283,T,260731,052215,60.410908N,24.822954E,42,15.6,10
5284,T,260731,052216,60.410946N,24.822971E,42,15.6,11
5285,T,260731,052217,60.410980N,24.822989E,42,15.2,11
5286,T,260731,052218,60.411018N,24.823006E,42,16.2,11
5287,T,260731,052219,60.411060N,24.823025E,42,15.8,11
5288,T,260731,052220,60.411098N,24.823042E,43,15.8,11
5289,T,260731,052221,60.411140N,24.823059E,43,15.8,12
5290,T,260731,052222,60.411179N,24.823076E,43,15.1,12
5291,T,260731,052223,60.411221N,24.823090E,44,15.7,12
5292,T,260731,052224,60.411259N,24.823107E,44,15.8,11
5293,T,260731,052225,60.411301N,24.823120E,44,15.7,11
5294,T,260731,052226,60.411339N,24.823135E,45,16.1,11
5295,T,260731,052227,60.411381N,24.823153E,45,15.8,10
5296,T,260731,052228,60.411419N,24.823168E,45,16.0,10
5297,T,260731,052229,60.411461N,24.823187E,45,16.4,11
5298,T,260731,052230,60.411503N,24.823204E,46,16.4,11
5299,T,260731,052231,60.411545N,24.823219E,46,16.4,10
5300,T,260731,052232,60.411583N,24.823236E,46,16.4,10
5301,T,260731,052233,60.411625N,24.823250E,46,16.0,10
5302,T,260731,052234,60.411659N,24.823265E,46,16.0,10
5303,T,260731,052235,60.411705N,24.823284E,47,16.1,10
5304,T,260731,052236,60.411743N,24.823299E,47,16.2,10
5305,T,260731,052237,60.411785N,24.823317E,47,16.2,10
5306,T,260731,052238,60.411823N,24.823332E,47,16.2,10
5307,T,260731,052239,60.411865N,24.823345E,47,16.2,10
5308,T,260731,052240,60.411903N,24.823364E,48,16.2,10
5309,T,260731,052241,60.411949N,24.823380E,48,16.2,10
5310,T,260731,052242,60.411987N,24.823397E,48,15.8,10
5311,T,260731,052243,60.412029N,24.823412E,48,15.8,10
5312,T,260731,052244,60.412067N,24.823425E,49,15.8,10
5313,T,260731,052245,60.412109N,24.823441E,49,15.9,10
5314,T,260731,052246,60.412144N,24.823452E,49,15.9,9
5315,T,260731,052247,60.412186N,24.823463E,49,15.9,9
5316,T,260731,052248,60.412224N,24.823481E,49,15.9,9
5317,T,260731,052249,60.412266N,24.823494E,50,15.8,9
5318,T,260731,052250,60.412300N,24.823503E,50,15.8,8
5319,T,260731,052251,60.412338N,24.823517E,50,15.7,8
5320,T,260731,052252,60.412380N,24.823524E,50,15.7,8
5321,T,260731,052253,60.412418N,24.823536E,50,15.8,8
5322,T,260731,052254,60.412460N,24.823545E,51,15.8,7
5323,T,260731,052255,60.412498N,24.823559E,51,15.5,8
5324,T,260731,052256,60.412537N,24.823570E,51,15.4,8
5325,T,260731,052257,60.412571N,24.823584E,51,15.5,8
5326,T,260731,052258,60.412613N,24.823595E,51,15.5,8
5327,T,260731,052259,60.412651N,24.823605E,52,15.6,7
5328,T,260731,052300,60.412689N,24.823614E,52,15.5,7
5329,T,260731,052301,60.412727N,24.823624E,52,15.6,6
5330,T,260731,052302,60.412769N,24.823633E,52,15.7,6
5331,T,260731,052303,60.412807N,24.823643E,52,15.7,5
5332,T,260731,052304,60.412849N,24.823650E,52,16.2,5
5333,T,260731,052305,60.412888N,24.823662E,52,16.3,6
5334,T,260731,052306,60.412930N,24.823673E,53,16.7,7
5335,T,260731,052307,60.412968N,24.823685E,53,16.7,7
5336,T,260731,052308,60.413013N,24.823696E,53,16.7,7
5337,T,260731,052309,60.413052N,24.823708E,53,16.4,8
5338,T,260731,052310,60.413094N,24.823723E,53,16.4,8
5339,T,260731,052311,60.413132N,24.823736E,53,16.4,9
5340,T,260731,052312,60.413177N,24.823746E,54,16.5,9
5341,T,260731,052313,60.413216N,24.823757E,54,16.5,8
5342,T,260731,052314,60.413261N,24.823767E,54,16.6,7
5343,T,260731,052315,60.413300N,24.823776E,54,16.6,6
5344,T,260731,052316,60.413342N,24.823786E,54,16.7,5
5345,T,260731,052317,60.413383N,24.823795E,54,17.1,5
5346,T,260731,052318,60.413429N,24.823805E,54,17.1,5
5347,T,260731,052319,60.413471N,24.823816E,55,17.4,5
5348,T,260731,052320,60.413513N,24.823824E,55,17.5,6
5349,T,260731,052321,60.413559N,24.823835E,55,17.6,6
5350,T,260731,052322,60.413601N,24.823845E,55,17.7,6
5351,T,260731,052323,60.413647N,24.823856E,55,18.0,6
5352,T,260731,052324,60.413692N,24.823864E,55,18.0,5
5353,T,260731,052325,60.413734N,24.823872E,56,18.1,5
5354,T,260731,052326,60.413780N,24.823879E,56,18.2,4
5355,T,260731,052327,60.413830N,24.823889E,56,18.3,4
5356,T,260731,052328,60.413872N,24.823896E,56,18.3,4
5357,T,260731,052329,60.413921N,24.823904E,56,18.3,5
5358,T,260731,052330,60.413963N,24.823915E,56,18.4,5
5359,T,260731,052331,60.414013N,24.823923E,56,18.7,5
5360,T,260731,052332,60.414059N,24.823935E,56,18.7,5
5361,T,260731,052333,60.414104N,24.823944E,57,18.7,5
5362,T,260731,052334,60.414150N,24.823948E,57,18.8,4
5363,T,260731,052335,60.414200N,24.823956E,57,19.1,4
5364,T,260731,052336,60.414249N,24.823963E,57,19.2,4
5365,T,260731,052337,60.414295N,24.823971E,57,19.1,4
5366,T,260731,052338,60.414345N,24.823978E,57,19.2,4
5367,T,260731,052339,60.414391N,24.823984E,57,19.2,4
5368,T,260731,052340,60.414440N,24.823994E,57,19.4,4
5369,T,260731,052341,60.414490N,24.824001E,57,19.7,4
5370,T,260731,052342,60.414539N,24.824005E,57,19.7,3
5371,T,260731,052343,60.414589N,24.824013E,57,19.7,3
5372,T,260731,052344,60.414635N,24.824018E,57,19.8,3
5373,T,260731,052345,60.414684N,24.824024E,58,19.9,2
5374,T,260731,052346,60.414738N,24.824030E,58,20.2,2
5375,T,260731,052347,60.414783N,24.824036E,58,20.3,2
5376,T,260731,052348,60.414837N,24.824039E,58,20.4,2
5377,T,260731,052349,60.414886N,24.824043E,58,20.5,2
5378,T,260731,052350,60.414940N,24.824051E,58,20.8,2
5379,T,260731,052351,60.414993N,24.824057E,58,20.9,2
5380,T,260731,052352,60.415043N,24.824057E,58,21.3,2
5381,T,260731,052353,60.415096N,24.824059E,58,21.4,1
5382,T,260731,052354,60.415154N,24.824062E,58,21.8,1
5383,T,260731,052355,60.415203N,24.824064E,58,21.8,1
5384,T,260731,052356,60.415260N,24.824064E,58,21.8,0
5385,T,260731,052357,60.415318N,24.824066E,58,21.9,1
5386,T,260731,052358,60.415371N,24.824070E,58,22.3,1
5387,T,260731,052359,60.415428N,24.824074E,58,22.4,1
5388,T,260731,052400,60.415485N,24.824074E,58,22.8,1
5389,T,260731,052401,60.415543N,24.824074E,58,22.9,359
5390,T,260731,052402,60.415600N,24.824074E,58,23.3,1
5391,T,260731,052403,60.415661N,24.824076E,58,23.3,0
5392,T,260731,052404,60.415722N,24.824076E,58,23.5,0
5393,T,260731,052405,60.415779N,24.824078E,58,23.8,1
5394,T,260731,052406,60.415840N,24.824080E,58,23.9,0
5395,T,260731,052407,60.415901N,24.824080E,58,24.0,0
5396,T,260731,052408,60.415958N,24.824081E,58,24.1,359
5397,T,260731,052409,60.416019N,24.824078E,58,24.4,358
5398,T,260731,052410,60.416080N,24.824076E,57,24.5,359
5399,T,260731,052411,60.416145N,24.824074E,57,24.6,358
5400,T,260731,052412,60.416203N,24.824072E,57,24.7,359
5401,T,260731,052413,60.416271N,24.824072E,57,24.8,359
5402,T,260731,052414,60.416336N,24.824072E,57,25.2,359
5403,T,260731,052415,60.416401N,24.824070E,57,25.3,359
5404,T,260731,052416,60.416466N,24.824068E,57,25.6,358
5405,T,260731,052417,60.416527N,24.824064E,57,25.7,358
5406,T,260731,052418,60.416595N,24.824060E,57,25.7,358
5407,T,260731,052419,60.416660N,24.824057E,57,26.2,358
5408,T,260731,052420,60.416729N,24.824055E,57,26.2,358
5409,T,260731,052421,60.416794N,24.824047E,57,26.2,358
5410,T,260731,052422,60.416859N,24.824041E,57,26.4,357
5411,T,260731,052423,60.416927N,24.824036E,57,26.7,357
5412,T,260731,052424,60.416996N,24.824028E,57,26.8,357
5413,T,260731,052425,60.417065N,24.824022E,57,27.1,357
5414,T,260731,052426,60.417133N,24.824017E,57,27.3,357
5415,T,260731,052427,60.417198N,24.824013E,56,27.3,357
5416,T,260731,052428,60.417267N,24.824005E,56,27.2,357
5417,T,260731,052429,60.417332N,24.823999E,56,26.7,357
5418,T,260731,052430,60.417400N,24.823996E,56,26.4,358
5419,T,260731,052431,60.417469N,24.823992E,56,26.2,357
5420,T,260731,052432,60.417534N,24.823984E,56,25.9,357
5421,T,260731,052433,60.417595N,24.823978E,56,25.8,357
5422,T,260731,052434,60.417660N,24.823975E,56,25.3,357
5423,T,260731,052435,60.417721N,24.823969E,56,25.3,357
5424,T,260731,052436,60.417786N,24.823963E,56,25.6,357
5425,T,260731,052437,60.417847N,24.823956E,56,26.0,357
5426,T,260731,052438,60.417915N,24.823952E,56,26.7,357
5427,T,260731,052439,60.417980N,24.823946E,56,26.7,357
5428,T,260731,052440,60.418049N,24.823942E,56,26.6,357
5429,T,260731,052441,60.418114N,24.823936E,56,26.5,358
5430,T,260731,052442,60.418179N,24.823933E,57,26.0,357
5431,T,260731,052443,60.418240N,24.823923E,57,25.7,357
5432,T,260731,052444,60.418301N,24.823917E,57,25.1,358
5433,T,260731,052445,60.418362N,24.823914E,57,24.8,357
5434,T,260731,052446,60.418419N,24.823908E,58,24.5,357
5435,T,260731,052447,60.418480N,24.823904E,57,24.5,357
5436,T,260731,052448,60.418545N,24.823900E,57,24.6,357
5437,T,260731,052449,60.418610N,24.823896E,57,25.1,358
5438,T,260731,052450,60.418671N,24.823896E,57,25.2,358
5439,T,260731,052451,60.418732N,24.823893E,56,25.3,358
5440,T,260731,052452,60.418797N,24.823891E,56,26.0,358
5441,T,260731,052453,60.418861N,24.823889E,56,26.1,358
5442,T,260731,052454,60.418922N,24.823889E,57,26.8,358
5443,T,260731,052455,60.418987N,24.823883E,57,26.7,358
5444,T,260731,052456,60.419052N,24.823883E,56,27.2,358
5445,T,260731,052457,60.419121N,24.823883E,56,27.5,358
5446,T,260731,052458,60.419189N,24.823881E,56,26.3,359
5447,T,260731,052459,60.419250N,24.823879E,56,26.8,359
5448,T,260731,052500,60.419319N,24.823877E,55,26.9,359
5449,T,260731,052501,60.419388N,24.823879E,55,26.3,0
5450,T,260731,052502,60.419453N,24.823877E,55,26.7,358
5451,T,260731,052503,60.419521N,24.823875E,55,26.8,358
5452,T,260731,052504,60.419586N,24.823877E,55,26.7,1
5453,T,260731,052505,60.419651N,24.823875E,55,26.0,359
5454,T,260731,052506,60.419720N,24.823877E,55,26.0,0
5455,T,260731,052507,60.419785N,24.823881E,54,26.0,359
5456,T,260731,052508,60.419849N,24.823881E,54,26.1,0
5457,T,260731,052509,60.419910N,24.823881E,53,26.2,359
5458,T,260731,052510,60.419979N,24.823881E,53,26.3,359
5459,T,260731,052511,60.420048N,24.823883E,53,26.7,359
5460,T,260731,052512,60.420116N,24.823883E,53,27.0,0
5461,T,260731,052513,60.420189N,24.823889E,52,27.3,0
5462,T,260731,052514,60.420258N,24.823891E,52,27.5,0
5463,T,260731,052515,60.420326N,24.823895E,52,28.0,1
5464,T,260731,052516,60.420399N,24.823895E,51,28.3,0
5465,T,260731,052517,60.420471N,24.823896E,51,28.7,2
5466,T,260731,052518,60.420547N,24.823902E,51,29.1,2
5467,T,260731,052519,60.420620N,24.823910E,50,29.6,3
5468,T,260731,052520,60.420696N,24.823923E,50,30.3,4
5469,T,260731,052521,60.420773N,24.823935E,49,30.8,4
5470,T,260731,052522,60.420849N,24.823944E,49,31.5,4
5471,T,260731,052523,60.420929N,24.823956E,49,32.0,4
5472,T,260731,052524,60.421009N,24.823965E,48,32.5,4
5473,T,260731,052525,60.421093N,24.823982E,48,32.9,4
5474,T,260731,052526,60.421173N,24.823997E,47,33.3,5
5475,T,260731,052527,60.421257N,24.824017E,47,33.4,5
5476,T,260731,052528,60.421341N,24.824032E,47,33.6,5
5477,T,260731,052529,60.421425N,24.824047E,46,33.7,5
5478,T,260731,052530,60.421513N,24.824064E,46,33.8,5
5479,T,260731,052531,60.421593N,24.824081E,46,34.1,5
5480,T,260731,052532,60.421680N,24.824100E,45,34.1,5
5481,T,260731,052533,60.421764N,24.824120E,45,34.2,6
5482,T,260731,052534,60.421848N,24.824142E,44,34.3,6
5483,T,260731,052535,60.421932N,24.824162E,44,34.4,6
5484,T,260731,052536,60.422020N,24.824183E,44,34.3,6
5485,T,260731,052537,60.422104N,24.824200E,43,33.8,6
5486,T,260731,052538,60.422188N,24.824221E,43,33.5,6
5487,T,260731,052539,60.422272N,24.824242E,43,33.1,6
5488,T,260731,052540,60.422352N,24.824265E,43,32.4,7
5489,T,260731,052541,60.422432N,24.824284E,43,31.9,7
5490,T,260731,052542,60.422512N,24.824305E,43,31.4,7
5491,T,260731,052543,60.422588N,24.824324E,43,30.7,7
5492,T,260731,052544,60.422665N,24.824345E,43,30.1,7
5493,T,260731,052545,60.422737N,24.824366E,43,29.4,8
5494,T,260731,052546,60.422810N,24.824389E,42,29.0,8
5495,T,260731,052547,60.422878N,24.824409E,42,28.9,8
5496,T,260731,052548,60.422951N,24.824434E,42,28.6,9
5497,T,260731,052549,60.423019N,24.824459E,42,28.9,9
5498,T,260731,052550,60.423092N,24.824484E,42,28.9,9
5499,T,260731,052551,60.423164N,24.824507E,42,28.9,9
5500,T,260731,052552,60.423237N,24.824528E,42,28.9,9
5501,T,260731,052553,60.423309N,24.824553E,42,28.9,9
5502,T,260731,052554,60.423382N,24.824575E,42,28.9,9
5503,T,260731,052555,60.423447N,24.824602E,42,28.9,9
5504,T,260731,052556,60.423519N,24.824627E,42,28.8,9
5505,T,260731,052557,60.423592N,24.824654E,42,28.5,10
5506,T,260731,052558,60.423664N,24.824680E,42,28.5,10
5507,T,260731,052559,60.423733N,24.824705E,42,28.5,10
5508,T,260731,052600,60.423801N,24.824736E,42,28.4,10
5509,T,260731,052601,60.423874N,24.824764E,42,28.3,11
5510,T,260731,052602,60.423939N,24.824793E,42,28.4,11
5511,T,260731,052603,60.424007N,24.824820E,42,28.3,11
5512,T,260731,052604,60.424080N,24.824846E,42,28.4,11
5513,T,260731,052605,60.424152N,24.824877E,42,28.5,11
5514,T,260731,052606,60.424221N,24.824903E,42,28.8,11
5515,T,260731,052607,60.424294N,24.824932E,42,28.8,11
5516,T,260731,052608,60.424358N,24.824959E,42,28.8,11
5517,T,260731,052609,60.424431N,24.824986E,42,28.7,11
5518,T,260731,052610,60.424503N,24.825016E,42,28.7,11
5519,T,260731,052611,60.424572N,24.825045E,42,28.6,11
5520,T,260731,052612,60.424641N,24.825073E,42,28.5,11
5521,T,260731,052613,60.424713N,24.825102E,42,28.4,11
5522,T,260731,052614,60.424782N,24.825130E,42,28.3,11
5523,T,260731,052615,60.424847N,24.825157E,42,28.0,11
5524,T,260731,052616,60.424919N,24.825184E,42,28.0,11
5525,T,260731,052617,60.424988N,24.825214E,42,27.8,11
5526,T,260731,052618,60.425060N,24.825239E,42,27.7,11
5527,T,260731,052619,60.425129N,24.825264E,42,27.7,11
5528,T,260731,052620,60.425198N,24.825287E,42,27.6,11
5529,T,260731,052621,60.425262N,24.825312E,42,27.5,11
5530,T,260731,052622,60.425331N,24.825338E,42,27.4,11
5531,T,260731,052623,60.425400N,24.825363E,41,27.4,11
5532,T,260731,052624,60.425468N,24.825388E,41,27.5,11
5533,T,260731,052625,60.425537N,24.825417E,41,27.5,11
5534,T,260731,052626,60.425598N,24.825443E,41,27.5,11
5535,T,260731,052627,60.425667N,24.825470E,41,27.5,11
5536,T,260731,052628,60.425735N,24.825497E,41,27.6,11
5537,T,260731,052629,60.425804N,24.825520E,41,27.5,10
5538,T,260731,052630,60.425873N,24.825544E,41,27.5,10
5539,T,260731,052631,60.425938N,24.825569E,41,27.6,10
5540,T,260731,052632,60.426003N,24.825596E,41,27.6,10
5541,T,260731,052633,60.426071N,24.825623E,41,27.7,10
5542,T,260731,052634,60.426140N,24.825645E,41,27.7,10
5543,T,260731,052635,60.426208N,24.825674E,41,27.7,10
5544,T,260731,052636,60.426277N,24.825699E,41,27.7,10
5545,T,260731,052637,60.426346N,24.825722E,41,27.7,10
5546,T,260731,052638,60.426411N,24.825747E,41,27.6,10
5547,T,260731,052639,60.426479N,24.825769E,41,27.6,9
5548,T,260731,052640,60.426548N,24.825794E,41,27.5,9
5549,T,260731,052641,60.426617N,24.825815E,41,27.5,9
5550,T,260731,052642,60.426685N,24.825838E,40,27.5,8
5551,T,260731,052643,60.426750N,24.825859E,40,27.5,8
5552,T,260731,052644,60.426819N,24.825882E,40,27.2,8
5553,T,260731,052645,60.426888N,24.825903E,41,27.3,8
5554,T,260731,052646,60.426952N,24.825922E,41,26.5,8
5555,T,260731,052647,60.427021N,24.825941E,41,26.4,8
5556,T,260731,052648,60.427078N,24.825962E,41,25.8,7
5557,T,260731,052649,60.427139N,24.825979E,41,26.2,7
5558,T,260731,052650,60.427204N,24.825998E,41,25.2,7
5559,T,260731,052651,60.427265N,24.826015E,41,25.8,7
5560,T,260731,052652,60.427326N,24.826033E,41,25.7,7
5561,T,260731,052653,60.427391N,24.826048E,41,26.0,7
5562,T,260731,052654,60.427452N,24.826069E,41,26.1,7
5563,T,260731,052655,60.427517N,24.826084E,41,25.4,7
5564,T,260731,052656,60.427582N,24.826097E,41,25.7,7
5565,T,260731,052657,60.427643N,24.826113E,41,25.7,6
5566,T,260731,052658,60.427711N,24.826124E,41,25.7,6
5567,T,260731,052659,60.427773N,24.826141E,40,25.4,6
5568,T,260731,052700,60.427837N,24.826157E,40,25.5,6
5569,T,260731,052701,60.427898N,24.826172E,40,25.9,6
5570,T,260731,052702,60.427963N,24.826183E,40,25.5,6
5571,T,260731,052703,60.428028N,24.826200E,40,25.5,5
5572,T,260731,052704,60.428093N,24.826216E,40,25.6,5
5573,T,260731,052705,60.428158N,24.826229E,40,24.7,5
5574,T,260731,052706,60.428215N,24.826242E,40,24.6,5
5575,T,260731,052707,60.428280N,24.826254E,40,24.0,4
5576,T,260731,052708,60.428341N,24.826265E,40,25.1,4
5577,T,260731,052709,60.428398N,24.826283E,40,25.1,5
5578,T,260731,052710,60.428463N,24.826296E,40,24.5,6
5579,T,260731,052711,60.428524N,24.826311E,40,25.0,6
5580,T,260731,052712,60.428589N,24.826324E,40,24.5,6
5581,T,260731,052713,60.428650N,24.826338E,41,23.7,6
5582,T,260731,052714,60.428707N,24.826351E,41,23.4,6
5583,T,260731,052715,60.428768N,24.826368E,41,23.9,6
5584,T,260731,052716,60.428829N,24.826384E,41,23.7,6
5585,T,260731,052717,60.428886N,24.826399E,41,23.2,6
5586,T,260731,052718,60.428944N,24.826412E,41,22.7,6
5587,T,260731,052719,60.428997N,24.826426E,41,22.0,7
5588,T,260731,052720,60.429047N,24.826445E,41,21.1,7
5589,T,260731,052721,60.429100N,24.826460E,41,21.0,7
5590,T,260731,052722,60.429153N,24.826475E,41,20.1,7
5591,T,260731,052723,60.429199N,24.826490E,42,20.2,7
5592,T,260731,052724,60.429249N,24.826504E,42,20.2,7
5593,T,260731,052725,60.429298N,24.826515E,42,19.8,6
5594,T,260731,052726,60.429344N,24.826527E,42,19.1,6
5595,T,260731,052727,60.429394N,24.826540E,42,19.2,6
5596,T,260731,052728,60.429440N,24.826553E,42,19.2,7
5597,T,260731,052729,60.429489N,24.826571E,43,19.3,8
5598,T,260731,052730,60.429539N,24.826588E,43,19.4,9
5599,T,260731,052731,60.429588N,24.826605E,43,19.4,9
5600,T,260731,052732,60.429630N,24.826620E,43,19.4,9
5601,T,260731,052733,60.429684N,24.826637E,43,19.8,9
5602,T,260731,052734,60.429733N,24.826656E,43,19.8,9
5603,T,260731,052735,60.429779N,24.826674E,43,19.6,9
5604,T,260731,052736,60.429832N,24.826687E,44,19.0,9
5605,T,260731,052737,60.429878N,24.826702E,44,19.7,9
5606,T,260731,052738,60.429928N,24.826719E,44,20.2,9
5607,T,260731,052739,60.429981N,24.826736E,44,20.3,9
5608,T,260731,052740,60.430031N,24.826752E,44,20.4,9
5609,T,260731,052741,60.430080N,24.826769E,44,20.5,9
5610,T,260731,052742,60.430134N,24.826786E,44,20.8,9
5611,T,260731,052743,60.430183N,24.826803E,45,20.9,9
5612,T,260731,052744,60.430237N,24.826824E,45,20.9,10
5613,T,260731,052745,60.430286N,24.826841E,45,21.0,9
5614,T,260731,052746,60.430344N,24.826860E,45,21.5,9
5615,T,260731,052747,60.430397N,24.826878E,45,21.8,9
5616,T,260731,052748,60.430450N,24.826899E,45,21.9,10
5617,T,260731,052749,60.430504N,24.826918E,45,22.0,10
5618,T,260731,052750,60.430561N,24.826941E,45,22.0,10
5619,T,260731,052751,60.430618N,24.826958E,45,22.1,10
5620,T,260731,052752,60.430676N,24.826979E,45,22.4,10
5621,T,260731,052753,60.430733N,24.827002E,45,22.5,11
5622,T,260731,052754,60.430786N,24.827026E,45,22.8,11
5623,T,260731,052755,60.430843N,24.827047E,45,22.8,11
5624,T,260731,052756,60.430901N,24.827070E,45,23.0,11
5625,T,260731,052757,60.430958N,24.827093E,45,23.0,11
5626,T,260731,052758,60.431015N,24.827116E,45,23.1,11
5627,T,260731,052759,60.431072N,24.827143E,45,23.2,11
5628,T,260731,052800,60.431129N,24.827166E,45,23.2,11
5629,T,260731,052801,60.431187N,24.827192E,45,23.3,11
5630,T,260731,052802,60.431244N,24.827215E,45,23.4,12
5631,T,260731,052803,60.431301N,24.827244E,45,23.5,12
5632,T,260731,052804,60.431358N,24.827271E,45,23.5,12
5633,T,260731,052805,60.431416N,24.827293E,44,23.5,11
5634,T,260731,052806,60.431473N,24.827316E,44,23.5,11
5635,T,260731,052807,60.431526N,24.827339E,45,23.5,12
5636,T,260731,052808,60.431587N,24.827364E,45,23.5,12
5637,T,260731,052809,60.431644N,24.827391E,44,23.5,12
5638,T,260731,052810,60.431705N,24.827415E,44,23.5,12
5639,T,260731,052811,60.431759N,24.827444E,44,23.5,13
5640,T,260731,052812,60.431820N,24.827471E,44,23.5,13
5641,T,260731,052813,60.431877N,24.827496E,44,23.5,13
5642,T,260731,052814,60.431931N,24.827524E,44,23.5,13
5643,T,260731,052815,60.431992N,24.827555E,44,23.4,13
5644,T,260731,052816,60.432049N,24.827581E,45,23.4,13
5645,T,260731,052817,60.432102N,24.827612E,45,23.4,13
5646,T,260731,052818,60.432159N,24.827641E,45,23.5,13
5647,T,260731,052819,60.432220N,24.827667E,45,23.4,13
5648,T,260731,052820,60.432278N,24.827698E,45,23.4,14
5649,T,260731,052821,60.432331N,24.827728E,45,23.4,14
5650,T,260731,052822,60.432388N,24.827759E,45,23.3,14
5651,T,260731,052823,60.432442N,24.827787E,45,23.3,14
5652,T,260731,052824,60.432499N,24.827818E,45,23.2,14
5653,T,260731,052825,60.432556N,24.827850E,45,23.2,14
5654,T,260731,052826,60.432613N,24.827883E,45,23.2,14
5655,T,260731,052827,60.432667N,24.827915E,45,23.3,15
5656,T,260731,052828,60.432724N,24.827946E,45,23.4,15
5657,T,260731,052829,60.432777N,24.827982E,45,23.4,15
5658,T,260731,052830,60.432831N,24.828018E,45,23.5,15
5659,T,260731,052831,60.432888N,24.828053E,45,23.5,15
5660,T,260731,052832,60.432941N,24.828085E,45,23.5,14
5661,T,260731,052833,60.432999N,24.828114E,45,23.5,14
5662,T,260731,052834,60.433056N,24.828144E,45,23.5,14
5663,T,260731,052835,60.433113N,24.828178E,45,23.2,15
5664,T,260731,052836,60.433167N,24.828213E,45,23.1,15
5665,T,260731,052837,60.433224N,24.828243E,45,23.1,15
5666,T,260731,052838,60.433281N,24.828278E,45,23.0,16
5667,T,260731,052839,60.433331N,24.828308E,45,22.9,16
5668,T,260731,052840,60.433392N,24.828339E,45,22.9,16
5669,T,260731,052841,60.433445N,24.828369E,45,22.9,16
5670,T,260731,052842,60.433498N,24.828402E,45,22.9,16
5671,T,260731,052843,60.433552N,24.828436E,45,22.8,17
5672,T,260731,052844,60.433609N,24.828466E,45,22.8,16
5673,T,260731,052845,60.433659N,24.828499E,45,22.8,16
5674,T,260731,052846,60.433716N,24.828531E,45,22.8,16
5675,T,260731,052847,60.433773N,24.828564E,45,22.8,17
5676,T,260731,052848,60.433823N,24.828598E,45,22.8,17
5677,T,260731,052849,60.433880N,24.828630E,45,22.5,17
5678,T,260731,052850,60.433933N,24.828665E,45,22.4,17
5679,T,260731,052851,60.433983N,24.828697E,45,22.3,17
5680,T,260731,052852,60.434036N,24.828733E,45,22.3,17
5681,T,260731,052853,60.434090N,24.828768E,45,22.3,18
5682,T,260731,052854,60.434143N,24.828804E,45,22.3,17
5683,T,260731,052855,60.434196N,24.828836E,45,22.3,17
5684,T,260731,052856,60.434250N,24.828869E,45,22.4,17
5685,T,260731,052857,60.434299N,24.828901E,45,22.6,17
5686,T,260731,052858,60.434357N,24.828936E,45,22.7,17
5687,T,260731,052859,60.434406N,24.828972E,45,22.9,17
5688,T,260731,052900,60.434464N,24.829008E,45,23.0,18
5689,T,260731,052901,60.434521N,24.829044E,45,23.0,18
5690,T,260731,052902,60.434574N,24.829077E,45,23.1,18
5691,T,260731,052903,60.434631N,24.829111E,45,23.2,17
5692,T,260731,052904,60.434685N,24.829145E,45,23.2,17
5693,T,260731,052905,60.434738N,24.829184E,45,23.2,17
5694,T,260731,052906,60.434795N,24.829216E,45,23.2,17
5695,T,260731,052907,60.434853N,24.829252E,45,23.3,17
5696,T,260731,052908,60.434910N,24.829287E,45,23.3,17
5697,T,260731,052909,60.434959N,24.829325E,45,23.3,17
5698,T,260731,052910,60.435017N,24.829357E,45,23.3,17
5699,T,260731,052911,60.435074N,24.829393E,45,23.3,17
5700,T,260731,052912,60.435127N,24.829430E,45,23.2,17
5701,T,260731,052913,60.435184N,24.829466E,45,23.2,18
5702,T,260731,052914,60.435242N,24.829504E,45,22.8,18
5703,T,260731,052915,60.435291N,24.829536E,45,22.4,17
5704,T,260731,052916,60.435349N,24.829569E,45,22.1,17
5705,T,260731,052917,60.435398N,24.829599E,46,21.7,17
5706,T,260731,052918,60.435448N,24.829632E,46,21.4,17
5707,T,260731,052919,60.435501N,24.829664E,46,21.3,17
5708,T,260731,052920,60.435551N,24.829699E,46,21.2,17
5709,T,260731,052921,60.435600N,24.829735E,46,21.2,17
5710,T,260731,052922,60.435654N,24.829763E,46,20.5,18
5711,T,260731,052923,60.435699N,24.829798E,46,20.4,18
5712,T,260731,052924,60.435749N,24.829828E,46,19.8,17
5713,T,260731,052925,60.435795N,24.829857E,46,19.2,18
5714,T,260731,052926,60.435841N,24.829885E,46,18.9,18
5715,T,260731,052927,60.435886N,24.829914E,47,18.2,18
5716,T,260731,052928,60.435928N,24.829941E,47,17.4,18
5717,T,260731,052929,60.435966N,24.829966E,47,16.9,18
5718,T,260731,052930,60.436008N,24.829996E,47,16.2,17
5719,T,260731,052931,60.436039N,24.830023E,47,16.3,17
5720,T,260731,052932,60.436081N,24.830048E,47,16.6,17
5721,T,260731,052933,60.436119N,24.830076E,48,16.6,17
5722,T,260731,052934,60.436157N,24.830105E,48,16.5,18
5723,T,260731,052935,60.436192N,24.830133E,48,16.6,19
5724,T,260731,052936,60.436234N,24.830162E,48,16.7,19
5725,T,260731,052937,60.436272N,24.830194E,48,17.1,20
5726,T,260731,052938,60.436314N,24.830223E,48,17.2,20
5727,T,260731,052939,60.436356N,24.830252E,49,17.3,19
5728,T,260731,052940,60.436398N,24.830282E,49,17.4,19
5729,T,260731,052941,60.436436N,24.830311E,49,17.3,19
5730,T,260731,052942,60.436478N,24.830336E,49,17.0,18
5731,T,260731,052943,60.436520N,24.830362E,49,17.0,18
5732,T,260731,052944,60.436562N,24.830391E,50,16.9,18
5733,T,260731,052945,60.436600N,24.830416E,50,16.6,18
5734,T,260731,052946,60.436638N,24.830444E,50,16.2,18
5735,T,260731,052947,60.436676N,24.830465E,50,16.2,18
5736,T,260731,052948,60.436710N,24.830492E,50,16.1,18
5737,T,260731,052949,60.436752N,24.830517E,51,16.0,18
5738,T,260731,052950,60.436790N,24.830540E,51,15.8,17
5739,T,260731,052951,60.436829N,24.830564E,51,15.7,18
5740,T,260731,052952,60.436863N,24.830585E,51,15.6,17
5741,T,260731,052953,60.436901N,24.830608E,51,15.1,17
5742,T,260731,052954,60.436939N,24.830627E,52,15.2,17
5743,T,260731,052955,60.436977N,24.830648E,52,15.4,17
5744,T,260731,052956,60.437008N,24.830669E,52,15.4,17
5745,T,260731,052957,60.437050N,24.830694E,52,15.5,17
5746,T,260731,052958,60.437084N,24.830715E,52,15.6,16
5747,T,260731,052959,60.437119N,24.830738E,52,15.6,16
5748,T,260731,053000,60.437160N,24.830763E,52,15.6,17
5749,T,260731,053001,60.437195N,24.830784E,53,15.3,16
5750,T,260731,053002,60.437233N,24.830809E,53,14.4,17
5751,T,260731,053003,60.437263N,24.830830E,53,13.8,16
5752,T,260731,053004,60.437298N,24.830849E,53,13.4,16
5753,T,260731,053005,60.437328N,24.830866E,53,13.3,15
5754,T,260731,053006,60.437359N,24.830885E,54,13.3,16
5755,T,260731,053007,60.437393N,24.830904E,54,13.4,16
5756,T,260731,053008,60.437428N,24.830923E,54,13.4,16
5757,T,260731,053009,60.437462N,24.830944E,54,13.8,17
5758,T,260731,053010,60.437492N,24.830963E,54,13.8,17
5759,T,260731,053011,60.437523N,24.830984E,54,13.8,17
5760,T,260731,053012,60.437561N,24.831003E,54,13.8,17
5761,T,260731,053013,60.437592N,24.831022E,55,13.8,16
5762,T,260731,053014,60.437626N,24.831039E,55,13.8,15
5763,T,260731,053015,60.437660N,24.831060E,55,13.9,16
5764,T,260731,053016,60.437691N,24.831081E,55,14.2,16
5765,T,260731,053017,60.437729N,24.831102E,55,14.2,16
5766,T,260731,053018,60.437759N,24.831121E,55,14.2,15
5767,T,260731,053019,60.437798N,24.831139E,55,13.9,15
5768,T,260731,053020,60.437828N,24.831156E,56,13.6,15
5769,T,260731,053021,60.437859N,24.831177E,56,13.5,14
5770,T,260731,053022,60.437893N,24.831194E,56,13.2,15
5771,T,260731,053023,60.437923N,24.831211E,56,13.1,15
5772,T,260731,053024,60.437958N,24.831230E,56,13.0,15
5773,T,260731,053025,60.437992N,24.831247E,56,13.0,15
5774,T,260731,053026,60.438019N,24.831264E,57,13.1,15
5775,T,260731,053027,60.438053N,24.831282E,57,13.1,16
5776,T,260731,053028,60.438084N,24.831299E,57,13.1,16
5777,T,260731,053029,60.438122N,24.831316E,57,13.6,15
5778,T,260731,053030,60.438152N,24.831331E,57,13.6,15
5779,T,260731,053031,60.438187N,24.831348E,57,13.7,14
5780,T,260731,053032,60.438221N,24.831366E,57,13.7,14
5781,T,260731,053033,60.438251N,24.831385E,58,13.8,15
5782,T,260731,053034,60.438286N,24.831404E,58,13.7,14
5783,T,260731,053035,60.438320N,24.831421E,58,13.8,14
5784,T,260731,053036,60.438351N,24.831436E,58,13.7,14
5785,T,260731,053037,60.438381N,24.831453E,59,13.7,13
5786,T,260731,053038,60.438416N,24.831472E,59,13.6,14
5787,T,260731,053039,60.438450N,24.831488E,59,13.7,14
5788,T,260731,053040,60.438480N,24.831505E,59,14.0,13
5789,T,260731,053041,60.438515N,24.831522E,59,14.0,13
5790,T,260731,053042,60.438553N,24.831537E,59,14.0,13
5791,T,260731,053043,60.438583N,24.831556E,60,13.9,13
5792,T,260731,053044,60.438618N,24.831572E,60,13.8,13
5793,T,260731,053045,60.438648N,24.831591E,60,13.8,13
5794,T,260731,053046,60.438683N,24.831606E,60,13.8,13
5795,T,260731,053047,60.438721N,24.831623E,60,13.9,13
5796,T,260731,053048,60.438751N,24.831642E,61,14.0,14
5797,T,260731,053049,60.438786N,24.831657E,61,14.0,13
5798,T,260731,053050,60.438820N,24.831676E,61,14.0,13
5799,T,260731,053051,60.438850N,24.831694E,61,13.5,14
5800,T,260731,053052,60.438885N,24.831711E,61,13.5,13
5801,T,260731,053053,60.438915N,24.831726E,61,13.3,13
5802,T,260731,053054,60.438953N,24.831743E,62,13.4,13
5803,T,260731,053055,60.438980N,24.831760E,62,13.4,13
5804,T,260731,053056,60.439014N,24.831772E,62,13.5,12
5805,T,260731,053057,60.439049N,24.831787E,62,13.6,13
5806,T,260731,053058,60.439079N,24.831806E,62,13.7,13
5807,T,260731,053059,60.439117N,24.831823E,63,13.8,13
5808,T,260731,053100,60.439152N,24.831839E,63,13.9,13
5809,T,260731,053101,60.439182N,24.831854E,63,14.2,13
5810,T,260731,053102,60.439220N,24.831873E,63,14.3,13
5811,T,260731,053103,60.439255N,24.831888E,63,14.4,12
5812,T,260731,053104,60.439289N,24.831903E,63,14.4,13
5813,T,260731,053105,60.439323N,24.831924E,63,14.4,14
5814,T,260731,053106,60.439362N,24.831944E,64,14.5,13
5815,T,260731,053107,60.439400N,24.831957E,64,14.6,12
5816,T,260731,053108,60.439430N,24.831970E,64,14.6,12
5817,T,260731,053109,60.439472N,24.831985E,64,14.6,12
5818,T,260731,053110,60.439503N,24.832005E,65,14.6,12
5819,T,260731,053111,60.439541N,24.832022E,65,14.7,12
5820,T,260731,053112,60.439579N,24.832041E,65,14.7,13
5821,T,260731,053113,60.439613N,24.832058E,65,14.8,13
5822,T,260731,053114,60.439648N,24.832073E,65,14.9,12
5823,T,260731,053115,60.439690N,24.832090E,65,14.9,11
5824,T,260731,053116,60.439724N,24.832104E,65,14.9,11
5825,T,260731,053117,60.439758N,24.832125E,66,14.9,12
5826,T,260731,053118,60.439796N,24.832140E,66,15.0,12
5827,T,260731,053119,60.439831N,24.832157E,66,15.5,12
5828,T,260731,053120,60.439873N,24.832174E,66,15.6,11
5829,T,260731,053121,60.439911N,24.832190E,66,15.2,11
5830,T,260731,053122,60.439949N,24.832207E,66,15.2,11
5831,T,260731,053123,60.439983N,24.832224E,66,15.2,11
5832,T,260731,053124,60.440022N,24.832237E,66,15.3,11
5833,T,260731,053125,60.440060N,24.832254E,67,15.6,10
5834,T,260731,053126,60.440102N,24.832270E,67,15.7,11
5835,T,260731,053127,60.440140N,24.832287E,67,15.9,11
5836,T,260731,053128,60.440182N,24.832304E,67,16.0,11
5837,T,260731,053129,60.440220N,24.832319E,67,16.3,11
5838,T,260731,053130,60.440262N,24.832336E,67,16.3,10
5839,T,260731,053131,60.440300N,24.832352E,67,16.4,10
5840,T,260731,053132,60.440338N,24.832371E,67,16.3,11
5841,T,260731,053133,60.440380N,24.832386E,68,16.4,11
5842,T,260731,053134,60.440426N,24.832401E,68,16.4,11
5843,T,260731,053135,60.440464N,24.832417E,68,16.5,10
5844,T,260731,053136,60.440502N,24.832430E,68,16.6,10
5845,T,260731,053137,60.440548N,24.832445E,68,16.9,10
5846,T,260731,053138,60.440594N,24.832464E,68,16.9,10
5847,T,260731,053139,60.440632N,24.832479E,68,16.9,10
5848,T,260731,053140,60.440674N,24.832497E,69,17.0,10
5849,T,260731,053141,60.440716N,24.832512E,69,17.0,10
5850,T,260731,053142,60.440758N,24.832529E,69,17.0,11
5851,T,260731,053143,60.440800N,24.832546E,69,17.0,11
5852,T,260731,053144,60.440842N,24.832561E,69,17.0,10
5853,T,260731,053145,60.440880N,24.832577E,69,17.0,10
5854,T,260731,053146,60.440926N,24.832590E,69,17.4,9
5855,T,260731,053147,60.440968N,24.832603E,70,17.4,9
5856,T,260731,053148,60.441010N,24.832621E,70,17.7,9
5857,T,260731,053149,60.441055N,24.832636E,70,17.7,9
5858,T,260731,053150,60.441101N,24.832651E,70,17.4,10
5859,T,260731,053151,60.441139N,24.832668E,70,17.3,10
5860,T,260731,053152,60.441181N,24.832682E,70,17.0,9
5861,T,260731,053153,60.441223N,24.832697E,71,16.9,9
5862,T,260731,053154,60.441265N,24.832708E,71,16.9,9
5863,T,260731,053155,60.441307N,24.832724E,71,17.0,9
5864,T,260731,053156,60.441349N,24.832735E,71,17.1,9
5865,T,260731,053157,60.441391N,24.832752E,71,17.2,9
5866,T,260731,053158,60.441433N,24.832766E,71,17.2,9
5867,T,260731,053159,60.441475N,24.832783E,71,17.2,9
5868,T,260731,053200,60.441521N,24.832794E,71,17.2,9
5869,T,260731,053201,60.441559N,24.832804E,72,17.1,9
5870,T,260731,053202,60.441601N,24.832821E,72,16.8,8
5871,T,260731,053203,60.441639N,24.832834E,72,16.7,8
5872,T,260731,053204,60.441685N,24.832844E,72,16.7,8
5873,T,260731,053205,60.441723N,24.832857E,72,16.7,8
5874,T,260731,053206,60.441765N,24.832872E,72,16.6,7
5875,T,260731,053207,60.441807N,24.832884E,73,16.5,7
5876,T,260731,053208,60.441849N,24.832895E,73,16.5,7
5877,T,260731,053209,60.441887N,24.832909E,73,16.5,7
5878,T,260731,053210,60.441929N,24.832920E,73,16.5,8
5879,T,260731,053211,60.441967N,24.832932E,73,16.4,8
5880,T,260731,053212,60.442009N,24.832941E,73,16.3,7
5881,T,260731,053213,60.442047N,24.832951E,74,16.2,7
5882,T,260731,053214,60.442089N,24.832962E,74,15.8,7
5883,T,260731,053215,60.442123N,24.832970E,74,15.8,6
5884,T,260731,053216,60.442165N,24.832977E,74,15.7,6
5885,T,260731,053217,60.442204N,24.832987E,74,15.7,6
5886,T,260731,053218,60.442245N,24.832996E,75,15.7,5
5887,T,260731,053219,60.442284N,24.833004E,75,15.7,5
5888,T,260731,053220,60.442322N,24.833012E,75,15.7,6
5889,T,260731,053221,60.442360N,24.833019E,75,15.7,6
5890,T,260731,053222,60.442402N,24.833029E,75,15.7,6
5891,T,260731,053223,60.442440N,24.833036E,75,15.6,7
5892,T,260731,053224,60.442478N,24.833046E,76,15.2,7
5893,T,260731,053225,60.442516N,24.833055E,76,15.2,6
5894,T,260731,053226,60.442554N,24.833059E,76,15.2,5
5895,T,260731,053227,60.442593N,24.833067E,76,14.9,5
5896,T,260731,053228,60.442627N,24.833076E,77,14.9,5
5897,T,260731,053229,60.442665N,24.833082E,77,14.8,5
5898,T,260731,053230,60.442703N,24.833088E,77,14.8,5
5899,T,260731,053231,60.442741N,24.833096E,77,14.7,6
5900,T,260731,053232,60.442780N,24.833103E,77,14.8,7
5901,T,260731,053233,60.442818N,24.833115E,78,14.8,6
5902,T,260731,053234,60.442852N,24.833122E,78,15.1,6
5903,T,260731,053235,60.442886N,24.833132E,78,15.2,7
5904,T,260731,053236,60.442928N,24.833139E,78,15.1,6
5905,T,260731,053237,60.442963N,24.833145E,78,15.1,6
5906,T,260731,053238,60.443005N,24.833157E,78,15.2,6
5907,T,260731,053239,60.443039N,24.833162E,79,15.3,6
5908,T,260731,053240,60.443081N,24.833170E,79,15.3,6
5909,T,260731,053241,60.443115N,24.833179E,79,15.4,6
5910,T,260731,053242,60.443157N,24.833185E,79,15.4,6
5911,T,260731,053243,60.443192N,24.833197E,79,15.4,6
5912,T,260731,053244,60.443233N,24.833202E,79,15.4,6
5913,T,260731,053245,60.443268N,24.833210E,79,15.5,6
5914,T,260731,053246,60.443310N,24.833218E,79,15.5,6
5915,T,260731,053247,60.443348N,24.833225E,80,15.6,6
5916,T,260731,053248,60.443390N,24.833237E,80,15.7,6
5917,T,260731,053249,60.443428N,24.833242E,80,15.8,5
5918,T,260731,053250,60.443462N,24.833250E,80,15.8,5
5919,T,260731,053251,60.443504N,24.833258E,80,15.9,5
5920,T,260731,053252,60.443542N,24.833263E,80,15.9,5
5921,T,260731,053253,60.443584N,24.833273E,80,16.0,5
5922,T,260731,053254,60.443623N,24.833279E,81,16.0,4
5923,T,260731,053255,60.443665N,24.833286E,81,15.9,4
5924,T,260731,053256,60.443703N,24.833296E,81,15.9,5
5925,T,260731,053257,60.443741N,24.833302E,81,15.9,4
5926,T,260731,053258,60.443779N,24.833307E,81,15.9,5
5927,T,260731,053259,60.443821N,24.833317E,81,16.0,5
5928,T,260731,053300,60.443859N,24.833317E,81,16.1,4
5929,T,260731,053301,60.443905N,24.833323E,81,16.1,4
5930,T,260731,053302,60.443943N,24.833328E,82,16.2,4
5931,T,260731,053303,60.443985N,24.833338E,82,16.2,5
5932,T,260731,053304,60.444023N,24.833345E,82,16.2,5
5933,T,260731,053305,60.444065N,24.833357E,82,16.3,5
5934,T,260731,053306,60.444103N,24.833363E,82,16.3,4
5935,T,260731,053307,60.444145N,24.833368E,82,16.4,4
5936,T,260731,053308,60.444183N,24.833376E,82,16.5,4
5937,T,260731,053309,60.444225N,24.833384E,83,16.9,5
5938,T,260731,053310,60.444267N,24.833393E,83,17.0,5
5939,T,260731,053311,60.444309N,24.833399E,83,17.0,4
5940,T,260731,053312,60.444351N,24.833405E,83,17.0,4
5941,T,260731,053313,60.444393N,24.833412E,83,17.1,3
5942,T,260731,053314,60.444435N,24.833418E,83,17.2,4
5943,T,260731,053315,60.444481N,24.833427E,83,17.2,4
5944,T,260731,053316,60.444523N,24.833435E,83,17.4,3
5945,T,260731,053317,60.444569N,24.833443E,83,17.5,4
5946,T,260731,053318,60.444611N,24.833450E,83,17.8,4
5947,T,260731,053319,60.444656N,24.833456E,83,17.9,3
5948,T,260731,053320,60.444698N,24.833464E,83,18.0,3
5949,T,260731,053321,60.444748N,24.833469E,83,18.3,4
5950,T,260731,053322,60.444794N,24.833475E,83,18.7,3
5951,T,260731,053323,60.444839N,24.833481E,83,18.7,3
5952,T,260731,053324,60.444889N,24.833487E,83,19.1,3
5953,T,260731,053325,60.444935N,24.833492E,83,19.2,3
5954,T,260731,053326,60.444984N,24.833498E,83,19.4,3
5955,T,260731,053327,60.445030N,24.833504E,83,19.5,3
5956,T,260731,053328,60.445080N,24.833511E,83,19.8,3
5957,T,260731,053329,60.445129N,24.833517E,83,20.1,3
5958,T,260731,053330,60.445179N,24.833525E,83,20.2,3
5959,T,260731,053331,60.445232N,24.833530E,83,20.3,3
5960,T,260731,053332,60.445278N,24.833536E,83,20.4,3
5961,T,260731,053333,60.445332N,24.833538E,83,20.9,2
5962,T,260731,053334,60.445389N,24.833542E,83,21.0,2
5963,T,260731,053335,60.445438N,24.833546E,83,21.1,2
5964,T,260731,053336,60.445492N,24.833551E,83,21.6,2
5965,T,260731,053337,60.445553N,24.833555E,83,22.0,2
5966,T,260731,053338,60.445606N,24.833565E,83,22.3,2
5967,T,260731,053339,60.445663N,24.833569E,83,22.7,2
5968,T,260731,053340,60.445721N,24.833572E,83,23.0,2
5969,T,260731,053341,60.445782N,24.833576E,83,23.1,1
5970,T,260731,053342,60.445839N,24.833580E,83,23.6,1
5971,T,260731,053343,60.445900N,24.833582E,83,23.7,1
5972,T,260731,053344,60.445961N,24.833584E,83,24.2,1
5973,T,260731,053345,60.446018N,24.833586E,83,24.4,1
5974,T,260731,053346,60.446079N,24.833590E,83,24.7,1
5975,T,260731,053347,60.446144N,24.833593E,83,24.7,1
5976,T,260731,053348,60.446205N,24.833593E,83,24.2,359
5977,T,260731,053349,60.446262N,24.833591E,83,24.1,0
5978,T,260731,053350,60.446323N,24.833593E,82,24.0,1
5979,T,260731,053351,60.446384N,24.833595E,82,24.0,1
5980,T,260731,053352,60.446445N,24.833595E,82,24.0,0
5981,T,260731,053353,60.446503N,24.833595E,82,24.0,359
5982,T,260731,053354,60.446564N,24.833595E,82,24.1,359
5983,T,260731,053355,60.446625N,24.833593E,82,24.2,359
5984,T,260731,053356,60.446686N,24.833595E,81,24.2,0
5985,T,260731,053357,60.446743N,24.833595E,81,24.2,0
5986,T,260731,053358,60.446808N,24.833595E,81,24.2,0
5987,T,260731,053359,60.446869N,24.833595E,81,24.2,359
5988,T,260731,053400,60.446926N,24.833595E,81,24.6,359
5989,T,260731,053401,60.446991N,24.833595E,81,24.9,0
5990,T,260731,053402,60.447052N,24.833593E,81,25.0,0
5991,T,260731,053403,60.447117N,24.833588E,81,25.3,359
5992,T,260731,053404,60.447182N,24.833584E,81,25.5,359
5993,T,260731,053405,60.447243N,24.833584E,81,25.6,359
5994,T,260731,053406,60.447308N,24.833584E,80,26.0,359
5995,T,260731,053407,60.447369N,24.833586E,80,26.1,0
5996,T,260731,053408,60.447437N,24.833588E,80,26.5,0
5997,T,260731,053409,60.447502N,24.833588E,80,26.5,359
5998,T,260731,053410,60.447567N,24.833586E,80,26.5,359
5999,T,260731,053411,60.447636N,24.833586E,80,26.4,359
6000,T,260731,053412,60.447701N,24.833586E,80,26.3,359
6001,T,260731,053413,60.447769N,24.833586E,80,26.2,359
6002,T,260731,053414,60.447830N,24.833588E,80,26.2,0
6003,T,260731,053415,60.447899N,24.833590E,80,26.1,0
6004,T,260731,053416,60.447964N,24.833591E,80,26.0,0
6005,T,260731,053417,60.448029N,24.833595E,80,25.9,1
6006,T,260731,053418,60.448093N,24.833597E,80,25.6,0
6007,T,260731,053419,60.448154N,24.833597E,80,25.5,0
6008,T,260731,053420,60.448219N,24.833599E,80,25.0,0
6009,T,260731,053421,60.448280N,24.833603E,80,24.5,0
6010,T,260731,053422,60.448345N,24.833605E,80,24.5,0
6011,T,260731,053423,60.448402N,24.833605E,80,24.3,0
6012,T,260731,053424,60.448463N,24.833605E,80,24.0,0
6013,T,260731,053425,60.448524N,24.833607E,80,24.1,0
6014,T,260731,053426,60.448586N,24.833609E,80,24.1,0
6015,T,260731,053427,60.448643N,24.833609E,80,24.0,0
6016,T,260731,053428,60.448704N,24.833611E,80,23.6,0
6017,T,260731,053429,60.448765N,24.833612E,80,23.6,0
6018,T,260731,053430,60.448818N,24.833612E,80,23.2,359
6019,T,260731,053431,60.448879N,24.833614E,81,23.2,0
6020,T,260731,053432,60.448936N,24.833616E,81,23.1,0
6021,T,260731,053433,60.448994N,24.833616E,81,23.0,0
6022,T,260731,053434,60.449047N,24.833618E,81,22.6,0
6023,T,260731,053435,60.449104N,24.833620E,81,22.6,1
6024,T,260731,053436,60.449162N,24.833620E,81,22.1,359
6025,T,260731,053437,60.449211N,24.833620E,81,22.0,0
6026,T,260731,053438,60.449268N,24.833622E,81,21.9,0
6027,T,260731,053439,60.449326N,24.833618E,81,21.7,359
6028,T,260731,053440,60.449379N,24.833616E,81,21.8,0
6029,T,260731,053441,60.449432N,24.833616E,81,22.2,1
6030,T,260731,053442,60.449490N,24.833616E,81,22.6,359
6031,T,260731,053443,60.449547N,24.833618E,81,22.6,1
6032,T,260731,053444,60.449604N,24.833620E,82,22.7,359
6033,T,260731,053445,60.449661N,24.833622E,82,22.8,0
6034,T,260731,053446,60.449718N,24.833624E,82,22.8,0
6035,T,260731,053447,60.449776N,24.833624E,82,22.3,0
6036,T,260731,053448,60.449833N,24.833624E,82,22.2,0
6037,T,260731,053449,60.449886N,24.833626E,82,22.1,0
6038,T,260731,053450,60.449940N,24.833626E,82,22.1,359
6039,T,260731,053451,60.449997N,24.833628E,82,22.0,0
6040,T,260731,053452,60.450050N,24.833628E,82,22.1,359
6041,T,260731,053453,60.450108N,24.833630E,83,22.0,359
6042,T,260731,053454,60.450161N,24.833630E,83,22.0,359
6043,T,260731,053455,60.450214N,24.833628E,83,22.0,0
6044,T,260731,053456,60.450272N,24.833628E,83,21.9,359
6045,T,260731,053457,60.450325N,24.833628E,83,21.8,359
6046,T,260731,053458,60.450378N,24.833626E,83,21.8,358
6047,T,260731,053459,60.450432N,24.833624E,83,22.2,358
6048,T,260731,053500,60.450489N,24.833624E,84,22.3,359
6049,T,260731,053501,60.450542N,24.833624E,84,22.3,359
6050,T,260731,053502,60.450600N,24.833620E,84,22.4,358
6051,T,260731,053503,60.450657N,24.833616E,84,22.4,358
6052,T,260731,053504,60.450710N,24.833611E,84,22.4,358
6053,T,260731,053505,60.450768N,24.833609E,84,22.4,358
6054,T,260731,053506,60.450825N,24.833607E,84,22.4,358
6055,T,260731,053507,60.450878N,24.833605E,85,22.3,358
6056,T,260731,053508,60.450935N,24.833599E,85,22.0,358
6057,T,260731,053509,60.450989N,24.833597E,85,21.9,358
6058,T,260731,053510,60.451042N,24.833597E,85,21.9,358
6059,T,260731,053511,60.451099N,24.833595E,85,21.8,358
6060,T,260731,053512,60.451153N,24.833593E,85,21.8,358
6061,T,260731,053513,60.451206N,24.833591E,85,21.8,357
6062,T,260731,053514,60.451260N,24.833586E,85,21.8,357
6063,T,260731,053515,60.451317N,24.833582E,85,21.9,357
6064,T,260731,053516,60.451370N,24.833576E,85,22.2,357
6065,T,260731,053517,60.451427N,24.833570E,85,22.2,357
6066,T,260731,053518,60.451485N,24.833565E,85,22.2,357
6067,T,260731,053519,60.451542N,24.833555E,86,22.2,356
6068,T,260731,053520,60.451591N,24.833551E,86,22.1,356
6069,T,260731,053521,60.451649N,24.833546E,86,22.1,356
6070,T,260731,053522,60.451698N,24.833538E,86,21.8,356
6071,T,260731,053523,60.451756N,24.833530E,86,21.8,356
6072,T,260731,053524,60.451813N,24.833523E,86,21.8,355
6073,T,260731,053525,60.451866N,24.833509E,86,21.8,355
6074,T,260731,053526,60.451920N,24.833500E,86,21.9,354
6075,T,260731,053527,60.451977N,24.833490E,86,22.0,354
6076,T,260731,053528,60.452030N,24.833481E,86,22.0,354
6077,T,260731,053529,60.452087N,24.833469E,86,22.4,355
6078,T,260731,053530,60.452141N,24.833462E,86,22.5,355
6079,T,260731,053531,60.452202N,24.833452E,86,22.8,355
6080,T,260731,053532,60.452255N,24.833443E,86,22.9,355
6081,T,260731,053533,60.452312N,24.833427E,86,23.0,355
6082,T,260731,053534,60.452374N,24.833418E,86,23.4,355
6083,T,260731,053535,60.452431N,24.833408E,86,23.7,355
6084,T,260731,053536,60.452488N,24.833399E,86,23.8,355
6085,T,260731,053537,60.452553N,24.833385E,86,23.8,355
6086,T,260731,053538,60.452606N,24.833376E,86,23.7,355
6087,T,260731,053539,60.452667N,24.833364E,86,23.4,354
6088,T,260731,053540,60.452724N,24.833349E,86,23.3,354
6089,T,260731,053541,60.452782N,24.833336E,85,23.3,353
6090,T,260731,053542,60.452839N,24.833324E,85,23.4,353
6091,T,260731,053543,60.452900N,24.833315E,85,23.5,354
6092,T,260731,053544,60.452957N,24.833302E,85,23.7,354
6093,T,260731,053545,60.453014N,24.833290E,85,24.0,354
6094,T,260731,053546,60.453075N,24.833279E,85,24.2,354
6095,T,260731,053547,60.453140N,24.833263E,84,24.8,353
6096,T,260731,053548,60.453201N,24.833250E,84,25.3,353
6097,T,260731,053549,60.453262N,24.833239E,84,25.8,354
6098,T,260731,053550,60.453327N,24.833223E,84,26.2,353
6099,T,260731,053551,60.453396N,24.833206E,83,26.7,353
6100,T,260731,053552,60.453465N,24.833193E,83,27.0,353
6101,T,260731,053553,60.453533N,24.833176E,83,27.4,353
6102,T,260731,053554,60.453602N,24.833160E,83,27.8,353
6103,T,260731,053555,60.453671N,24.833143E,83,27.9,353
6104,T,260731,053556,60.453739N,24.833128E,82,28.3,353
6105,T,260731,053557,60.453808N,24.833111E,82,28.4,353
6106,T,260731,053558,60.453880N,24.833094E,82,28.8,353
6107,T,260731,053559,60.453953N,24.833080E,81,29.0,353
6108,T,260731,053600,60.454025N,24.833063E,81,29.3,353
6109,T,260731,053601,60.454102N,24.833044E,81,29.5,353
6110,T,260731,053602,60.454170N,24.833027E,80,29.9,353
6111,T,260731,053603,60.454247N,24.833006E,80,30.0,352
6112,T,260731,053604,60.454319N,24.832989E,80,30.5,352
6113,T,260731,053605,60.454399N,24.832972E,80,30.6,352
6114,T,260731,053606,60.454472N,24.832956E,79,31.0,353
6115,T,260731,053607,60.454552N,24.832937E,79,31.1,353
6116,T,260731,053608,60.454628N,24.832922E,79,31.2,353
6117,T,260731,053609,60.454704N,24.832911E,79,31.9,353
6118,T,260731,053610,60.454784N,24.832891E,78,32.0,353
6119,T,260731,053611,60.454861N,24.832876E,78,32.2,354
6120,T,260731,053612,60.454941N,24.832857E,78,32.2,354
6121,T,260731,053613,60.455021N,24.832842E,77,32.2,354
6122,T,260731,053614,60.455101N,24.832825E,77,32.3,354
6123,T,260731,053615,60.455181N,24.832804E,77,31.9,353
6124,T,260731,053616,60.455257N,24.832785E,76,31.6,353
6125,T,260731,053617,60.455338N,24.832767E,76,32.8,354
6126,T,260731,053618,60.455421N,24.832756E,76,32.8,354
6127,T,260731,053619,60.455502N,24.832739E,75,32.8,354
6128,T,260731,053620,60.455582N,24.832724E,75,32.8,355
6129,T,260731,053621,60.455662N,24.832712E,75,32.0,355
6130,T,260731,053622,60.455742N,24.832703E,74,32.8,355
6131,T,260731,053623,60.455818N,24.832693E,74,32.7,356
6132,T,260731,053624,60.455898N,24.832684E,74,32.2,356
6133,T,260731,053625,60.455982N,24.832674E,74,32.4,356
6134,T,260731,053626,60.456066N,24.832666E,73,32.4,356
6135,T,260731,053627,60.456146N,24.832659E,73,32.4,356
6136,T,260731,053628,60.456230N,24.832655E,73,32.7,357
6137,T,260731,053629,60.456310N,24.832647E,72,32.7,357
6138,T,260731,053630,60.456394N,24.832642E,72,32.7,358
6139,T,260731,053631,60.456474N,24.832636E,72,32.8,358
6140,T,260731,053632,60.456558N,24.832636E,72,32.8,358
6141,T,260731,053633,60.456638N,24.832634E,72,33.0,359
6142,T,260731,053634,60.456722N,24.832630E,71,33.0,359
6143,T,260731,053635,60.456806N,24.832630E,71,33.1,0
6144,T,260731,053636,60.456886N,24.832630E,71,33.1,0
6145,T,260731,053637,60.456970N,24.832632E,71,33.1,0
6146,T,260731,053638,60.457054N,24.832636E,70,33.1,0
6147,T,260731,053639,60.457142N,24.832638E,70,33.1,0
6148,T,260731,053640,60.457218N,24.832640E,69,33.1,0
6149,T,260731,053641,60.457294N,24.832645E,69,32.6,0
6150,T,260731,053642,60.457375N,24.832655E,69,32.4,1
6151,T,260731,053643,60.457455N,24.832664E,69,32.1,2
6152,T,260731,053644,60.457531N,24.832678E,69,31.4,2
6153,T,260731,053645,60.457615N,24.832687E,69,31.8,2
6154,T,260731,053646,60.457695N,24.832699E,68,31.7,3
6155,T,260731,053647,60.457779N,24.832708E,68,31.7,3
6156,T,260731,053648,60.457859N,24.832716E,68,31.7,3
6157,T,260731,053649,60.457939N,24.832724E,68,31.7,4
6158,T,260731,053650,60.458023N,24.832733E,67,31.8,4
6159,T,260731,053651,60.458103N,24.832745E,67,32.3,4
6160,T,260731,053652,60.458187N,24.832760E,67,32.4,5
6161,T,260731,053653,60.458271N,24.832775E,67,32.5,5
6162,T,260731,053654,60.458351N,24.832790E,66,32.6,5
6163,T,260731,053655,60.458431N,24.832808E,66,32.7,6
6164,T,260731,053656,60.458515N,24.832829E,66,32.7,6
6165,T,260731,053657,60.458595N,24.832848E,65,32.7,6
6166,T,260731,053658,60.458679N,24.832867E,65,32.7,7
6167,T,260731,053659,60.458759N,24.832884E,65,32.3,7
6168,T,260731,053700,60.458839N,24.832907E,65,32.2,7
6169,T,260731,053701,60.458920N,24.832930E,64,32.1,7
6170,T,260731,053702,60.458996N,24.832954E,64,31.8,8
6171,T,260731,053703,60.459076N,24.832975E,64,31.8,8
6172,T,260731,053704,60.459156N,24.832996E,64,31.7,8
6173,T,260731,053705,60.459232N,24.833017E,64,31.3,8
6174,T,260731,053706,60.459312N,24.833044E,63,30.8,9
6175,T,260731,053707,60.459385N,24.833067E,63,30.3,9
6176,T,260731,053708,60.459461N,24.833092E,63,29.9,9
6177,T,260731,053709,60.459534N,24.833117E,63,29.4,9
6178,T,260731,053710,60.459602N,24.833139E,63,28.6,9
6179,T,260731,053711,60.459671N,24.833164E,63,28.0,9
6180,T,260731,053712,60.459740N,24.833187E,63,27.6,10
6181,T,260731,053713,60.459808N,24.833214E,63,27.2,10
6182,T,260731,053714,60.459877N,24.833244E,62,26.6,12
6183,T,260731,053715,60.459942N,24.833281E,62,26.0,12
6184,T,260731,053716,60.460003N,24.833321E,62,26.3,14
6185,T,260731,053717,60.460068N,24.833357E,62,26.5,16
6186,T,260731,053718,60.460133N,24.833393E,62,27.0,15
6187,T,260731,053719,60.460201N,24.833420E,62,27.4,14
6188,T,260731,053720,60.460262N,24.833445E,62,27.5,13
6189,T,260731,053721,60.460331N,24.833469E,62,27.6,11
6190,T,260731,053722,60.460400N,24.833498E,62,27.6,11
6191,T,260731,053723,60.460468N,24.833527E,62,27.6,10
6192,T,260731,053724,60.460537N,24.833553E,62,27.5,10
6193,T,260731,053725,60.460602N,24.833578E,62,26.9,10
6194,T,260731,053726,60.460667N,24.833605E,62,26.8,10
6195,T,260731,053727,60.460732N,24.833633E,62,26.4,10
6196,T,260731,053728,60.460796N,24.833658E,62,26.1,11
6197,T,260731,053729,60.460861N,24.833685E,62,25.6,11
6198,T,260731,053730,60.460918N,24.833712E,62,24.8,12
6199,T,260731,053731,60.460979N,24.833740E,63,24.3,12
6200,T,260731,053732,60.461040N,24.833767E,63,23.8,12
6201,T,260731,053733,60.461098N,24.833792E,63,23.7,12
6202,T,260731,053734,60.461151N,24.833817E,63,22.9,12
6203,T,260731,053735,60.461208N,24.833838E,63,22.2,11
6204,T,260731,053736,60.461262N,24.833860E,63,21.7,11
6205,T,260731,053737,60.461311N,24.833881E,63,21.6,11
6206,T,260731,053738,60.461365N,24.833902E,63,21.2,10
6207,T,260731,053739,60.461414N,24.833923E,64,21.1,10
6208,T,260731,053740,60.461468N,24.833944E,64,21.0,11
6209,T,260731,053741,60.461521N,24.833963E,64,20.9,11
6210,T,260731,053742,60.461567N,24.833984E,64,20.8,11
6211,T,260731,053743,60.461620N,24.834003E,64,20.7,10
6212,T,260731,053744,60.461674N,24.834024E,64,20.6,10
6213,T,260731,053745,60.461720N,24.834044E,64,20.3,11
6214,T,260731,053746,60.461769N,24.834064E,65,20.4,11
6215,T,260731,053747,60.461819N,24.834085E,65,20.4,12
6216,T,260731,053748,60.461868N,24.834110E,65,20.3,13
6217,T,260731,053749,60.461918N,24.834133E,65,20.7,13
6218,T,260731,053750,60.461967N,24.834156E,65,20.4,13
6219,T,260731,053751,60.462017N,24.834181E,65,20.4,13
6220,T,260731,053752,60.462067N,24.834204E,65,20.7,13
6221,T,260731,053753,60.462116N,24.834232E,65,20.7,13
6222,T,260731,053754,60.462166N,24.834257E,65,20.7,14
6223,T,260731,053755,60.462215N,24.834284E,66,20.8,14
6224,T,260731,053756,60.462269N,24.834312E,66,20.9,15
6225,T,260731,053757,60.462318N,24.834339E,66,21.4,15
6226,T,260731,053758,60.462372N,24.834373E,66,21.4,17
6227,T,260731,053759,60.462421N,24.834408E,66,21.4,18
6228,T,260731,053800,60.462471N,24.834438E,66,21.4,17
6229,T,260731,053801,60.462528N,24.834463E,66,21.5,16
6230,T,260731,053802,60.462582N,24.834492E,66,21.4,15
6231,T,260731,053803,60.462631N,24.834518E,66,21.5,14
6232,T,260731,053804,60.462685N,24.834543E,66,21.5,14
6233,T,260731,053805,60.462734N,24.834572E,66,21.8,14
6234,T,260731,053806,60.462791N,24.834600E,66,21.9,14
6235,T,260731,053807,60.462845N,24.834629E,66,22.0,15
6236,T,260731,053808,60.462894N,24.834660E,66,22.1,15
6237,T,260731,053809,60.462952N,24.834692E,66,22.4,16
6238,T,260731,053810,60.463005N,24.834724E,66,22.4,16
6239,T,260731,053811,60.463058N,24.834757E,66,22.4,16
6240,T,260731,053812,60.463112N,24.834787E,66,22.4,16
6241,T,260731,053813,60.463165N,24.834816E,66,22.5,15
6242,T,260731,053814,60.463219N,24.834845E,66,22.9,14
6243,T,260731,053815,60.463276N,24.834871E,66,22.6,14
6244,T,260731,053816,60.463329N,24.834902E,67,22.5,14
6245,T,260731,053817,60.463383N,24.834938E,67,22.4,15
6246,T,260731,053818,60.463440N,24.834972E,67,22.4,15
6247,T,260731,053819,60.463493N,24.835007E,67,22.4,16
6248,T,260731,053820,60.463543N,24.835045E,67,22.3,18
6249,T,260731,053821,60.463596N,24.835087E,67,22.3,20
6250,T,260731,053822,60.463650N,24.835129E,67,22.3,22
6251,T,260731,053823,60.463699N,24.835171E,67,22.4,22
6252,T,260731,053824,60.463753N,24.835205E,67,22.7,21
6253,T,260731,053825,60.463806N,24.835241E,67,22.8,19
6254,T,260731,053826,60.463863N,24.835276E,67,23.2,17
6255,T,260731,053827,60.463921N,24.835312E,67,23.3,16
6256,T,260731,053828,60.463978N,24.835350E,67,23.6,17
6257,T,260731,053829,60.464031N,24.835390E,67,23.8,17
6258,T,260731,053830,60.464088N,24.835428E,66,24.2,18
6259,T,260731,053831,60.464146N,24.835468E,66,24.3,18
6260,T,260731,053832,60.464203N,24.835506E,66,24.7,18
6261,T,260731,053833,60.464260N,24.835545E,66,25.0,18
6262,T,260731,053834,60.464321N,24.835587E,66,25.1,18
6263,T,260731,053835,60.464378N,24.835630E,66,25.6,19
6264,T,260731,053836,60.464439N,24.835676E,66,25.6,19
6265,T,260731,053837,60.464500N,24.835716E,66,26.0,19
6266,T,260731,053838,60.464565N,24.835760E,65,26.1,19
6267,T,260731,053839,60.464622N,24.835802E,65,26.0,19
6268,T,260731,053840,60.464687N,24.835844E,65,26.0,18
6269,T,260731,053841,60.464748N,24.835886E,65,25.9,18
6270,T,260731,053842,60.464809N,24.835928E,65,26.0,18
6271,T,260731,053843,60.464870N,24.835972E,64,26.0,18
6272,T,260731,053844,60.464931N,24.836016E,64,26.7,18
6273,T,260731,053845,60.464996N,24.836058E,64,26.8,18
6274,T,260731,053846,60.465061N,24.836102E,64,27.4,18
6275,T,260731,053847,60.465122N,24.836145E,63,27.5,18
6276,T,260731,053848,60.465191N,24.836189E,63,27.8,18
6277,T,260731,053849,60.465256N,24.836239E,63,28.5,19
6278,T,260731,053850,60.465324N,24.836287E,63,28.5,18
6279,T,260731,053851,60.465393N,24.836329E,62,29.0,18
6280,T,260731,053852,60.465462N,24.836374E,62,29.0,18
6281,T,260731,053853,60.465530N,24.836418E,61,29.6,18
6282,T,260731,053854,60.465599N,24.836468E,61,30.3,18
6283,T,260731,053855,60.465672N,24.836517E,61,30.8,18
6284,T,260731,053856,60.465748N,24.836569E,60,31.6,18
6285,T,260731,053857,60.465820N,24.836622E,60,32.3,18
6286,T,260731,053858,60.465897N,24.836678E,59,33.1,19
6287,T,260731,053859,60.465977N,24.836735E,59,33.9,18
6288,T,260731,053900,60.466057N,24.836790E,59,34.1,18
6289,T,260731,053901,60.466137N,24.836845E,58,34.7,18
6290,T,260731,053902,60.466221N,24.836905E,57,35.3,18
6291,T,260731,053903,60.466305N,24.836962E,57,35.8,18
6292,T,260731,053904,60.466393N,24.837021E,56,36.3,18
6293,T,260731,053905,60.466476N,24.837078E,56,36.5,18
6294,T,260731,053906,60.466564N,24.837139E,55,37.0,18
6295,T,260731,053907,60.466652N,24.837204E,54,37.5,19
6296,T,260731,053908,60.466740N,24.837263E,54,37.8,19
6297,T,260731,053909,60.466831N,24.837326E,53,38.0,18
6298,T,260731,053910,60.466919N,24.837387E,53,38.1,18
6299,T,260731,053911,60.467010N,24.837452E,52,38.1,18
6300,T,260731,053912,60.467106N,24.837515E,52,38.1,18
6301,T,260731,053913,60.467194N,24.837576E,51,38.0,18
6302,T,260731,053914,60.467285N,24.837637E,51,38.1,18
6303,T,260731,053915,60.467373N,24.837698E,50,38.0,18
6304,T,260731,053916,60.467464N,24.837761E,50,38.0,18
6305,T,260731,053917,60.467552N,24.837822E,49,37.6,18
6306,T,260731,053918,60.467640N,24.837885E,49,37.1,18
6307,T,260731,053919,60.467728N,24.837944E,49,36.4,19
6308,T,260731,053920,60.467812N,24.838001E,49,35.6,19
6309,T,260731,053921,60.467896N,24.838058E,48,35.1,18
6310,T,260731,053922,60.467979N,24.838116E,48,34.4,18
6311,T,260731,053923,60.468060N,24.838173E,48,33.7,18
6312,T,260731,053924,60.468140N,24.838226E,48,33.1,18
6313,T,260731,053925,60.468216N,24.838278E,48,32.3,18
6314,T,260731,053926,60.468292N,24.838331E,47,31.7,18
6315,T,260731,053927,60.468365N,24.838385E,47,31.0,18
6316,T,260731,053928,60.468437N,24.838434E,47,30.6,18
6317,T,260731,053929,60.468510N,24.838480E,47,30.2,18
6318,T,260731,053930,60.468575N,24.838528E,47,29.8,19
6319,T,260731,053931,60.468647N,24.838577E,47,29.4,19
6320,T,260731,053932,60.468716N,24.838627E,46,28.9,18
6321,T,260731,053933,60.468784N,24.838676E,46,28.3,19
6322,T,260731,053934,60.468849N,24.838722E,46,27.9,18
6323,T,260731,053935,60.468918N,24.838766E,46,27.9,18
6324,T,260731,053936,60.468983N,24.838812E,46,28.0,18
6325,T,260731,053937,60.469048N,24.838856E,46,28.1,18
6326,T,260731,053938,60.469116N,24.838903E,46,28.1,18
6327,T,260731,053939,60.469181N,24.838949E,46,28.1,19
6328,T,260731,053940,60.469250N,24.838997E,46,28.1,19
6329,T,260731,053941,60.469311N,24.839043E,45,28.1,19
6330,T,260731,053942,60.469379N,24.839088E,45,27.7,18
6331,T,260731,053943,60.469444N,24.839134E,45,27.6,19
6332,T,260731,053944,60.469509N,24.839180E,45,27.3,19
6333,T,260731,053945,60.469570N,24.839226E,45,27.1,18
6334,T,260731,053946,60.469635N,24.839270E,45,26.7,18
6335,T,260731,053947,60.469700N,24.839312E,45,26.2,18
6336,T,260731,053948,60.469761N,24.839355E,45,25.8,19
6337,T,260731,053949,60.469818N,24.839399E,46,25.2,19
6338,T,260731,053950,60.469879N,24.839441E,46,24.7,18
6339,T,260731,053951,60.469936N,24.839479E,46,24.2,18
6340,T,260731,053952,60.469994N,24.839518E,46,23.9,18
6341,T,260731,053953,60.470047N,24.839558E,46,23.5,18
6342,T,260731,053954,60.470104N,24.839596E,46,23.0,19
6343,T,260731,053955,60.470158N,24.839636E,46,22.6,20
6344,T,260731,053956,60.470207N,24.839678E,46,22.3,20
6345,T,260731,053957,60.470261N,24.839716E,46,22.2,21
6346,T,260731,053958,60.470310N,24.839756E,46,22.2,21
6347,T,260731,053959,60.470364N,24.839796E,46,22.1,21
6348,T,260731,054000,60.470413N,24.839836E,46,22.0,21
6349,T,260731,054001,60.470463N,24.839874E,47,21.7,21
6350,T,260731,054002,60.470512N,24.839916E,47,21.7,21
6351,T,260731,054003,60.470558N,24.839958E,47,21.6,21
6352,T,260731,054004,60.470608N,24.840002E,47,21.5,22
6353,T,260731,054005,60.470661N,24.840040E,47,21.4,21
6354,T,260731,054006,60.470707N,24.840080E,47,21.5,21
6355,T,260731,054007,60.470757N,24.840122E,47,21.5,21
6356,T,260731,054008,60.470806N,24.840160E,47,21.5,21
6357,T,260731,054009,60.470860N,24.840202E,47,21.9,21
6358,T,260731,054010,60.470909N,24.840242E,47,22.0,21
6359,T,260731,054011,60.470959N,24.840282E,47,22.1,20
6360,T,260731,054012,60.471012N,24.840321E,47,22.2,19
6361,T,260731,054013,60.471066N,24.840357E,47,22.1,19
6362,T,260731,054014,60.471115N,24.840393E,47,22.2,19
6363,T,260731,054015,60.471169N,24.840431E,48,22.2,19
6364,T,260731,054016,60.471218N,24.840471E,48,22.1,19
6365,T,260731,054017,60.471272N,24.840509E,48,22.0,19
6366,T,260731,054018,60.471329N,24.840546E,48,22.0,19
6367,T,260731,054019,60.471378N,24.840580E,48,21.9,18
6368,T,260731,054020,60.471432N,24.840611E,48,21.6,17
6369,T,260731,054021,60.471481N,24.840643E,48,21.5,17
6370,T,260731,054022,60.471531N,24.840675E,48,21.4,17
6371,T,260731,054023,60.471584N,24.840710E,49,21.0,17
6372,T,260731,054024,60.471630N,24.840744E,49,21.0,18
6373,T,260731,054025,60.471684N,24.840776E,49,21.0,19
6374,T,260731,054026,60.471733N,24.840811E,49,21.0,18
6375,T,260731,054027,60.471783N,24.840843E,49,21.0,19
6376,T,260731,054028,60.471832N,24.840878E,49,21.0,19
6377,T,260731,054029,60.471886N,24.840908E,49,21.3,19
6378,T,260731,054030,60.471935N,24.840942E,49,21.3,18
6379,T,260731,054031,60.471989N,24.840977E,50,21.7,18
6380,T,260731,054032,60.472038N,24.841011E,50,22.0,18
6381,T,260731,054033,60.472092N,24.841047E,50,22.5,18
6382,T,260731,054034,60.472149N,24.841087E,50,22.5,18
6383,T,260731,054035,60.472198N,24.841125E,50,22.5,19
6384,T,260731,054036,60.472252N,24.841164E,50,22.6,19
6385,T,260731,054037,60.472309N,24.841200E,50,22.6,19
6386,T,260731,054038,60.472359N,24.841236E,50,22.5,18
6387,T,260731,054039,60.472416N,24.841274E,50,22.5,19
6388,T,260731,054040,60.472469N,24.841311E,50,22.4,18
6389,T,260731,054041,60.472519N,24.841345E,50,22.3,18
6390,T,260731,054042,60.472576N,24.841381E,50,22.3,18
6391,T,260731,054043,60.472630N,24.841415E,50,22.2,18
6392,T,260731,054044,60.472679N,24.841454E,51,22.2,18
6393,T,260731,054045,60.472736N,24.841490E,51,22.2,19
6394,T,260731,054046,60.472790N,24.841526E,51,22.2,19
6395,T,260731,054047,60.472839N,24.841564E,51,22.2,19
6396,T,260731,054048,60.472893N,24.841602E,51,22.2,19
6397,T,260731,054049,60.472942N,24.841640E,51,22.2,19
6398,T,260731,054050,60.473000N,24.841677E,51,22.2,19
6399,T,260731,054051,60.473049N,24.841717E,51,22.2,19
6400,T,260731,054052,60.473099N,24.841749E,51,21.8,18
6401,T,260731,054053,60.473156N,24.841784E,51,21.8,18
6402,T,260731,054054,60.473206N,24.841820E,51,21.8,18
6403,T,260731,054055,60.473259N,24.841856E,51,21.7,18
6404,T,260731,054056,60.473312N,24.841890E,51,21.7,18
6405,T,260731,054057,60.473366N,24.841925E,52,21.6,18
6406,T,260731,054058,60.473415N,24.841955E,52,21.6,18
6407,T,260731,054059,60.473473N,24.841990E,52,21.6,18
6408,T,260731,054100,60.473522N,24.842020E,52,21.6,18
6409,T,260731,054101,60.473579N,24.842056E,52,22.0,18
6410,T,260731,054102,60.473633N,24.842093E,52,22.0,18
6411,T,260731,054103,60.473686N,24.842125E,52,22.0,18
6412,T,260731,054104,60.473740N,24.842161E,52,22.0,18
6413,T,260731,054105,60.473797N,24.842196E,53,22.0,18
6414,T,260731,054106,60.473846N,24.842232E,53,22.0,18
6415,T,260731,054107,60.473900N,24.842268E,53,21.9,19
6416,T,260731,054108,60.473949N,24.842306E,53,21.8,19
6417,T,260731,054109,60.473999N,24.842344E,53,21.8,19
6418,T,260731,054110,60.474052N,24.842382E,53,21.8,19
6419,T,260731,054111,60.474106N,24.842417E,53,21.8,18
6420,T,260731,054112,60.474155N,24.842451E,53,21.8,18
6421,T,260731,054113,60.474209N,24.842487E,53,21.8,18
6422,T,260731,054114,60.474258N,24.842524E,54,21.8,18
6423,T,260731,054115,60.474312N,24.842558E,54,21.8,18
6424,T,260731,054116,60.474361N,24.842592E,54,21.7,17
6425,T,260731,054117,60.474415N,24.842625E,54,21.7,17
6426,T,260731,054118,60.474464N,24.842661E,54,21.8,18
6427,T,260731,054119,60.474518N,24.842695E,54,21.8,18
6428,T,260731,054120,60.474567N,24.842726E,54,21.8,17
6429,T,260731,054121,60.474621N,24.842760E,54,21.8,17
6430,T,260731,054122,60.474670N,24.842794E,54,21.8,17
6431,T,260731,054123,60.474724N,24.842827E,54,21.9,16
6432,T,260731,054124,60.474777N,24.842857E,55,21.9,17
6433,T,260731,054125,60.474831N,24.842890E,55,22.0,16
6434,T,260731,054126,60.474884N,24.842922E,55,22.0,16
6435,T,260731,054127,60.474937N,24.842953E,55,22.5,16
6436,T,260731,054128,60.474991N,24.842983E,55,22.4,15
6437,T,260731,054129,60.475044N,24.843016E,55,22.4,15
6438,T,260731,054130,60.475098N,24.843046E,55,22.4,16
6439,T,260731,054131,60.475151N,24.843077E,55,22.1,15
6440,T,260731,054132,60.475201N,24.843103E,55,21.9,15
6441,T,260731,054133,60.475258N,24.843134E,55,21.8,15
6442,T,260731,054134,60.475307N,24.843164E,55,21.4,16
6443,T,260731,054135,60.475361N,24.843197E,56,21.4,16
6444,T,260731,054136,60.475407N,24.843225E,56,21.4,16
6445,T,260731,054137,60.475460N,24.843258E,56,21.4,17
6446,T,260731,054138,60.475513N,24.843292E,56,21.2,18
6447,T,260731,054139,60.475559N,24.843327E,56,21.3,18
6448,T,260731,054140,60.475613N,24.843361E,56,21.2,19
6449,T,260731,054141,60.475658N,24.843395E,56,21.2,19
6450,T,260731,054142,60.475712N,24.843431E,56,21.2,18
6451,T,260731,054143,60.475765N,24.843464E,56,21.2,18
6452,T,260731,054144,60.475815N,24.843500E,56,21.2,18
6453,T,260731,054145,60.475868N,24.843534E,56,21.3,18
6454,T,260731,054146,60.475918N,24.843571E,56,21.3,18
6455,T,260731,054147,60.475967N,24.843603E,56,21.5,18
6456,T,260731,054148,60.476021N,24.843639E,56,21.9,18
6457,T,260731,054149,60.476070N,24.843676E,56,21.8,19
6458,T,260731,054150,60.476120N,24.843712E,56,21.9,18
6459,T,260731,054151,60.476173N,24.843750E,56,22.0,19
6460,T,260731,054152,60.476227N,24.843786E,56,22.3,18
6461,T,260731,054153,60.476280N,24.843822E,56,22.4,18
6462,T,260731,054154,60.476334N,24.843859E,56,22.5,18
6463,T,260731,054155,60.476383N,24.843897E,56,22.0,18
6464,T,260731,054156,60.476440N,24.843933E,56,22.9,18
6465,T,260731,054157,60.476486N,24.843969E,56,22.6,19
6466,T,260731,054158,60.476551N,24.844006E,57,22.9,18
6467,T,260731,054159,60.476604N,24.844044E,57,23.0,18
6468,T,260731,054200,60.476662N,24.844082E,57,22.9,18
6469,T,260731,054201,60.476707N,24.844124E,57,22.9,19
6470,T,260731,054202,60.476757N,24.844172E,57,23.0,19
6471,T,260731,054203,60.476803N,24.844217E,57,23.0,19
6472,T,260731,054204,60.476856N,24.844259E,57,23.0,19
6473,T,260731,054205,60.476910N,24.844301E,57,22.9,18
6474,T,260731,054206,60.476959N,24.844337E,57,22.9,18
6475,T,260731,054207,60.477013N,24.844376E,57,22.9,18
6476,T,260731,054208,60.477070N,24.844416E,57,22.8,18
6477,T,260731,054209,60.477119N,24.844452E,57,22.8,18
6478,T,260731,054210,60.477177N,24.844488E,57,22.9,18
6479,T,260731,054211,60.477226N,24.844526E,57,22.9,18
6480,T,260731,054212,60.477280N,24.844564E,57,22.9,18
6481,T,260731,054213,60.477337N,24.844603E,57,22.9,18
6482,T,260731,054214,60.477386N,24.844639E,57,22.9,18
6483,T,260731,054215,60.477440N,24.844675E,57,22.8,18
6484,T,260731,054216,60.477497N,24.844715E,57,22.9,19
6485,T,260731,054217,60.477551N,24.844749E,57,22.9,19
6486,T,260731,054218,60.477608N,24.844784E,57,22.9,19
6487,T,260731,054219,60.477661N,24.844822E,57,22.5,18
6488,T,260731,054220,60.477715N,24.844858E,57,22.4,19
6489,T,260731,054221,60.477768N,24.844896E,57,22.3,19
6490,T,260731,054222,60.477821N,24.844934E,57,22.3,18
6491,T,260731,054223,60.477871N,24.844973E,57,22.4,19
6492,T,260731,054224,60.477924N,24.845009E,57,22.5,19
6493,T,260731,054225,60.477982N,24.845043E,57,22.5,18
6494,T,260731,054226,60.478031N,24.845078E,57,22.8,18
6495,T,260731,054227,60.478088N,24.845116E,57,22.9,18
6496,T,260731,054228,60.478146N,24.845150E,57,23.0,18
6497,T,260731,054229,60.478199N,24.845184E,57,22.9,17
6498,T,260731,054230,60.478256N,24.845221E,57,22.9,18
6499,T,260731,054231,60.478310N,24.845259E,58,22.8,18
6500,T,260731,054232,60.478363N,24.845297E,58,22.8,18
6501,T,260731,054233,60.478420N,24.845333E,58,22.8,18
6502,T,260731,054234,60.478474N,24.845367E,58,22.9,18
6503,T,260731,054235,60.478527N,24.845406E,58,23.2,18
6504,T,260731,054236,60.478584N,24.845444E,58,23.2,18
6505,T,260731,054237,60.478642N,24.845480E,59,23.2,18
6506,T,260731,054238,60.478695N,24.845518E,59,23.3,18
6507,T,260731,054239,60.478752N,24.845556E,59,23.4,17
6508,T,260731,054240,60.478809N,24.845594E,59,23.5,17
6509,T,260731,054241,60.478863N,24.845631E,59,23.8,17
6510,T,260731,054242,60.478924N,24.845671E,59,23.8,18
6511,T,260731,054243,60.478981N,24.845707E,59,23.8,17
6512,T,260731,054244,60.479038N,24.845741E,59,23.7,17
6513,T,260731,054245,60.479095N,24.845778E,59,23.7,17
6514,T,260731,054246,60.479153N,24.845814E,59,23.7,17
6515,T,260731,054247,60.479210N,24.845848E,59,23.8,16
6516,T,260731,054248,60.479263N,24.845884E,59,23.8,17
6517,T,260731,054249,60.479321N,24.845921E,60,23.9,17
6518,T,260731,054250,60.479382N,24.845957E,60,23.8,17
6519,T,260731,054251,60.479435N,24.845991E,60,23.8,17
6520,T,260731,054252,60.479492N,24.846027E,60,23.8,17
6521,T,260731,054253,60.479553N,24.846064E,60,23.7,16
6522,T,260731,054254,60.479607N,24.846098E,60,23.7,16
6523,T,260731,054255,60.479660N,24.846132E,60,23.3,16
6524,T,260731,054256,60.479721N,24.846165E,60,23.3,15
6525,T,260731,054257,60.479771N,24.846195E,60,23.3,16
6526,T,260731,054258,60.479828N,24.846231E,60,23.2,16
6527,T,260731,054259,60.479885N,24.846264E,60,23.1,16
6528,T,260731,054300,60.479939N,24.846298E,60,23.0,16
6529,T,260731,054301,60.479996N,24.846333E,61,23.0,16
6530,T,260731,054302,60.480049N,24.846363E,61,22.9,16
6531,T,260731,054303,60.480103N,24.846397E,61,23.0,16
6532,T,260731,054304,60.480160N,24.846436E,61,23.0,16
6533,T,260731,054305,60.480221N,24.846468E,61,23.1,16
6534,T,260731,054306,60.480274N,24.846498E,61,23.1,15
6535,T,260731,054307,60.480328N,24.846533E,61,23.2,15
6536,T,260731,054308,60.480385N,24.846563E,61,23.2,16
6537,T,260731,054309,60.480438N,24.846596E,61,23.2,16
6538,T,260731,054310,60.480495N,24.846626E,61,23.2,16
6539,T,260731,054311,60.480553N,24.846659E,61,23.2,16
6540,T,260731,054312,60.480610N,24.846689E,61,23.3,15
6541,T,260731,054313,60.480667N,24.846722E,61,23.3,15
6542,T,260731,054314,60.480724N,24.846754E,62,23.6,15
6543,T,260731,054315,60.480782N,24.846785E,62,23.6,15
6544,T,260731,054316,60.480839N,24.846815E,62,23.6,15
6545,T,260731,054317,60.480896N,24.846848E,62,23.6,15
6546,T,260731,054318,60.480953N,24.846878E,62,23.6,15
6547,T,260731,054319,60.481007N,24.846909E,62,23.6,15
6548,T,260731,054320,60.481068N,24.846939E,62,23.6,15
6549,T,260731,054321,60.481125N,24.846970E,62,23.6,15
6550,T,260731,054322,60.481178N,24.847004E,62,23.6,15
6551,T,260731,054323,60.481239N,24.847034E,62,23.7,15
6552,T,260731,054324,60.481297N,24.847063E,62,23.7,15
6553,T,260731,054325,60.481354N,24.847094E,62,23.6,15
6554,T,260731,054326,60.481407N,24.847124E,62,23.6,15
6555,T,260731,054327,60.481468N,24.847155E,62,23.5,14
6556,T,260731,054328,60.481525N,24.847183E,62,23.5,14
6557,T,260731,054329,60.481579N,24.847214E,62,23.5,14
6558,T,260731,054330,60.481640N,24.847244E,62,23.5,14
6559,T,260731,054331,60.481697N,24.847277E,62,23.4,15
6560,T,260731,054332,60.481750N,24.847303E,62,23.3,15
6561,T,260731,054333,60.481808N,24.847334E,62,23.0,15
6562,T,260731,054334,60.481865N,24.847363E,62,22.9,14
6563,T,260731,054335,60.481918N,24.847385E,62,22.9,14
6564,T,260731,054336,60.481976N,24.847416E,62,22.9,14
6565,T,260731,054337,60.482033N,24.847445E,62,23.0,14
6566,T,260731,054338,60.482086N,24.847469E,62,23.0,13
6567,T,260731,054339,60.482143N,24.847496E,62,23.0,13
6568,T,260731,054340,60.482201N,24.847525E,63,23.0,13
6569,T,260731,054341,60.482258N,24.847551E,63,23.0,13
6570,T,260731,054342,60.482311N,24.847578E,63,23.1,13
6571,T,260731,054343,60.482368N,24.847607E,63,23.1,13
6572,T,260731,054344,60.482426N,24.847633E,63,23.2,13
6573,T,260731,054345,60.482479N,24.847662E,63,23.2,13
6574,T,260731,054346,60.482540N,24.847689E,63,23.2,13
6575,T,260731,054347,60.482597N,24.847715E,63,23.2,13
6576,T,260731,054348,60.482651N,24.847742E,63,23.2,13
6577,T,260731,054349,60.482708N,24.847769E,63,23.1,13
6578,T,260731,054350,60.482765N,24.847794E,63,23.0,13
6579,T,260731,054351,60.482819N,24.847818E,63,22.5,13
6580,T,260731,054352,60.482872N,24.847837E,63,23.0,12
6581,T,260731,054353,60.482929N,24.847860E,63,22.2,11
6582,T,260731,054354,60.482983N,24.847881E,63,22.8,11
6583,T,260731,054355,60.483040N,24.847906E,63,22.5,11
6584,T,260731,054356,60.483093N,24.847937E,64,22.4,12
6585,T,260731,054357,60.483147N,24.847960E,64,22.4,12
6586,T,260731,054358,60.483200N,24.847986E,64,22.3,12
6587,T,260731,054359,60.483257N,24.848013E,64,21.6,12
6588,T,260731,054400,60.483307N,24.848036E,64,21.2,12
6589,T,260731,054401,60.483360N,24.848059E,64,20.6,12
6590,T,260731,054402,60.483410N,24.848080E,64,20.2,12
6591,T,260731,054403,60.483456N,24.848104E,64,19.8,12
6592,T,260731,054404,60.483505N,24.848125E,64,19.4,12
6593,T,260731,054405,60.483551N,24.848150E,64,19.2,13
6594,T,260731,054406,60.483597N,24.848175E,64,19.2,13
6595,T,260731,054407,60.483639N,24.848196E,64,19.2,12
6596,T,260731,054408,60.483688N,24.848219E,65,19.2,12
6597,T,260731,054409,60.483730N,24.848242E,65,19.2,12
6598,T,260731,054410,60.483780N,24.848263E,65,19.2,12
6599,T,260731,054411,60.483826N,24.848284E,65,18.1,12
6600,T,260731,054412,60.483864N,24.848303E,65,17.4,12
6601,T,260731,054413,60.483906N,24.848318E,65,16.6,12
6602,T,260731,054414,60.483944N,24.848335E,65,17.5,12
6603,T,260731,054415,60.483994N,24.848360E,65,19.1,13
6604,T,260731,054416,60.484039N,24.848379E,65,19.2,12
6605,T,260731,054417,60.484089N,24.848400E,65,19.2,12
6606,T,260731,054418,60.484131N,24.848421E,65,19.2,12
6607,T,260731,054419,60.484180N,24.848442E,65,19.2,11
6608,T,260731,054420,60.484222N,24.848463E,65,19.1,11
6609,T,260731,054421,60.484272N,24.848484E,65,19.0,11
6610,T,260731,054422,60.484318N,24.848507E,65,19.0,12
6611,T,260731,054423,60.484364N,24.848528E,65,19.5,11
6612,T,260731,054424,60.484409N,24.848551E,65,18.7,12
6613,T,260731,054425,60.484451N,24.848572E,65,18.6,12
6614,T,260731,054426,60.484501N,24.848595E,65,19.2,13
6615,T,260731,054427,60.484547N,24.848618E,65,18.8,13
6616,T,260731,054428,60.484592N,24.848639E,65,18.7,13
6617,T,260731,054429,60.484638N,24.848661E,65,19.2,12
6618,T,260731,054430,60.484688N,24.848684E,65,19.2,13
6619,T,260731,054431,60.484737N,24.848705E,65,18.7,13
6620,T,260731,054432,60.484783N,24.848730E,65,18.7,13
6621,T,260731,054433,60.484833N,24.848749E,65,19.2,13
6622,T,260731,054434,60.484879N,24.848772E,65,20.7,12
6623,T,260731,054435,60.484932N,24.848797E,65,20.4,12
6624,T,260731,054436,60.484985N,24.848820E,65,20.3,12
6625,T,260731,054437,60.485046N,24.848843E,65,20.2,11
6626,T,260731,054438,60.485104N,24.848862E,65,21.0,10
6627,T,260731,054439,60.485157N,24.848881E,65,19.2,10
6628,T,260731,054440,60.485207N,24.848902E,65,20.2,10
6629,T,260731,054441,60.485260N,24.848925E,66,20.1,10
6630,T,260731,054442,60.485313N,24.848944E,66,20.2,11
6631,T,260731,054443,60.485355N,24.848965E,66,20.2,11
6632,T,260731,054444,60.485405N,24.848982E,66,20.2,11
6633,T,260731,054445,60.485451N,24.849005E,66,20.6,11
6634,T,260731,054446,60.485504N,24.849022E,67,20.5,11
6635,T,260731,054447,60.485558N,24.849037E,66,19.2,11
6636,T,260731,054448,60.485603N,24.849056E,66,19.8,10
6637,T,260731,054449,60.485653N,24.849072E,66,19.9,10
6638,T,260731,054450,60.485695N,24.849087E,66,18.5,10
6639,T,260731,054451,60.485741N,24.849104E,66,19.3,10
6640,T,260731,054452,60.485786N,24.849117E,66,18.9,9
6641,T,260731,054453,60.485832N,24.849133E,65,18.5,9
6642,T,260731,054454,60.485882N,24.849148E,65,19.0,8
6643,T,260731,054455,60.485928N,24.849163E,65,20.5,9
6644,T,260731,054456,60.485985N,24.849184E,64,20.5,9
6645,T,260731,054457,60.486034N,24.849203E,64,20.4,9
6646,T,260731,054458,60.486088N,24.849218E,64,19.7,9
6647,T,260731,054459,60.486141N,24.849236E,64,20.0,9
6648,T,260731,054500,60.486195N,24.849257E,64,21.1,9
6649,T,260731,054501,60.486248N,24.849276E,64,21.2,9
6650,T,260731,054502,60.486305N,24.849297E,65,20.3,9
6651,T,260731,054503,60.486359N,24.849314E,66,21.0,9
6652,T,260731,054504,60.486412N,24.849333E,66,21.2,9
6653,T,260731,054505,60.486469N,24.849350E,66,20.5,9
6654,T,260731,054506,60.486519N,24.849365E,66,20.8,9
6655,T,260731,054507,60.486568N,24.849382E,66,20.8,8
6656,T,260731,054508,60.486629N,24.849398E,66,20.5,8
6657,T,260731,054509,60.486683N,24.849417E,67,20.6,8
6658,T,260731,054510,60.486740N,24.849432E,67,20.7,8
6659,T,260731,054511,60.486794N,24.849445E,67,20.8,8
6660,T,260731,054512,60.486847N,24.849464E,67,20.8,9
6661,T,260731,054513,60.486900N,24.849480E,67,20.8,8
6662,T,260731,054514,60.486954N,24.849495E,67,20.8,8
6663,T,260731,054515,60.487003N,24.849508E,68,20.7,8
6664,T,260731,054516,60.487061N,24.849522E,68,20.7,8
6665,T,260731,054517,60.487110N,24.849537E,68,20.7,8
6666,T,260731,054518,60.487160N,24.849554E,68,20.7,8
6667,T,260731,054519,60.487213N,24.849566E,68,20.8,7
6668,T,260731,054520,60.487267N,24.849583E,68,20.8,7
6669,T,260731,054521,60.487320N,24.849598E,68,20.9,7
6670,T,260731,054522,60.487373N,24.849615E,68,21.4,7
6671,T,260731,054523,60.487423N,24.849630E,68,21.3,8
6672,T,260731,054524,60.487480N,24.849646E,68,21.3,8
6673,T,260731,054525,60.487534N,24.849663E,68,21.2,8
6674,T,260731,054526,60.487583N,24.849678E,68,21.3,7
6675,T,260731,054527,60.487640N,24.849693E,68,21.3,8
6676,T,260731,054528,60.487694N,24.849710E,68,21.3,8
6677,T,260731,054529,60.487747N,24.849724E,68,21.2,8
6678,T,260731,054530,60.487801N,24.849739E,68,21.3,7
6679,T,260731,054531,60.487850N,24.849756E,69,21.2,8
6680,T,260731,054532,60.487904N,24.849771E,69,20.8,8
6681,T,260731,054533,60.487961N,24.849787E,69,20.8,8
6682,T,260731,054534,60.488007N,24.849804E,69,20.9,8
6683,T,260731,054535,60.488060N,24.849819E,69,20.9,8
6684,T,260731,054536,60.488113N,24.849836E,69,20.9,8
6685,T,260731,054537,60.488163N,24.849852E,69,20.8,8
6686,T,260731,054538,60.488216N,24.849867E,69,20.8,8
6687,T,260731,054539,60.488270N,24.849884E,70,20.7,8
6688,T,260731,054540,60.488323N,24.849899E,70,20.7,8
6689,T,260731,054541,60.488377N,24.849916E,70,21.1,8
6690,T,260731,054542,60.488426N,24.849930E,70,21.1,7
6691,T,260731,054543,60.488480N,24.849943E,70,21.1,8
6692,T,260731,054544,60.488533N,24.849960E,70,21.2,8
6693,T,260731,054545,60.488579N,24.849976E,70,21.2,8
6694,T,260731,054546,60.488632N,24.849993E,70,21.2,8
6695,T,260731,054547,60.488686N,24.850004E,70,21.2,7
6696,T,260731,054548,60.488735N,24.850019E,70,21.2,7
6697,T,260731,054549,60.488789N,24.850037E,70,21.2,7
6698,T,260731,054550,60.488838N,24.850052E,71,21.2,7
6699,T,260731,054551,60.488892N,24.850063E,71,21.3,7
6700,T,260731,054552,60.488953N,24.850079E,71,21.4,7
6701,T,260731,054553,60.489002N,24.850092E,71,21.5,7
6702,T,260731,054554,60.489059N,24.850103E,71,21.9,6
6703,T,260731,054555,60.489113N,24.850119E,71,21.9,6
6704,T,260731,054556,60.489166N,24.850134E,71,21.9,7
6705,T,260731,054557,60.489223N,24.850145E,71,21.9,7
6706,T,260731,054558,60.489281N,24.850159E,71,21.9,6
6707,T,260731,054559,60.489330N,24.850170E,71,21.8,6
6708,T,260731,054600,60.489388N,24.850183E,71,21.8,6
6709,T,260731,054601,60.489441N,24.850197E,71,21.5,6
6710,T,260731,054602,60.489491N,24.850206E,71,21.5,6
6711,T,260731,054603,60.489548N,24.850218E,71,21.5,6
6712,T,260731,054604,60.489601N,24.850227E,72,21.1,5
6713,T,260731,054605,60.489647N,24.850239E,71,21.0,5
6714,T,260731,054606,60.489704N,24.850248E,71,21.3,5
6715,T,260731,054607,60.489758N,24.850260E,72,21.2,5
6716,T,260731,054608,60.489807N,24.850269E,72,21.1,5
6717,T,260731,054609,60.489861N,24.850279E,72,21.0,5
6718,T,260731,054610,60.489910N,24.850285E,72,21.0,5
6719,T,260731,054611,60.489964N,24.850294E,73,21.0,4
6720,T,260731,054612,60.490017N,24.850298E,73,21.0,4
6721,T,260731,054613,60.490067N,24.850304E,73,20.9,4
6722,T,260731,054614,60.490120N,24.850309E,73,20.9,4
6723,T,260731,054615,60.490173N,24.850321E,73,20.8,4
6724,T,260731,054616,60.490223N,24.850330E,74,20.8,4
6725,T,260731,054617,60.490273N,24.850342E,74,20.7,5
6726,T,260731,054618,60.490322N,24.850351E,74,20.6,5
6727,T,260731,054619,60.490376N,24.850361E,74,20.5,5
6728,T,260731,054620,60.490429N,24.850368E,74,20.4,4
6729,T,260731,054621,60.490475N,24.850374E,75,20.3,4
6730,T,260731,054622,60.490528N,24.850380E,75,19.9,3
6731,T,260731,054623,60.490578N,24.850388E,75,19.9,3
6732,T,260731,054624,60.490627N,24.850395E,75,20.0,4
6733,T,260731,054625,60.490677N,24.850405E,75,20.0,4
6734,T,260731,054626,60.490723N,24.850410E,75,20.0,4
6735,T,260731,054627,60.490776N,24.850418E,76,20.0,4
6736,T,260731,054628,60.490826N,24.850424E,76,20.0,4
6737,T,260731,054629,60.490875N,24.850431E,76,20.0,4
6738,T,260731,054630,60.490925N,24.850437E,76,19.9,4
6739,T,260731,054631,60.490974N,24.850447E,76,20.2,4
6740,T,260731,054632,60.491024N,24.850456E,76,19.9,4
6741,T,260731,054633,60.491077N,24.850464E,76,19.9,4
6742,T,260731,054634,60.491123N,24.850470E,76,20.0,4
6743,T,260731,054635,60.491177N,24.850475E,77,20.3,4
6744,T,260731,054636,60.491226N,24.850485E,77,20.3,4
6745,T,260731,054637,60.491280N,24.850491E,78,21.0,4
6746,T,260731,054638,60.491337N,24.850496E,78,20.6,3
6747,T,260731,054639,60.491386N,24.850502E,78,20.7,3
6748,T,260731,054640,60.491440N,24.850508E,78,20.8,3
6749,T,260731,054641,60.491489N,24.850517E,79,20.8,3
6750,T,260731,054642,60.491543N,24.850525E,79,20.8,4
6751,T,260731,054643,60.491596N,24.850534E,79,20.8,4
6752,T,260731,054644,60.491650N,24.850542E,79,20.8,3
6753,T,260731,054645,60.491699N,24.850548E,79,20.8,3
6754,T,260731,054646,60.491753N,24.850554E,79,20.9,3
6755,T,260731,054647,60.491802N,24.850559E,79,21.0,3
6756,T,260731,054648,60.491859N,24.850563E,79,21.1,3
6757,T,260731,054649,60.491913N,24.850573E,79,21.5,3
6758,T,260731,054650,60.491966N,24.850576E,80,22.5,3
6759,T,260731,054651,60.492020N,24.850584E,79,21.5,3
6760,T,260731,054652,60.492073N,24.850590E,79,22.2,3
6761,T,260731,054653,60.492126N,24.850595E,79,22.2,2
6762,T,260731,054654,60.492188N,24.850603E,79,23.1,3
6763,T,260731,054655,60.492245N,24.850613E,79,22.9,3
6764,T,260731,054656,60.492306N,24.850616E,80,23.6,2
6765,T,260731,054657,60.492363N,24.850620E,79,23.7,2
6766,T,260731,054658,60.492424N,24.850626E,79,23.9,2
6767,T,260731,054659,60.492485N,24.850630E,79,24.5,2
6768,T,260731,054700,60.492550N,24.850636E,79,24.5,2
6769,T,260731,054701,60.492611N,24.850641E,79,24.7,2
6770,T,260731,054702,60.492676N,24.850645E,79,25.1,2
6771,T,260731,054703,60.492737N,24.850655E,79,25.2,2
6772,T,260731,054704,60.492802N,24.850660E,79,25.3,2
6773,T,260731,054705,60.492863N,24.850664E,79,25.3,2
6774,T,260731,054706,60.492928N,24.850668E,79,24.7,2
6775,T,260731,054707,60.492989N,24.850674E,79,24.0,2
6776,T,260731,054708,60.493050N,24.850677E,79,24.0,2
6777,T,260731,054709,60.493107N,24.850683E,79,23.9,2
6778,T,260731,054710,60.493168N,24.850685E,79,24.3,2
6779,T,260731,054711,60.493233N,24.850693E,79,24.8,2
6780,T,260731,054712,60.493294N,24.850698E,79,24.8,1
6781,T,260731,054713,60.493355N,24.850704E,79,25.2,1
6782,T,260731,054714,60.493420N,24.850706E,79,25.2,1
6783,T,260731,054715,60.493484N,24.850712E,79,25.7,1
6784,T,260731,054716,60.493549N,24.850716E,79,25.7,1
6785,T,260731,054717,60.493610N,24.850721E,79,25.8,1
6786,T,260731,054718,60.493679N,24.850723E,79,25.9,1
6787,T,260731,054719,60.493744N,24.850727E,79,26.0,1
6788,T,260731,054720,60.493813N,24.850731E,79,26.4,1
6789,T,260731,054721,60.493881N,24.850733E,79,26.4,1
6790,T,260731,054722,60.493950N,24.850735E,79,26.5,1
6791,T,260731,054723,60.494015N,24.850737E,79,26.9,0
6792,T,260731,054724,60.494080N,24.850739E,79,26.9,0
6793,T,260731,054725,60.494152N,24.850740E,79,27.2,0
6794,T,260731,054726,60.494221N,24.850742E,80,27.6,0
6795,T,260731,054727,60.494289N,24.850744E,80,27.6,0
6796,T,260731,054728,60.494362N,24.850744E,80,27.7,0
6797,T,260731,054729,60.494431N,24.850746E,80,27.8,0
6798,T,260731,054730,60.494499N,24.850748E,80,27.9,0
6799,T,260731,054731,60.494568N,24.850750E,80,28.0,0
6800,T,260731,054732,60.494640N,24.850754E,80,28.1,0
6801,T,260731,054733,60.494713N,24.850754E,80,28.4,0
6802,T,260731,054734,60.494781N,24.850754E,80,28.5,359
6803,T,260731,054735,60.494850N,24.850752E,80,28.6,359
6804,T,260731,054736,60.494923N,24.850754E,80,28.6,0
6805,T,260731,054737,60.494995N,24.850756E,80,28.5,0
6806,T,260731,054738,60.495068N,24.850756E,80,28.4,0
6807,T,260731,054739,60.495140N,24.850756E,80,28.3,0
6808,T,260731,054740,60.495209N,24.850756E,80,28.2,359
6809,T,260731,054741,60.495281N,24.850756E,80,27.8,359
6810,T,260731,054742,60.495350N,24.850756E,80,27.7,359
6811,T,260731,054743,60.495415N,24.850758E,80,27.1,0
6812,T,260731,054744,60.495483N,24.850758E,80,27.0,359
6813,T,260731,054745,60.495548N,24.850756E,80,26.6,0
6814,T,260731,054746,60.495613N,24.850758E,80,26.6,0
6815,T,260731,054747,60.495682N,24.850760E,80,26.5,359
6816,T,260731,054748,60.495743N,24.850761E,80,26.5,0
6817,T,260731,054749,60.495808N,24.850763E,80,26.4,1
6818,T,260731,054750,60.495872N,24.850771E,80,25.9,2
6819,T,260731,054751,60.495937N,24.850777E,80,25.8,2
6820,T,260731,054752,60.495998N,24.850782E,80,25.8,2
6821,T,260731,054753,60.496063N,24.850784E,80,25.8,1
6822,T,260731,054754,60.496128N,24.850786E,80,25.8,1
6823,T,260731,054755,60.496197N,24.850788E,80,25.8,1
6824,T,260731,054756,60.496262N,24.850792E,80,25.8,1
6825,T,260731,054757,60.496323N,24.850792E,80,25.8,1
6826,T,260731,054758,60.496391N,24.850794E,80,25.8,0
6827,T,260731,054759,60.496452N,24.850792E,80,25.9,358
6828,T,260731,054800,60.496521N,24.850786E,80,26.3,358
6829,T,260731,054801,60.496590N,24.850780E,81,26.2,357
6830,T,260731,054802,60.496651N,24.850773E,81,26.3,356
6831,T,260731,054803,60.496719N,24.850760E,81,26.2,354
6832,T,260731,054804,60.496784N,24.850746E,81,26.1,354
6833,T,260731,054805,60.496849N,24.850737E,81,26.0,354
6834,T,260731,054806,60.496910N,24.850723E,81,26.0,354
6835,T,260731,054807,60.496975N,24.850712E,81,25.9,354
6836,T,260731,054808,60.497040N,24.850700E,81,25.9,355
6837,T,260731,054809,60.497108N,24.850693E,81,26.0,355
6838,T,260731,054810,60.497173N,24.850683E,81,26.0,356
6839,T,260731,054811,60.497234N,24.850679E,81,26.0,357
6840,T,260731,054812,60.497299N,24.850674E,81,25.7,357
6841,T,260731,054813,60.497364N,24.850666E,81,25.8,357
6842,T,260731,054814,60.497429N,24.850660E,81,25.8,357
6843,T,260731,054815,60.497494N,24.850657E,81,25.9,357
6844,T,260731,054816,60.497555N,24.850649E,81,25.8,357
6845,T,260731,054817,60.497620N,24.850645E,82,25.8,357
6846,T,260731,054818,60.497688N,24.850643E,82,26.2,358
6847,T,260731,054819,60.497757N,24.850641E,82,26.2,358
6848,T,260731,054820,60.497822N,24.850636E,82,27.3,358
6849,T,260731,054821,60.497887N,24.850632E,82,26.9,358
6850,T,260731,054822,60.497952N,24.850626E,82,26.1,357
6851,T,260731,054823,60.498020N,24.850622E,82,26.0,357
6852,T,260731,054824,60.498081N,24.850616E,82,25.3,357
6853,T,260731,054825,60.498142N,24.850611E,83,25.4,357
6854,T,260731,054826,60.498203N,24.850603E,83,24.8,356
6855,T,260731,054827,60.498268N,24.850599E,83,25.0,357
6856,T,260731,054828,60.498329N,24.850595E,83,24.5,357
6857,T,260731,054829,60.498386N,24.850588E,83,24.5,357
6858,T,260731,054830,60.498447N,24.850580E,83,23.9,357
6859,T,260731,054831,60.498508N,24.850574E,83,23.9,357
6860,T,260731,054832,60.498566N,24.850567E,83,23.9,356
6861,T,260731,054833,60.498623N,24.850557E,83,24.6,356
6862,T,260731,054834,60.498684N,24.850550E,83,24.6,356
6863,T,260731,054835,60.498745N,24.850544E,83,24.5,356
6864,T,260731,054836,60.498802N,24.850536E,83,24.5,356
6865,T,260731,054837,60.498863N,24.850529E,82,24.6,356
6866,T,260731,054838,60.498928N,24.850521E,83,24.9,356
6867,T,260731,054839,60.498993N,24.850515E,83,25.0,356
6868,T,260731,054840,60.499050N,24.850506E,83,25.1,356
6869,T,260731,054841,60.499115N,24.850498E,83,25.2,356
6870,T,260731,054842,60.499180N,24.850489E,83,25.2,356
6871,T,260731,054843,60.499241N,24.850479E,83,25.6,355
6872,T,260731,054844,60.499306N,24.850470E,83,24.5,355
6873,T,260731,054845,60.499367N,24.850462E,83,25.9,355
6874,T,260731,054846,60.499432N,24.850454E,83,25.8,355
6875,T,260731,054847,60.499493N,24.850445E,83,25.7,355
6876,T,260731,054848,60.499561N,24.850435E,83,26.3,355
6877,T,260731,054849,60.499619N,24.850424E,83,26.2,355
6878,T,260731,054850,60.499683N,24.850416E,83,25.7,355
6879,T,260731,054851,60.499752N,24.850405E,83,25.6,355
6880,T,260731,054852,60.499813N,24.850391E,83,25.6,355
6881,T,260731,054853,60.499882N,24.850384E,83,25.5,355
6882,T,260731,054854,60.499939N,24.850372E,83,25.2,355
6883,T,260731,054855,60.500004N,24.850357E,83,25.2,355
6884,T,260731,054856,60.500069N,24.850346E,83,25.1,355
6885,T,260731,054857,60.500130N,24.850336E,83,25.1,354
6886,T,260731,054858,60.500191N,24.850325E,83,25.1,354
6887,T,260731,054859,60.500252N,24.850311E,83,25.2,354
6888,T,260731,054900,60.500317N,24.850300E,83,25.7,354
6889,T,260731,054901,60.500381N,24.850288E,83,25.7,354
6890,T,260731,054902,60.500443N,24.850277E,83,26.1,354
6891,T,260731,054903,60.500511N,24.850262E,83,26.1,354
6892,T,260731,054904,60.500576N,24.850248E,83,26.6,354
6893,T,260731,054905,60.500641N,24.850237E,82,27.0,354
6894,T,260731,054906,60.500710N,24.850224E,82,26.9,354
6895,T,260731,054907,60.500771N,24.850212E,82,26.8,354
6896,T,260731,054908,60.500839N,24.850199E,82,26.1,354
6897,T,260731,054909,60.500904N,24.850183E,82,25.7,353
6898,T,260731,054910,60.500969N,24.850170E,82,25.6,353
6899,T,260731,054911,60.501034N,24.850157E,82,26.0,353
6900,T,260731,054912,60.501099N,24.850142E,82,26.2,353
6901,T,260731,054913,60.501163N,24.850124E,82,26.6,353
6902,T,260731,054914,60.501232N,24.850107E,82,26.7,353
6903,T,260731,054915,60.501301N,24.850092E,82,26.8,353
6904,T,260731,054916,60.501369N,24.850077E,81,27.2,353
6905,T,260731,054917,60.501434N,24.850058E,81,27.5,353
6906,T,260731,054918,60.501503N,24.850042E,81,28.0,353
6907,T,260731,054919,60.501579N,24.850023E,81,28.5,353
6908,T,260731,054920,60.501648N,24.850006E,81,28.5,353
6909,T,260731,054921,60.501720N,24.849993E,81,28.6,353
6910,T,260731,054922,60.501793N,24.849976E,81,29.2,353
6911,T,260731,054923,60.501865N,24.849958E,80,29.1,353
6912,T,260731,054924,60.501938N,24.849937E,80,28.7,353
6913,T,260731,054925,60.502007N,24.849918E,80,28.2,352
6914,T,260731,054926,60.502079N,24.849899E,80,27.7,352
6915,T,260731,054927,60.502148N,24.849882E,80,27.3,352
6916,T,260731,054928,60.502213N,24.849867E,80,27.4,353
6917,T,260731,054929,60.502281N,24.849852E,80,27.5,353
6918,T,260731,054930,60.502350N,24.849838E,80,27.2,354
6919,T,260731,054931,60.502415N,24.849825E,80,27.6,354
6920,T,260731,054932,60.502480N,24.849812E,80,28.2,354
6921,T,260731,054933,60.502552N,24.849798E,80,28.2,354
6922,T,260731,054934,60.502621N,24.849785E,80,28.7,354
6923,T,260731,054935,60.502693N,24.849766E,80,28.8,353
6924,T,260731,054936,60.502766N,24.849747E,79,28.5,352
6925,T,260731,054937,60.502834N,24.849722E,79,28.8,351
6926,T,260731,054938,60.502907N,24.849693E,79,28.3,349
6927,T,260731,054939,60.502975N,24.849670E,79,28.0,349
6928,T,260731,054940,60.503044N,24.849653E,79,27.5,351
6929,T,260731,054941,60.503113N,24.849636E,79,27.4,351
6930,T,260731,054942,60.503181N,24.849619E,79,27.1,352
6931,T,260731,054943,60.503242N,24.849600E,79,27.1,352
6932,T,260731,054944,60.503311N,24.849577E,79,27.0,351
6933,T,260731,054945,60.503376N,24.849554E,78,27.0,350
6934,T,260731,054946,60.503441N,24.849525E,78,26.9,349
6935,T,260731,054947,60.503510N,24.849504E,78,26.8,349
6936,T,260731,054948,60.503571N,24.849478E,78,26.7,349
6937,T,260731,054949,60.503639N,24.849457E,78,26.3,349
6938,T,260731,054950,60.503704N,24.849436E,78,26.4,350
6939,T,260731,054951,60.503769N,24.849413E,78,26.4,350
6940,T,260731,054952,60.503838N,24.849392E,78,26.3,350
6941,T,260731,054953,60.503899N,24.849369E,78,26.3,350
6942,T,260731,054954,60.503963N,24.849348E,78,26.3,350
6943,T,260731,054955,60.504032N,24.849327E,78,26.2,351
6944,T,260731,054956,60.504097N,24.849306E,77,26.2,350
6945,T,260731,054957,60.504162N,24.849285E,77,26.7,351
6946,T,260731,054958,60.504227N,24.849266E,77,27.2,351
6947,T,260731,054959,60.504295N,24.849245E,77,27.5,351
6948,T,260731,055000,60.504364N,24.849226E,77,27.9,351
6949,T,260731,055001,60.504436N,24.849207E,77,28.0,351
6950,T,260731,055002,60.504505N,24.849184E,77,28.1,351
6951,T,260731,055003,60.504574N,24.849163E,77,28.1,351
6952,T,260731,055004,60.504642N,24.849144E,77,28.4,351
6953,T,260731,055005,60.504711N,24.849125E,77,27.6,351
6954,T,260731,055006,60.504780N,24.849104E,77,28.2,351
6955,T,260731,055007,60.504848N,24.849085E,77,27.2,351
6956,T,260731,055008,60.504921N,24.849060E,77,27.7,351
6957,T,260731,055009,60.504990N,24.849035E,77,27.6,350
6958,T,260731,055010,60.505054N,24.849016E,77,27.7,350
6959,T,260731,055011,60.505119N,24.848993E,77,27.7,350
6960,T,260731,055012,60.505192N,24.848974E,77,27.6,351
6961,T,260731,055013,60.505257N,24.848955E,77,27.5,351
6962,T,260731,055014,60.505325N,24.848936E,77,27.1,351
6963,T,260731,055015,60.505386N,24.848915E,77,26.6,351
6964,T,260731,055016,60.505451N,24.848894E,77,26.2,351
6965,T,260731,055017,60.505520N,24.848873E,77,26.1,351
6966,T,260731,055018,60.505585N,24.848856E,77,25.8,351
6967,T,260731,055019,60.505650N,24.848839E,77,25.7,351
6968,T,260731,055020,60.505711N,24.848818E,77,25.3,351
6969,T,260731,055021,60.505775N,24.848799E,77,25.3,351
6970,T,260731,055022,60.505840N,24.848780E,77,25.2,350
6971,T,260731,055023,60.505901N,24.848763E,77,25.1,350
6972,T,260731,055024,60.505962N,24.848743E,77,25.1,351
6973,T,260731,055025,60.506023N,24.848726E,77,24.9,351
6974,T,260731,055026,60.506088N,24.848709E,77,24.8,351
6975,T,260731,055027,60.506149N,24.848692E,77,24.8,351
6976,T,260731,055028,60.506207N,24.848675E,77,24.7,351
6977,T,260731,055029,60.506271N,24.848656E,77,24.6,351
6978,T,260731,055030,60.506332N,24.848637E,77,24.3,351
6979,T,260731,055031,60.506393N,24.848616E,77,24.3,350
6980,T,260731,055032,60.506451N,24.848597E,77,24.4,351
6981,T,260731,055033,60.506512N,24.848579E,77,24.7,351
6982,T,260731,055034,60.506577N,24.848562E,77,24.9,351
6983,T,260731,055035,60.506641N,24.848543E,77,25.0,351
6984,T,260731,055036,60.506699N,24.848524E,77,25.5,351
6985,T,260731,055037,60.506763N,24.848503E,77,25.8,350
6986,T,260731,055038,60.506828N,24.848482E,77,25.9,350
6987,T,260731,055039,60.506893N,24.848459E,76,26.4,350
6988,T,260731,055040,60.506962N,24.848438E,76,26.5,351
6989,T,260731,055041,60.507027N,24.848417E,76,27.1,351
6990,T,260731,055042,60.507092N,24.848396E,76,27.2,351
6991,T,260731,055043,60.507160N,24.848375E,76,27.8,351
6992,T,260731,055044,60.507233N,24.848354E,76,28.3,351
6993,T,260731,055045,60.507301N,24.848331E,76,28.7,351
6994,T,260731,055046,60.507374N,24.848309E,76,28.7,351
6995,T,260731,055047,60.507442N,24.848286E,76,29.0,351
6996,T,260731,055048,60.507515N,24.848263E,75,28.6,351
6997,T,260731,055049,60.507584N,24.848240E,75,28.7,350
6998,T,260731,055050,60.507656N,24.848215E,75,28.8,351
6999,T,260731,055051,60.507729N,24.848196E,75,29.1,351
7000,T,260731,055052,60.507801N,24.848171E,75,29.3,351
7001,T,260731,055053,60.507877N,24.848146E,75,29.4,351
7002,T,260731,055054,60.507950N,24.848122E,74,29.5,351
7003,T,260731,055055,60.508018N,24.848097E,74,29.6,350
7004,T,260731,055056,60.508095N,24.848070E,74,29.8,350
7005,T,260731,055057,60.508167N,24.848043E,74,30.2,350
7006,T,260731,055058,60.508244N,24.848024E,73,30.5,351
7007,T,260731,055059,60.508320N,24.848001E,73,30.7,351
7008,T,260731,055100,60.508400N,24.847977E,73,31.2,351
7009,T,260731,055101,60.508472N,24.847954E,73,31.3,351
7010,T,260731,055102,60.508553N,24.847923E,72,31.7,350
7011,T,260731,055103,60.508629N,24.847902E,72,31.8,351
7012,T,260731,055104,60.508705N,24.847881E,72,31.9,351
7013,T,260731,055105,60.508785N,24.847857E,72,32.0,351
7014,T,260731,055106,60.508865N,24.847830E,71,32.1,351
7015,T,260731,055107,60.508942N,24.847807E,71,32.1,351
7016,T,260731,055108,60.509022N,24.847784E,71,32.2,351
7017,T,260731,055109,60.509102N,24.847759E,71,32.3,351
7018,T,260731,055110,60.509178N,24.847736E,70,32.3,351
7019,T,260731,055111,60.509258N,24.847708E,70,32.4,351
7020,T,260731,055112,60.509338N,24.847683E,70,32.4,350
7021,T,260731,055113,60.509418N,24.847656E,70,32.4,350
7022,T,260731,055114,60.509499N,24.847633E,70,32.5,351
7023,T,260731,055115,60.509579N,24.847612E,70,32.5,351
7024,T,260731,055116,60.509659N,24.847588E,70,32.5,351
7025,T,260731,055117,60.509739N,24.847563E,69,32.5,351
7026,T,260731,055118,60.509819N,24.847538E,69,31.9,351
7027,T,260731,055119,60.509899N,24.847513E,69,31.5,351
7028,T,260731,055120,60.509975N,24.847492E,69,30.9,351
7029,T,260731,055121,60.510052N,24.847471E,69,30.4,351
7030,T,260731,055122,60.510128N,24.847448E,69,29.8,351
7031,T,260731,055123,60.510201N,24.847424E,69,29.2,351
7032,T,260731,055124,60.510273N,24.847403E,69,28.8,351
7033,T,260731,055125,60.510345N,24.847378E,69,28.0,351
7034,T,260731,055126,60.510410N,24.847359E,69,27.6,351
7035,T,260731,055127,60.510479N,24.847338E,69,27.2,351
7036,T,260731,055128,60.510548N,24.847317E,69,27.2,351
7037,T,260731,055129,60.510616N,24.847298E,69,27.2,351
7038,T,260731,055130,60.510681N,24.847282E,69,27.2,352
7039,T,260731,055131,60.510750N,24.847261E,69,27.2,352
7040,T,260731,055132,60.510811N,24.847244E,69,27.2,351
7041,T,260731,055133,60.510880N,24.847221E,69,27.2,351
7042,T,260731,055134,60.510948N,24.847200E,69,27.7,351
7043,T,260731,055135,60.511017N,24.847178E,69,28.0,351
7044,T,260731,055136,60.511082N,24.847157E,69,27.7,351
7045,T,260731,055137,60.511150N,24.847136E,69,28.0,351
7046,T,260731,055138,60.511219N,24.847116E,69,28.0,351
7047,T,260731,055139,60.511288N,24.847095E,69,27.9,351
7048,T,260731,055140,60.511356N,24.847073E,69,27.9,351
7049,T,260731,055141,60.511425N,24.847046E,69,27.9,350
7050,T,260731,055142,60.511494N,24.847021E,69,28.0,350
7051,T,260731,055143,60.511559N,24.846996E,69,27.6,349
7052,T,260731,055144,60.511627N,24.846968E,69,27.0,348
7053,T,260731,055145,60.511692N,24.846939E,69,26.7,348
7054,T,260731,055146,60.511757N,24.846912E,69,26.3,347
7055,T,260731,055147,60.511822N,24.846884E,69,26.2,347
7056,T,260731,055148,60.511883N,24.846853E,69,26.3,347
7057,T,260731,055149,60.511948N,24.846825E,69,26.1,346
7058,T,260731,055150,60.512009N,24.846792E,69,26.3,346
7059,T,260731,055151,60.512074N,24.846760E,69,26.2,346
7060,T,260731,055152,60.512135N,24.846724E,69,26.2,346
7061,T,260731,055153,60.512199N,24.846689E,69,26.3,346
7062,T,260731,055154,60.512260N,24.846657E,69,26.3,345
7063,T,260731,055155,60.512325N,24.846621E,69,26.2,345
7064,T,260731,055156,60.512386N,24.846584E,69,26.3,345
7065,T,260731,055157,60.512447N,24.846548E,69,26.2,344
7066,T,260731,055158,60.512512N,24.846512E,69,26.2,344
7067,T,260731,055159,60.512577N,24.846476E,69,26.2,344
7068,T,260731,055200,60.512634N,24.846437E,69,25.8,343
7069,T,260731,055201,60.512695N,24.846399E,69,25.7,343
7070,T,260731,055202,60.512760N,24.846363E,69,25.2,343
7071,T,260731,055203,60.512821N,24.846327E,68,25.1,342
7072,T,260731,055204,60.512878N,24.846289E,69,25.0,342
7073,T,260731,055205,60.512939N,24.846249E,69,24.9,342
7074,T,260731,055206,60.513000N,24.846205E,68,25.3,341
7075,T,260731,055207,60.513062N,24.846161E,68,25.2,340
7076,T,260731,055208,60.513119N,24.846115E,68,24.9,339
7077,T,260731,055209,60.513180N,24.846067E,68,25.0,339
7078,T,260731,055210,60.513241N,24.846024E,68,25.1,339
7079,T,260731,055211,60.513302N,24.845978E,68,25.2,339
7080,T,260731,055212,60.513359N,24.845932E,68,25.5,339
7081,T,260731,055213,60.513420N,24.845884E,68,25.6,339
7082,T,260731,055214,60.513481N,24.845837E,68,25.7,338
7083,T,260731,055215,60.513542N,24.845785E,68,25.7,338
7084,T,260731,055216,60.513603N,24.845736E,68,25.8,338
7085,T,260731,055217,60.513664N,24.845684E,68,25.7,337
7086,T,260731,055218,60.513725N,24.845634E,69,25.7,336
7087,T,260731,055219,60.513779N,24.845579E,69,25.6,336
7088,T,260731,055220,60.513840N,24.845524E,69,25.6,335
7089,T,260731,055221,60.513901N,24.845474E,69,25.6,335
7090,T,260731,055222,60.513962N,24.845413E,69,25.6,335
7091,T,260731,055223,60.514019N,24.845360E,69,25.6,335
7092,T,260731,055224,60.514080N,24.845303E,69,26.1,335
7093,T,260731,055225,60.514141N,24.845251E,69,25.7,335
7094,T,260731,055226,60.514198N,24.845198E,69,25.8,335
7095,T,260731,055227,60.514256N,24.845144E,69,25.7,335
7096,T,260731,055228,60.514317N,24.845091E,70,25.8,335
7097,T,260731,055229,60.514378N,24.845036E,70,25.8,335
7098,T,260731,055230,60.514435N,24.844980E,70,26.1,335
7099,T,260731,055231,60.514496N,24.844925E,70,26.1,335
7100,T,260731,055232,60.514557N,24.844864E,70,26.1,334
7101,T,260731,055233,60.514614N,24.844809E,70,26.0,334
7102,T,260731,055234,60.514675N,24.844751E,70,26.1,334
7103,T,260731,055235,60.514736N,24.844696E,70,26.1,335
7104,T,260731,055236,60.514797N,24.844643E,70,26.1,335
7105,T,260731,055237,60.514854N,24.844587E,71,26.1,336
7106,T,260731,055238,60.514915N,24.844536E,71,26.1,336
7107,T,260731,055239,60.514973N,24.844481E,71,26.1,336
7108,T,260731,055240,60.515034N,24.844427E,71,26.1,336
7109,T,260731,055241,60.515091N,24.844376E,71,25.6,336
7110,T,260731,055242,60.515152N,24.844324E,71,25.5,337
7111,T,260731,055243,60.515209N,24.844276E,71,25.4,337
7112,T,260731,055244,60.515266N,24.844229E,71,25.2,338
7113,T,260731,055245,60.515324N,24.844185E,71,25.1,338
7114,T,260731,055246,60.515385N,24.844139E,71,25.0,339
7115,T,260731,055247,60.515446N,24.844095E,71,24.9,339
7116,T,260731,055248,60.515499N,24.844053E,72,24.8,340
7117,T,260731,055249,60.515560N,24.844011E,72,24.8,340
7118,T,260731,055250,60.515617N,24.843969E,72,24.7,340
7119,T,260731,055251,60.515675N,24.843931E,72,24.7,341
7120,T,260731,055252,60.515736N,24.843891E,72,25.1,341
7121,T,260731,055253,60.515797N,24.843855E,72,25.0,342
7122,T,260731,055254,60.515858N,24.843821E,72,24.9,342
7123,T,260731,055255,60.515915N,24.843784E,72,24.8,343
7124,T,260731,055256,60.515976N,24.843752E,72,24.7,343
7125,T,260731,055257,60.516033N,24.843716E,72,24.5,343
7126,T,260731,055258,60.516090N,24.843683E,72,24.5,344
7127,T,260731,055259,60.516148N,24.843653E,72,24.4,344
7128,T,260731,055300,60.516209N,24.843620E,72,24.2,344
7129,T,260731,055301,60.516266N,24.843582E,72,24.2,344
7130,T,260731,055302,60.516323N,24.843554E,72,24.2,345
7131,T,260731,055303,60.516384N,24.843521E,72,24.5,345
7132,T,260731,055304,60.516445N,24.843493E,72,24.6,345
7133,T,260731,055305,60.516502N,24.843464E,72,24.7,346
7134,T,260731,055306,60.516563N,24.843435E,72,25.1,347
7135,T,260731,055307,60.516624N,24.843409E,72,25.1,347
7136,T,260731,055308,60.516689N,24.843384E,72,25.4,348
7137,T,260731,055309,60.516750N,24.843355E,72,25.5,348
7138,T,260731,055310,60.516811N,24.843330E,72,25.8,348
7139,T,260731,055311,60.516876N,24.843306E,72,25.9,349
7140,T,260731,055312,60.516941N,24.843285E,72,26.3,349
7141,T,260731,055313,60.517010N,24.843264E,72,26.2,350
7142,T,260731,055314,60.517071N,24.843243E,72,26.1,350
7143,T,260731,055315,60.517136N,24.843222E,72,26.2,351
7144,T,260731,055316,60.517200N,24.843203E,72,26.3,351
7145,T,260731,055317,60.517269N,24.843184E,72,26.4,351
7146,T,260731,055318,60.517330N,24.843164E,71,26.9,351
7147,T,260731,055319,60.517399N,24.843145E,71,26.9,351
7148,T,260731,055320,60.517464N,24.843130E,71,26.9,352
7149,T,260731,055321,60.517532N,24.843117E,71,27.0,353
7150,T,260731,055322,60.517601N,24.843102E,71,27.0,353
7151,T,260731,055323,60.517670N,24.843088E,71,27.0,354
7152,T,260731,055324,60.517735N,24.843077E,71,27.1,354
7153,T,260731,055325,60.517803N,24.843063E,71,27.1,355
7154,T,260731,055326,60.517872N,24.843054E,71,27.1,356
7155,T,260731,055327,60.517937N,24.843044E,71,27.0,356
7156,T,260731,055328,60.518005N,24.843037E,71,27.0,356
7157,T,260731,055329,60.518070N,24.843033E,71,27.1,357
7158,T,260731,055330,60.518139N,24.843025E,71,27.1,357
7159,T,260731,055331,60.518211N,24.843021E,71,27.5,357
7160,T,260731,055332,60.518280N,24.843018E,71,27.5,358
7161,T,260731,055333,60.518349N,24.843014E,71,27.5,358
7162,T,260731,055334,60.518421N,24.843012E,71,27.6,359
7163,T,260731,055335,60.518490N,24.843010E,71,27.6,359
7164,T,260731,055336,60.518555N,24.843010E,71,27.6,0
7165,T,260731,055337,60.518620N,24.843016E,71,27.6,1
7166,T,260731,055338,60.518688N,24.843019E,71,27.6,1
7167,T,260731,055339,60.518757N,24.843023E,71,27.5,0
7168,T,260731,055340,60.518826N,24.843025E,71,27.2,0
7169,T,260731,055341,60.518890N,24.843027E,71,27.1,1
7170,T,260731,055342,60.518959N,24.843037E,71,26.8,1
7171,T,260731,055343,60.519024N,24.843042E,71,26.8,2
7172,T,260731,055344,60.519093N,24.843048E,71,26.7,3
7173,T,260731,055345,60.519161N,24.843058E,71,26.7,3
7174,T,260731,055346,60.519222N,24.843069E,71,26.6,4
7175,T,260731,055347,60.519287N,24.843082E,71,26.6,5
7176,T,260731,055348,60.519356N,24.843094E,71,26.6,5
7177,T,260731,055349,60.519421N,24.843105E,71,26.6,5
7178,T,260731,055350,60.519489N,24.843121E,71,26.5,5
7179,T,260731,055351,60.519550N,24.843134E,70,26.1,6
7180,T,260731,055352,60.519615N,24.843147E,70,26.1,6
7181,T,260731,055353,60.519680N,24.843164E,70,26.2,7
7182,T,260731,055354,60.519745N,24.843180E,70,26.3,7
7183,T,260731,055355,60.519810N,24.843197E,70,26.6,7
7184,T,260731,055356,60.519871N,24.843216E,70,26.6,7
7185,T,260731,055357,60.519939N,24.843229E,70,26.5,7
7186,T,260731,055358,60.520004N,24.843246E,70,26.5,7
7187,T,260731,055359,60.520069N,24.843266E,70,26.4,7
7188,T,260731,055400,60.520130N,24.843285E,70,26.4,7
7189,T,260731,055401,60.520199N,24.843304E,70,26.3,7
7190,T,260731,055402,60.520264N,24.843327E,70,26.2,7
7191,T,260731,055403,60.520329N,24.843342E,70,26.2,7
7192,T,260731,055404,60.520397N,24.843357E,70,26.2,7
7193,T,260731,055405,60.520458N,24.843374E,70,26.2,6
7194,T,260731,055406,60.520523N,24.843384E,70,26.1,6
7195,T,260731,055407,60.520588N,24.843399E,70,26.1,6
7196,T,260731,055408,60.520653N,24.843416E,70,26.0,6
7197,T,260731,055409,60.520718N,24.843428E,70,25.9,6
7198,T,260731,055410,60.520779N,24.843443E,70,25.9,6
7199,T,260731,055411,60.520847N,24.843458E,70,25.8,6
7200,T,260731,055412,60.520912N,24.843470E,70,25.8,5
7201,T,260731,055413,60.520977N,24.843481E,70,25.8,4
7202,T,260731,055414,60.521042N,24.843494E,70,26.3,4
7203,T,260731,055415,60.521103N,24.843504E,70,26.2,4
7204,T,260731,055416,60.521168N,24.843513E,70,26.1,3
7205,T,260731,055417,60.521233N,24.843521E,70,26.2,3
7206,T,260731,055418,60.521301N,24.843531E,70,26.3,3
7207,T,260731,055419,60.521366N,24.843538E,70,26.6,3
7208,T,260731,055420,60.521431N,24.843544E,70,26.7,2
7209,T,260731,055421,60.521500N,24.843550E,69,27.0,2
7210,T,260731,055422,60.521568N,24.843554E,69,27.0,1
7211,T,260731,055423,60.521637N,24.843555E,69,27.4,1
7212,T,260731,055424,60.521706N,24.843559E,69,27.5,0
7213,T,260731,055425,60.521770N,24.843559E,69,27.5,0
7214,T,260731,055426,60.521839N,24.843559E,69,27.5,0
7215,T,260731,055427,60.521912N,24.843559E,69,27.6,0
7216,T,260731,055428,60.521976N,24.843555E,69,27.7,359
7217,T,260731,055429,60.522045N,24.843555E,69,27.7,359
7218,T,260731,055430,60.522118N,24.843552E,68,27.8,358
7219,T,260731,055431,60.522182N,24.843544E,68,28.2,358
7220,T,260731,055432,60.522255N,24.843542E,68,28.2,358
7221,T,260731,055433,60.522324N,24.843536E,68,28.2,358
7222,T,260731,055434,60.522396N,24.843531E,68,28.1,357
7223,T,260731,055435,60.522465N,24.843519E,68,28.0,357
7224,T,260731,055436,60.522533N,24.843512E,68,27.8,356
7225,T,260731,055437,60.522606N,24.843502E,68,27.7,355
7226,T,260731,055438,60.522671N,24.843491E,68,27.6,355
7227,T,260731,055439,60.522739N,24.843477E,68,27.5,355
7228,T,260731,055440,60.522812N,24.843466E,68,27.5,355
7229,T,260731,055441,60.522881N,24.843456E,68,27.5,355
7230,T,260731,055442,60.522953N,24.843443E,68,27.5,354
7231,T,260731,055443,60.523022N,24.843426E,68,27.4,354
7232,T,260731,055444,60.523087N,24.843410E,68,27.5,353
7233,T,260731,055445,60.523155N,24.843391E,68,27.5,353
7234,T,260731,055446,60.523224N,24.843376E,68,27.5,353
7235,T,260731,055447,60.523293N,24.843357E,68,27.6,352
7236,T,260731,055448,60.523365N,24.843338E,68,27.9,352
7237,T,260731,055449,60.523434N,24.843315E,68,27.8,352
7238,T,260731,055450,60.523499N,24.843296E,68,27.8,351
7239,T,260731,055451,60.523567N,24.843275E,68,27.7,351
7240,T,260731,055452,60.523640N,24.843252E,68,27.7,351
7241,T,260731,055453,60.523708N,24.843231E,68,27.7,351
7242,T,260731,055454,60.523777N,24.843210E,68,27.6,351
7243,T,260731,055455,60.523846N,24.843187E,68,27.6,351
7244,T,260731,055456,60.523911N,24.843166E,68,27.6,351
7245,T,260731,055457,60.523979N,24.843142E,68,27.6,351
7246,T,260731,055458,60.524052N,24.843119E,68,27.7,350
7247,T,260731,055459,60.524120N,24.843102E,68,27.7,350
7248,T,260731,055500,60.524189N,24.843081E,68,27.7,351
7249,T,260731,055501,60.524258N,24.843058E,68,27.8,351
7250,T,260731,055502,60.524323N,24.843039E,68,27.8,351
7251,T,260731,055503,60.524391N,24.843018E,68,27.7,351
7252,T,260731,055504,60.524460N,24.842999E,68,27.7,351
7253,T,260731,055505,60.524529N,24.842978E,68,27.6,351
7254,T,260731,055506,60.524601N,24.842957E,68,27.6,351
7255,T,260731,055507,60.524670N,24.842936E,68,27.6,351
7256,T,260731,055508,60.524734N,24.842916E,68,27.5,351
7257,T,260731,055509,60.524803N,24.842892E,68,27.4,351
7258,T,260731,055510,60.524872N,24.842871E,68,27.3,351
7259,T,260731,055511,60.524937N,24.842848E,68,27.2,350
7260,T,260731,055512,60.525005N,24.842829E,68,26.9,351
7261,T,260731,055513,60.525070N,24.842808E,68,26.9,351
7262,T,260731,055514,60.525139N,24.842789E,68,26.5,351
7263,T,260731,055515,60.525204N,24.842768E,68,26.4,351
7264,T,260731,055516,60.525269N,24.842751E,68,26.4,351
7265,T,260731,055517,60.525333N,24.842728E,68,26.3,351
7266,T,260731,055518,60.525394N,24.842709E,68,26.0,351
7267,T,260731,055519,60.525459N,24.842690E,68,25.9,351
7268,T,260731,055520,60.525520N,24.842674E,68,24.9,351
7269,T,260731,055521,60.525581N,24.842655E,68,24.3,351
7270,T,260731,055522,60.525639N,24.842636E,68,24.3,351
7271,T,260731,055523,60.525700N,24.842619E,68,24.6,351
7272,T,260731,055524,60.525764N,24.842600E,68,24.7,351
7273,T,260731,055525,60.525826N,24.842585E,68,24.8,351
7274,T,260731,055526,60.525887N,24.842564E,68,24.9,351
7275,T,260731,055527,60.525948N,24.842546E,69,25.0,351
7276,T,260731,055528,60.526009N,24.842525E,69,25.1,351
7277,T,260731,055529,60.526073N,24.842510E,69,25.2,351
7278,T,260731,055530,60.526134N,24.842489E,68,25.2,351
7279,T,260731,055531,60.526199N,24.842472E,68,25.3,351
7280,T,260731,055532,60.526264N,24.842449E,69,25.4,351
7281,T,260731,055533,60.526329N,24.842432E,69,25.5,351
7282,T,260731,055534,60.526394N,24.842413E,69,25.5,351
7283,T,260731,055535,60.526451N,24.842394E,69,25.6,351
7284,T,260731,055536,60.526516N,24.842377E,69,25.6,351
7285,T,260731,055537,60.526581N,24.842354E,69,25.6,351
7286,T,260731,055538,60.526646N,24.842331E,69,25.7,351
7287,T,260731,055539,60.526707N,24.842310E,69,25.8,351
7288,T,260731,055540,60.526772N,24.842293E,69,25.9,351
7289,T,260731,055541,60.526836N,24.842274E,69,26.0,351
7290,T,260731,055542,60.526901N,24.842257E,69,26.0,351
7291,T,260731,055543,60.526962N,24.842234E,69,26.1,351
7292,T,260731,055544,60.527031N,24.842213E,69,26.1,351
7293,T,260731,055545,60.527096N,24.842192E,69,26.0,351
7294,T,260731,055546,60.527161N,24.842173E,69,26.0,351
7295,T,260731,055547,60.527225N,24.842154E,69,25.9,351
7296,T,260731,055548,60.527287N,24.842136E,69,25.9,351
7297,T,260731,055549,60.527351N,24.842113E,69,25.8,351
7298,T,260731,055550,60.527416N,24.842093E,69,25.8,351
7299,T,260731,055551,60.527481N,24.842075E,69,25.7,351
7300,T,260731,055552,60.527538N,24.842060E,69,25.7,351
7301,T,260731,055553,60.527603N,24.842045E,69,25.7,351
7302,T,260731,055554,60.527672N,24.842024E,69,25.8,351
7303,T,260731,055555,60.527733N,24.842005E,69,25.8,351
7304,T,260731,055556,60.527802N,24.841982E,70,26.2,351
7305,T,260731,055557,60.527863N,24.841965E,69,26.1,351
7306,T,260731,055558,60.527927N,24.841944E,69,26.1,351
7307,T,260731,055559,60.527996N,24.841932E,69,26.1,351
7308,T,260731,055600,60.528061N,24.841915E,69,26.0,351
7309,T,260731,055601,60.528118N,24.841896E,69,26.0,351
7310,T,260731,055602,60.528179N,24.841869E,69,26.0,350
7311,T,260731,055603,60.528244N,24.841848E,70,26.0,350
7312,T,260731,055604,60.528309N,24.841829E,70,25.9,350
7313,T,260731,055605,60.528370N,24.841812E,70,25.9,350
7314,T,260731,055606,60.528431N,24.841793E,70,25.8,350
7315,T,260731,055607,60.528500N,24.841774E,70,25.7,350
7316,T,260731,055608,60.528564N,24.841745E,70,25.7,350
7317,T,260731,055609,60.528629N,24.841722E,70,25.4,350
7318,T,260731,055610,60.528690N,24.841696E,70,25.5,350
7319,T,260731,055611,60.528755N,24.841677E,70,25.5,350
7320,T,260731,055612,60.528820N,24.841654E,70,25.3,350
7321,T,260731,055613,60.528881N,24.841633E,69,24.9,350
7322,T,260731,055614,60.528938N,24.841612E,69,24.8,350
7323,T,260731,055615,60.528999N,24.841595E,69,24.7,350
7324,T,260731,055616,60.529064N,24.841574E,70,24.7,350
7325,T,260731,055617,60.529121N,24.841553E,70,24.6,350
7326,T,260731,055618,60.529179N,24.841532E,70,24.5,350
7327,T,260731,055619,60.529240N,24.841511E,70,24.5,350
7328,T,260731,055620,60.529301N,24.841492E,71,24.5,350
7329,T,260731,055621,60.529362N,24.841475E,71,24.5,350
7330,T,260731,055622,60.529419N,24.841454E,71,24.5,350
7331,T,260731,055623,60.529480N,24.841433E,71,24.5,350
7332,T,260731,055624,60.529541N,24.841410E,71,24.5,349
7333,T,260731,055625,60.529598N,24.841387E,71,24.5,349
7334,T,260731,055626,60.529663N,24.841360E,71,24.5,349
7335,T,260731,055627,60.529724N,24.841333E,71,24.9,349
7336,T,260731,055628,60.529789N,24.841309E,71,25.4,349
7337,T,260731,055629,60.529846N,24.841284E,70,25.3,349
7338,T,260731,055630,60.529911N,24.841265E,70,25.4,349
7339,T,260731,055631,60.529976N,24.841240E,70,25.5,349
7340,T,260731,055632,60.530041N,24.841215E,70,25.5,348
7341,T,260731,055633,60.530109N,24.841194E,70,25.5,349
7342,T,260731,055634,60.530167N,24.841171E,70,25.6,349
7343,T,260731,055635,60.530231N,24.841148E,70,25.7,348
7344,T,260731,055636,60.530296N,24.841122E,70,25.7,348
7345,T,260731,055637,60.530361N,24.841097E,70,26.0,348
7346,T,260731,055638,60.530418N,24.841068E,71,26.0,348
7347,T,260731,055639,60.530483N,24.841043E,71,26.1,348
7348,T,260731,055640,60.530548N,24.841019E,71,26.2,348
7349,T,260731,055641,60.530613N,24.840996E,71,26.2,348
7350,T,260731,055642,60.530678N,24.840975E,71,26.2,348
7351,T,260731,055643,60.530739N,24.840952E,71,26.2,348
7352,T,260731,055644,60.530800N,24.840925E,71,26.1,347
7353,T,260731,055645,60.530865N,24.840902E,72,26.0,347
7354,T,260731,055646,60.530930N,24.840876E,72,25.9,347
7355,T,260731,055647,60.530987N,24.840845E,72,25.8,347
7356,T,260731,055648,60.531048N,24.840816E,72,25.8,347
7357,T,260731,055649,60.531113N,24.840784E,73,25.7,347
7358,T,260731,055650,60.531174N,24.840754E,73,25.6,347
7359,T,260731,055651,60.531235N,24.840725E,73,25.5,347
7360,T,260731,055652,60.531296N,24.840696E,74,25.4,347
7361,T,260731,055653,60.531361N,24.840670E,74,25.4,347
7362,T,260731,055654,60.531422N,24.840639E,74,25.4,347
7363,T,260731,055655,60.531483N,24.840616E,74,25.5,347
7364,T,260731,055656,60.531544N,24.840588E,74,25.6,347
7365,T,260731,055657,60.531609N,24.840563E,74,25.6,346
7366,T,260731,055658,60.531673N,24.840534E,75,25.7,346
7367,T,260731,055659,60.531731N,24.840506E,75,25.8,346
7368,T,260731,055700,60.531796N,24.840479E,75,25.9,346
7369,T,260731,055701,60.531860N,24.840462E,75,26.0,347
7370,T,260731,055702,60.531921N,24.840441E,75,26.0,346
7371,T,260731,055703,60.531982N,24.840414E,75,26.1,346
7372,T,260731,055704,60.532047N,24.840384E,76,25.7,347
7373,T,260731,055705,60.532112N,24.840355E,76,25.8,346
7374,T,260731,055706,60.532173N,24.840322E,76,26.2,347
7375,T,260731,055707,60.532234N,24.840290E,76,26.6,346
7376,T,260731,055708,60.532299N,24.840256E,76,26.1,346
7377,T,260731,055709,60.532364N,24.840218E,77,26.2,345
7378,T,260731,055710,60.532429N,24.840181E,77,26.6,345
7379,T,260731,055711,60.532490N,24.840143E,77,26.5,345
7380,T,260731,055712,60.532555N,24.840103E,77,26.6,345
7381,T,260731,055713,60.532619N,24.840067E,77,26.7,345
7382,T,260731,055714,60.532684N,24.840027E,77,27.1,345
7383,T,260731,055715,60.532749N,24.839989E,77,26.5,345
7384,T,260731,055716,60.532810N,24.839952E,77,25.9,345
7385,T,260731,055717,60.532875N,24.839916E,77,25.5,345
7386,T,260731,055718,60.532936N,24.839880E,77,25.0,345
7387,T,260731,055719,60.533001N,24.839844E,77,25.0,344
7388,T,260731,055720,60.533058N,24.839809E,77,25.0,345
7389,T,260731,055721,60.533119N,24.839775E,77,25.2,345
7390,T,260731,055722,60.533184N,24.839741E,77,25.3,345
7391,T,260731,055723,60.533245N,24.839706E,77,25.5,345
7392,T,260731,055724,60.533306N,24.839670E,76,25.6,345
7393,T,260731,055725,60.533371N,24.839634E,76,26.0,344
7394,T,260731,055726,60.533436N,24.839596E,76,26.0,343
7395,T,260731,055727,60.533501N,24.839560E,76,26.2,344
7396,T,260731,055728,60.533562N,24.839523E,76,26.3,344
7397,T,260731,055729,60.533623N,24.839487E,76,26.6,344
7398,T,260731,055730,60.533688N,24.839453E,76,26.6,344
7399,T,260731,055731,60.533752N,24.839417E,77,26.6,343
7400,T,260731,055732,60.533817N,24.839380E,77,26.6,343
7401,T,260731,055733,60.533878N,24.839342E,77,26.7,343
7402,T,260731,055734,60.533939N,24.839300E,77,26.8,343
7403,T,260731,055735,60.534004N,24.839260E,77,26.8,343
7404,T,260731,055736,60.534069N,24.839220E,77,26.8,343
7405,T,260731,055737,60.534130N,24.839178E,77,26.8,343
7406,T,260731,055738,60.534199N,24.839136E,77,26.7,343
7407,T,260731,055739,60.534264N,24.839094E,77,26.7,343
7408,T,260731,055740,60.534328N,24.839050E,77,26.7,343
7409,T,260731,055741,60.534393N,24.839005E,77,26.7,343
7410,T,260731,055742,60.534454N,24.838963E,77,27.2,343
7411,T,260731,055743,60.534523N,24.838917E,77,27.2,343
7412,T,260731,055744,60.534588N,24.838873E,77,27.2,342
7413,T,260731,055745,60.534653N,24.838827E,77,26.9,342
7414,T,260731,055746,60.534718N,24.838785E,77,26.7,342
7415,T,260731,055747,60.534779N,24.838745E,77,26.5,342
7416,T,260731,055748,60.534840N,24.838705E,78,26.4,342
7417,T,260731,055749,60.534904N,24.838667E,78,26.3,342
7418,T,260731,055750,60.534969N,24.838629E,78,26.2,342
7419,T,260731,055751,60.535027N,24.838591E,78,26.0,342
7420,T,260731,055752,60.535088N,24.838551E,77,26.0,342
7421,T,260731,055753,60.535152N,24.838511E,77,25.8,342
7422,T,260731,055754,60.535213N,24.838470E,77,25.8,342
7423,T,260731,055755,60.535275N,24.838432E,77,25.7,341
7424,T,260731,055756,60.535336N,24.838394E,77,25.6,341
7425,T,260731,055757,60.535397N,24.838356E,77,25.5,341
7426,T,260731,055758,60.535458N,24.838320E,77,25.5,341
7427,T,260731,055759,60.535515N,24.838284E,77,25.5,342
7428,T,260731,055800,60.535576N,24.838247E,77,25.5,342
7429,T,260731,055801,60.535637N,24.838209E,77,25.5,342
7430,T,260731,055802,60.535702N,24.838175E,76,25.5,342
7431,T,260731,055803,60.535759N,24.838144E,76,25.5,342
7432,T,260731,055804,60.535820N,24.838106E,76,25.5,342
7433,T,260731,055805,60.535885N,24.838066E,76,25.4,341
7434,T,260731,055806,60.535946N,24.838024E,76,25.3,341
7435,T,260731,055807,60.535999N,24.837980E,76,25.3,341
7436,T,260731,055808,60.536060N,24.837936E,76,25.3,341
7437,T,260731,055809,60.536121N,24.837894E,76,25.3,340
7438,T,260731,055810,60.536179N,24.837849E,76,25.4,340
7439,T,260731,055811,60.536240N,24.837805E,76,25.7,340
7440,T,260731,055812,60.536301N,24.837761E,77,25.8,340
7441,T,260731,055813,60.536362N,24.837715E,77,26.1,340
7442,T,260731,055814,60.536419N,24.837671E,77,26.1,341
7443,T,260731,055815,60.536484N,24.837626E,76,26.3,340
7444,T,260731,055816,60.536549N,24.837582E,76,26.7,340
7445,T,260731,055817,60.536610N,24.837538E,76,26.6,340
7446,T,260731,055818,60.536671N,24.837496E,76,26.6,340
7447,T,260731,055819,60.536732N,24.837454E,76,26.6,340
7448,T,260731,055820,60.536797N,24.837408E,76,26.6,339
7449,T,260731,055821,60.536858N,24.837364E,76,26.5,339
7450,T,260731,055822,60.536919N,24.837318E,76,26.5,339
7451,T,260731,055823,60.536980N,24.837273E,76,26.4,339
7452,T,260731,055824,60.537045N,24.837223E,76,26.3,339
7453,T,260731,055825,60.537106N,24.837175E,76,26.3,339
7454,T,260731,055826,60.537163N,24.837128E,77,26.2,339
7455,T,260731,055827,60.537228N,24.837082E,77,26.2,339
7456,T,260731,055828,60.537289N,24.837036E,77,26.2,339
7457,T,260731,055829,60.537354N,24.836988E,77,26.3,339
7458,T,260731,055830,60.537411N,24.836945E,77,26.3,339
7459,T,260731,055831,60.537472N,24.836897E,77,26.3,339
7460,T,260731,055832,60.537533N,24.836849E,76,26.0,339
7461,T,260731,055833,60.537594N,24.836803E,76,25.5,339
7462,T,260731,055834,60.537647N,24.836756E,77,25.0,339
7463,T,260731,055835,60.537708N,24.836714E,77,24.7,339
7464,T,260731,055836,60.537766N,24.836668E,77,24.6,339
7465,T,260731,055837,60.537819N,24.836620E,77,24.5,339
7466,T,260731,055838,60.537880N,24.836576E,77,24.5,339
7467,T,260731,055839,60.537937N,24.836533E,77,24.5,339
7468,T,260731,055840,60.537991N,24.836491E,77,24.4,339
7469,T,260731,055841,60.538048N,24.836449E,77,24.4,339
7470,T,260731,055842,60.538109N,24.836405E,77,24.4,339
7471,T,260731,055843,60.538162N,24.836361E,77,24.5,338
7472,T,260731,055844,60.538219N,24.836313E,77,24.5,338
7473,T,260731,055845,60.538280N,24.836266E,77,24.9,338
7474,T,260731,055846,60.538338N,24.836220E,77,25.0,339
7475,T,260731,055847,60.538395N,24.836176E,77,25.1,339
7476,T,260731,055848,60.538452N,24.836130E,77,25.2,338
7477,T,260731,055849,60.538513N,24.836086E,77,25.2,339
7478,T,260731,055850,60.538570N,24.836044E,77,25.3,339
7479,T,260731,055851,60.538631N,24.835999E,77,25.4,339
7480,T,260731,055852,60.538689N,24.835953E,77,25.4,339
7481,T,260731,055853,60.538750N,24.835903E,77,25.5,339
7482,T,260731,055854,60.538807N,24.835859E,77,25.5,339
7483,T,260731,055855,60.538868N,24.835815E,78,25.5,339
7484,T,260731,055856,60.538929N,24.835772E,78,25.5,339
7485,T,260731,055857,60.538986N,24.835724E,77,25.4,338
7486,T,260731,055858,60.539043N,24.835678E,78,25.4,338
7487,T,260731,055859,60.539104N,24.835630E,78,25.7,338
7488,T,260731,055900,60.539165N,24.835585E,78,25.7,339
7489,T,260731,055901,60.539223N,24.835539E,78,25.6,339
7490,T,260731,055902,60.539284N,24.835491E,78,25.7,339
7491,T,260731,055903,60.539345N,24.835443E,78,25.8,339
7492,T,260731,055904,60.539406N,24.835400E,78,25.8,338
7493,T,260731,055905,60.539463N,24.835356E,78,25.8,338
7494,T,260731,055906,60.539524N,24.835312E,78,25.8,339
7495,T,260731,055907,60.539585N,24.835264E,79,25.7,339
7496,T,260731,055908,60.539642N,24.835215E,79,25.4,338
7497,T,260731,055909,60.539700N,24.835171E,79,25.3,339
7498,T,260731,055910,60.539761N,24.835131E,79,25.3,339
7499,T,260731,055911,60.539822N,24.835085E,79,25.2,338
7500,T,260731,055912,60.539879N,24.835035E,79,25.1,338
7501,T,260731,055913,60.539940N,24.834990E,79,25.0,339
7502,T,260731,055914,60.539997N,24.834946E,79,24.9,339
7503,T,260731,055915,60.540051N,24.834904E,79,24.8,339
7504,T,260731,055916,60.540112N,24.834862E,79,24.7,339
7505,T,260731,055917,60.540169N,24.834816E,79,24.6,339
7506,T,260731,055918,60.540230N,24.834770E,79,24.6,338
7507,T,260731,055919,60.540283N,24.834724E,79,24.6,338
7508,T,260731,055920,60.540340N,24.834682E,80,24.5,339
7509,T,260731,055921,60.540401N,24.834639E,80,24.5,339
7510,T,260731,055922,60.540455N,24.834597E,80,24.1,339
7511,T,260731,055923,60.540512N,24.834551E,80,23.5,339
7512,T,260731,055924,60.540565N,24.834509E,80,23.0,339
7513,T,260731,055925,60.540615N,24.834467E,80,22.7,338
7514,T,260731,055926,60.540672N,24.834423E,80,22.6,338
7515,T,260731,055927,60.540726N,24.834385E,80,22.6,338
7516,T,260731,055928,60.540775N,24.834341E,81,22.5,338
7517,T,260731,055929,60.540829N,24.834303E,81,22.5,339
7518,T,260731,055930,60.540878N,24.834263E,81,22.5,339
7519,T,260731,055931,60.540932N,24.834221E,81,22.4,338
7520,T,260731,055932,60.540985N,24.834181E,81,22.4,339
7521,T,260731,055933,60.541035N,24.834139E,81,22.3,339
7522,T,260731,055934,60.541088N,24.834097E,81,22.4,338
7523,T,260731,055935,60.541142N,24.834057E,82,22.4,339
7524,T,260731,055936,60.541191N,24.834017E,82,22.5,338
7525,T,260731,055937,60.541245N,24.833975E,82,22.5,338
7526,T,260731,055938,60.541294N,24.833933E,82,22.5,338
7527,T,260731,055939,60.541348N,24.833887E,82,22.5,339
7528,T,260731,055940,60.541401N,24.833845E,82,22.4,339
7529,T,260731,055941,60.541447N,24.833809E,82,22.0,338
7530,T,260731,055942,60.541500N,24.833767E,82,22.0,338
7531,T,260731,055943,60.541553N,24.833723E,83,22.1,339
7532,T,260731,055944,60.541603N,24.833687E,83,22.1,339
7533,T,260731,055945,60.541656N,24.833647E,83,22.0,339
7534,T,260731,055946,60.541710N,24.833607E,83,21.9,339
7535,T,260731,055947,60.541759N,24.833565E,83,21.8,339
7536,T,260731,055948,60.541809N,24.833525E,83,21.5,338
7537,T,260731,055949,60.541859N,24.833487E,83,21.5,339
7538,T,260731,055950,60.541912N,24.833448E,83,21.5,339
7539,T,260731,055951,60.541962N,24.833410E,84,21.6,339
7540,T,260731,055952,60.542011N,24.833370E,84,22.0,339
7541,T,260731,055953,60.542065N,24.833330E,84,22.0,339
7542,T,260731,055954,60.542114N,24.833294E,84,22.0,339
7543,T,260731,055955,60.542168N,24.833254E,84,22.0,339
7544,T,260731,055956,60.542221N,24.833212E,84,21.9,338
7545,T,260731,055957,60.542271N,24.833172E,84,22.0,338
7546,T,260731,055958,60.542320N,24.833134E,84,22.0,338
7547,T,260731,055959,60.542374N,24.833094E,84,22.0,338
7548,T,260731,060000,60.542423N,24.833052E,84,22.1,338
7549,T,260731,060001,60.542480N,24.833014E,85,22.4,339
7550,T,260731,060002,60.542526N,24.832975E,85,22.5,339
7551,T,260731,060003,60.542583N,24.832933E,85,22.5,338
7552,T,260731,060004,60.542637N,24.832890E,85,22.6,338
7553,T,260731,060005,60.542690N,24.832848E,85,23.0,338
7554,T,260731,060006,60.542744N,24.832808E,85,23.1,338
7555,T,260731,060007,60.542801N,24.832766E,85,23.5,339
7556,T,260731,060008,60.542854N,24.832724E,85,23.5,339
7557,T,260731,060009,60.542908N,24.832684E,85,23.6,339
7558,T,260731,060010,60.542961N,24.832644E,85,23.6,338
7559,T,260731,060011,60.543015N,24.832598E,85,23.7,339
7560,T,260731,060012,60.543072N,24.832554E,85,23.8,339
7561,T,260731,060013,60.543129N,24.832512E,85,23.9,338
7562,T,260731,060014,60.543179N,24.832468E,85,23.9,339
7563,T,260731,060015,60.543236N,24.832424E,85,23.4,339
7564,T,260731,060016,60.543289N,24.832382E,84,23.3,339
7565,T,260731,060017,60.543343N,24.832340E,84,22.5,338
7566,T,260731,060018,60.543396N,24.832296E,84,22.2,338
7567,T,260731,060019,60.543449N,24.832254E,85,21.8,337
7568,T,260731,060020,60.543495N,24.832216E,85,21.5,338
7569,T,260731,060021,60.543549N,24.832176E,85,21.4,338
7570,T,260731,060022,60.543594N,24.832138E,85,20.9,339
7571,T,260731,060023,60.543644N,24.832102E,85,20.9,340
7572,T,260731,060024,60.543694N,24.832066E,85,20.8,340
7573,T,260731,060025,60.543743N,24.832027E,85,21.5,340
7574,T,260731,060026,60.543793N,24.831987E,84,22.0,339
7575,T,260731,060027,60.543842N,24.831947E,84,22.5,339
7576,T,260731,060028,60.543896N,24.831903E,84,22.8,338
7577,T,260731,060029,60.543953N,24.831860E,84,23.3,338
7578,T,260731,060030,60.544003N,24.831816E,84,23.7,338
7579,T,260731,060031,60.544060N,24.831772E,84,24.1,338
7580,T,260731,060032,60.544117N,24.831724E,84,24.2,337
7581,T,260731,060033,60.544170N,24.831682E,84,24.5,338
7582,T,260731,060034,60.544231N,24.831636E,84,24.6,338
7583,T,260731,060035,60.544289N,24.831593E,84,24.6,338
7584,T,260731,060036,60.544346N,24.831549E,84,24.7,339
7585,T,260731,060037,60.544403N,24.831505E,84,24.7,338
7586,T,260731,060038,60.544464N,24.831455E,84,24.7,338
7587,T,260731,060039,60.544521N,24.831409E,84,24.7,338
7588,T,260731,060040,60.544582N,24.831369E,84,24.8,339
7589,T,260731,060041,60.544647N,24.831326E,84,24.8,339
7590,T,260731,060042,60.544704N,24.831282E,84,24.8,339
7591,T,260731,060043,60.544762N,24.831238E,84,24.3,339
7592,T,260731,060044,60.544815N,24.831196E,84,24.2,338
7593,T,260731,060045,60.544872N,24.831152E,84,24.1,338
7594,T,260731,060046,60.544930N,24.831106E,84,24.0,338
7595,T,260731,060047,60.544979N,24.831064E,84,23.6,338
7596,T,260731,060048,60.545036N,24.831020E,85,23.6,338
7597,T,260731,060049,60.545094N,24.830978E,85,23.6,339
7598,T,260731,060050,60.545147N,24.830936E,85,23.5,339
7599,T,260731,060051,60.545200N,24.830893E,85,23.5,339
7600,T,260731,060052,60.545258N,24.830849E,85,23.5,339
7601,T,260731,060053,60.545311N,24.830807E,85,23.4,339
7602,T,260731,060054,60.545368N,24.830765E,85,23.4,338
7603,T,260731,060055,60.545422N,24.830723E,85,23.4,338
7604,T,260731,060056,60.545475N,24.830679E,85,23.4,338
7605,T,260731,060057,60.545528N,24.830635E,85,23.4,338
7606,T,260731,060058,60.545586N,24.830591E,85,23.4,339
7607,T,260731,060059,60.545639N,24.830549E,85,23.4,339
7608,T,260731,060100,60.545696N,24.830507E,85,23.4,339
7609,T,260731,060101,60.545753N,24.830463E,85,23.5,339
7610,T,260731,060102,60.545803N,24.830421E,85,23.5,338
7611,T,260731,060103,60.545860N,24.830379E,86,23.6,338
7612,T,260731,060104,60.545918N,24.830339E,86,23.6,339
7613,T,260731,060105,60.545971N,24.830296E,86,23.6,339
7614,T,260731,060106,60.546028N,24.830254E,86,23.5,338
7615,T,260731,060107,60.546082N,24.830210E,86,23.5,338
7616,T,260731,060108,60.546135N,24.830166E,86,23.3,338
7617,T,260731,060109,60.546188N,24.830122E,86,23.2,338
7618,T,260731,060110,60.546246N,24.830082E,86,23.2,339
7619,T,260731,060111,60.546299N,24.830038E,86,23.2,339
7620,T,260731,060112,60.546352N,24.829998E,86,23.2,339
7621,T,260731,060113,60.546406N,24.829956E,86,23.2,339
7622,T,260731,060114,60.546459N,24.829914E,86,23.5,339
7623,T,260731,060115,60.546516N,24.829870E,86,23.5,338
7624,T,260731,060116,60.546570N,24.829828E,86,23.5,339
7625,T,260731,060117,60.546623N,24.829786E,86,23.6,338
7626,T,260731,060118,60.546680N,24.829744E,86,23.6,338
7627,T,260731,060119,60.546738N,24.829700E,86,23.9,338
7628,T,260731,060120,60.546791N,24.829657E,86,24.0,338
7629,T,260731,060121,60.546844N,24.829615E,86,24.0,338
7630,T,260731,060122,60.546902N,24.829569E,86,24.1,338
7631,T,260731,060123,60.546955N,24.829521E,86,24.2,338
7632,T,260731,060124,60.547012N,24.829475E,86,24.3,338
7633,T,260731,060125,60.547073N,24.829432E,86,24.4,338
7634,T,260731,060126,60.547127N,24.829384E,86,24.7,338
7635,T,260731,060127,60.547184N,24.829340E,86,24.6,339
7636,T,260731,060128,60.547245N,24.829296E,86,24.5,339
7637,T,260731,060129,60.547298N,24.829252E,86,24.4,339
7638,T,260731,060130,60.547356N,24.829208E,86,24.5,339
7639,T,260731,060131,60.547413N,24.829163E,86,24.5,339
7640,T,260731,060132,60.547470N,24.829119E,86,24.5,338
7641,T,260731,060133,60.547527N,24.829073E,86,24.5,339
7642,T,260731,060134,60.547585N,24.829025E,86,24.5,338
7643,T,260731,060135,60.547642N,24.828981E,86,24.6,339
7644,T,260731,060136,60.547699N,24.828938E,86,24.6,339
7645,T,260731,060137,60.547756N,24.828896E,86,24.6,339
7646,T,260731,060138,60.547817N,24.828850E,86,24.6,339
7647,T,260731,060139,60.547871N,24.828806E,86,24.6,339
7648,T,260731,060140,60.547928N,24.828764E,86,24.5,338
7649,T,260731,060141,60.547989N,24.828718E,86,24.5,338
7650,T,260731,060142,60.548042N,24.828674E,86,24.5,338
7651,T,260731,060143,60.548100N,24.828629E,86,24.5,338
7652,T,260731,060144,60.548157N,24.828587E,86,24.5,338
7653,T,260731,060145,60.548218N,24.828543E,86,24.5,339
7654,T,260731,060146,60.548271N,24.828497E,86,24.5,339
7655,T,260731,060147,60.548328N,24.828451E,86,24.5,339
7656,T,260731,060148,60.548389N,24.828407E,86,24.4,339
7657,T,260731,060149,60.548443N,24.828365E,86,24.3,339
7658,T,260731,060150,60.548500N,24.828321E,86,24.3,339
7659,T,260731,060151,60.548557N,24.828276E,86,24.2,338
7660,T,260731,060152,60.548611N,24.828230E,86,24.2,338
7661,T,260731,060153,60.548672N,24.828184E,86,24.6,338
7662,T,260731,060154,60.548729N,24.828142E,86,24.7,339
7663,T,260731,060155,60.548786N,24.828098E,86,25.0,339
7664,T,260731,060156,60.548847N,24.828054E,86,25.0,339
7665,T,260731,060157,60.548904N,24.828007E,86,24.7,339
7666,T,260731,060158,60.548965N,24.827963E,87,24.7,338
7667,T,260731,060159,60.549019N,24.827915E,87,24.6,338
7668,T,260731,060200,60.549076N,24.827873E,87,24.4,338
7669,T,260731,060201,60.549133N,24.827827E,87,24.3,338
7670,T,260731,060202,60.549187N,24.827784E,87,24.3,339
7671,T,260731,060203,60.549244N,24.827742E,87,24.2,339
7672,T,260731,060204,60.549301N,24.827696E,87,24.2,338
7673,T,260731,060205,60.549358N,24.827652E,87,24.2,338
7674,T,260731,060206,60.549416N,24.827604E,87,24.2,338
7675,T,260731,060207,60.549473N,24.827560E,87,24.2,338
7676,T,260731,060208,60.549526N,24.827515E,87,24.2,338
7677,T,260731,060209,60.549583N,24.827471E,87,24.2,338
7678,T,260731,060210,60.549641N,24.827423E,87,24.3,338
7679,T,260731,060211,60.549702N,24.827381E,87,24.3,338
7680,T,260731,060212,60.549755N,24.827335E,87,24.3,338
7681,T,260731,060213,60.549812N,24.827290E,87,24.4,338
7682,T,260731,060214,60.549873N,24.827244E,87,24.4,339
7683,T,260731,060215,60.549927N,24.827202E,87,24.5,338
7684,T,260731,060216,60.549988N,24.827156E,87,24.9,339
7685,T,260731,060217,60.550045N,24.827112E,87,24.9,339
7686,T,260731,060218,60.550102N,24.827065E,87,25.0,339
7687,T,260731,060219,60.550159N,24.827019E,87,25.4,339
7688,T,260731,060220,60.550220N,24.826971E,87,25.4,338
7689,T,260731,060221,60.550282N,24.826923E,87,25.5,338
7690,T,260731,060222,60.550339N,24.826876E,87,26.0,338
7691,T,260731,060223,60.550400N,24.826828E,87,26.3,338
7692,T,260731,060224,60.550465N,24.826780E,87,26.3,338
7693,T,260731,060225,60.550526N,24.826733E,87,26.6,338
7694,T,260731,060226,60.550587N,24.826681E,87,27.0,338
7695,T,260731,060227,60.550648N,24.826632E,87,27.4,338
7696,T,260731,060228,60.550716N,24.826582E,87,27.5,338
7697,T,260731,060229,60.550781N,24.826532E,87,27.6,338
7698,T,260731,060230,60.550842N,24.826481E,87,27.9,338
7699,T,260731,060231,60.550907N,24.826429E,86,27.4,338
7700,T,260731,060232,60.550976N,24.826382E,86,27.4,339
7701,T,260731,060233,60.551041N,24.826334E,86,26.7,339
7702,T,260731,060234,60.551102N,24.826284E,86,26.6,339
7703,T,260731,060235,60.551159N,24.826237E,86,26.2,338
7704,T,260731,060236,60.551220N,24.826187E,86,25.9,339
7705,T,260731,060237,60.551281N,24.826143E,86,25.8,339
7706,T,260731,060238,60.551338N,24.826096E,86,25.4,338
7707,T,260731,060239,60.551399N,24.826046E,86,25.3,338
7708,T,260731,060240,60.551460N,24.826002E,86,24.9,338
7709,T,260731,060241,60.551517N,24.825958E,86,24.5,338
7710,T,260731,060242,60.551571N,24.825916E,85,24.5,338
7711,T,260731,060243,60.551632N,24.825869E,85,24.5,339
7712,T,260731,060244,60.551689N,24.825827E,85,24.5,338
7713,T,260731,060245,60.551746N,24.825783E,85,25.0,339
7714,T,260731,060246,60.551804N,24.825735E,85,25.5,339
7715,T,260731,060247,60.551865N,24.825687E,85,26.0,339
7716,T,260731,060248,60.551929N,24.825644E,85,26.3,339
7717,T,260731,060249,60.551991N,24.825596E,85,26.4,339
7718,T,260731,060250,60.552052N,24.825548E,85,26.8,339
7719,T,260731,060251,60.552116N,24.825500E,85,26.9,339
7720,T,260731,060252,60.552181N,24.825453E,85,27.0,339
7721,T,260731,060253,60.552242N,24.825401E,85,27.3,339
7722,T,260731,060254,60.552307N,24.825350E,85,27.3,338
7723,T,260731,060255,60.552368N,24.825300E,85,27.3,339
7724,T,260731,060256,60.552437N,24.825251E,85,27.3,339
7725,T,260731,060257,60.552502N,24.825197E,85,27.3,338
7726,T,260731,060258,60.552559N,24.825148E,85,27.3,338
7727,T,260731,060259,60.552624N,24.825098E,85,27.3,339
7728,T,260731,060300,60.552689N,24.825050E,85,27.2,339
7729,T,260731,060301,60.552753N,24.825005E,85,27.1,339
7730,T,260731,060302,60.552814N,24.824953E,85,26.6,339
7731,T,260731,060303,60.552876N,24.824903E,85,26.5,339
7732,T,260731,060304,60.552940N,24.824858E,85,26.1,339
7733,T,260731,060305,60.553001N,24.824814E,85,26.0,339
7734,T,260731,060306,60.553059N,24.824766E,85,25.4,338
7735,T,260731,060307,60.553116N,24.824722E,85,25.3,339
7736,T,260731,060308,60.553177N,24.824677E,86,25.0,339
7737,T,260731,060309,60.553234N,24.824635E,86,24.9,339
7738,T,260731,060310,60.553291N,24.824589E,86,24.6,339
7739,T,260731,060311,60.553349N,24.824545E,86,24.5,339
7740,T,260731,060312,60.553410N,24.824499E,86,24.4,339
7741,T,260731,060313,60.553459N,24.824457E,86,24.1,338
7742,T,260731,060314,60.553516N,24.824413E,86,24.0,338
7743,T,260731,060315,60.553574N,24.824369E,87,23.9,339
7744,T,260731,060316,60.553627N,24.824329E,87,23.8,339
7745,T,260731,060317,60.553680N,24.824286E,87,23.7,339
7746,T,260731,060318,60.553738N,24.824244E,87,23.5,339
7747,T,260731,060319,60.553791N,24.824202E,87,23.2,339
7748,T,260731,060320,60.553844N,24.824156E,87,23.6,339
7749,T,260731,060321,60.553902N,24.824114E,87,23.5,338
7750,T,260731,060322,60.553951N,24.824070E,87,23.5,339
7751,T,260731,060323,60.554008N,24.824028E,87,23.5,339
7752,T,260731,060324,60.554062N,24.823984E,88,23.4,339
7753,T,260731,060325,60.554115N,24.823944E,88,23.1,339
7754,T,260731,060326,60.554169N,24.823902E,88,23.1,339
7755,T,260731,060327,60.554222N,24.823860E,88,23.2,339
7756,T,260731,060328,60.554279N,24.823818E,88,23.1,338
7757,T,260731,060329,60.554333N,24.823778E,88,23.1,339
7758,T,260731,060330,60.554382N,24.823738E,88,23.1,339
7759,T,260731,060331,60.554440N,24.823696E,89,23.1,338
7760,T,260731,060332,60.554493N,24.823654E,89,23.0,339
7761,T,260731,060333,60.554546N,24.823614E,89,23.0,339
7762,T,260731,060334,60.554600N,24.823572E,89,23.0,338
7763,T,260731,060335,60.554653N,24.823528E,89,23.0,338
7764,T,260731,060336,60.554703N,24.823486E,89,23.1,339
7765,T,260731,060337,60.554760N,24.823446E,89,23.1,339
7766,T,260731,060338,60.554813N,24.823406E,89,23.1,339
7767,T,260731,060339,60.554867N,24.823364E,90,22.8,339
7768,T,260731,060340,60.554920N,24.823324E,90,22.7,339
7769,T,260731,060341,60.554974N,24.823282E,90,22.6,338
7770,T,260731,060342,60.555023N,24.823240E,90,22.6,338
7771,T,260731,060343,60.555080N,24.823198E,90,22.6,338
7772,T,260731,060344,60.555126N,24.823156E,90,22.6,338
7773,T,260731,060345,60.555180N,24.823114E,90,22.6,338
7774,T,260731,060346,60.555237N,24.823071E,90,22.6,338
7775,T,260731,060347,60.555283N,24.823029E,90,22.2,338
7776,T,260731,060348,60.555340N,24.822985E,91,22.2,338
7777,T,260731,060349,60.555389N,24.822945E,91,22.1,338
7778,T,260731,060350,60.555439N,24.822905E,91,22.2,338
7779,T,260731,060351,60.555492N,24.822863E,91,22.5,338
7780,T,260731,060352,60.555546N,24.822821E,91,22.6,338
7781,T,260731,060353,60.555599N,24.822779E,91,23.0,338
7782,T,260731,060354,60.555653N,24.822737E,91,23.1,338
7783,T,260731,060355,60.555702N,24.822693E,91,23.2,338
7784,T,260731,060356,60.555759N,24.822645E,91,23.7,338
7785,T,260731,060357,60.555817N,24.822601E,91,23.8,337
7786,T,260731,060358,60.555874N,24.822556E,91,23.9,337
7787,T,260731,060359,60.555923N,24.822510E,91,24.2,337
7788,T,260731,060400,60.555981N,24.822464E,91,24.7,338
7789,T,260731,060401,60.556042N,24.822416E,91,24.8,338
7790,T,260731,060402,60.556099N,24.822371E,91,24.9,338
7791,T,260731,060403,60.556160N,24.822323E,91,25.5,338
7792,T,260731,060404,60.556217N,24.822269E,91,25.6,337
7793,T,260731,060405,60.556274N,24.822220E,91,26.0,337
7794,T,260731,060406,60.556335N,24.822166E,91,26.0,337
7795,T,260731,060407,60.556396N,24.822115E,91,26.5,337
7796,T,260731,060408,60.556461N,24.822062E,91,26.8,336
7797,T,260731,060409,60.556519N,24.822006E,91,27.2,336
7798,T,260731,060410,60.556583N,24.821951E,91,27.6,336
7799,T,260731,060411,60.556648N,24.821896E,91,27.6,336
7800,T,260731,060412,60.556713N,24.821840E,90,27.6,336
7801,T,260731,060413,60.556774N,24.821783E,90,27.5,337
7802,T,260731,060414,60.556839N,24.821732E,90,27.6,337
7803,T,260731,060415,60.556904N,24.821674E,90,27.7,336
7804,T,260731,060416,60.556969N,24.821615E,90,27.7,336
7805,T,260731,060417,60.557034N,24.821560E,90,27.7,336
7806,T,260731,060418,60.557095N,24.821505E,90,27.7,336
7807,T,260731,060419,60.557159N,24.821447E,90,27.7,336
7808,T,260731,060420,60.557224N,24.821392E,89,27.6,336
7809,T,260731,060421,60.557289N,24.821337E,89,27.6,336
7810,T,260731,060422,60.557350N,24.821280E,89,27.7,336
7811,T,260731,060423,60.557415N,24.821224E,89,27.7,336
7812,T,260731,060424,60.557480N,24.821169E,89,27.7,336
7813,T,260731,060425,60.557545N,24.821114E,89,27.3,336
7814,T,260731,060426,60.557610N,24.821056E,89,27.2,336
7815,T,260731,060427,60.557667N,24.820999E,89,26.8,335
7816,T,260731,060428,60.557728N,24.820944E,88,26.5,335
7817,T,260731,060429,60.557789N,24.820889E,88,26.1,335
7818,T,260731,060430,60.557850N,24.820833E,88,26.1,335
7819,T,260731,060431,60.557907N,24.820780E,88,26.5,335
7820,T,260731,060432,60.557968N,24.820726E,88,26.6,336
7821,T,260731,060433,60.558029N,24.820671E,88,26.6,335
7822,T,260731,060434,60.558086N,24.820616E,88,26.5,335
7823,T,260731,060435,60.558147N,24.820559E,88,26.2,335
7824,T,260731,060436,60.558208N,24.820503E,88,25.9,335
7825,T,260731,060437,60.558270N,24.820452E,88,25.8,335
7826,T,260731,060438,60.558323N,24.820398E,88,25.5,335
7827,T,260731,060439,60.558384N,24.820345E,89,25.5,335
7828,T,260731,060440,60.558441N,24.820288E,89,25.5,335
7829,T,260731,060441,60.558498N,24.820234E,89,25.4,334
7830,T,260731,060442,60.558556N,24.820181E,89,25.1,335
7831,T,260731,060443,60.558613N,24.820126E,89,25.0,335
7832,T,260731,060444,60.558666N,24.820076E,89,24.9,335
7833,T,260731,060445,60.558723N,24.820023E,89,24.8,335
7834,T,260731,060446,60.558781N,24.819967E,89,24.6,334
7835,T,260731,060447,60.558830N,24.819916E,89,24.4,334
7836,T,260731,060448,60.558887N,24.819864E,89,24.3,334
7837,T,260731,060449,60.558941N,24.819811E,89,24.2,334
7838,T,260731,060450,60.558990N,24.819756E,90,24.1,334
7839,T,260731,060451,60.559048N,24.819706E,90,24.1,334
7840,T,260731,060452,60.559101N,24.819656E,90,24.1,334
7841,T,260731,060453,60.559151N,24.819599E,90,24.0,333
7842,T,260731,060454,60.559208N,24.819548E,90,24.1,334
7843,T,260731,060455,60.559261N,24.819496E,90,24.1,334
7844,T,260731,060456,60.559315N,24.819445E,90,24.2,334
7845,T,260731,060457,60.559368N,24.819389E,90,24.2,334
7846,T,260731,060458,60.559425N,24.819336E,90,24.2,333
7847,T,260731,060459,60.559479N,24.819281E,90,24.3,333
7848,T,260731,060500,60.559532N,24.819223E,90,24.4,333
7849,T,260731,060501,60.559589N,24.819170E,90,24.5,333
7850,T,260731,060502,60.559639N,24.819115E,90,24.5,333
7851,T,260731,060503,60.559696N,24.819056E,90,24.5,333
7852,T,260731,060504,60.559753N,24.819000E,90,24.6,333
7853,T,260731,060505,60.559807N,24.818945E,90,24.9,333
7854,T,260731,060506,60.559864N,24.818888E,90,25.0,333
7855,T,260731,060507,60.559921N,24.818829E,90,25.4,333
7856,T,260731,060508,60.559975N,24.818769E,90,25.5,332
7857,T,260731,060509,60.560032N,24.818710E,90,25.9,333
7858,T,260731,060510,60.560093N,24.818649E,90,26.0,332
7859,T,260731,060511,60.560150N,24.818588E,90,26.5,332
7860,T,260731,060512,60.560207N,24.818523E,90,26.6,332
7861,T,260731,060513,60.560268N,24.818459E,90,27.1,332
7862,T,260731,060514,60.560329N,24.818394E,90,27.6,332
7863,T,260731,060515,60.560390N,24.818327E,90,27.7,332
7864,T,260731,060516,60.560452N,24.818262E,90,27.8,332
7865,T,260731,060517,60.560516N,24.818190E,90,27.8,332
7866,T,260731,060518,60.560577N,24.818123E,90,27.5,332
7867,T,260731,060519,60.560638N,24.818058E,89,27.5,332
7868,T,260731,060520,60.560699N,24.817995E,89,27.4,332
7869,T,260731,060521,60.560760N,24.817930E,89,27.5,332
7870,T,260731,060522,60.560825N,24.817863E,89,28.4,332
7871,T,260731,060523,60.560886N,24.817797E,89,29.0,332
7872,T,260731,060524,60.560951N,24.817724E,88,29.7,332
7873,T,260731,060525,60.561020N,24.817656E,88,30.4,332
7874,T,260731,060526,60.561089N,24.817583E,88,30.8,332
7875,T,260731,060527,60.561161N,24.817511E,88,30.9,332
7876,T,260731,060528,60.561230N,24.817434E,87,31.4,331
7877,T,260731,060529,60.561295N,24.817356E,87,31.5,331
7878,T,260731,060530,60.561367N,24.817278E,87,31.9,331
7879,T,260731,060531,60.561436N,24.817204E,87,31.9,331
7880,T,260731,060532,60.561512N,24.817129E,86,32.3,332
7881,T,260731,060533,60.561581N,24.817059E,86,32.4,333
7882,T,260731,060534,60.561657N,24.816980E,86,32.9,332
7883,T,260731,060535,60.561729N,24.816904E,85,32.6,332
7884,T,260731,060536,60.561798N,24.816824E,85,32.5,331
7885,T,260731,060537,60.561867N,24.816746E,85,32.2,331
7886,T,260731,060538,60.561939N,24.816668E,85,31.7,330
7887,T,260731,060539,60.562008N,24.816589E,84,31.7,330
7888,T,260731,060540,60.562077N,24.816511E,84,31.3,330
7889,T,260731,060541,60.562141N,24.816437E,84,31.0,330
7890,T,260731,060542,60.562206N,24.816360E,84,30.8,331
7891,T,260731,060543,60.562275N,24.816284E,84,30.2,331
7892,T,260731,060544,60.562340N,24.816212E,84,29.8,330
7893,T,260731,060545,60.562408N,24.816135E,84,29.4,330
7894,T,260731,060546,60.562473N,24.816063E,84,29.2,330
7895,T,260731,060547,60.562531N,24.815989E,83,28.8,330
7896,T,260731,060548,60.562595N,24.815916E,83,28.2,330
7897,T,260731,060549,60.562660N,24.815847E,83,28.3,330
7898,T,260731,060550,60.562721N,24.815781E,83,28.2,330
7899,T,260731,060551,60.562778N,24.815710E,83,28.2,329
7900,T,260731,060552,60.562843N,24.815636E,83,28.2,329
7901,T,260731,060553,60.562904N,24.815563E,83,28.3,329
7902,T,260731,060554,60.562965N,24.815491E,83,28.3,329
7903,T,260731,060555,60.563026N,24.815416E,83,28.7,329
7904,T,260731,060556,60.563087N,24.815340E,82,28.7,329
7905,T,260731,060557,60.563152N,24.815266E,82,28.7,329
7906,T,260731,060558,60.563213N,24.815195E,82,28.0,329
7907,T,260731,060559,60.563274N,24.815126E,82,27.6,330
7908,T,260731,060600,60.563332N,24.815050E,82,27.9,329
7909,T,260731,060601,60.563393N,24.814976E,82,27.6,328
7910,T,260731,060602,60.563450N,24.814905E,82,26.9,327
7911,T,260731,060603,60.563511N,24.814844E,83,28.2,328
7912,T,260731,060604,60.563572N,24.814775E,83,28.7,329
7913,T,260731,060605,60.563633N,24.814701E,82,27.6,329
7914,T,260731,060606,60.563686N,24.814632E,82,27.2,329
7915,T,260731,060607,60.563747N,24.814564E,82,27.1,329
7916,T,260731,060608,60.563805N,24.814499E,82,27.0,330
7917,T,260731,060609,60.563866N,24.814436E,82,26.8,331
7918,T,260731,060610,60.563923N,24.814375E,82,26.8,332
7919,T,260731,060611,60.563980N,24.814312E,82,26.7,332
7920,T,260731,060612,60.564041N,24.814247E,82,26.4,332
7921,T,260731,060613,60.564098N,24.814184E,82,26.3,331
7922,T,260731,060614,60.564152N,24.814117E,81,25.6,330
7923,T,260731,060615,60.564209N,24.814049E,81,25.6,328
7924,T,260731,060616,60.564259N,24.813978E,81,25.1,327
7925,T,260731,060617,60.564316N,24.813910E,81,25.2,327
7926,T,260731,060618,60.564369N,24.813845E,81,24.7,327
7927,T,260731,060619,60.564419N,24.813778E,81,24.6,328
7928,T,260731,060620,60.564472N,24.813709E,81,24.3,328
7929,T,260731,060621,60.564522N,24.813644E,81,24.5,328
7930,T,260731,060622,60.564571N,24.813574E,81,24.3,328
7931,T,260731,060623,60.564629N,24.813503E,82,24.2,328
7932,T,260731,060624,60.564678N,24.813437E,82,24.2,327
7933,T,260731,060625,60.564732N,24.813366E,83,24.0,326
7934,T,260731,060626,60.564781N,24.813297E,83,23.6,326
7935,T,260731,060627,60.564831N,24.813234E,83,23.5,326
7936,T,260731,060628,60.564880N,24.813166E,83,23.3,326
7937,T,260731,060629,60.564926N,24.813105E,83,23.2,326
7938,T,260731,060630,60.564976N,24.813040E,83,22.5,326
7939,T,260731,060631,60.565022N,24.812979E,83,22.5,326
7940,T,260731,060632,60.565067N,24.812914E,83,22.3,325
7941,T,260731,060633,60.565113N,24.812847E,83,22.2,325
7942,T,260731,060634,60.565159N,24.812786E,83,22.1,326
7943,T,260731,060635,60.565205N,24.812723E,83,22.1,326
7944,T,260731,060636,60.565247N,24.812658E,83,22.1,325
7945,T,260731,060637,60.565296N,24.812592E,83,22.4,324
7946,T,260731,060638,60.565338N,24.812527E,83,22.5,325
7947,T,260731,060639,60.565392N,24.812464E,83,22.8,325
7948,T,260731,060640,60.565437N,24.812401E,84,22.9,326
7949,T,260731,060641,60.565483N,24.812336E,84,22.9,326
7950,T,260731,060642,60.565533N,24.812269E,84,22.9,327
7951,T,260731,060643,60.565578N,24.812206E,84,22.9,326
7952,T,260731,060644,60.565632N,24.812143E,84,22.8,327
7953,T,260731,060645,60.565681N,24.812082E,84,22.9,327
7954,T,260731,060646,60.565727N,24.812019E,84,22.8,328
7955,T,260731,060647,60.565781N,24.811964E,84,22.8,329
7956,T,260731,060648,60.565826N,24.811909E,84,22.7,330
7957,T,260731,060649,60.565876N,24.811855E,84,22.6,331
7958,T,260731,060650,60.565929N,24.811800E,84,22.5,330
7959,T,260731,060651,60.565975N,24.811737E,84,22.5,329
7960,T,260731,060652,60.566025N,24.811676E,85,22.5,328
7961,T,260731,060653,60.566071N,24.811613E,85,22.9,327
7962,T,260731,060654,60.566120N,24.811550E,85,23.0,326
7963,T,260731,060655,60.566162N,24.811483E,85,22.9,325
7964,T,260731,060656,60.566212N,24.811420E,85,22.9,325
7965,T,260731,060657,60.566261N,24.811356E,85,22.8,325
7966,T,260731,060658,60.566303N,24.811293E,85,22.4,325
7967,T,260731,060659,60.566353N,24.811230E,85,22.3,325
7968,T,260731,060700,60.566395N,24.811169E,85,22.2,325
7969,T,260731,060701,60.566441N,24.811104E,85,22.2,326
7970,T,260731,060702,60.566486N,24.811043E,86,22.3,325
7971,T,260731,060703,60.566532N,24.810976E,86,22.3,324
7972,T,260731,060704,60.566582N,24.810909E,86,22.3,323
7973,T,260731,060705,60.566620N,24.810843E,86,22.4,323
7974,T,260731,060706,60.566669N,24.810774E,86,22.7,322
7975,T,260731,060707,60.566711N,24.810703E,86,22.7,322
7976,T,260731,060708,60.566761N,24.810637E,86,22.6,323
7977,T,260731,060709,60.566803N,24.810566E,86,22.5,323
7978,T,260731,060710,60.566849N,24.810499E,86,22.2,323
7979,T,260731,060711,60.566891N,24.810432E,86,22.2,323
7980,T,260731,060712,60.566936N,24.810364E,87,22.4,323
7981,T,260731,060713,60.566978N,24.810295E,87,22.4,323
7982,T,260731,060714,60.567028N,24.810228E,87,22.5,324
7983,T,260731,060715,60.567078N,24.810162E,87,22.5,324
7984,T,260731,060716,60.567120N,24.810097E,87,22.5,324
7985,T,260731,060717,60.567169N,24.810030E,87,22.6,325
7986,T,260731,060718,60.567215N,24.809963E,87,22.6,325
7987,T,260731,060719,60.567261N,24.809898E,87,22.6,325
7988,T,260731,060720,60.567307N,24.809832E,87,22.6,324
7989,T,260731,060721,60.567356N,24.809767E,88,22.6,324
7990,T,260731,060722,60.567402N,24.809698E,88,22.6,324
7991,T,260731,060723,60.567448N,24.809631E,88,22.7,324
7992,T,260731,060724,60.567497N,24.809565E,88,22.8,324
7993,T,260731,060725,60.567543N,24.809494E,88,22.9,324
7994,T,260731,060726,60.567593N,24.809423E,88,23.0,323
7995,T,260731,060727,60.567638N,24.809357E,88,23.1,324
7996,T,260731,060728,60.567688N,24.809284E,88,23.2,324
7997,T,260731,060729,60.567734N,24.809216E,88,23.2,324
7998,T,260731,060730,60.567780N,24.809143E,88,23.3,323
7999,T,260731,060731,60.567829N,24.809072E,88,23.4,323
8000,T,260731,060732,60.567875N,24.809000E,88,23.5,323
8001,T,260731,060733,60.567924N,24.808929E,88,23.9,323
8002,T,260731,060734,60.567970N,24.808855E,88,24.3,323
8003,T,260731,060735,60.568020N,24.808783E,88,24.6,323
8004,T,260731,060736,60.568073N,24.808706E,88,24.7,323
8005,T,260731,060737,60.568119N,24.808630E,88,24.8,323
8006,T,260731,060738,60.568172N,24.808554E,88,25.2,323
8007,T,260731,060739,60.568226N,24.808475E,88,25.3,323
8008,T,260731,060740,60.568272N,24.808397E,88,25.6,322
8009,T,260731,060741,60.568325N,24.808317E,88,25.6,323
8010,T,260731,060742,60.568375N,24.808237E,88,25.7,322
8011,T,260731,060743,60.568432N,24.808159E,88,26.1,322
8012,T,260731,060744,60.568481N,24.808077E,88,26.2,322
8013,T,260731,060745,60.568535N,24.807997E,88,26.3,322
8014,T,260731,060746,60.568588N,24.807917E,88,26.4,322
8015,T,260731,060747,60.568642N,24.807835E,88,26.5,322
8016,T,260731,060748,60.568691N,24.807753E,88,26.6,322
8017,T,260731,060749,60.568748N,24.807669E,88,26.7,322
8018,T,260731,060750,60.568802N,24.807585E,88,26.8,322
8019,T,260731,060751,60.568851N,24.807503E,88,26.8,322
8020,T,260731,060752,60.568905N,24.807417E,88,26.9,321
8021,T,260731,060753,60.568958N,24.807331E,88,27.2,321
8022,T,260731,060754,60.569012N,24.807245E,88,27.3,321
8023,T,260731,060755,60.569069N,24.807161E,87,27.7,322
8024,T,260731,060756,60.569118N,24.807076E,87,27.8,322
8025,T,260731,060757,60.569176N,24.806990E,87,27.8,322
8026,T,260731,060758,60.569233N,24.806902E,87,27.9,322
8027,T,260731,060759,60.569286N,24.806816E,87,28.0,322
8028,T,260731,060800,60.569340N,24.806725E,87,28.3,322
8029,T,260731,060801,60.569397N,24.806637E,87,28.2,321
8030,T,260731,060802,60.569450N,24.806543E,87,28.2,321
8031,T,260731,060803,60.569504N,24.806454E,87,27.8,321
8032,T,260731,060804,60.569561N,24.806364E,87,27.8,321
8033,T,260731,060805,60.569614N,24.806278E,87,27.4,321
8034,T,260731,060806,60.569668N,24.806192E,87,27.1,321
8035,T,260731,060807,60.569721N,24.806107E,87,27.0,321
8036,T,260731,060808,60.569771N,24.806025E,87,26.5,321
8037,T,260731,060809,60.569824N,24.805941E,87,26.1,321
8038,T,260731,060810,60.569878N,24.805859E,88,25.8,321
8039,T,260731,060811,60.569923N,24.805777E,88,25.3,321
8040,T,260731,060812,60.569973N,24.805696E,88,25.0,321
8041,T,260731,060813,60.570019N,24.805616E,88,24.9,320
8042,T,260731,060814,60.570068N,24.805536E,88,24.4,320
8043,T,260731,060815,60.570114N,24.805456E,88,24.4,320
8044,T,260731,060816,60.570160N,24.805380E,89,23.8,320
8045,T,260731,060817,60.570210N,24.805304E,89,23.4,320
8046,T,260731,060818,60.570251N,24.805229E,89,22.8,320
8047,T,260731,060819,60.570297N,24.805157E,89,22.4,320
8048,T,260731,060820,60.570339N,24.805084E,89,22.8,320
8049,T,260731,060821,60.570385N,24.805012E,90,22.8,320
8050,T,260731,060822,60.570427N,24.804941E,90,22.0,321
8051,T,260731,060823,60.570473N,24.804878E,90,21.4,322
8052,T,260731,060824,60.570511N,24.804817E,90,21.2,321
8053,T,260731,060825,60.570557N,24.804756E,90,20.9,321
8054,T,260731,060826,60.570591N,24.804689E,91,20.9,320
8055,T,260731,060827,60.570637N,24.804625E,91,21.4,320
8056,T,260731,060828,60.570675N,24.804558E,91,21.3,321
8057,T,260731,060829,60.570717N,24.804495E,91,20.5,321
8058,T,260731,060830,60.570751N,24.804430E,91,20.6,321
8059,T,260731,060831,60.570793N,24.804363E,91,20.7,321
8060,T,260731,060832,60.570831N,24.804298E,92,20.7,320
8061,T,260731,060833,60.570873N,24.804232E,92,20.7,320
8062,T,260731,060834,60.570908N,24.804161E,92,20.6,320
8063,T,260731,060835,60.570950N,24.804096E,92,20.1,320
8064,T,260731,060836,60.570988N,24.804033E,92,20.5,322
8065,T,260731,060837,60.571026N,24.803972E,92,20.1,322
8066,T,260731,060838,60.571064N,24.803907E,92,20.6,322
8067,T,260731,060839,60.571102N,24.803841E,92,20.6,322
8068,T,260731,060840,60.571144N,24.803774E,92,20.1,321
8069,T,260731,060841,60.571182N,24.803703E,91,20.1,321
8070,T,260731,060842,60.571224N,24.803642E,92,20.0,320
8071,T,260731,060843,60.571259N,24.803576E,92,20.0,321
8072,T,260731,060844,60.571304N,24.803513E,92,20.8,321
8073,T,260731,060845,60.571342N,24.803446E,92,20.7,321
8074,T,260731,060846,60.571384N,24.803385E,92,20.1,321
8075,T,260731,060847,60.571423N,24.803318E,93,20.7,321
8076,T,260731,060848,60.571465N,24.803253E,93,20.6,321
8077,T,260731,060849,60.571503N,24.803188E,93,20.6,321
8078,T,260731,060850,60.571545N,24.803122E,93,20.7,321
8079,T,260731,060851,60.571587N,24.803057E,93,21.2,321
8080,T,260731,060852,60.571629N,24.802992E,93,21.0,321
8081,T,260731,060853,60.571667N,24.802921E,93,21.1,321
8082,T,260731,060854,60.571712N,24.802855E,92,21.2,321
8083,T,260731,060855,60.571751N,24.802786E,93,20.8,320
8084,T,260731,060856,60.571796N,24.802717E,93,20.8,320
8085,T,260731,060857,60.571835N,24.802649E,93,21.8,321
8086,T,260731,060858,60.571880N,24.802578E,93,22.2,322
8087,T,260731,060859,60.571922N,24.802507E,94,21.5,321
8088,T,260731,060900,60.571968N,24.802437E,94,21.6,321
8089,T,260731,060901,60.572014N,24.802362E,94,21.3,321
8090,T,260731,060902,60.572052N,24.802290E,94,21.8,320
8091,T,260731,060903,60.572098N,24.802219E,94,21.5,325
8092,T,260731,060904,60.572140N,24.802153E,94,21.4,323
8093,T,260731,060905,60.572186N,24.802082E,94,22.0,322
8094,T,260731,060906,60.572227N,24.802011E,94,22.0,321
8095,T,260731,060907,60.572273N,24.801937E,94,22.1,321
8096,T,260731,060908,60.572315N,24.801865E,94,22.1,320
8097,T,260731,060909,60.572361N,24.801792E,94,22.2,320
8098,T,260731,060910,60.572399N,24.801718E,94,22.3,320
8099,T,260731,060911,60.572445N,24.801647E,94,22.4,320
8100,T,260731,060912,60.572487N,24.801577E,94,22.5,320
8101,T,260731,060913,60.572536N,24.801504E,94,23.1,321
8102,T,260731,060914,60.572578N,24.801430E,94,23.2,322
8103,T,260731,060915,60.572628N,24.801355E,94,23.3,321
8104,T,260731,060916,60.572674N,24.801283E,94,23.4,321
8105,T,260731,060917,60.572720N,24.801205E,94,23.5,321
8106,T,260731,060918,60.572769N,24.801130E,94,23.4,321
8107,T,260731,060919,60.572811N,24.801056E,94,23.5,321
8108,T,260731,060920,60.572861N,24.800983E,94,23.9,321
8109,T,260731,060921,60.572906N,24.800905E,93,24.3,322
8110,T,260731,060922,60.572956N,24.800829E,93,24.3,321
8111,T,260731,060923,60.573006N,24.800751E,93,24.7,321
8112,T,260731,060924,60.573051N,24.800671E,93,24.7,321
8113,T,260731,060925,60.573101N,24.800589E,93,24.8,321
8114,T,260731,060926,60.573147N,24.800510E,93,24.8,321
8115,T,260731,060927,60.573200N,24.800430E,93,24.7,322
8116,T,260731,060928,60.573250N,24.800352E,93,24.6,321
8117,T,260731,060929,60.573296N,24.800272E,93,24.6,322
8118,T,260731,060930,60.573345N,24.800198E,93,24.6,322
8119,T,260731,060931,60.573391N,24.800121E,93,24.9,322
8120,T,260731,060932,60.573444N,24.800043E,92,25.0,322
8121,T,260731,060933,60.573490N,24.799971E,92,25.0,323
8122,T,260731,060934,60.573544N,24.799898E,92,25.3,323
8123,T,260731,060935,60.573597N,24.799826E,92,25.4,324
8124,T,260731,060936,60.573647N,24.799755E,92,25.8,326
8125,T,260731,060937,60.573704N,24.799685E,91,25.8,326
8126,T,260731,060938,60.573761N,24.799610E,91,26.1,326
8127,T,260731,060939,60.573811N,24.799536E,91,26.2,326
8128,T,260731,060940,60.573864N,24.799458E,91,26.2,326
8129,T,260731,060941,60.573921N,24.799383E,91,26.6,326
8130,T,260731,060942,60.573975N,24.799313E,91,26.6,327
8131,T,260731,060943,60.574036N,24.799238E,91,26.7,327
8132,T,260731,060944,60.574093N,24.799166E,90,26.7,328
8133,T,260731,060945,60.574146N,24.799093E,90,26.7,328
8134,T,260731,060946,60.574207N,24.799023E,90,26.8,328
8135,T,260731,060947,60.574265N,24.798954E,90,26.8,329
8136,T,260731,060948,60.574326N,24.798885E,90,26.7,330
8137,T,260731,060949,60.574379N,24.798824E,90,26.6,330
8138,T,260731,060950,60.574440N,24.798756E,90,26.6,331
8139,T,260731,060951,60.574497N,24.798691E,89,27.0,331
8140,T,260731,060952,60.574554N,24.798624E,89,27.0,331
8141,T,260731,060953,60.574615N,24.798561E,89,27.1,332
8142,T,260731,060954,60.574680N,24.798498E,89,27.3,333
8143,T,260731,060955,60.574741N,24.798435E,89,27.3,333
8144,T,260731,060956,60.574799N,24.798376E,89,27.2,334
8145,T,260731,060957,60.574860N,24.798315E,89,27.3,334
8146,T,260731,060958,60.574921N,24.798258E,89,26.9,334
8147,T,260731,060959,60.574982N,24.798204E,89,26.8,334
8148,T,260731,061000,60.575039N,24.798149E,89,26.5,335
8149,T,260731,061001,60.575100N,24.798096E,89,26.4,336
8150,T,260731,061002,60.575161N,24.798044E,89,26.0,336
8151,T,260731,061003,60.575226N,24.797993E,89,26.1,337
8152,T,260731,061004,60.575283N,24.797939E,89,26.1,337
8153,T,260731,061005,60.575344N,24.797888E,88,26.1,337
8154,T,260731,061006,60.575405N,24.797838E,89,26.1,337
8155,T,260731,061007,60.575462N,24.797789E,89,26.0,338
8156,T,260731,061008,60.575523N,24.797743E,89,26.0,338
8157,T,260731,061009,60.575584N,24.797695E,89,25.9,339
8158,T,260731,061010,60.575645N,24.797649E,89,25.9,339
8159,T,260731,061011,60.575706N,24.797604E,89,25.8,340
8160,T,260731,061012,60.575768N,24.797558E,89,25.8,340
8161,T,260731,061013,60.575829N,24.797516E,88,25.8,340
8162,T,260731,061014,60.575890N,24.797472E,88,25.9,341
8163,T,260731,061015,60.575951N,24.797432E,89,25.9,341
8164,T,260731,061016,60.576012N,24.797392E,88,25.9,341
8165,T,260731,061017,60.576073N,24.797350E,88,25.8,342
8166,T,260731,061018,60.576138N,24.797316E,88,25.5,342
8167,T,260731,061019,60.576195N,24.797279E,89,25.4,343
8168,T,260731,061020,60.576260N,24.797247E,89,25.4,344
8169,T,260731,061021,60.576321N,24.797216E,89,25.2,345
8170,T,260731,061022,60.576382N,24.797186E,89,24.9,346
8171,T,260731,061023,60.576439N,24.797153E,89,24.8,346
8172,T,260731,061024,60.576500N,24.797125E,89,24.7,346
8173,T,260731,061025,60.576561N,24.797094E,89,24.3,346
8174,T,260731,061026,60.576618N,24.797066E,89,22.7,346
8175,T,260731,061027,60.576679N,24.797049E,89,25.5,347
8176,T,260731,061028,60.576740N,24.797024E,89,24.5,348
8177,T,260731,061029,60.576805N,24.796997E,89,25.2,348
8178,T,260731,061030,60.576862N,24.796974E,89,24.5,349
8179,T,260731,061031,60.576927N,24.796949E,89,25.1,349
8180,T,260731,061032,60.576992N,24.796925E,90,25.2,349
8181,T,260731,061033,60.577053N,24.796900E,90,25.0,349
8182,T,260731,061034,60.577110N,24.796879E,90,24.6,349
8183,T,260731,061035,60.577171N,24.796856E,90,24.5,349
8184,T,260731,061036,60.577232N,24.796835E,90,23.8,350
8185,T,260731,061037,60.577293N,24.796816E,90,23.4,350
8186,T,260731,061038,60.577347N,24.796801E,89,22.5,351
8187,T,260731,061039,60.577400N,24.796782E,90,21.9,351
8188,T,260731,061040,60.577454N,24.796770E,89,21.2,352
8189,T,260731,061041,60.577507N,24.796757E,89,21.3,352
8190,T,260731,061042,60.577560N,24.796743E,89,21.3,353
8191,T,260731,061043,60.577614N,24.796730E,89,21.4,353
8192,T,260731,061044,60.577663N,24.796717E,90,20.9,353
8193,T,260731,061045,60.577717N,24.796701E,90,20.8,353
8194,T,260731,061046,60.577766N,24.796690E,90,19.6,353
8195,T,260731,061047,60.577812N,24.796679E,90,19.0,353
8196,T,260731,061048,60.577862N,24.796671E,90,18.4,353
8197,T,260731,061049,60.577900N,24.796656E,90,17.4,346
8198,T,260731,061050,60.577934N,24.796633E,89,16.2,335
8199,T,260731,061051,60.577965N,24.796591E,88,16.0,316
8200,T,260731,061052,60.577988N,24.796528E,88,16.0,300
8201,T,260731,061053,60.578007N,24.796455E,88,16.0,296
8202,T,260731,061054,60.578026N,24.796377E,88,16.4,286
8203,T,260731,061055,60.578030N,24.796295E,88,17.8,276
8204,T,260731,061056,60.578030N,24.796200E,88,19.5,266
8205,T,260731,061057,60.578026N,24.796097E,88,20.7,266
8206,T,260731,061058,60.578026N,24.795980E,87,21.3,269
8207,T,260731,061059,60.578018N,24.795868E,87,21.4,267
8208,T,260731,061100,60.578014N,24.795753E,87,22.2,265
8209,T,260731,061101,60.578007N,24.795635E,87,22.5,265
8210,T,260731,061102,60.578003N,24.795519E,87,22.6,265
8211,T,260731,061103,60.577999N,24.795403E,87,22.6,265
8212,T,260731,061104,60.577999N,24.795284E,87,22.7,266
8213,T,260731,061105,60.577995N,24.795168E,87,22.6,266
8214,T,260731,061106,60.577991N,24.795055E,88,22.0,267
8215,T,260731,061107,60.577988N,24.794943E,88,21.7,267
8216,T,260731,061108,60.577988N,24.794834E,88,21.1,267
8217,T,260731,061109,60.577984N,24.794724E,88,21.0,267
8218,T,260731,061110,60.577980N,24.794619E,88,21.0,268
8219,T,260731,061111,60.577980N,24.794512E,88,20.9,268
8220,T,260731,061112,60.577976N,24.794403E,88,20.9,269
8221,T,260731,061113,60.577976N,24.794298E,88,20.8,269
8222,T,260731,061114,60.577976N,24.794191E,89,20.8,270
8223,T,260731,061115,60.577976N,24.794086E,89,20.7,270
8224,T,260731,061116,60.577976N,24.793982E,89,20.7,269
8225,T,260731,061117,60.577972N,24.793877E,89,20.6,269
8226,T,260731,061118,60.577972N,24.793774E,89,20.2,269
8227,T,260731,061119,60.577972N,24.793671E,89,20.2,268
8228,T,260731,061120,60.577969N,24.793568E,90,20.1,268
8229,T,260731,061121,60.577969N,24.793467E,90,20.0,268
8230,T,260731,061122,60.577965N,24.793364E,90,19.8,267
8231,T,260731,061123,60.577961N,24.793264E,90,19.8,267
8232,T,260731,061124,60.577961N,24.793163E,90,19.7,268
8233,T,260731,061125,60.577961N,24.793064E,90,19.7,268
8234,T,260731,061126,60.577961N,24.792965E,91,19.7,267
8235,T,260731,061127,60.577957N,24.792862E,91,19.7,267
8236,T,260731,061128,60.577953N,24.792763E,91,19.7,266
8237,T,260731,061129,60.577950N,24.792658E,91,19.7,265
8238,T,260731,061130,60.577946N,24.792557E,91,19.7,265
8239,T,260731,061131,60.577942N,24.792454E,91,19.8,265
8240,T,260731,061132,60.577934N,24.792351E,91,19.7,264
8241,T,260731,061133,60.577934N,24.792253E,91,19.8,265
8242,T,260731,061134,60.577934N,24.792156E,91,19.7,264
8243,T,260731,061135,60.577927N,24.792053E,91,19.7,263
8244,T,260731,061136,60.577927N,24.791956E,92,19.7,263
8245,T,260731,061137,60.577919N,24.791861E,92,19.7,262
8246,T,260731,061138,60.577911N,24.791761E,92,19.7,261
8247,T,260731,061139,60.577908N,24.791664E,92,19.7,261
8248,T,260731,061140,60.577900N,24.791565E,92,19.7,260
8249,T,260731,061141,60.577892N,24.791466E,92,19.1,260
8250,T,260731,061142,60.577881N,24.791370E,92,19.1,259
8251,T,260731,061143,60.577873N,24.791271E,92,19.6,259
8252,T,260731,061144,60.577862N,24.791174E,92,19.5,258
8253,T,260731,061145,60.577850N,24.791079E,92,18.8,259
8254,T,260731,061146,60.577839N,24.790983E,92,19.2,259
8255,T,260731,061147,60.577831N,24.790886E,92,19.5,257
8256,T,260731,061148,60.577816N,24.790789E,92,19.4,256
8257,T,260731,061149,60.577805N,24.790691E,92,19.7,255
8258,T,260731,061150,60.577793N,24.790596E,92,19.3,255
8259,T,260731,061151,60.577782N,24.790501E,92,19.3,255
8260,T,260731,061152,60.577766N,24.790403E,92,19.3,256
8261,T,260731,061153,60.577755N,24.790312E,92,19.0,255
8262,T,260731,061154,60.577744N,24.790222E,92,18.6,254
8263,T,260731,061155,60.577736N,24.790131E,92,18.5,267
8264,T,260731,061156,60.577744N,24.790037E,92,18.6,290
8265,T,260731,061157,60.577766N,24.789957E,92,18.5,310
8266,T,260731,061158,60.577801N,24.789898E,92,18.0,328
8267,T,260731,061159,60.577843N,24.789864E,92,19.3,344
8268,T,260731,061200,60.577896N,24.789850E,92,18.7,351
8269,T,260731,061201,60.577946N,24.789841E,92,17.9,351
8270,T,260731,061202,60.577991N,24.789825E,92,19.3,349
8271,T,260731,061203,60.578045N,24.789797E,92,19.8,340
8272,T,260731,061204,60.578091N,24.789762E,92,22.0,341
8273,T,260731,061205,60.578148N,24.789743E,92,22.1,2
8274,T,260731,061206,60.578205N,24.789747E,91,22.9,6
8275,T,260731,061207,60.578262N,24.789762E,91,22.8,8
8276,T,260731,061208,60.578320N,24.789774E,91,22.8,8
8277,T,260731,061209,60.578381N,24.789789E,91,22.8,9
8278,T,260731,061210,60.578438N,24.789806E,91,22.9,8
8279,T,260731,061211,60.578491N,24.789824E,91,22.9,8
8280,T,260731,061212,60.578548N,24.789845E,91,22.8,8
8281,T,260731,061213,60.578606N,24.789860E,91,22.9,8
8282,T,260731,061214,60.578659N,24.789881E,91,22.4,9
8283,T,260731,061215,60.578716N,24.789898E,91,21.5,9
8284,T,260731,061216,60.578773N,24.789911E,91,21.1,8
8285,T,260731,061217,60.578823N,24.789928E,92,22.1,8
8286,T,260731,061218,60.578880N,24.789944E,92,22.2,7
8287,T,260731,061219,60.578938N,24.789961E,92,22.1,7
8288,T,260731,061220,60.578991N,24.789976E,91,21.5,7
8289,T,260731,061221,60.579048N,24.789989E,92,22.3,8
8290,T,260731,061222,60.579105N,24.790005E,92,21.9,8
8291,T,260731,061223,60.579159N,24.790024E,92,22.8,9
8292,T,260731,061224,60.579220N,24.790045E,92,23.5,9
8293,T,260731,061225,60.579277N,24.790060E,91,22.8,9
8294,T,260731,061226,60.579327N,24.790079E,92,22.5,10
8295,T,260731,061227,60.579384N,24.790104E,91,21.9,10
8296,T,260731,061228,60.579441N,24.790125E,91,23.0,10
8297,T,260731,061229,60.579491N,24.790148E,91,22.4,10
8298,T,260731,061230,60.579552N,24.790173E,91,23.4,11
8299,T,260731,061231,60.579617N,24.790201E,91,23.3,11
8300,T,260731,061232,60.579674N,24.790239E,91,22.5,12
8301,T,260731,061233,60.579731N,24.790268E,91,22.8,14
8302,T,260731,061234,60.579792N,24.790295E,91,22.7,15
8303,T,260731,061235,60.579849N,24.790316E,90,22.7,14
8304,T,260731,061236,60.579910N,24.790339E,90,23.0,14
8305,T,260731,061237,60.579971N,24.790359E,90,22.9,14
8306,T,260731,061238,60.580036N,24.790380E,91,23.0,13
8307,T,260731,061239,60.580093N,24.790403E,91,23.1,13
8308,T,260731,061240,60.580143N,24.790430E,91,23.1,12
8309,T,260731,061241,60.580200N,24.790455E,92,23.1,12
8310,T,260731,061242,60.580261N,24.790476E,92,23.1,12
8311,T,260731,061243,60.580318N,24.790501E,92,22.4,13
8312,T,260731,061244,60.580379N,24.790522E,93,22.4,12
8313,T,260731,061245,60.580441N,24.790543E,94,22.3,11
8314,T,260731,061246,60.580490N,24.790560E,94,22.0,11
8315,T,260731,061247,60.580547N,24.790583E,94,21.9,11
8316,T,260731,061248,60.580601N,24.790604E,94,21.5,11
8317,T,260731,061249,60.580654N,24.790625E,94,21.5,11
8318,T,260731,061250,60.580708N,24.790644E,94,21.1,11
8319,T,260731,061251,60.580761N,24.790667E,94,21.0,11
8320,T,260731,061252,60.580811N,24.790688E,94,21.0,11
8321,T,260731,061253,60.580864N,24.790712E,94,21.1,12
8322,T,260731,061254,60.580917N,24.790737E,94,21.2,13
8323,T,260731,061255,60.580967N,24.790764E,94,21.8,13
8324,T,260731,061256,60.581020N,24.790791E,94,22.5,13
8325,T,260731,061257,60.581081N,24.790813E,94,22.6,12
8326,T,260731,061258,60.581135N,24.790834E,94,23.4,11
8327,T,260731,061259,60.581192N,24.790857E,95,23.1,15
8328,T,260731,061300,60.581249N,24.790890E,95,23.8,14
8329,T,260731,061301,60.581306N,24.790918E,95,23.8,12
8330,T,260731,061302,60.581367N,24.790945E,95,23.8,11
8331,T,260731,061303,60.581429N,24.790972E,95,23.3,11
8332,T,260731,061304,60.581490N,24.790997E,95,23.2,12
8333,T,260731,061305,60.581543N,24.791023E,95,23.3,12
8334,T,260731,061306,60.581600N,24.791052E,95,23.4,13
8335,T,260731,061307,60.581661N,24.791079E,95,23.3,13
8336,T,260731,061308,60.581711N,24.791103E,94,23.2,13
8337,T,260731,061309,60.581768N,24.791130E,94,23.6,13
8338,T,260731,061310,60.581829N,24.791162E,94,23.6,14
8339,T,260731,061311,60.581882N,24.791195E,95,23.3,15
8340,T,260731,061312,60.581940N,24.791225E,95,23.2,16
8341,T,260731,061313,60.581997N,24.791262E,95,22.9,17
8342,T,260731,061314,60.582050N,24.791302E,95,23.2,19
8343,T,260731,061315,60.582108N,24.791344E,95,23.3,20
8344,T,260731,061316,60.582161N,24.791386E,95,23.3,21
8345,T,260731,061317,60.582214N,24.791430E,95,23.3,22
8346,T,260731,061318,60.582272N,24.791471E,95,23.8,21
8347,T,260731,061319,60.582329N,24.791515E,95,23.8,22
8348,T,260731,061320,60.582382N,24.791565E,95,24.2,22
8349,T,260731,061321,60.582439N,24.791613E,95,24.2,23
8350,T,260731,061322,60.582497N,24.791662E,95,24.3,23
8351,T,260731,061323,60.582554N,24.791712E,95,24.9,23
8352,T,260731,061324,60.582607N,24.791761E,95,25.4,23
8353,T,260731,061325,60.582664N,24.791815E,95,25.3,23
8354,T,260731,061326,60.582726N,24.791862E,95,25.3,22
8355,T,260731,061327,60.582779N,24.791914E,95,25.3,23
8356,T,260731,061328,60.582840N,24.791964E,95,25.2,23
8357,T,260731,061329,60.582897N,24.792013E,95,25.2,22
8358,T,260731,061330,60.582951N,24.792063E,95,24.7,22
8359,T,260731,061331,60.583008N,24.792112E,95,24.6,23
8360,T,260731,061332,60.583065N,24.792164E,95,23.8,23
8361,T,260731,061333,60.583118N,24.792215E,95,23.3,24
8362,T,260731,061334,60.583168N,24.792267E,95,22.8,24
8363,T,260731,061335,60.583225N,24.792311E,95,22.7,23
8364,T,260731,061336,60.583275N,24.792355E,95,23.2,22
8365,T,260731,061337,60.583332N,24.792398E,95,23.3,22
8366,T,260731,061338,60.583389N,24.792444E,95,24.1,21
8367,T,260731,061339,60.583443N,24.792490E,95,24.1,21
8368,T,260731,061340,60.583500N,24.792540E,95,24.2,22
8369,T,260731,061341,60.583557N,24.792591E,95,24.0,24
8370,T,260731,061342,60.583611N,24.792641E,95,24.5,25
8371,T,260731,061343,60.583668N,24.792692E,95,24.5,25
8372,T,260731,061344,60.583725N,24.792746E,95,24.6,26
8373,T,260731,061345,60.583775N,24.792801E,95,23.8,26
8374,T,260731,061346,60.583832N,24.792856E,95,25.5,25
8375,T,260731,061347,60.583897N,24.792904E,95,25.5,25
8376,T,260731,061348,60.583954N,24.792959E,96,25.5,25
8377,T,260731,061349,60.584007N,24.793015E,96,25.0,25
8378,T,260731,061350,60.584064N,24.793076E,96,25.4,26
8379,T,260731,061351,60.584122N,24.793133E,96,25.4,26
8380,T,260731,061352,60.584175N,24.793186E,96,25.3,27
8381,T,260731,061353,60.584232N,24.793243E,96,24.4,27
8382,T,260731,061354,60.584278N,24.793301E,96,22.5,28
8383,T,260731,061355,60.584332N,24.793362E,96,23.8,29
8384,T,260731,061356,60.584385N,24.793430E,95,24.5,36
8385,T,260731,061357,60.584431N,24.793505E,95,25.1,37
8386,T,260731,061358,60.584480N,24.793585E,95,25.1,37
8387,T,260731,061359,60.584530N,24.793661E,95,25.0,36
8388,T,260731,061400,60.584576N,24.793732E,95,23.9,34
8389,T,260731,061401,60.584625N,24.793797E,95,23.5,33
8390,T,260731,061402,60.584675N,24.793858E,95,24.0,32
8391,T,260731,061403,60.584728N,24.793921E,95,24.0,31
8392,T,260731,061404,60.584782N,24.793983E,95,23.3,30
8393,T,260731,061405,60.584831N,24.794046E,95,23.8,31
8394,T,260731,061406,60.584881N,24.794109E,95,23.8,31
8395,T,260731,061407,60.584930N,24.794174E,95,23.7,32
8396,T,260731,061408,60.584980N,24.794241E,95,22.8,32
8397,T,260731,061409,60.585030N,24.794304E,95,22.7,33
8398,T,260731,061410,60.585079N,24.794371E,95,23.9,33
8399,T,260731,061411,60.585133N,24.794434E,96,24.4,32
8400,T,260731,061412,60.585182N,24.794497E,95,24.5,31
8401,T,260731,061413,60.585239N,24.794558E,96,25.0,30
8402,T,260731,061414,60.585289N,24.794622E,95,24.3,30
8403,T,260731,061415,60.585335N,24.794691E,95,24.2,31
8404,T,260731,061416,60.585388N,24.794758E,95,24.3,32
8405,T,260731,061417,60.585438N,24.794827E,95,24.3,33
8406,T,260731,061418,60.585487N,24.794897E,95,24.7,34
8407,T,260731,061419,60.585537N,24.794973E,95,24.8,34
8408,T,260731,061420,60.585590N,24.795042E,95,24.9,34
8409,T,260731,061421,60.585644N,24.795109E,95,24.9,33
8410,T,260731,061422,60.585693N,24.795177E,95,24.4,33
8411,T,260731,061423,60.585743N,24.795248E,96,24.5,33
8412,T,260731,061424,60.585793N,24.795321E,95,23.6,35
8413,T,260731,061425,60.585850N,24.795383E,96,23.7,34
8414,T,260731,061426,60.585899N,24.795446E,96,23.7,33
8415,T,260731,061427,60.585949N,24.795513E,96,23.8,33
8416,T,260731,061428,60.585999N,24.795570E,96,24.6,30
8417,T,260731,061429,60.586056N,24.795626E,96,24.5,29
8418,T,260731,061430,60.586109N,24.795691E,97,24.5,28
8419,T,260731,061431,60.586159N,24.795736E,96,24.8,26
8420,T,260731,061432,60.586220N,24.795776E,96,24.2,23
8421,T,260731,061433,60.586281N,24.795816E,96,24.1,21
8422,T,260731,061434,60.586334N,24.795853E,96,23.7,18
8423,T,260731,061435,60.586399N,24.795881E,96,23.8,16
8424,T,260731,061436,60.586460N,24.795906E,96,23.9,13
8425,T,260731,061437,60.586521N,24.795933E,96,23.9,12
8426,T,260731,061438,60.586578N,24.795952E,96,23.9,10
8427,T,260731,061439,60.586639N,24.795975E,96,23.9,9
8428,T,260731,061440,60.586704N,24.795988E,96,24.0,9
8429,T,260731,061441,60.586765N,24.796007E,96,24.8,9
8430,T,260731,061442,60.586826N,24.796028E,96,25.2,9
8431,T,260731,061443,60.586891N,24.796045E,96,25.5,8
8432,T,260731,061444,60.586956N,24.796064E,96,25.6,8
8433,T,260731,061445,60.587021N,24.796083E,95,25.2,8
8434,T,260731,061446,60.587078N,24.796104E,95,24.3,8
8435,T,260731,061447,60.587139N,24.796124E,95,24.4,9
8436,T,260731,061448,60.587204N,24.796144E,95,25.0,9
8437,T,260731,061449,60.587269N,24.796164E,94,25.7,10
8438,T,260731,061450,60.587330N,24.796190E,94,25.1,10
8439,T,260731,061451,60.587391N,24.796213E,94,24.7,10
8440,T,260731,061452,60.587452N,24.796236E,94,24.8,10
8441,T,260731,061453,60.587517N,24.796259E,93,25.3,10
8442,T,260731,061454,60.587578N,24.796282E,93,24.0,11
8443,T,260731,061455,60.587631N,24.796297E,92,23.7,11
8444,T,260731,061456,60.587692N,24.796316E,92,23.7,10
8445,T,260731,061457,60.587753N,24.796335E,92,23.8,10
8446,T,260731,061458,60.587814N,24.796356E,92,25.6,9
8447,T,260731,061459,60.587879N,24.796371E,92,24.7,8
8448,T,260731,061500,60.587940N,24.796387E,92,24.1,8
8449,T,260731,061501,60.588005N,24.796398E,92,25.1,7
8450,T,260731,061502,60.588066N,24.796408E,92,24.1,6
8451,T,260731,061503,60.588127N,24.796417E,92,24.2,6
8452,T,260731,061504,60.588188N,24.796425E,92,24.1,4
8453,T,260731,061505,60.588249N,24.796427E,92,24.1,3
8454,T,260731,061506,60.588295N,24.796427E,92,24.8,1
8455,T,260731,061507,60.588356N,24.796432E,92,24.8,359
8456,T,260731,061508,60.588421N,24.796429E,91,24.8,358
8457,T,260731,061509,60.588482N,24.796425E,91,24.4,358
8458,T,260731,061510,60.588543N,24.796415E,91,25.2,356
8459,T,260731,061511,60.588608N,24.796406E,91,25.1,355
8460,T,260731,061512,60.588673N,24.796396E,91,24.4,355
8461,T,260731,061513,60.588734N,24.796387E,91,23.5,355
8462,T,260731,061514,60.588791N,24.796379E,91,23.1,355
8463,T,260731,061515,60.588848N,24.796371E,90,23.1,355
8464,T,260731,061516,60.588909N,24.796362E,90,23.2,355
8465,T,260731,061517,60.588963N,24.796350E,90,23.2,354
8466,T,260731,061518,60.589024N,24.796343E,89,22.7,354
8467,T,260731,061519,60.589081N,24.796329E,89,23.2,354
8468,T,260731,061520,60.589142N,24.796324E,89,22.6,355
8469,T,260731,061521,60.589199N,24.796316E,89,23.9,356
8470,T,260731,061522,60.589260N,24.796309E,89,23.4,357
8471,T,260731,061523,60.589321N,24.796295E,89,23.4,356
8472,T,260731,061524,60.589378N,24.796284E,89,22.6,356
8473,T,260731,061525,60.589432N,24.796276E,89,21.1,355
8474,T,260731,061526,60.589485N,24.796267E,89,21.0,354
8475,T,260731,061527,60.589535N,24.796255E,89,21.0,354
8476,T,260731,061528,60.589588N,24.796249E,89,21.3,354
8477,T,260731,061529,60.589638N,24.796242E,88,20.8,353
8478,T,260731,061530,60.589684N,24.796228E,88,20.8,352
8479,T,260731,061531,60.589737N,24.796204E,88,20.9,352
8480,T,260731,061532,60.589790N,24.796181E,88,21.0,350
8481,T,260731,061533,60.589844N,24.796162E,88,20.3,350
8482,T,260731,061534,60.589897N,24.796148E,88,19.3,351
8483,T,260731,061535,60.589947N,24.796144E,89,18.0,2
8484,T,260731,061536,60.589993N,24.796167E,89,18.0,32
8485,T,260731,061537,60.590034N,24.796232E,90,18.7,61
8486,T,260731,061538,60.590054N,24.796318E,90,19.5,82
8487,T,260731,061539,60.590057N,24.796413E,89,18.6,92
8488,T,260731,061540,60.590054N,24.796509E,89,19.2,95
8489,T,260731,061541,60.590054N,24.796606E,89,20.6,94
8490,T,260731,061542,60.590057N,24.796713E,89,21.4,93
8491,T,260731,061543,60.590061N,24.796818E,89,21.1,93
8492,T,260731,061544,60.590065N,24.796925E,89,21.2,92
8493,T,260731,061545,60.590069N,24.797028E,90,20.6,91
8494,T,260731,061546,60.590069N,24.797134E,90,20.6,89
8495,T,260731,061547,60.590073N,24.797239E,90,21.0,87
8496,T,260731,061548,60.590076N,24.797348E,91,20.9,85
8497,T,260731,061549,60.590080N,24.797459E,91,20.9,84
8498,T,260731,061550,60.590084N,24.797564E,91,20.9,84
8499,T,260731,061551,60.590088N,24.797672E,91,20.9,84
8500,T,260731,061552,60.590092N,24.797777E,91,20.8,85
8501,T,260731,061553,60.590096N,24.797884E,92,20.5,85
8502,T,260731,061554,60.590099N,24.797989E,92,20.1,85
8503,T,260731,061555,60.590103N,24.798086E,92,19.2,84
8504,T,260731,061556,60.590107N,24.798183E,92,18.6,85
8505,T,260731,061557,60.590111N,24.798277E,92,17.7,78
8506,T,260731,061558,60.590122N,24.798355E,92,16.8,70
8507,T,260731,061559,60.590141N,24.798431E,92,16.2,65
8508,T,260731,061600,60.590160N,24.798502E,93,16.2,56
8509,T,260731,061601,60.590191N,24.798567E,93,17.4,44
8510,T,260731,061602,60.590225N,24.798624E,93,17.9,36
8511,T,260731,061603,60.590263N,24.798676E,93,19.0,29
8512,T,260731,061604,60.590313N,24.798717E,93,19.9,20
8513,T,260731,061605,60.590355N,24.798756E,93,20.6,20
8514,T,260731,061606,60.590408N,24.798796E,93,21.2,21
8515,T,260731,061607,60.590454N,24.798836E,92,21.8,21
8516,T,260731,061608,60.590511N,24.798876E,92,22.5,20
8517,T,260731,061609,60.590572N,24.798908E,92,23.8,17
8518,T,260731,061610,60.590633N,24.798943E,92,24.4,15
8519,T,260731,061611,60.590691N,24.798971E,91,24.4,15
8520,T,260731,061612,60.590752N,24.799006E,91,25.2,15
8521,T,260731,061613,60.590816N,24.799038E,91,26.2,14
8522,T,260731,061614,60.590881N,24.799068E,91,27.2,13
8523,T,260731,061615,60.590954N,24.799089E,90,28.6,7
8524,T,260731,061616,60.591022N,24.799105E,90,29.2,5
8525,T,260731,061617,60.591095N,24.799118E,89,29.5,3
8526,T,260731,061618,60.591167N,24.799126E,89,29.7,2
8527,T,260731,061619,60.591244N,24.799129E,88,30.7,359
8528,T,260731,061620,60.591324N,24.799124E,87,32.8,355
8529,T,260731,061621,60.591400N,24.799116E,86,31.7,357
8530,T,260731,061622,60.591484N,24.799112E,85,34.6,357
8531,T,260731,061623,60.591576N,24.799093E,85,36.7,355
8532,T,260731,061624,60.591667N,24.799074E,84,36.8,354
8533,T,260731,061625,60.591759N,24.799053E,83,37.4,355
8534,T,260731,061626,60.591854N,24.799032E,82,38.0,354
8535,T,260731,061627,60.591953N,24.799011E,81,38.0,354
8536,T,260731,061628,60.592045N,24.799000E,80,39.7,356
8537,T,260731,061629,60.592144N,24.798992E,80,40.6,357
8538,T,260731,061630,60.592247N,24.798998E,79,42.0,5
8539,T,260731,061631,60.592346N,24.799028E,79,39.4,13
8540,T,260731,061632,60.592445N,24.799049E,79,34.8,14
8541,T,260731,061633,60.592533N,24.799082E,81,30.2,12
8542,T,260731,061634,60.592609N,24.799101E,81,27.8,359
8543,T,260731,061635,60.592682N,24.799105E,82,25.7,355
8544,T,260731,061636,60.592747N,24.799084E,82,27.2,348
8545,T,260731,061637,60.592815N,24.799068E,81,28.1,349
8546,T,260731,061638,60.592888N,24.799065E,80,28.0,1
8547,T,260731,061639,60.592964N,24.799076E,80,30.2,3
8548,T,260731,061640,60.593040N,24.799084E,79,29.9,3
8549,T,260731,061641,60.593113N,24.799089E,78,29.5,2
8550,T,260731,061642,60.593189N,24.799095E,78,31.1,1
8551,T,260731,061643,60.593266N,24.799105E,77,31.9,1
8552,T,260731,061644,60.593342N,24.799112E,76,29.4,2
8553,T,260731,061645,60.593410N,24.799120E,76,29.0,2
8554,T,260731,061646,60.593487N,24.799128E,76,30.9,3
8555,T,260731,061647,60.593563N,24.799133E,75,29.4,2
8556,T,260731,061648,60.593636N,24.799141E,74,30.7,2
8557,T,260731,061649,60.593712N,24.799137E,74,28.5,1
8558,T,260731,061650,60.593792N,24.799129E,74,30.4,358
8559,T,260731,061651,60.593864N,24.799124E,73,30.3,359
8560,T,260731,061652,60.593945N,24.799116E,73,29.5,359
8561,T,260731,061653,60.594021N,24.799114E,73,29.6,1
8562,T,260731,061654,60.594097N,24.799114E,73,29.5,1
8563,T,260731,061655,60.594170N,24.799118E,73,29.7,1
8564,T,260731,061656,60.594238N,24.799129E,72,28.5,4
8565,T,260731,061657,60.594311N,24.799145E,72,27.9,4
8566,T,260731,061658,60.594379N,24.799154E,72,27.0,2
8567,T,260731,061659,60.594448N,24.799160E,72,27.1,3
8568,T,260731,061700,60.594513N,24.799170E,72,27.0,4
8569,T,260731,061701,60.594582N,24.799183E,72,25.9,3
8570,T,260731,061702,60.594646N,24.799183E,72,26.3,3
8571,T,260731,061703,60.594715N,24.799185E,72,26.0,2
8572,T,260731,061704,60.594780N,24.799189E,72,26.1,2
8573,T,260731,061705,60.594849N,24.799196E,72,26.1,1
8574,T,260731,061706,60.594913N,24.799202E,72,25.7,2
8575,T,260731,061707,60.594975N,24.799210E,72,25.6,3
8576,T,260731,061708,60.595039N,24.799219E,72,25.5,3
8577,T,260731,061709,60.595108N,24.799223E,72,25.5,3
8578,T,260731,061710,60.595177N,24.799225E,72,24.8,4
8579,T,260731,061711,60.595245N,24.799229E,72,24.2,3
8580,T,260731,061712,60.595310N,24.799234E,72,23.4,4
8581,T,260731,061713,60.595375N,24.799240E,73,25.3,3
8582,T,260731,061714,60.595440N,24.799244E,73,23.8,3
8583,T,260731,061715,60.595501N,24.799244E,73,24.8,3
8584,T,260731,061716,60.595558N,24.799248E,73,23.2,3
8585,T,260731,061717,60.595615N,24.799255E,72,22.6,3
8586,T,260731,061718,60.595680N,24.799259E,72,22.6,4
8587,T,260731,061719,60.595741N,24.799269E,72,22.8,4
8588,T,260731,061720,60.595795N,24.799271E,72,23.1,3
8589,T,260731,061721,60.595856N,24.799276E,72,22.1,4
8590,T,260731,061722,60.595913N,24.799284E,72,21.2,4
8591,T,260731,061723,60.595966N,24.799290E,72,21.6,4
8592,T,260731,061724,60.596027N,24.799295E,73,21.1,4
8593,T,260731,061725,60.596081N,24.799303E,72,21.2,4
8594,T,260731,061726,60.596142N,24.799314E,73,21.3,4
8595,T,260731,061727,60.596195N,24.799320E,73,21.2,4
8596,T,260731,061728,60.596256N,24.799326E,73,21.8,4
8597,T,260731,061729,60.596317N,24.799330E,73,22.2,4
8598,T,260731,061730,60.596375N,24.799334E,73,22.5,3
8599,T,260731,061731,60.596436N,24.799335E,73,21.7,1
8600,T,260731,061732,60.596493N,24.799335E,73,21.7,359
8601,T,260731,061733,60.596558N,24.799328E,73,23.4,357
8602,T,260731,061734,60.596615N,24.799314E,72,22.8,355
8603,T,260731,061735,60.596684N,24.799292E,72,25.1,353
8604,T,260731,061736,60.596748N,24.799276E,71,26.6,351
8605,T,260731,061737,60.596809N,24.799255E,71,24.1,351
8606,T,260731,061738,60.596867N,24.799242E,70,23.1,350
8607,T,260731,061739,60.596920N,24.799231E,70,21.6,351
8608,T,260731,061740,60.596977N,24.799213E,70,20.5,351
8609,T,260731,061741,60.597038N,24.799200E,70,21.6,351
8610,T,260731,061742,60.597099N,24.799171E,70,21.5,350
8611,T,260731,061743,60.597160N,24.799152E,70,21.9,349
8612,T,260731,061744,60.597218N,24.799135E,70,20.9,349
8613,T,260731,061745,60.597279N,24.799103E,70,19.8,341
8614,T,260731,061746,60.597340N,24.799065E,71,20.2,341
8615,T,260731,061747,60.597401N,24.799030E,71,21.2,342
8616,T,260731,061748,60.597446N,24.799007E,70,21.3,351
8617,T,260731,061749,60.597500N,24.799007E,71,20.7,4
8618,T,260731,061750,60.597546N,24.799028E,71,21.1,13
8619,T,260731,061751,60.597595N,24.799067E,71,22.8,24
8620,T,260731,061752,60.597649N,24.799124E,72,23.8,31
8621,T,260731,061753,60.597706N,24.799187E,72,23.4,32
8622,T,260731,061754,60.597759N,24.799236E,72,23.4,31
8623,T,260731,061755,60.597820N,24.799271E,72,23.0,29
8624,T,260731,061756,60.597881N,24.799280E,73,23.6,358
8625,T,260731,061757,60.597942N,24.799269E,73,23.6,357
8626,T,260731,061758,60.598000N,24.799253E,73,22.5,357
8627,T,260731,061759,60.598057N,24.799240E,73,22.5,356
8628,T,260731,061800,60.598110N,24.799227E,73,19.7,354
8629,T,260731,061801,60.598160N,24.799219E,74,19.4,356
8630,T,260731,061802,60.598217N,24.799227E,74,22.4,9
8631,T,260731,061803,60.598267N,24.799265E,75,22.1,27
8632,T,260731,061804,60.598316N,24.799316E,75,21.4,31
8633,T,260731,061805,60.598358N,24.799372E,75,19.8,32
8634,T,260731,061806,60.598408N,24.799417E,76,19.8,26
8635,T,260731,061807,60.598454N,24.799456E,76,18.3,21
8636,T,260731,061808,60.598499N,24.799482E,77,18.4,13
8637,T,260731,061809,60.598549N,24.799503E,77,18.4,9
8638,T,260731,061810,60.598595N,24.799517E,77,18.5,3
8639,T,260731,061811,60.598648N,24.799524E,78,17.8,6
8640,T,260731,061812,60.598709N,24.799543E,78,17.9,6
8641,T,260731,061813,60.598759N,24.799555E,79,17.9,6
8642,T,260731,061814,60.598808N,24.799561E,80,18.0,6
8643,T,260731,061815,60.598862N,24.799572E,80,18.4,6
8644,T,260731,061816,60.598907N,24.799583E,81,18.8,11
8645,T,260731,061817,60.598957N,24.799603E,81,19.4,9
8646,T,260731,061818,60.599007N,24.799614E,81,19.5,7
8647,T,260731,061819,60.599056N,24.799623E,81,20.1,6
8648,T,260731,061820,60.599110N,24.799637E,81,20.6,8
8649,T,260731,061821,60.599159N,24.799654E,81,21.0,8
8650,T,260731,061822,60.599213N,24.799669E,82,21.1,7
8651,T,260731,061823,60.599262N,24.799685E,82,21.4,8
8652,T,260731,061824,60.599319N,24.799698E,82,21.5,8
8653,T,260731,061825,60.599377N,24.799713E,82,21.9,7
8654,T,260731,061826,60.599434N,24.799728E,82,22.0,7
8655,T,260731,061827,60.599487N,24.799744E,82,22.1,8
8656,T,260731,061828,60.599541N,24.799765E,82,22.4,8
8657,T,260731,061829,60.599602N,24.799780E,82,22.6,8
8658,T,260731,061830,60.599655N,24.799795E,82,22.9,8
8659,T,260731,061831,60.599716N,24.799816E,82,23.0,9
8660,T,260731,061832,60.599773N,24.799835E,82,23.0,9
8661,T,260731,061833,60.599827N,24.799856E,82,23.0,9
8662,T,260731,061834,60.599888N,24.799875E,82,23.0,9
8663,T,260731,061835,60.599945N,24.799896E,82,23.3,9
8664,T,260731,061836,60.599998N,24.799913E,82,23.3,9
8665,T,260731,061837,60.600060N,24.799934E,82,23.7,8
8666,T,260731,061838,60.600121N,24.799952E,83,24.2,8
8667,T,260731,061839,60.600182N,24.799965E,83,24.3,6
8668,T,260731,061840,60.600239N,24.799978E,83,24.7,6
8669,T,260731,061841,60.600300N,24.799997E,83,24.7,6
8670,T,260731,061842,60.600361N,24.800020E,83,24.7,8
8671,T,260731,061843,60.600426N,24.800039E,83,24.6,8
8672,T,260731,061844,60.600483N,24.800064E,83,24.2,9
8673,T,260731,061845,60.600544N,24.800083E,83,24.5,10
8674,T,260731,061846,60.600605N,24.800112E,83,24.5,11
8675,T,260731,061847,60.600662N,24.800144E,83,24.7,17
8676,T,260731,061848,60.600723N,24.800180E,83,24.6,16
8677,T,260731,061849,60.600784N,24.800211E,83,25.2,16
8678,T,260731,061850,60.600849N,24.800234E,83,25.3,15
8679,T,260731,061851,60.600906N,24.800259E,83,25.2,12
8680,T,260731,061852,60.600967N,24.800282E,83,24.9,11
8681,T,260731,061853,60.601032N,24.800306E,83,24.8,10
8682,T,260731,061854,60.601093N,24.800327E,83,25.2,10
8683,T,260731,061855,60.601158N,24.800354E,83,26.0,10
8684,T,260731,061856,60.601219N,24.800383E,82,25.0,11
8685,T,260731,061857,60.601280N,24.800409E,82,24.6,12
8686,T,260731,061858,60.601341N,24.800436E,82,25.5,11
8687,T,260731,061859,60.601402N,24.800461E,82,25.8,11
8688,T,260731,061900,60.601467N,24.800484E,81,25.3,11
8689,T,260731,061901,60.601528N,24.800510E,81,25.1,11
8690,T,260731,061902,60.601593N,24.800535E,81,25.1,11
8691,T,260731,061903,60.601650N,24.800564E,81,24.2,12
8692,T,260731,061904,60.601711N,24.800592E,81,24.7,12
8693,T,260731,061905,60.601772N,24.800617E,81,24.6,12
8694,T,260731,061906,60.601833N,24.800644E,81,24.5,12
8695,T,260731,061907,60.601891N,24.800673E,81,24.5,12
8696,T,260731,061908,60.601952N,24.800695E,81,24.0,12
8697,T,260731,061909,60.602013N,24.800720E,81,24.0,12
8698,T,260731,061910,60.602074N,24.800743E,81,24.4,11
8699,T,260731,061911,60.602127N,24.800770E,81,24.2,11
8700,T,260731,061912,60.602188N,24.800797E,81,24.2,11
8701,T,260731,061913,60.602249N,24.800823E,81,24.5,12
8702,T,260731,061914,60.602310N,24.800846E,81,23.8,12
8703,T,260731,061915,60.602367N,24.800873E,81,23.2,13
8704,T,260731,061916,60.602425N,24.800901E,81,23.3,13
8705,T,260731,061917,60.602486N,24.800926E,81,23.2,13
8706,T,260731,061918,60.602539N,24.800955E,81,23.2,12
8707,T,260731,061919,60.602600N,24.800978E,81,23.9,12
8708,T,260731,061920,60.602650N,24.801008E,81,23.3,12
8709,T,260731,061921,60.602707N,24.801039E,81,23.4,13
8710,T,260731,061922,60.602764N,24.801069E,81,23.4,14
8711,T,260731,061923,60.602821N,24.801096E,81,23.4,14
8712,T,260731,061924,60.602879N,24.801126E,81,23.7,14
8713,T,260731,061925,60.602936N,24.801159E,81,22.0,14
8714,T,260731,061926,60.602989N,24.801188E,81,21.6,14
8715,T,260731,061927,60.603035N,24.801216E,81,19.8,14
8716,T,260731,061928,60.603085N,24.801249E,81,21.3,18
8717,T,260731,061929,60.603134N,24.801275E,81,21.2,14
8718,T,260731,061930,60.603188N,24.801306E,81,21.7,14
8719,T,260731,061931,60.603241N,24.801336E,81,20.9,15
8720,T,260731,061932,60.603287N,24.801369E,81,21.0,15
8721,T,260731,061933,60.603340N,24.801397E,81,22.2,15
8722,T,260731,061934,60.603401N,24.801432E,80,22.5,15
8723,T,260731,061935,60.603451N,24.801462E,80,21.1,15
8724,T,260731,061936,60.603508N,24.801493E,80,21.6,15
8725,T,260731,061937,60.603565N,24.801516E,80,21.5,15
8726,T,260731,061938,60.603619N,24.801542E,80,21.4,14
8727,T,260731,061939,60.603680N,24.801558E,80,22.6,6
8728,T,260731,061940,60.603741N,24.801571E,80,22.2,2
8729,T,260731,061941,60.603790N,24.801575E,80,22.2,359
8730,T,260731,061942,60.603855N,24.801577E,80,23.4,0
8731,T,260731,061943,60.603916N,24.801571E,80,23.8,355
8732,T,260731,061944,60.603981N,24.801561E,80,24.3,356
8733,T,260731,061945,60.604053N,24.801567E,79,24.8,1
8734,T,260731,061946,60.604115N,24.801567E,79,24.3,2
8735,T,260731,061947,60.604179N,24.801577E,79,24.2,4
8736,T,260731,061948,60.604244N,24.801584E,78,24.7,5
8737,T,260731,061949,60.604309N,24.801603E,80,24.0,11
8738,T,260731,061950,60.604366N,24.801630E,80,24.0,14
8739,T,260731,061951,60.604424N,24.801664E,80,23.9,19
8740,T,260731,061952,60.604485N,24.801722E,80,25.9,27
8741,T,260731,061953,60.604542N,24.801786E,80,25.2,31
8742,T,260731,061954,60.604595N,24.801849E,80,24.4,30
8743,T,260731,061955,60.604649N,24.801918E,80,24.9,32
8744,T,260731,061956,60.604698N,24.801994E,78,25.3,34
8745,T,260731,061957,60.604755N,24.802065E,79,24.1,34
8746,T,260731,061958,60.604813N,24.802139E,79,25.6,34
8747,T,260731,061959,60.604870N,24.802214E,78,24.9,34
8748,T,260731,062000,60.604919N,24.802282E,78,24.2,33
8749,T,260731,062001,60.604984N,24.802336E,79,24.9,25
8750,T,260731,062002,60.605045N,24.802385E,80,25.9,24
8751,T,260731,062003,60.605103N,24.802435E,80,23.3,24
8752,T,260731,062004,60.605160N,24.802485E,80,24.3,25
8753,T,260731,062005,60.605228N,24.802532E,81,26.4,19
8754,T,260731,062006,60.605293N,24.802576E,81,26.0,20
8755,T,260731,062007,60.605354N,24.802622E,82,25.0,21
8756,T,260731,062008,60.605415N,24.802670E,82,25.2,22
8757,T,260731,062009,60.605476N,24.802723E,81,25.1,22
8758,T,260731,062010,60.605537N,24.802769E,81,25.0,21
8759,T,260731,062011,60.605598N,24.802816E,81,26.1,21
8760,T,260731,062012,60.605663N,24.802864E,81,26.4,20
8761,T,260731,062013,60.605728N,24.802912E,81,26.5,19
8762,T,260731,062014,60.605793N,24.802961E,80,26.5,20
8763,T,260731,062015,60.605858N,24.803013E,80,26.0,21
8764,T,260731,062016,60.605919N,24.803070E,80,25.9,22
8765,T,260731,062017,60.605988N,24.803120E,80,26.6,22
8766,T,260731,062018,60.606052N,24.803167E,80,26.9,21
8767,T,260731,062019,60.606121N,24.803217E,80,27.0,21
8768,T,260731,062020,60.606190N,24.803274E,80,27.9,22
8769,T,260731,062021,60.606255N,24.803326E,80,27.0,21
8770,T,260731,062022,60.606319N,24.803373E,80,26.3,21
8771,T,260731,062023,60.606384N,24.803423E,80,26.3,20
8772,T,260731,062024,60.606449N,24.803469E,80,26.6,20
8773,T,260731,062025,60.606506N,24.803516E,80,25.1,20
8774,T,260731,062026,60.606571N,24.803558E,80,27.0,20
8775,T,260731,062027,60.606632N,24.803614E,81,26.7,20
8776,T,260731,062028,60.606701N,24.803658E,81,26.2,20
8777,T,260731,062029,60.606766N,24.803701E,81,26.9,19
8778,T,260731,062030,60.606827N,24.803740E,81,25.8,18
8779,T,260731,062031,60.606888N,24.803782E,81,25.0,18
8780,T,260731,062032,60.606949N,24.803823E,81,26.1,19
8781,T,260731,062033,60.607002N,24.803867E,81,22.7,20
8782,T,260731,062034,60.607059N,24.803896E,81,21.9,13
8783,T,260731,062035,60.607117N,24.803911E,80,22.9,2
8784,T,260731,062036,60.607166N,24.803905E,80,23.3,353
8785,T,260731,062037,60.607224N,24.803888E,80,22.8,349
8786,T,260731,062038,60.607281N,24.803873E,80,22.5,349
8787,T,260731,062039,60.607342N,24.803881E,80,24.0,9
8788,T,260731,062040,60.607399N,24.803919E,80,26.0,10
8789,T,260731,062041,60.607456N,24.803988E,80,26.7,38
8790,T,260731,062042,60.607498N,24.804089E,79,27.6,55
8791,T,260731,062043,60.607536N,24.804216E,79,29.5,65
8792,T,260731,062044,60.607555N,24.804356E,79,29.4,75
8793,T,260731,062045,60.607544N,24.804502E,78,28.8,100
8794,T,260731,062046,60.607525N,24.804642E,78,29.6,106
8795,T,260731,062047,60.607506N,24.804785E,78,28.4,105
8796,T,260731,062048,60.607471N,24.804916E,78,30.6,106
8797,T,260731,062049,60.607449N,24.805052E,78,26.6,107
8798,T,260731,062050,60.607433N,24.805185E,78,23.8,92
8799,T,260731,062051,60.607449N,24.805281E,77,19.1,56
8800,T,260731,062052,60.607479N,24.805336E,77,17.4,27
8801,T,260731,062053,60.607521N,24.805365E,78,16.4,15
8802,T,260731,062054,60.607559N,24.805384E,78,15.7,15
8803,T,260731,062055,60.607594N,24.805407E,78,15.0,17
8804,T,260731,062056,60.607632N,24.805429E,78,15.4,20
8805,T,260731,062057,60.607674N,24.805458E,79,15.5,22
8806,T,260731,062058,60.607708N,24.805490E,79,15.5,23
8807,T,260731,062059,60.607746N,24.805517E,79,15.2,22
8808,T,260731,062100,60.607780N,24.805544E,80,13.7,21
8809,T,260731,062101,60.607811N,24.805573E,80,12.0,22
8810,T,260731,062102,60.607841N,24.805595E,80,10.9,22
8811,T,260731,062103,60.607864N,24.805622E,81,10.4,23
8812,T,260731,062104,60.607883N,24.805643E,81,8.2,24
8813,T,260731,062105,60.607895N,24.805662E,81,6.3,21
8814,T,260731,062106,60.607906N,24.805676E,80,5.3,21
8815,T,260731,062107,60.607910N,24.805689E,80,0.0,21
8816,T,260731,062108,60.607922N,24.805695E,80,0.0,21
8817,T,260731,062109,60.607922N,24.805695E,80,0.0,21
8818,T,260731,062110,60.607922N,24.805695E,80,0.0,21
8819,T,260731,062111,60.607922N,24.805693E,80,0.0,21
8820,T,260731,062112,60.607922N,24.805693E,80,0.0,21
8821,T,260731,062113,60.607922N,24.805693E,80,0.0,21
8822,T,260731,062114,60.607922N,24.805693E,80,0.0,21
8823,T,260731,062115,60.607922N,24.805693E,80,0.0,21
8824,T,260731,062116,60.607922N,24.805693E,80,0.0,21
8825,T,260731,062117,60.607922N,24.805693E,80,0.0,21
8826,T,260731,062118,60.607922N,24.805693E,80,0.0,21
8827,T,260731,062119,60.607922N,24.805693E,80,0.0,21
8828,T,260731,062120,60.607922N,24.805693E,80,0.0,21
8829,T,260731,062121,60.607922N,24.805693E,80,0.0,21
8830,T,260731,062122,60.607922N,24.805693E,80,0.0,21
8831,T,260731,062123,60.607922N,24.805693E,80,0.0,21
8832,T,260731,062124,60.607922N,24.805693E,80,0.0,21
8833,T,260731,062125,60.607922N,24.805693E,80,0.0,21
8834,T,260731,062126,60.607922N,24.805693E,80,0.0,21
8835,T,260731,062127,60.607922N,24.805693E,80,0.0,21
8836,T,260731,062128,60.607922N,24.805693E,80,0.0,21
8837,T,260731,062129,60.607922N,24.805693E,80,0.0,21
8838,T,260731,062130,60.607922N,24.805693E,80,0.0,21
8839,T,260731,062131,60.607922N,24.805693E,80,0.0,21
8840,T,260731,062132,60.607922N,24.805693E,80,0.0,21
8841,T,260731,062133,60.607922N,24.805693E,80,0.0,21
8842,T,260731,062134,60.607922N,24.805693E,80,0.0,21
8843,T,260731,062135,60.607922N,24.805693E,80,0.0,21
8844,T,260731,062136,60.607922N,24.805693E,80,0.0,21
8845,T,260731,062137,60.607922N,24.805693E,80,0.0,21
8846,T,260731,062138,60.607922N,24.805693E,80,0.0,21
8847,T,260731,062139,60.607922N,24.805693E,80,0.0,21
8848,T,260731,062140,60.607922N,24.805693E,80,0.0,21
8849,T,260731,062141,60.607922N,24.805693E,80,0.0,21
8850,T,260731,062142,60.607922N,24.805693E,80,0.0,21
8851,T,260731,062143,60.607922N,24.805693E,80,0.0,21
8852,T,260731,062144,60.607922N,24.805693E,80,0.0,21
8853,T,260731,062145,60.607922N,24.805693E,80,0.0,21
8854,T,260731,062146,60.607922N,24.805693E,80,0.0,21
8855,T,260731,062147,60.607922N,24.805693E,80,0.0,21
8856,T,260731,062148,60.607922N,24.805693E,80,0.0,21
8857,T,260731,062149,60.607922N,24.805695E,80,0.0,21
8858,T,260731,062150,60.607922N,24.805695E,80,0.0,21
8859,T,260731,062151,60.607922N,24.805695E,80,0.0,21
8860,T,260731,062152,60.607922N,24.805695E,80,0.0,21
8861,T,260731,062153,60.607922N,24.805695E,80,0.0,21
8862,T,260731,062154,60.607922N,24.805695E,80,0.0,21
8863,T,260731,062155,60.607922N,24.805695E,80,0.0,21
8864,T,260731,062156,60.607922N,24.805695E,80,0.0,21
8865,T,260731,062157,60.607922N,24.805695E,80,0.0,21
8866,T,260731,062158,60.607922N,24.805695E,80,0.0,21
8867,T,260731,062159,60.607922N,24.805695E,80,0.0,21
8868,T,260731,062200,60.607922N,24.805695E,80,0.0,21
8869,T,260731,062201,60.607922N,24.805695E,80,0.0,21
8870,T,260731,062202,60.607922N,24.805695E,80,0.0,21
8871,T,260731,062203,60.607922N,24.805695E,80,0.0,21
8872,T,260731,062204,60.607922N,24.805695E,80,0.0,21
8873,T,260731,062205,60.607922N,24.805695E,80,0.0,21
8874,T,260731,062206,60.607922N,24.805695E,80,0.0,21
8875,T,260731,062207,60.607922N,24.805695E,80,0.0,21
8876,T,260731,062208,60.607922N,24.805695E,80,0.0,21
8877,T,260731,062209,60.607922N,24.805695E,80,0.0,21
8878,T,260731,062210,60.607922N,24.805695E,80,0.0,21
8879,T,260731,062211,60.607922N,24.805695E,80,0.0,21
8880,T,260731,062212,60.607922N,24.805695E,80,0.0,21
8881,T,260731,062213,60.607922N,24.805695E,80,0.0,21
8882,T,260731,062214,60.607922N,24.805693E,80,0.0,21
8883,T,260731,062215,60.607922N,24.805695E,80,0.0,21
8884,T,260731,062216,60.607922N,24.805695E,80,0.0,21
8885,T,260731,062217,60.607922N,24.805681E,80,0.0,21
8886,T,260731,062218,60.607922N,24.805681E,80,0.0,21
8887,T,260731,062219,60.607918N,24.805668E,80,4.0,21
8888,T,260731,062220,60.607906N,24.805647E,80,6.1,220
8889,T,260731,062221,60.607887N,24.805616E,80,7.6,207
8890,T,260731,062222,60.607868N,24.805593E,80,8.6,204
8891,T,260731,062223,60.607849N,24.805555E,80,11.7,207
8892,T,260731,062224,60.607841N,24.805492E,80,13.4,213
8893,T,260731,062225,60.607841N,24.805424E,81,13.0,220
8894,T,260731,062226,60.607861N,24.805370E,81,12.7,315
8895,T,260731,062227,60.607887N,24.805346E,81,14.7,319
8896,T,260731,062228,60.607929N,24.805365E,82,16.0,22
8897,T,260731,062229,60.607967N,24.805399E,82,18.5,24
8898,T,260731,062230,60.608013N,24.805437E,82,20.5,22
8899,T,260731,062231,60.608055N,24.805475E,82,19.1,22
8900,T,260731,062232,60.608105N,24.805510E,82,19.5,21
8901,T,260731,062233,60.608147N,24.805544E,83,19.6,22
8902,T,260731,062234,60.608196N,24.805584E,83,20.7,21
8903,T,260731,062235,60.608246N,24.805626E,83,21.3,23
8904,T,260731,062236,60.608292N,24.805672E,83,21.2,24
8905,T,260731,062237,60.608345N,24.805717E,83,21.3,25
8906,T,260731,062238,60.608391N,24.805765E,83,21.4,26
8907,T,260731,062239,60.608440N,24.805817E,83,21.9,26
8908,T,260731,062240,60.608486N,24.805862E,84,22.0,26
8909,T,260731,062241,60.608540N,24.805910E,84,22.1,25
8910,T,260731,062242,60.608589N,24.805958E,83,22.1,25
8911,T,260731,062243,60.608639N,24.806007E,84,22.2,25
8912,T,260731,062244,60.608688N,24.806055E,84,22.2,25
8913,T,260731,062245,60.608742N,24.806105E,84,22.2,24
8914,T,260731,062246,60.608791N,24.806147E,84,22.2,24
8915,T,260731,062247,60.608845N,24.806194E,84,22.3,23
8916,T,260731,062248,60.608894N,24.806240E,84,22.7,23
8917,T,260731,062249,60.608948N,24.806288E,84,22.8,23
8918,T,260731,062250,60.609001N,24.806335E,84,22.9,24
8919,T,260731,062251,60.609051N,24.806383E,84,23.0,23
8920,T,260731,062252,60.609112N,24.806433E,84,23.1,23
8921,T,260731,062253,60.609161N,24.806479E,84,23.0,23
8922,T,260731,062254,60.609215N,24.806524E,84,23.1,22
8923,T,260731,062255,60.609272N,24.806570E,84,23.1,22
8924,T,260731,062256,60.609325N,24.806616E,84,23.1,22
8925,T,260731,062257,60.609375N,24.806664E,84,23.1,23
8926,T,260731,062258,60.609432N,24.806713E,84,23.2,23
8927,T,260731,062259,60.609489N,24.806763E,84,23.3,24
8928,T,260731,062300,60.609539N,24.806812E,85,23.6,24
8929,T,260731,062301,60.609592N,24.806862E,85,23.9,24
8930,T,260731,062302,60.609650N,24.806911E,85,23.9,24
8931,T,260731,062303,60.609703N,24.806959E,85,24.2,24
8932,T,260731,062304,60.609760N,24.807011E,85,24.2,23
8933,T,260731,062305,60.609818N,24.807060E,85,24.4,23
8934,T,260731,062306,60.609871N,24.807110E,85,24.5,24
8935,T,260731,062307,60.609928N,24.807159E,85,24.5,23
8936,T,260731,062308,60.609985N,24.807205E,85,24.4,23
8937,T,260731,062309,60.610039N,24.807257E,85,24.4,23
8938,T,260731,062310,60.610096N,24.807304E,85,24.4,22
8939,T,260731,062311,60.610153N,24.807352E,85,24.3,23
8940,T,260731,062312,60.610207N,24.807400E,85,24.4,23
8941,T,260731,062313,60.610264N,24.807449E,85,24.7,23
8942,T,260731,062314,60.610321N,24.807501E,85,24.7,23
8943,T,260731,062315,60.610378N,24.807552E,85,24.8,23
8944,T,260731,062316,60.610435N,24.807604E,85,24.8,23
8945,T,260731,062317,60.610493N,24.807652E,85,24.7,23
8946,T,260731,062318,60.610554N,24.807699E,85,24.7,23
8947,T,260731,062319,60.610607N,24.807751E,85,24.7,23
8948,T,260731,062320,60.610664N,24.807802E,85,24.7,23
8949,T,260731,062321,60.610722N,24.807852E,85,24.4,23
8950,T,260731,062322,60.610775N,24.807901E,85,24.3,23
8951,T,260731,062323,60.610832N,24.807953E,85,24.4,23
8952,T,260731,062324,60.610889N,24.808001E,85,24.8,23
8953,T,260731,062325,60.610943N,24.808048E,85,24.8,23
8954,T,260731,062326,60.611000N,24.808096E,85,24.8,22
8955,T,260731,062327,60.611061N,24.808146E,85,24.9,23
8956,T,260731,062328,60.611115N,24.808201E,85,25.2,24
8957,T,260731,062329,60.611172N,24.808254E,85,25.3,24
8958,T,260731,062330,60.611233N,24.808306E,85,25.3,24
8959,T,260731,062331,60.611286N,24.808357E,85,25.4,23
8960,T,260731,062332,60.611347N,24.808411E,85,25.5,23
8961,T,260731,062333,60.611408N,24.808460E,85,25.5,22
8962,T,260731,062334,60.611465N,24.808508E,85,25.5,22
8963,T,260731,062335,60.611523N,24.808556E,85,25.5,21
8964,T,260731,062336,60.611584N,24.808603E,85,25.2,21
8965,T,260731,062337,60.611641N,24.808647E,86,25.1,21
8966,T,260731,062338,60.611698N,24.808697E,86,25.1,21
8967,T,260731,062339,60.611759N,24.808743E,86,25.0,20
8968,T,260731,062340,60.611816N,24.808786E,86,24.9,20
8969,T,260731,062341,60.611877N,24.808832E,86,24.6,20
8970,T,260731,062342,60.611931N,24.808876E,86,24.5,20
8971,T,260731,062343,60.611988N,24.808922E,86,24.5,20
8972,T,260731,062344,60.612049N,24.808966E,86,24.5,21
8973,T,260731,062345,60.612103N,24.809013E,86,24.5,21
8974,T,260731,062346,60.612160N,24.809057E,86,24.6,21
8975,T,260731,062347,60.612221N,24.809105E,86,25.0,21
8976,T,260731,062348,60.612274N,24.809156E,86,25.0,22
8977,T,260731,062349,60.612331N,24.809206E,86,25.0,22
8978,T,260731,062350,60.612392N,24.809256E,86,25.0,23
8979,T,260731,062351,60.612450N,24.809307E,86,25.0,23
8980,T,260731,062352,60.612503N,24.809359E,86,24.8,23
8981,T,260731,062353,60.612560N,24.809408E,86,24.8,23
8982,T,260731,062354,60.612617N,24.809456E,86,24.7,23
8983,T,260731,062355,60.612671N,24.809505E,86,24.7,23
8984,T,260731,062356,60.612728N,24.809555E,86,24.7,23
8985,T,260731,062357,60.612785N,24.809608E,86,25.2,23
8986,T,260731,062358,60.612839N,24.809660E,86,25.0,23
8987,T,260731,062359,60.612900N,24.809711E,86,25.0,23
8988,T,260731,062400,60.612957N,24.809761E,86,24.9,23
8989,T,260731,062401,60.613010N,24.809813E,86,24.6,23
8990,T,260731,062402,60.613071N,24.809858E,86,24.5,22
8991,T,260731,062403,60.613129N,24.809904E,86,24.4,23
8992,T,260731,062404,60.613186N,24.809952E,86,24.3,22
8993,T,260731,062405,60.613239N,24.809996E,86,24.3,22
8994,T,260731,062406,60.613297N,24.810043E,86,24.2,22
8995,T,260731,062407,60.613354N,24.810093E,86,24.1,22
8996,T,260731,062408,60.613407N,24.810139E,87,24.1,22
8997,T,260731,062409,60.613464N,24.810184E,86,24.6,22
8998,T,260731,062410,60.613525N,24.810230E,87,24.9,21
8999,T,260731,062411,60.613579N,24.810276E,87,25.0,21
9000,T,260731,062412,60.613640N,24.810324E,87,25.1,21
9001,T,260731,062413,60.613701N,24.810368E,86,25.2,20
9002,T,260731,062414,60.613754N,24.810415E,86,25.2,20
9003,T,260731,062415,60.613815N,24.810463E,86,25.2,21
9004,T,260731,062416,60.613876N,24.810507E,86,25.2,21
9005,T,260731,062417,60.613937N,24.810553E,86,25.2,20
9006,T,260731,062418,60.613991N,24.810596E,86,25.2,20
9007,T,260731,062419,60.614052N,24.810637E,86,25.2,19
9008,T,260731,062420,60.614113N,24.810678E,87,25.1,19
9009,T,260731,062421,60.614174N,24.810720E,87,24.8,19
9010,T,260731,062422,60.614227N,24.810760E,87,24.7,18
9011,T,260731,062423,60.614288N,24.810802E,86,24.7,18
9012,T,260731,062424,60.614349N,24.810843E,86,24.7,18
9013,T,260731,062425,60.614407N,24.810881E,86,24.7,18
9014,T,260731,062426,60.614464N,24.810923E,86,24.7,18
9015,T,260731,062427,60.614525N,24.810961E,86,24.7,18
9016,T,260731,062428,60.614578N,24.811001E,86,24.3,18
9017,T,260731,062429,60.614639N,24.811035E,87,24.3,17
9018,T,260731,062430,60.614700N,24.811073E,87,24.3,17
9019,T,260731,062431,60.614761N,24.811106E,87,24.4,16
9020,T,260731,062432,60.614815N,24.811142E,87,24.4,16
9021,T,260731,062433,60.614876N,24.811176E,87,24.3,16
9022,T,260731,062434,60.614933N,24.811213E,87,24.4,15
9023,T,260731,062435,60.614990N,24.811243E,87,24.4,15
9024,T,260731,062436,60.615051N,24.811275E,87,24.4,15
9025,T,260731,062437,60.615112N,24.811306E,87,24.4,14
9026,T,260731,062438,60.615170N,24.811338E,87,24.3,14
9027,T,260731,062439,60.615227N,24.811371E,87,24.3,14
9028,T,260731,062440,60.615284N,24.811399E,87,24.2,14
9029,T,260731,062441,60.615345N,24.811428E,87,24.2,14
9030,T,260731,062442,60.615402N,24.811459E,87,24.1,13
9031,T,260731,062443,60.615459N,24.811485E,87,24.1,13
9032,T,260731,062444,60.615520N,24.811516E,87,24.1,13
9033,T,260731,062445,60.615582N,24.811544E,87,24.1,13
9034,T,260731,062446,60.615635N,24.811569E,87,24.1,12
9035,T,260731,062447,60.615696N,24.811596E,87,24.2,12
9036,T,260731,062448,60.615757N,24.811625E,87,24.7,12
9037,T,260731,062449,60.615814N,24.811647E,87,24.6,11
9038,T,260731,062450,60.615875N,24.811676E,87,24.6,12
9039,T,260731,062451,60.615936N,24.811701E,87,24.7,11
9040,T,260731,062452,60.615997N,24.811724E,87,24.7,11
9041,T,260731,062453,60.616058N,24.811745E,87,24.7,10
9042,T,260731,062454,60.616119N,24.811764E,87,24.8,10
9043,T,260731,062455,60.616180N,24.811787E,88,24.9,9
9044,T,260731,062456,60.616249N,24.811804E,88,24.9,9
9045,T,260731,062457,60.616310N,24.811825E,88,25.0,9
9046,T,260731,062458,60.616371N,24.811844E,88,25.3,9
9047,T,260731,062459,60.616440N,24.811865E,88,25.4,9
9048,T,260731,062500,60.616501N,24.811882E,87,25.4,8
9049,T,260731,062501,60.616566N,24.811899E,87,25.5,8
9050,T,260731,062502,60.616627N,24.811916E,87,25.5,8
9051,T,260731,062503,60.616692N,24.811934E,87,25.6,7
9052,T,260731,062504,60.616756N,24.811949E,87,25.7,7
9053,T,260731,062505,60.616821N,24.811966E,87,25.7,7
9054,T,260731,062506,60.616886N,24.811981E,87,25.7,7
9055,T,260731,062507,60.616951N,24.811996E,87,25.7,6
9056,T,260731,062508,60.617016N,24.812012E,87,25.7,6
9057,T,260731,062509,60.617081N,24.812023E,87,25.7,5
9058,T,260731,062510,60.617146N,24.812037E,87,25.6,5
9059,T,260731,062511,60.617207N,24.812050E,87,25.5,5
9060,T,260731,062512,60.617271N,24.812063E,87,25.5,5
9061,T,260731,062513,60.617336N,24.812078E,87,25.5,5
9062,T,260731,062514,60.617401N,24.812090E,87,25.5,5
9063,T,260731,062515,60.617458N,24.812101E,87,25.4,5
9064,T,260731,062516,60.617523N,24.812115E,87,25.5,4
9065,T,260731,062517,60.617584N,24.812124E,87,25.5,4
9066,T,260731,062518,60.617649N,24.812136E,87,25.4,4
9067,T,260731,062519,60.617706N,24.812147E,87,25.4,4
9068,T,260731,062520,60.617771N,24.812160E,87,25.4,4
9069,T,260731,062521,60.617836N,24.812168E,87,25.8,3
9070,T,260731,062522,60.617901N,24.812176E,87,25.5,3
9071,T,260731,062523,60.617962N,24.812183E,86,25.4,3
9072,T,260731,062524,60.618023N,24.812193E,86,25.3,3
9073,T,260731,062525,60.618088N,24.812199E,87,25.4,3
9074,T,260731,062526,60.618153N,24.812204E,87,25.4,3
9075,T,260731,062527,60.618221N,24.812210E,87,25.4,2
9076,T,260731,062528,60.618279N,24.812216E,87,24.8,2
9077,T,260731,062529,60.618340N,24.812218E,87,24.4,1
9078,T,260731,062530,60.618401N,24.812220E,87,23.9,1
9079,T,260731,062531,60.618458N,24.812220E,87,24.0,0
9080,T,260731,062532,60.618519N,24.812222E,87,25.0,0
9081,T,260731,062533,60.618580N,24.812222E,87,24.5,359
9082,T,260731,062534,60.618641N,24.812218E,87,24.6,358
9083,T,260731,062535,60.618698N,24.812216E,87,24.7,358
9084,T,260731,062536,60.618763N,24.812212E,87,25.1,358
9085,T,260731,062537,60.618828N,24.812206E,87,25.0,358
9086,T,260731,062538,60.618889N,24.812204E,87,25.0,358
9087,T,260731,062539,60.618954N,24.812202E,87,25.0,358
9088,T,260731,062540,60.619015N,24.812201E,87,25.0,358
9089,T,260731,062541,60.619076N,24.812199E,87,24.9,358
9090,T,260731,062542,60.619141N,24.812197E,88,25.0,358
9091,T,260731,062543,60.619202N,24.812195E,88,24.9,358
9092,T,260731,062544,60.619263N,24.812189E,87,24.9,358
9093,T,260731,062545,60.619324N,24.812183E,87,25.0,358
9094,T,260731,062546,60.619389N,24.812181E,87,25.0,357
9095,T,260731,062547,60.619450N,24.812176E,87,25.0,357
9096,T,260731,062548,60.619511N,24.812172E,87,25.0,357
9097,T,260731,062549,60.619579N,24.812166E,87,25.3,357
9098,T,260731,062550,60.619640N,24.812162E,87,25.4,357
9099,T,260731,062551,60.619705N,24.812157E,88,25.5,357
9100,T,260731,062552,60.619766N,24.812147E,88,25.5,357
9101,T,260731,062553,60.619831N,24.812143E,88,25.1,357
9102,T,260731,062554,60.619896N,24.812143E,88,26.2,0
9103,T,260731,062555,60.619961N,24.812132E,88,26.1,357
9104,T,260731,062556,60.620026N,24.812124E,88,26.2,357
9105,T,260731,062557,60.620087N,24.812119E,88,25.3,358
9106,T,260731,062558,60.620152N,24.812117E,88,26.2,358
9107,T,260731,062559,60.620220N,24.812111E,88,26.2,356
9108,T,260731,062600,60.620285N,24.812099E,87,26.3,356
9109,T,260731,062601,60.620354N,24.812090E,87,26.2,356
9110,T,260731,062602,60.620419N,24.812080E,87,25.6,355
9111,T,260731,062603,60.620480N,24.812073E,87,25.9,355
9112,T,260731,062604,60.620548N,24.812063E,87,25.9,356
9113,T,260731,062605,60.620613N,24.812056E,87,26.0,357
9114,T,260731,062606,60.620674N,24.812050E,87,26.0,357
9115,T,260731,062607,60.620739N,24.812044E,87,26.2,357
9116,T,260731,062608,60.620804N,24.812042E,87,26.7,357
9117,T,260731,062609,60.620872N,24.812037E,87,26.1,358
9118,T,260731,062610,60.620941N,24.812031E,86,26.5,357
9119,T,260731,062611,60.621002N,24.812023E,86,26.3,357
9120,T,260731,062612,60.621071N,24.812017E,86,26.3,356
9121,T,260731,062613,60.621140N,24.812012E,86,26.4,356
9122,T,260731,062614,60.621208N,24.812006E,86,26.7,357
9123,T,260731,062615,60.621273N,24.812002E,86,26.7,357
9124,T,260731,062616,60.621342N,24.811998E,86,26.8,357
9125,T,260731,062617,60.621407N,24.811995E,86,26.8,357
9126,T,260731,062618,60.621475N,24.811987E,86,26.7,357
9127,T,260731,062619,60.621540N,24.811981E,86,26.8,357
9128,T,260731,062620,60.621609N,24.811975E,86,26.7,357
9129,T,260731,062621,60.621677N,24.811970E,86,26.8,357
9130,T,260731,062622,60.621742N,24.811964E,86,26.8,357
9131,T,260731,062623,60.621807N,24.811962E,86,26.9,357
9132,T,260731,062624,60.621880N,24.811956E,86,26.9,358
9133,T,260731,062625,60.621944N,24.811951E,86,27.2,358
9134,T,260731,062626,60.622013N,24.811943E,86,27.3,357
9135,T,260731,062627,60.622082N,24.811937E,86,27.2,357
9136,T,260731,062628,60.622147N,24.811934E,85,27.2,357
9137,T,260731,062629,60.622215N,24.811934E,85,27.7,357
9138,T,260731,062630,60.622284N,24.811932E,85,27.7,357
9139,T,260731,062631,60.622353N,24.811926E,85,27.6,358
9140,T,260731,062632,60.622421N,24.811922E,85,27.6,358
9141,T,260731,062633,60.622486N,24.811916E,85,27.3,357
9142,T,260731,062634,60.622551N,24.811911E,85,27.3,357
9143,T,260731,062635,60.622620N,24.811905E,85,26.4,357
9144,T,260731,062636,60.622681N,24.811895E,85,25.3,357
9145,T,260731,062637,60.622746N,24.811890E,85,24.9,357
9146,T,260731,062638,60.622803N,24.811884E,85,25.0,357
9147,T,260731,062639,60.622868N,24.811882E,85,25.0,357
9148,T,260731,062640,60.622929N,24.811874E,85,25.1,357
9149,T,260731,062641,60.622993N,24.811869E,85,25.2,357
9150,T,260731,062642,60.623055N,24.811865E,84,25.6,357
9151,T,260731,062643,60.623119N,24.811855E,85,25.6,357
9152,T,260731,062644,60.623184N,24.811850E,84,25.7,357
9153,T,260731,062645,60.623249N,24.811842E,85,26.1,357
9154,T,260731,062646,60.623314N,24.811836E,85,26.2,357
9155,T,260731,062647,60.623379N,24.811831E,85,26.3,357
9156,T,260731,062648,60.623444N,24.811827E,85,26.3,357
9157,T,260731,062649,60.623512N,24.811825E,85,26.2,357
9158,T,260731,062650,60.623577N,24.811817E,85,26.1,357
9159,T,260731,062651,60.623638N,24.811811E,85,26.0,357
9160,T,260731,062652,60.623707N,24.811806E,85,26.0,357
9161,T,260731,062653,60.623772N,24.811800E,85,25.9,357
9162,T,260731,062654,60.623837N,24.811794E,85,25.8,357
9163,T,260731,062655,60.623901N,24.811787E,85,25.8,357
9164,T,260731,062656,60.623966N,24.811783E,85,25.7,357
9165,T,260731,062657,60.624031N,24.811775E,85,25.6,357
9166,T,260731,062658,60.624092N,24.811771E,84,25.7,357
9167,T,260731,062659,60.624161N,24.811766E,84,25.7,357
9168,T,260731,062700,60.624226N,24.811760E,84,25.7,357
9169,T,260731,062701,60.624283N,24.811754E,84,25.7,357
9170,T,260731,062702,60.624348N,24.811749E,84,25.7,357
9171,T,260731,062703,60.624413N,24.811745E,84,25.6,357
9172,T,260731,062704,60.624481N,24.811735E,84,25.6,357
9173,T,260731,062705,60.624538N,24.811729E,84,25.6,358
9174,T,260731,062706,60.624603N,24.811726E,84,25.5,357
9175,T,260731,062707,60.624668N,24.811720E,84,26.1,357
9176,T,260731,062708,60.624737N,24.811716E,84,26.0,357
9177,T,260731,062709,60.624802N,24.811712E,84,25.9,357
9178,T,260731,062710,60.624863N,24.811707E,84,26.0,357
9179,T,260731,062711,60.624928N,24.811705E,84,25.9,357
9180,T,260731,062712,60.624996N,24.811699E,84,25.9,358
9181,T,260731,062713,60.625061N,24.811693E,84,25.9,357
9182,T,260731,062714,60.625126N,24.811686E,84,25.9,357
9183,T,260731,062715,60.625187N,24.811680E,84,25.8,357
9184,T,260731,062716,60.625252N,24.811676E,84,25.8,357
9185,T,260731,062717,60.625320N,24.811670E,84,25.4,357
9186,T,260731,062718,60.625385N,24.811666E,84,25.4,357
9187,T,260731,062719,60.625443N,24.811663E,84,25.3,357
9188,T,260731,062720,60.625507N,24.811657E,84,25.2,357
9189,T,260731,062721,60.625568N,24.811651E,84,24.8,357
9190,T,260731,062722,60.625633N,24.811644E,84,24.9,357
9191,T,260731,062723,60.625694N,24.811640E,85,24.6,357
9192,T,260731,062724,60.625755N,24.811636E,85,24.7,357
9193,T,260731,062725,60.625820N,24.811630E,85,24.8,357
9194,T,260731,062726,60.625881N,24.811625E,85,24.7,357
9195,T,260731,062727,60.625942N,24.811619E,85,24.6,357
9196,T,260731,062728,60.626003N,24.811611E,85,24.3,357
9197,T,260731,062729,60.626064N,24.811604E,84,24.3,357
9198,T,260731,062730,60.626125N,24.811598E,84,24.2,357
9199,T,260731,062731,60.626183N,24.811596E,84,24.2,357
9200,T,260731,062732,60.626244N,24.811588E,84,24.2,357
9201,T,260731,062733,60.626305N,24.811583E,84,24.3,357
9202,T,260731,062734,60.626366N,24.811571E,84,24.6,357
9203,T,260731,062735,60.626419N,24.811567E,84,24.5,357
9204,T,260731,062736,60.626484N,24.811563E,85,24.9,357
9205,T,260731,062737,60.626545N,24.811560E,85,24.8,357
9206,T,260731,062738,60.626610N,24.811556E,85,24.9,357
9207,T,260731,062739,60.626671N,24.811548E,85,24.9,357
9208,T,260731,062740,60.626732N,24.811544E,85,25.0,357
9209,T,260731,062741,60.626797N,24.811539E,85,25.0,357
9210,T,260731,062742,60.626858N,24.811535E,85,25.0,357
9211,T,260731,062743,60.626919N,24.811529E,85,25.0,357
9212,T,260731,062744,60.626984N,24.811523E,85,25.3,357
9213,T,260731,062745,60.627048N,24.811516E,85,25.3,357
9214,T,260731,062746,60.627113N,24.811508E,85,25.9,357
9215,T,260731,062747,60.627174N,24.811504E,85,25.9,357
9216,T,260731,062748,60.627239N,24.811497E,85,26.2,357
9217,T,260731,062749,60.627308N,24.811487E,85,26.2,357
9218,T,260731,062750,60.627373N,24.811481E,85,26.5,357
9219,T,260731,062751,60.627441N,24.811476E,85,26.9,357
9220,T,260731,062752,60.627502N,24.811470E,85,27.0,357
9221,T,260731,062753,60.627571N,24.811466E,84,27.3,357
9222,T,260731,062754,60.627640N,24.811460E,85,27.4,357
9223,T,260731,062755,60.627712N,24.811455E,85,27.9,357
9224,T,260731,062756,60.627781N,24.811443E,85,28.0,357
9225,T,260731,062757,60.627850N,24.811436E,85,27.9,357
9226,T,260731,062758,60.627918N,24.811432E,85,27.8,357
9227,T,260731,062759,60.627987N,24.811426E,85,27.5,357
9228,T,260731,062800,60.628056N,24.811422E,84,26.9,357
9229,T,260731,062801,60.628124N,24.811417E,84,27.0,357
9230,T,260731,062802,60.628193N,24.811415E,84,27.0,357
9231,T,260731,062803,60.628262N,24.811407E,85,27.5,357
9232,T,260731,062804,60.628330N,24.811403E,85,27.5,357
9233,T,260731,062805,60.628399N,24.811398E,84,27.6,357
9234,T,260731,062806,60.628471N,24.811392E,84,28.0,357
9235,T,260731,062807,60.628540N,24.811384E,84,28.0,357
9236,T,260731,062808,60.628609N,24.811378E,84,28.1,357
9237,T,260731,062809,60.628681N,24.811373E,84,28.0,357
9238,T,260731,062810,60.628750N,24.811365E,84,27.8,357
9239,T,260731,062811,60.628819N,24.811359E,84,27.4,357
9240,T,260731,062812,60.628887N,24.811354E,84,27.3,357
9241,T,260731,062813,60.628952N,24.811346E,84,27.0,357
9242,T,260731,062814,60.629021N,24.811342E,84,26.6,357
9243,T,260731,062815,60.629089N,24.811337E,85,26.6,357
9244,T,260731,062816,60.629150N,24.811329E,85,26.1,357
9245,T,260731,062817,60.629215N,24.811323E,85,26.0,357
9246,T,260731,062818,60.629280N,24.811319E,85,25.5,357
9247,T,260731,062819,60.629345N,24.811316E,85,25.1,357
9248,T,260731,062820,60.629410N,24.811310E,85,25.0,357
9249,T,260731,062821,60.629471N,24.811304E,85,24.9,357
9250,T,260731,062822,60.629532N,24.811298E,85,24.6,357
9251,T,260731,062823,60.629593N,24.811295E,86,24.3,357
9252,T,260731,062824,60.629650N,24.811287E,86,23.9,357
9253,T,260731,062825,60.629711N,24.811281E,86,23.9,357
9254,T,260731,062826,60.629772N,24.811275E,87,23.5,357
9255,T,260731,062827,60.629833N,24.811274E,87,23.4,357
9256,T,260731,062828,60.629887N,24.811270E,87,23.4,358
9257,T,260731,062829,60.629948N,24.811266E,87,23.4,358
9258,T,260731,062830,60.630005N,24.811262E,88,23.3,358
9259,T,260731,062831,60.630062N,24.811258E,88,23.4,358
9260,T,260731,062832,60.630119N,24.811255E,88,23.3,357
9261,T,260731,062833,60.630177N,24.811251E,88,23.3,357
9262,T,260731,062834,60.630234N,24.811251E,88,23.3,1
9263,T,260731,062835,60.630291N,24.811256E,88,23.7,1
9264,T,260731,062836,60.630348N,24.811264E,88,23.6,3
9265,T,260731,062837,60.630409N,24.811274E,88,23.5,3
9266,T,260731,062838,60.630466N,24.811279E,88,23.5,1
9267,T,260731,062839,60.630527N,24.811281E,89,23.6,0
9268,T,260731,062840,60.630589N,24.811281E,89,23.6,358
9269,T,260731,062841,60.630650N,24.811277E,89,23.7,358
9270,T,260731,062842,60.630707N,24.811274E,89,23.7,358
9271,T,260731,062843,60.630768N,24.811268E,89,23.7,357
9272,T,260731,062844,60.630829N,24.811264E,89,23.7,357
9273,T,260731,062845,60.630890N,24.811260E,89,24.0,357
9274,T,260731,062846,60.630947N,24.811255E,89,23.9,356
9275,T,260731,062847,60.631004N,24.811243E,89,23.3,356
9276,T,260731,062848,60.631065N,24.811235E,89,23.0,356
9277,T,260731,062849,60.631119N,24.811228E,89,23.1,356
9278,T,260731,062850,60.631180N,24.811222E,89,23.2,356
9279,T,260731,062851,60.631241N,24.811216E,90,23.5,357
9280,T,260731,062852,60.631294N,24.811209E,89,23.9,357
9281,T,260731,062853,60.631359N,24.811205E,90,24.0,357
9282,T,260731,062854,60.631416N,24.811195E,90,23.9,357
9283,T,260731,062855,60.631477N,24.811190E,90,23.9,357
9284,T,260731,062856,60.631535N,24.811182E,90,24.0,356
9285,T,260731,062857,60.631596N,24.811174E,90,23.9,356
9286,T,260731,062858,60.631657N,24.811165E,90,23.9,355
9287,T,260731,062859,60.631718N,24.811153E,90,23.5,355
9288,T,260731,062900,60.631771N,24.811140E,91,24.0,354
9289,T,260731,062901,60.631832N,24.811127E,91,24.4,354
9290,T,260731,062902,60.631893N,24.811113E,91,23.5,353
9291,T,260731,062903,60.631950N,24.811102E,90,23.6,353
9292,T,260731,062904,60.632011N,24.811094E,90,24.3,354
9293,T,260731,062905,60.632072N,24.811085E,90,24.2,355
9294,T,260731,062906,60.632130N,24.811081E,90,23.6,356
9295,T,260731,062907,60.632187N,24.811075E,90,24.8,357
9296,T,260731,062908,60.632244N,24.811069E,89,23.6,357
9297,T,260731,062909,60.632309N,24.811064E,89,24.6,358
9298,T,260731,062910,60.632366N,24.811060E,89,24.2,357
9299,T,260731,062911,60.632431N,24.811054E,89,24.7,357
9300,T,260731,062912,60.632492N,24.811049E,89,23.9,357
9301,T,260731,062913,60.632557N,24.811043E,89,25.2,357
9302,T,260731,062914,60.632622N,24.811035E,89,25.6,357
9303,T,260731,062915,60.632683N,24.811031E,89,25.5,357
9304,T,260731,062916,60.632748N,24.811028E,88,26.2,358
9305,T,260731,062917,60.632816N,24.811022E,89,25.6,357
9306,T,260731,062918,60.632881N,24.811014E,89,25.2,357
9307,T,260731,062919,60.632938N,24.811010E,89,25.4,357
9308,T,260731,062920,60.633003N,24.811008E,88,25.3,357
9309,T,260731,062921,60.633068N,24.811005E,88,25.4,357
9310,T,260731,062922,60.633133N,24.811001E,88,25.3,357
9311,T,260731,062923,60.633198N,24.810993E,87,25.2,357
9312,T,260731,062924,60.633259N,24.810986E,87,25.2,357
9313,T,260731,062925,60.633320N,24.810980E,87,25.2,356
9314,T,260731,062926,60.633385N,24.810972E,87,25.3,356
9315,T,260731,062927,60.633450N,24.810966E,86,25.3,357
9316,T,260731,062928,60.633511N,24.810961E,86,25.2,357
9317,T,260731,062929,60.633575N,24.810953E,86,25.2,357
9318,T,260731,062930,60.633640N,24.810947E,86,25.1,357
9319,T,260731,062931,60.633701N,24.810944E,85,25.0,357
9320,T,260731,062932,60.633762N,24.810936E,85,24.9,357
9321,T,260731,062933,60.633823N,24.810930E,85,24.8,357
9322,T,260731,062934,60.633888N,24.810925E,85,24.8,357
9323,T,260731,062935,60.633953N,24.810921E,85,26.1,358
9324,T,260731,062936,60.634014N,24.810917E,85,25.7,358
9325,T,260731,062937,60.634079N,24.810909E,85,25.9,358
9326,T,260731,062938,60.634144N,24.810905E,85,26.4,357
9327,T,260731,062939,60.634209N,24.810904E,84,27.7,357
9328,T,260731,062940,60.634281N,24.810896E,84,27.7,358
9329,T,260731,062941,60.634350N,24.810892E,84,28.0,358
9330,T,260731,062942,60.634418N,24.810884E,84,28.3,358
9331,T,260731,062943,60.634487N,24.810879E,84,28.3,357
9332,T,260731,062944,60.634560N,24.810869E,84,28.5,357
9333,T,260731,062945,60.634632N,24.810862E,84,28.5,357
9334,T,260731,062946,60.634705N,24.810854E,84,28.4,357
9335,T,260731,062947,60.634777N,24.810844E,83,28.3,357
9336,T,260731,062948,60.634850N,24.810837E,83,28.4,357
9337,T,260731,062949,60.634918N,24.810831E,83,28.4,357
9338,T,260731,062950,60.634991N,24.810827E,83,28.7,357
9339,T,260731,062951,60.635063N,24.810822E,83,28.0,357
9340,T,260731,062952,60.635132N,24.810816E,83,27.5,357
9341,T,260731,062953,60.635204N,24.810808E,83,27.5,357
9342,T,260731,062954,60.635273N,24.810802E,83,27.0,357
9343,T,260731,062955,60.635345N,24.810795E,84,26.7,357
9344,T,260731,062956,60.635410N,24.810789E,84,26.7,357
9345,T,260731,062957,60.635479N,24.810783E,84,26.7,357
9346,T,260731,062958,60.635548N,24.810780E,84,26.9,357
9347,T,260731,062959,60.635616N,24.810772E,84,26.9,357
9348,T,260731,063000,60.635681N,24.810764E,84,26.8,357
9349,T,260731,063001,60.635754N,24.810757E,84,26.9,357
9350,T,260731,063002,60.635815N,24.810753E,83,26.6,357
9351,T,260731,063003,60.635883N,24.810745E,84,26.5,358
9352,T,260731,063004,60.635952N,24.810741E,84,26.5,358
9353,T,260731,063005,60.636017N,24.810736E,84,25.6,357
9354,T,260731,063006,60.636082N,24.810728E,84,26.2,357
9355,T,260731,063007,60.636143N,24.810722E,85,25.8,357
9356,T,260731,063008,60.636208N,24.810717E,85,25.4,357
9357,T,260731,063009,60.636272N,24.810707E,85,25.0,357
9358,T,260731,063010,60.636337N,24.810703E,85,25.0,356
9359,T,260731,063011,60.636398N,24.810696E,85,25.0,356
9360,T,260731,063012,60.636459N,24.810690E,85,25.0,357
9361,T,260731,063013,60.636524N,24.810684E,85,24.9,357
9362,T,260731,063014,60.636589N,24.810680E,85,24.8,358
9363,T,260731,063015,60.636646N,24.810677E,85,24.4,358
9364,T,260731,063016,60.636711N,24.810669E,85,24.4,357
9365,T,260731,063017,60.636772N,24.810661E,85,24.1,357
9366,T,260731,063018,60.636833N,24.810658E,85,24.1,357
9367,T,260731,063019,60.636890N,24.810652E,85,24.2,357
9368,T,260731,063020,60.636951N,24.810644E,85,24.2,357
9369,T,260731,063021,60.637012N,24.810640E,85,24.3,357
9370,T,260731,063022,60.637074N,24.810635E,85,23.6,357
9371,T,260731,063023,60.637131N,24.810629E,85,24.0,357
9372,T,260731,063024,60.637192N,24.810623E,85,22.9,358
9373,T,260731,063025,60.637249N,24.810619E,85,23.0,357
9374,T,260731,063026,60.637302N,24.810614E,86,22.0,357
9375,T,260731,063027,60.637360N,24.810608E,86,22.6,357
9376,T,260731,063028,60.637421N,24.810604E,86,23.0,357
9377,T,260731,063029,60.637478N,24.810598E,86,22.1,357
9378,T,260731,063030,60.637535N,24.810596E,85,23.3,357
9379,T,260731,063031,60.637596N,24.810593E,85,24.6,357
9380,T,260731,063032,60.637657N,24.810587E,85,23.6,357
9381,T,260731,063033,60.637714N,24.810581E,85,22.6,357
9382,T,260731,063034,60.637779N,24.810575E,85,24.7,358
9383,T,260731,063035,60.637840N,24.810572E,86,24.3,358
9384,T,260731,063036,60.637905N,24.810564E,85,24.2,357
9385,T,260731,063037,60.637966N,24.810558E,86,24.1,357
9386,T,260731,063038,60.638031N,24.810551E,86,24.1,356
9387,T,260731,063039,60.638096N,24.810543E,86,24.2,357
9388,T,260731,063040,60.638157N,24.810537E,86,24.2,357
9389,T,260731,063041,60.638222N,24.810534E,86,24.3,357
9390,T,260731,063042,60.638279N,24.810528E,87,24.7,357
9391,T,260731,063043,60.638344N,24.810522E,87,24.7,357
9392,T,260731,063044,60.638405N,24.810518E,87,24.7,357
9393,T,260731,063045,60.638474N,24.810513E,88,24.6,357
9394,T,260731,063046,60.638527N,24.810509E,88,24.5,357
9395,T,260731,063047,60.638592N,24.810505E,88,24.6,357
9396,T,260731,063048,60.638653N,24.810497E,88,23.7,357
9397,T,260731,063049,60.638714N,24.810493E,88,23.6,357
9398,T,260731,063050,60.638767N,24.810488E,88,23.6,356
9399,T,260731,063051,60.638832N,24.810480E,88,24.1,356
9400,T,260731,063052,60.638893N,24.810474E,88,24.1,356
9401,T,260731,063053,60.638950N,24.810465E,89,24.6,356
9402,T,260731,063054,60.639015N,24.810455E,89,24.7,356
9403,T,260731,063055,60.639080N,24.810448E,89,24.7,356
9404,T,260731,063056,60.639141N,24.810442E,89,24.7,356
9405,T,260731,063057,60.639198N,24.810436E,89,24.7,356
9406,T,260731,063058,60.639263N,24.810429E,89,24.7,356
9407,T,260731,063059,60.639328N,24.810417E,89,24.7,356
9408,T,260731,063100,60.639389N,24.810408E,90,24.7,355
9409,T,260731,063101,60.639446N,24.810404E,89,24.7,355
9410,T,260731,063102,60.639511N,24.810396E,89,24.8,356
9411,T,260731,063103,60.639572N,24.810390E,89,25.1,356
9412,T,260731,063104,60.639637N,24.810385E,88,25.4,356
9413,T,260731,063105,60.639702N,24.810373E,88,25.5,356
9414,T,260731,063106,60.639763N,24.810364E,88,25.5,355
9415,T,260731,063107,60.639824N,24.810354E,88,25.0,355
9416,T,260731,063108,60.639889N,24.810347E,88,25.1,355
9417,T,260731,063109,60.639954N,24.810337E,88,25.6,355
9418,T,260731,063110,60.640018N,24.810331E,88,25.2,355
9419,T,260731,063111,60.640083N,24.810320E,88,25.1,355
9420,T,260731,063112,60.640148N,24.810305E,88,25.5,354
9421,T,260731,063113,60.640213N,24.810291E,88,25.5,354
9422,T,260731,063114,60.640278N,24.810276E,88,25.5,354
9423,T,260731,063115,60.640339N,24.810266E,88,25.5,354
9424,T,260731,063116,60.640404N,24.810255E,88,25.5,354
9425,T,260731,063117,60.640472N,24.810244E,88,25.6,355
9426,T,260731,063118,60.640533N,24.810236E,88,25.5,355
9427,T,260731,063119,60.640594N,24.810226E,88,25.5,355
9428,T,260731,063120,60.640659N,24.810219E,88,25.2,356
9429,T,260731,063121,60.640720N,24.810209E,87,25.2,356
9430,T,260731,063122,60.640785N,24.810202E,87,25.2,356
9431,T,260731,063123,60.640846N,24.810190E,87,25.2,355
9432,T,260731,063124,60.640907N,24.810179E,87,25.1,355
9433,T,260731,063125,60.640968N,24.810165E,87,24.8,354
9434,T,260731,063126,60.641033N,24.810154E,87,24.7,353
9435,T,260731,063127,60.641090N,24.810139E,87,24.7,353
9436,T,260731,063128,60.641151N,24.810122E,87,24.6,352
9437,T,260731,063129,60.641212N,24.810106E,87,24.6,352
9438,T,260731,063130,60.641277N,24.810089E,87,24.6,352
9439,T,260731,063131,60.641335N,24.810074E,87,24.6,352
9440,T,260731,063132,60.641396N,24.810059E,87,24.7,352
9441,T,260731,063133,60.641460N,24.810040E,87,24.7,351
9442,T,260731,063134,60.641521N,24.810020E,87,24.8,351
9443,T,260731,063135,60.641579N,24.810003E,87,24.9,351
9444,T,260731,063136,60.641644N,24.809984E,87,24.9,351
9445,T,260731,063137,60.641705N,24.809969E,86,24.9,351
9446,T,260731,063138,60.641766N,24.809946E,86,24.5,351
9447,T,260731,063139,60.641827N,24.809925E,86,24.5,351
9448,T,260731,063140,60.641888N,24.809904E,86,24.6,350
9449,T,260731,063141,60.641949N,24.809879E,86,24.7,349
9450,T,260731,063142,60.642010N,24.809856E,86,24.7,349
9451,T,260731,063143,60.642067N,24.809828E,86,24.8,348
9452,T,260731,063144,60.642128N,24.809797E,86,25.1,347
9453,T,260731,063145,60.642193N,24.809771E,86,24.6,347
9454,T,260731,063146,60.642254N,24.809744E,86,24.5,348
9455,T,260731,063147,60.642311N,24.809727E,86,24.9,349
9456,T,260731,063148,60.642376N,24.809708E,87,25.1,351
9457,T,260731,063149,60.642437N,24.809689E,87,25.1,352
9458,T,260731,063150,60.642502N,24.809664E,87,25.1,351
9459,T,260731,063151,60.642559N,24.809645E,87,25.6,351
9460,T,260731,063152,60.642624N,24.809622E,87,25.2,350
9461,T,260731,063153,60.642685N,24.809603E,87,25.2,350
9462,T,260731,063154,60.642750N,24.809582E,87,25.2,350
9463,T,260731,063155,60.642807N,24.809559E,87,25.0,350
9464,T,260731,063156,60.642868N,24.809536E,87,25.0,349
9465,T,260731,063157,60.642929N,24.809511E,87,25.1,349
9466,T,260731,063158,60.642990N,24.809488E,87,25.1,348
9467,T,260731,063159,60.643051N,24.809464E,87,25.2,348
9468,T,260731,063200,60.643116N,24.809441E,87,25.1,348
9469,T,260731,063201,60.643177N,24.809416E,87,25.2,348
9470,T,260731,063202,60.643242N,24.809393E,87,25.2,348
9471,T,260731,063203,60.643299N,24.809364E,87,25.2,348
9472,T,260731,063204,60.643360N,24.809338E,87,25.1,348
9473,T,260731,063205,60.643421N,24.809311E,87,25.2,348
9474,T,260731,063206,60.643478N,24.809284E,87,25.2,348
9475,T,260731,063207,60.643543N,24.809258E,87,25.2,347
9476,T,260731,063208,60.643604N,24.809233E,87,25.6,347
9477,T,260731,063209,60.643669N,24.809204E,87,25.6,347
9478,T,260731,063210,60.643726N,24.809174E,86,25.6,347
9479,T,260731,063211,60.643791N,24.809143E,86,25.7,347
9480,T,260731,063212,60.643852N,24.809116E,86,25.8,347
9481,T,260731,063213,60.643917N,24.809084E,86,25.9,346
9482,T,260731,063214,60.643978N,24.809055E,86,26.0,346
9483,T,260731,063215,60.644043N,24.809027E,86,26.3,346
9484,T,260731,063216,60.644112N,24.808996E,86,26.3,346
9485,T,260731,063217,60.644173N,24.808964E,86,26.4,346
9486,T,260731,063218,60.644241N,24.808933E,86,26.5,346
9487,T,260731,063219,60.644299N,24.808905E,86,26.6,346
9488,T,260731,063220,60.644367N,24.808872E,86,26.7,346
9489,T,260731,063221,60.644432N,24.808840E,86,26.8,346
9490,T,260731,063222,60.644497N,24.808807E,85,26.8,346
9491,T,260731,063223,60.644562N,24.808777E,85,26.9,345
9492,T,260731,063224,60.644627N,24.808741E,85,26.9,345
9493,T,260731,063225,60.644691N,24.808704E,85,27.0,345
9494,T,260731,063226,60.644760N,24.808674E,85,27.1,346
9495,T,260731,063227,60.644825N,24.808638E,85,27.1,345
9496,T,260731,063228,60.644890N,24.808603E,85,27.2,345
9497,T,260731,063229,60.644955N,24.808567E,85,27.2,345
9498,T,260731,063230,60.645020N,24.808533E,85,27.2,344
9499,T,260731,063231,60.645088N,24.808496E,85,27.2,344
9500,T,260731,063232,60.645153N,24.808462E,85,27.2,345
9501,T,260731,063233,60.645222N,24.808424E,85,26.9,345
9502,T,260731,063234,60.645283N,24.808390E,85,26.8,345
9503,T,260731,063235,60.645348N,24.808353E,85,26.7,344
9504,T,260731,063236,60.645412N,24.808315E,85,26.7,344
9505,T,260731,063237,60.645477N,24.808277E,85,26.4,344
9506,T,260731,063238,60.645538N,24.808245E,85,26.3,344
9507,T,260731,063239,60.645599N,24.808208E,85,26.2,344
9508,T,260731,063240,60.645664N,24.808172E,86,26.1,344
9509,T,260731,063241,60.645729N,24.808138E,86,26.1,344
9510,T,260731,063242,60.645790N,24.808102E,86,26.1,343
9511,T,260731,063243,60.645851N,24.808064E,86,26.0,343
9512,T,260731,063244,60.645916N,24.808023E,86,26.1,343
9513,T,260731,063245,60.645981N,24.807985E,86,26.2,343
9514,T,260731,063246,60.646042N,24.807949E,86,26.2,343
9515,T,260731,063247,60.646103N,24.807915E,86,26.2,343
9516,T,260731,063248,60.646168N,24.807875E,86,26.3,343
9517,T,260731,063249,60.646233N,24.807837E,86,26.3,343
9518,T,260731,063250,60.646294N,24.807796E,86,26.3,342
9519,T,260731,063251,60.646355N,24.807756E,86,26.2,342
9520,T,260731,063252,60.646416N,24.807718E,86,25.8,342
9521,T,260731,063253,60.646481N,24.807678E,86,25.8,342
9522,T,260731,063254,60.646542N,24.807638E,86,25.9,342
9523,T,260731,063255,60.646599N,24.807598E,86,25.8,341
9524,T,260731,063256,60.646660N,24.807556E,86,25.9,341
9525,T,260731,063257,60.646725N,24.807516E,86,25.9,341
9526,T,260731,063258,60.646786N,24.807474E,86,26.0,341
9527,T,260731,063259,60.646847N,24.807432E,86,26.0,341
9528,T,260731,063300,60.646908N,24.807390E,86,26.0,341
9529,T,260731,063301,60.646969N,24.807346E,86,26.0,340
9530,T,260731,063302,60.647034N,24.807304E,86,26.1,340
9531,T,260731,063303,60.647091N,24.807259E,86,26.1,340
9532,T,260731,063304,60.647156N,24.807217E,86,26.2,340
9533,T,260731,063305,60.647221N,24.807177E,86,26.2,340
9534,T,260731,063306,60.647282N,24.807135E,86,26.3,341
9535,T,260731,063307,60.647343N,24.807089E,86,26.3,341
9536,T,260731,063308,60.647404N,24.807043E,86,26.4,340
9537,T,260731,063309,60.647469N,24.806997E,86,26.4,340
9538,T,260731,063310,60.647530N,24.806952E,86,26.3,340
9539,T,260731,063311,60.647591N,24.806906E,86,26.3,339
9540,T,260731,063312,60.647652N,24.806858E,86,25.9,339
9541,T,260731,063313,60.647713N,24.806810E,86,25.8,339
9542,T,260731,063314,60.647774N,24.806767E,86,25.3,339
9543,T,260731,063315,60.647831N,24.806721E,86,24.6,339
9544,T,260731,063316,60.647888N,24.806677E,86,24.2,339
9545,T,260731,063317,60.647945N,24.806631E,86,24.2,339
9546,T,260731,063318,60.647999N,24.806587E,86,24.6,338
9547,T,260731,063319,60.648060N,24.806541E,86,24.7,338
9548,T,260731,063320,60.648117N,24.806496E,86,25.1,338
9549,T,260731,063321,60.648174N,24.806448E,86,25.2,338
9550,T,260731,063322,60.648232N,24.806402E,86,25.3,338
9551,T,260731,063323,60.648293N,24.806356E,86,25.2,338
9552,T,260731,063324,60.648354N,24.806309E,86,24.9,338
9553,T,260731,063325,60.648407N,24.806259E,87,24.9,338
9554,T,260731,063326,60.648464N,24.806215E,87,24.8,338
9555,T,260731,063327,60.648521N,24.806166E,87,24.7,337
9556,T,260731,063328,60.648575N,24.806118E,87,24.3,337
9557,T,260731,063329,60.648632N,24.806070E,87,24.3,337
9558,T,260731,063330,60.648689N,24.806025E,87,24.3,337
9559,T,260731,063331,60.648746N,24.805977E,87,24.3,338
9560,T,260731,063332,60.648800N,24.805929E,87,24.3,337
9561,T,260731,063333,60.648861N,24.805882E,87,24.3,337
9562,T,260731,063334,60.648914N,24.805832E,87,24.3,337
9563,T,260731,063335,60.648972N,24.805780E,87,24.8,337
9564,T,260731,063336,60.649033N,24.805731E,87,24.8,337
9565,T,260731,063337,60.649090N,24.805681E,87,24.8,337
9566,T,260731,063338,60.649143N,24.805632E,87,24.8,336
9567,T,260731,063339,60.649200N,24.805584E,87,24.7,337
9568,T,260731,063340,60.649261N,24.805536E,87,24.7,337
9569,T,260731,063341,60.649315N,24.805487E,87,24.7,337
9570,T,260731,063342,60.649372N,24.805441E,87,25.2,337
9571,T,260731,063343,60.649433N,24.805386E,87,25.3,337
9572,T,260731,063344,60.649487N,24.805336E,87,25.4,337
9573,T,260731,063345,60.649548N,24.805281E,87,25.5,336
9574,T,260731,063346,60.649605N,24.805227E,87,25.9,336
9575,T,260731,063347,60.649666N,24.805176E,86,25.7,336
9576,T,260731,063348,60.649723N,24.805124E,86,25.7,336
9577,T,260731,063349,60.649780N,24.805075E,86,25.2,335
9578,T,260731,063350,60.649841N,24.805023E,86,25.0,336
9579,T,260731,063351,60.649899N,24.804981E,86,24.7,337
9580,T,260731,063352,60.649956N,24.804935E,86,24.7,337
9581,T,260731,063353,60.650013N,24.804886E,86,24.3,337
9582,T,260731,063354,60.650066N,24.804836E,85,24.3,337
9583,T,260731,063355,60.650124N,24.804785E,85,24.4,336
9584,T,260731,063356,60.650181N,24.804735E,85,24.7,336
9585,T,260731,063357,60.650242N,24.804688E,85,24.9,336
9586,T,260731,063358,60.650295N,24.804642E,85,25.0,337
9587,T,260731,063359,60.650356N,24.804594E,85,25.1,337
9588,T,260731,063400,60.650417N,24.804548E,85,25.2,337
9589,T,260731,063401,60.650471N,24.804501E,85,25.3,337
9590,T,260731,063402,60.650532N,24.804449E,85,25.4,337
9591,T,260731,063403,60.650593N,24.804399E,86,25.7,337
9592,T,260731,063404,60.650654N,24.804350E,86,25.7,337
9593,T,260731,063405,60.650711N,24.804302E,86,25.7,337
9594,T,260731,063406,60.650772N,24.804256E,86,24.4,337
9595,T,260731,063407,60.650829N,24.804211E,86,24.0,337
9596,T,260731,063408,60.650883N,24.804161E,86,24.1,337
9597,T,260731,063409,60.650940N,24.804115E,86,24.5,337
9598,T,260731,063410,60.650997N,24.804066E,86,24.5,337
9599,T,260731,063411,60.651051N,24.804018E,86,24.5,337
9600,T,260731,063412,60.651112N,24.803970E,86,24.7,337
9601,T,260731,063413,60.651169N,24.803923E,86,25.1,336
9602,T,260731,063414,60.651230N,24.803873E,86,25.1,337
9603,T,260731,063415,60.651283N,24.803823E,86,25.2,337
9604,T,260731,063416,60.651344N,24.803774E,86,25.2,337
9605,T,260731,063417,60.651402N,24.803724E,86,25.3,337
9606,T,260731,063418,60.651459N,24.803677E,86,25.3,337
9607,T,260731,063419,60.651520N,24.803623E,86,25.4,337
9608,T,260731,063420,60.651581N,24.803576E,86,25.4,337
9609,T,260731,063421,60.651642N,24.803528E,86,25.5,337
9610,T,260731,063422,60.651699N,24.803478E,86,25.5,337
9611,T,260731,063423,60.651756N,24.803427E,85,25.9,337
9612,T,260731,063424,60.651817N,24.803375E,85,25.9,336
9613,T,260731,063425,60.651878N,24.803324E,85,26.0,336
9614,T,260731,063426,60.651939N,24.803276E,85,26.1,337
9615,T,260731,063427,60.652000N,24.803225E,85,26.1,337
9616,T,260731,063428,60.652061N,24.803177E,85,26.1,337
9617,T,260731,063429,60.652119N,24.803123E,85,26.2,337
9618,T,260731,063430,60.652180N,24.803070E,85,26.2,337
9619,T,260731,063431,60.652241N,24.803019E,85,26.2,336
9620,T,260731,063432,60.652302N,24.802967E,85,26.6,337
9621,T,260731,063433,60.652359N,24.802917E,85,26.6,337
9622,T,260731,063434,60.652424N,24.802866E,85,26.6,337
9623,T,260731,063435,60.652485N,24.802816E,85,26.7,337
9624,T,260731,063436,60.652550N,24.802761E,85,26.7,337
9625,T,260731,063437,60.652607N,24.802708E,85,26.8,337
9626,T,260731,063438,60.652672N,24.802656E,85,26.8,337
9627,T,260731,063439,60.652733N,24.802605E,85,26.7,337
9628,T,260731,063440,60.652794N,24.802551E,85,26.3,337
9629,T,260731,063441,60.652855N,24.802498E,85,26.4,337
9630,T,260731,063442,60.652920N,24.802446E,85,26.4,337
9631,T,260731,063443,60.652981N,24.802397E,85,26.4,337
9632,T,260731,063444,60.653042N,24.802343E,85,26.4,337
9633,T,260731,063445,60.653103N,24.802296E,85,26.5,337
9634,T,260731,063446,60.653168N,24.802244E,85,26.4,337
9635,T,260731,063447,60.653225N,24.802193E,85,26.3,337
9636,T,260731,063448,60.653282N,24.802139E,85,26.3,336
9637,T,260731,063449,60.653343N,24.802086E,85,26.2,336
9638,T,260731,063450,60.653404N,24.802034E,85,26.1,336
9639,T,260731,063451,60.653465N,24.801983E,85,25.7,336
9640,T,260731,063452,60.653522N,24.801931E,85,25.7,337
9641,T,260731,063453,60.653580N,24.801880E,85,25.8,337
9642,T,260731,063454,60.653641N,24.801826E,85,25.7,337
9643,T,260731,063455,60.653702N,24.801777E,85,25.8,337
9644,T,260731,063456,60.653763N,24.801723E,85,25.9,337
9645,T,260731,063457,60.653820N,24.801676E,85,25.8,337
9646,T,260731,063458,60.653881N,24.801624E,85,25.8,337
9647,T,260731,063459,60.653938N,24.801575E,85,25.3,336
9648,T,260731,063500,60.653999N,24.801523E,85,25.2,336
9649,T,260731,063501,60.654057N,24.801470E,86,25.1,336
9650,T,260731,063502,60.654114N,24.801420E,86,25.0,336
9651,T,260731,063503,60.654167N,24.801373E,86,25.0,337
9652,T,260731,063504,60.654228N,24.801325E,86,25.0,337
9653,T,260731,063505,60.654289N,24.801275E,86,25.0,337
9654,T,260731,063506,60.654346N,24.801229E,86,25.4,338
9655,T,260731,063507,60.654404N,24.801184E,86,25.4,338
9656,T,260731,063508,60.654465N,24.801136E,86,25.4,338
9657,T,260731,063509,60.654526N,24.801090E,86,25.3,338
9658,T,260731,063510,60.654579N,24.801044E,86,25.3,339
9659,T,260731,063511,60.654640N,24.800999E,86,25.3,339
9660,T,260731,063512,60.654701N,24.800957E,86,25.3,340
9661,T,260731,063513,60.654758N,24.800913E,87,25.2,340
9662,T,260731,063514,60.654819N,24.800871E,87,25.2,340
9663,T,260731,063515,60.654881N,24.800829E,87,25.1,340
9664,T,260731,063516,60.654938N,24.800783E,87,25.0,340
9665,T,260731,063517,60.654991N,24.800741E,87,24.7,340
9666,T,260731,063518,60.655052N,24.800701E,87,24.7,341
9667,T,260731,063519,60.655113N,24.800665E,87,24.7,341
9668,T,260731,063520,60.655170N,24.800627E,87,24.8,342
9669,T,260731,063521,60.655231N,24.800591E,87,24.7,342
9670,T,260731,063522,60.655293N,24.800556E,87,24.6,343
9671,T,260731,063523,60.655350N,24.800520E,87,24.5,343
9672,T,260731,063524,60.655407N,24.800484E,87,24.2,343
9673,T,260731,063525,60.655464N,24.800451E,87,24.3,344
9674,T,260731,063526,60.655521N,24.800419E,87,24.3,344
9675,T,260731,063527,60.655579N,24.800385E,87,24.4,344
9676,T,260731,063528,60.655640N,24.800352E,87,24.4,345
9677,T,260731,063529,60.655701N,24.800320E,87,24.5,345
9678,T,260731,063530,60.655762N,24.800285E,88,24.5,345
9679,T,260731,063531,60.655819N,24.800257E,88,24.6,345
9680,T,260731,063532,60.655880N,24.800224E,88,24.6,346
9681,T,260731,063533,60.655941N,24.800196E,88,24.6,346
9682,T,260731,063534,60.655998N,24.800165E,88,24.6,346
9683,T,260731,063535,60.656059N,24.800138E,88,24.6,347
9684,T,260731,063536,60.656120N,24.800112E,88,24.5,347
9685,T,260731,063537,60.656181N,24.800083E,88,24.5,347
9686,T,260731,063538,60.656235N,24.800058E,88,24.4,347
9687,T,260731,063539,60.656296N,24.800035E,88,24.4,348
9688,T,260731,063540,60.656357N,24.800013E,88,24.4,348
9689,T,260731,063541,60.656418N,24.799986E,88,24.3,348
9690,T,260731,063542,60.656475N,24.799965E,88,24.3,348
9691,T,260731,063543,60.656532N,24.799940E,88,24.3,348
9692,T,260731,063544,60.656593N,24.799915E,88,24.3,348
9693,T,260731,063545,60.656651N,24.799894E,88,24.3,349
9694,T,260731,063546,60.656712N,24.799870E,88,24.3,349
9695,T,260731,063547,60.656773N,24.799845E,88,24.2,349
9696,T,260731,063548,60.656834N,24.799824E,88,24.1,349
9697,T,260731,063549,60.656887N,24.799803E,88,24.0,348
9698,T,260731,063550,60.656948N,24.799778E,88,23.9,348
9699,T,260731,063551,60.657009N,24.799755E,88,23.8,348
9700,T,260731,063552,60.657063N,24.799732E,88,23.4,347
9701,T,260731,063553,60.657124N,24.799707E,88,23.3,348
9702,T,260731,063554,60.657181N,24.799683E,88,23.3,347
9703,T,260731,063555,60.657234N,24.799654E,88,22.9,347
9704,T,260731,063556,60.657291N,24.799623E,88,23.0,346
9705,T,260731,063557,60.657349N,24.799599E,88,23.0,346
9706,T,260731,063558,60.657410N,24.799570E,89,23.4,345
9707,T,260731,063559,60.657463N,24.799540E,89,23.5,345
9708,T,260731,063600,60.657520N,24.799513E,89,23.5,346
9709,T,260731,063601,60.657581N,24.799484E,89,23.8,345
9710,T,260731,063602,60.657635N,24.799452E,89,23.9,345
9711,T,260731,063603,60.657696N,24.799419E,89,23.9,345
9712,T,260731,063604,60.657753N,24.799391E,89,23.8,345
9713,T,260731,063605,60.657806N,24.799356E,89,23.7,344
9714,T,260731,063606,60.657864N,24.799324E,89,23.7,344
9715,T,260731,063607,60.657921N,24.799290E,89,23.6,344
9716,T,260731,063608,60.657974N,24.799253E,89,23.2,343
9717,T,260731,063609,60.658031N,24.799217E,90,23.2,343
9718,T,260731,063610,60.658089N,24.799185E,90,22.9,342
9719,T,260731,063611,60.658138N,24.799149E,90,22.9,342
9720,T,260731,063612,60.658195N,24.799110E,90,23.0,341
9721,T,260731,063613,60.658249N,24.799074E,90,23.0,341
9722,T,260731,063614,60.658302N,24.799038E,90,23.0,341
9723,T,260731,063615,60.658360N,24.799004E,91,23.0,341
9724,T,260731,063616,60.658413N,24.798960E,91,23.0,340
9725,T,260731,063617,60.658466N,24.798923E,91,22.9,341
9726,T,260731,063618,60.658524N,24.798880E,91,23.0,340
9727,T,260731,063619,60.658577N,24.798840E,92,23.0,340
9728,T,260731,063620,60.658630N,24.798798E,92,23.0,340
9729,T,260731,063621,60.658684N,24.798756E,92,23.0,340
9730,T,260731,063622,60.658741N,24.798712E,93,23.0,339
9731,T,260731,063623,60.658791N,24.798666E,93,23.0,339
9732,T,260731,063624,60.658840N,24.798622E,93,23.0,338
9733,T,260731,063625,60.658897N,24.798576E,93,22.9,338
9734,T,260731,063626,60.658947N,24.798529E,93,22.8,337
9735,T,260731,063627,60.659000N,24.798485E,93,22.5,337
9736,T,260731,063628,60.659054N,24.798435E,93,22.5,337
9737,T,260731,063629,60.659103N,24.798391E,93,22.4,337
9738,T,260731,063630,60.659157N,24.798346E,94,22.4,336
9739,T,260731,063631,60.659206N,24.798302E,94,22.5,336
9740,T,260731,063632,60.659260N,24.798256E,94,22.6,336
9741,T,260731,063633,60.659313N,24.798216E,94,22.5,336
9742,T,260731,063634,60.659363N,24.798174E,95,22.6,337
9743,T,260731,063635,60.659412N,24.798124E,95,22.9,336
9744,T,260731,063636,60.659466N,24.798071E,95,23.0,335
9745,T,260731,063637,60.659515N,24.798018E,95,23.0,333
9746,T,260731,063638,60.659569N,24.797964E,95,23.5,333
9747,T,260731,063639,60.659618N,24.797916E,96,23.4,333
9748,T,260731,063640,60.659676N,24.797865E,96,23.4,334
9749,T,260731,063641,60.659729N,24.797815E,96,23.5,334
9750,T,260731,063642,60.659779N,24.797762E,96,23.5,334
9751,T,260731,063643,60.659832N,24.797707E,96,23.5,333
9752,T,260731,063644,60.659882N,24.797651E,95,23.4,333
9753,T,260731,063645,60.659931N,24.797594E,95,23.4,332
9754,T,260731,063646,60.659985N,24.797537E,95,23.4,330
9755,T,260731,063647,60.660030N,24.797478E,95,23.4,330
9756,T,260731,063648,60.660084N,24.797422E,95,23.4,330
9757,T,260731,063649,60.660137N,24.797361E,95,23.4,330
9758,T,260731,063650,60.660187N,24.797298E,95,23.4,331
9759,T,260731,063651,60.660240N,24.797241E,95,23.5,330
9760,T,260731,063652,60.660290N,24.797184E,95,22.9,330
9761,T,260731,063653,60.660336N,24.797125E,95,22.3,331
9762,T,260731,063654,60.660385N,24.797071E,96,21.8,331
9763,T,260731,063655,60.660431N,24.797022E,96,21.8,332
9764,T,260731,063656,60.660480N,24.796968E,96,22.4,332
9765,T,260731,063657,60.660534N,24.796913E,96,22.5,332
9766,T,260731,063658,60.660580N,24.796850E,97,22.9,331
9767,T,260731,063659,60.660633N,24.796797E,97,23.5,330
9768,T,260731,063700,60.660675N,24.796734E,97,23.0,329
9769,T,260731,063701,60.660725N,24.796671E,98,23.1,327
9770,T,260731,063702,60.660770N,24.796606E,98,23.2,327
9771,T,260731,063703,60.660820N,24.796543E,98,23.2,326
9772,T,260731,063704,60.660870N,24.796484E,98,22.1,326
9773,T,260731,063705,60.660912N,24.796415E,98,23.3,325
9774,T,260731,063706,60.660961N,24.796345E,97,23.0,325
9775,T,260731,063707,60.661007N,24.796276E,97,23.0,324
9776,T,260731,063708,60.661053N,24.796202E,97,23.0,324
9777,T,260731,063709,60.661098N,24.796129E,97,22.9,323
9778,T,260731,063710,60.661148N,24.796061E,97,23.3,324
9779,T,260731,063711,60.661194N,24.795990E,97,23.2,324
9780,T,260731,063712,60.661240N,24.795921E,97,23.1,324
9781,T,260731,063713,60.661289N,24.795853E,98,23.2,324
9782,T,260731,063714,60.661335N,24.795778E,98,23.3,323
9783,T,260731,063715,60.661381N,24.795700E,98,23.4,322
9784,T,260731,063716,60.661423N,24.795624E,98,23.5,321
9785,T,260731,063717,60.661472N,24.795547E,98,23.8,321
9786,T,260731,063718,60.661518N,24.795477E,98,23.6,321
9787,T,260731,063719,60.661568N,24.795401E,98,23.6,321
9788,T,260731,063720,60.661613N,24.795330E,98,23.2,321
9789,T,260731,063721,60.661655N,24.795256E,98,23.2,320
9790,T,260731,063722,60.661701N,24.795166E,98,23.2,319
9791,T,260731,063723,60.661739N,24.795082E,98,23.2,319
9792,T,260731,063724,60.661785N,24.795004E,99,23.2,319
9793,T,260731,063725,60.661831N,24.794933E,99,23.2,319
9794,T,260731,063726,60.661877N,24.794865E,99,23.2,319
9795,T,260731,063727,60.661919N,24.794788E,99,23.3,319
9796,T,260731,063728,60.661964N,24.794712E,99,23.3,318
9797,T,260731,063729,60.662006N,24.794634E,99,23.3,318
9798,T,260731,063730,60.662052N,24.794558E,99,23.2,318
9799,T,260731,063731,60.662094N,24.794479E,99,23.2,317
9800,T,260731,063732,60.662140N,24.794399E,99,23.1,317
9801,T,260731,063733,60.662182N,24.794319E,99,23.1,317
9802,T,260731,063734,60.662224N,24.794241E,99,23.0,316
9803,T,260731,063735,60.662270N,24.794163E,99,23.0,317
9804,T,260731,063736,60.662308N,24.794083E,99,23.0,317
9805,T,260731,063737,60.662354N,24.794003E,99,23.0,317
9806,T,260731,063738,60.662392N,24.793922E,99,23.0,317
9807,T,260731,063739,60.662437N,24.793840E,99,23.1,317
9808,T,260731,063740,60.662479N,24.793760E,99,23.5,317
9809,T,260731,063741,60.662525N,24.793678E,99,23.5,317
9810,T,260731,063742,60.662567N,24.793596E,99,23.5,317
9811,T,260731,063743,60.662609N,24.793516E,99,23.5,317
9812,T,260731,063744,60.662651N,24.793434E,99,23.5,317
9813,T,260731,063745,60.662697N,24.793352E,99,23.2,316
9814,T,260731,063746,60.662739N,24.793270E,99,23.7,316
9815,T,260731,063747,60.662781N,24.793188E,99,23.6,317
9816,T,260731,063748,60.662823N,24.793106E,99,23.3,317
9817,T,260731,063749,60.662868N,24.793024E,99,23.3,316
9818,T,260731,063750,60.662910N,24.792944E,99,23.3,317
9819,T,260731,063751,60.662952N,24.792864E,99,23.2,317
9820,T,260731,063752,60.662994N,24.792786E,99,23.3,317
9821,T,260731,063753,60.663040N,24.792706E,99,23.3,317
9822,T,260731,063754,60.663082N,24.792627E,99,23.3,318
9823,T,260731,063755,60.663128N,24.792553E,99,23.3,318
9824,T,260731,063756,60.663170N,24.792475E,99,23.2,318
9825,T,260731,063757,60.663216N,24.792397E,99,23.2,319
9826,T,260731,063758,60.663261N,24.792320E,99,23.2,319
9827,T,260731,063759,60.663303N,24.792244E,99,22.9,320
9828,T,260731,063800,60.663349N,24.792168E,99,23.0,320
9829,T,260731,063801,60.663391N,24.792095E,99,22.1,320
9830,T,260731,063802,60.663437N,24.792025E,99,22.2,320
9831,T,260731,063803,60.663479N,24.791954E,99,22.1,320
9832,T,260731,063804,60.663521N,24.791883E,99,21.7,320
9833,T,260731,063805,60.663563N,24.791815E,99,21.8,321
9834,T,260731,063806,60.663609N,24.791744E,99,22.3,321
9835,T,260731,063807,60.663651N,24.791674E,99,22.8,321
9836,T,260731,063808,60.663696N,24.791599E,99,22.9,321
9837,T,260731,063809,60.663738N,24.791529E,99,23.5,322
9838,T,260731,063810,60.663792N,24.791456E,99,23.8,323
9839,T,260731,063811,60.663841N,24.791384E,99,24.2,323
9840,T,260731,063812,60.663887N,24.791311E,99,24.3,324
9841,T,260731,063813,60.663937N,24.791237E,98,24.7,323
9842,T,260731,063814,60.663982N,24.791159E,98,24.7,323
9843,T,260731,063815,60.664036N,24.791084E,98,24.7,323
9844,T,260731,063816,60.664089N,24.791008E,98,24.8,324
9845,T,260731,063817,60.664135N,24.790936E,98,25.0,324
9846,T,260731,063818,60.664192N,24.790865E,98,25.0,325
9847,T,260731,063819,60.664242N,24.790792E,98,25.0,325
9848,T,260731,063820,60.664291N,24.790718E,98,25.1,325
9849,T,260731,063821,60.664345N,24.790646E,98,25.1,325
9850,T,260731,063822,60.664394N,24.790573E,98,25.2,325
9851,T,260731,063823,60.664448N,24.790503E,98,25.2,326
9852,T,260731,063824,60.664505N,24.790432E,97,24.9,326
9853,T,260731,063825,60.664555N,24.790363E,97,24.5,327
9854,T,260731,063826,60.664604N,24.790297E,97,24.1,327
9855,T,260731,063827,60.664658N,24.790230E,97,24.0,327
9856,T,260731,063828,60.664707N,24.790165E,97,23.9,327
9857,T,260731,063829,60.664757N,24.790100E,97,24.1,327
9858,T,260731,063830,60.664806N,24.790031E,97,24.5,327
9859,T,260731,063831,60.664860N,24.789965E,97,25.0,328
9860,T,260731,063832,60.664917N,24.789898E,97,25.1,328
9861,T,260731,063833,60.664967N,24.789831E,97,25.6,328
9862,T,260731,063834,60.665024N,24.789764E,97,26.1,329
9863,T,260731,063835,60.665081N,24.789694E,97,26.6,329
9864,T,260731,063836,60.665138N,24.789623E,97,27.0,329
9865,T,260731,063837,60.665199N,24.789553E,97,27.4,329
9866,T,260731,063838,60.665257N,24.789480E,96,27.4,329
9867,T,260731,063839,60.665318N,24.789408E,96,27.0,329
9868,T,260731,063840,60.665371N,24.789337E,96,26.5,329
9869,T,260731,063841,60.665432N,24.789270E,96,26.4,329
9870,T,260731,063842,60.665485N,24.789202E,96,25.9,329
9871,T,260731,063843,60.665539N,24.789137E,96,25.8,329
9872,T,260731,063844,60.665596N,24.789070E,96,25.2,329
9873,T,260731,063845,60.665649N,24.789005E,96,25.1,329
9874,T,260731,063846,60.665703N,24.788942E,96,24.7,329
9875,T,260731,063847,60.665756N,24.788876E,96,25.1,328
9876,T,260731,063848,60.665810N,24.788811E,96,25.2,328
9877,T,260731,063849,60.665863N,24.788744E,96,25.3,328
9878,T,260731,063850,60.665920N,24.788675E,96,25.5,328
9879,T,260731,063851,60.665974N,24.788605E,96,26.0,327
9880,T,260731,063852,60.666027N,24.788534E,96,26.1,327
9881,T,260731,063853,60.666084N,24.788462E,96,26.1,327
9882,T,260731,063854,60.666142N,24.788389E,96,26.1,327
9883,T,260731,063855,60.666191N,24.788321E,96,26.0,327
9884,T,260731,063856,60.666248N,24.788250E,96,25.5,327
9885,T,260731,063857,60.666302N,24.788179E,96,25.4,327
9886,T,260731,063858,60.666355N,24.788113E,96,25.3,327
9887,T,260731,063859,60.666409N,24.788040E,96,25.2,327
9888,T,260731,063900,60.666458N,24.787970E,96,25.2,327
9889,T,260731,063901,60.666512N,24.787905E,96,24.8,326
9890,T,260731,063902,60.666565N,24.787836E,96,24.7,327
9891,T,260731,063903,60.666615N,24.787764E,96,24.7,326
9892,T,260731,063904,60.666668N,24.787697E,96,24.7,326
9893,T,260731,063905,60.666721N,24.787626E,96,24.7,325
9894,T,260731,063906,60.666767N,24.787556E,96,24.7,325
9895,T,260731,063907,60.666821N,24.787485E,96,24.8,325
9896,T,260731,063908,60.666870N,24.787416E,96,24.8,325
9897,T,260731,063909,60.666924N,24.787344E,96,24.9,325
9898,T,260731,063910,60.666977N,24.787270E,96,25.2,325
9899,T,260731,063911,60.667023N,24.787193E,96,25.2,324
9900,T,260731,063912,60.667076N,24.787115E,96,25.2,323
9901,T,260731,063913,60.667126N,24.787041E,96,25.2,323
9902,T,260731,063914,60.667175N,24.786964E,96,25.2,322
9903,T,260731,063915,60.667229N,24.786884E,96,25.3,322
9904,T,260731,063916,60.667278N,24.786804E,96,25.4,322
9905,T,260731,063917,60.667328N,24.786724E,96,25.5,322
9906,T,260731,063918,60.667381N,24.786646E,96,25.5,322
9907,T,260731,063919,60.667427N,24.786570E,96,25.5,322
9908,T,260731,063920,60.667480N,24.786491E,96,25.5,322
9909,T,260731,063921,60.667526N,24.786411E,97,25.5,322
9910,T,260731,063922,60.667580N,24.786329E,97,25.5,321
9911,T,260731,063923,60.667633N,24.786249E,97,25.6,321
9912,T,260731,063924,60.667679N,24.786161E,97,26.0,321
9913,T,260731,063925,60.667732N,24.786077E,97,26.0,321
9914,T,260731,063926,60.667782N,24.785995E,97,26.0,320
9915,T,260731,063927,60.667831N,24.785910E,97,26.0,320
9916,T,260731,063928,60.667881N,24.785826E,97,26.2,320
9917,T,260731,063929,60.667931N,24.785744E,97,26.1,320
9918,T,260731,063930,60.667984N,24.785660E,97,26.2,320
9919,T,260731,063931,60.668034N,24.785574E,97,26.1,320
9920,T,260731,063932,60.668079N,24.785488E,97,26.1,319
9921,T,260731,063933,60.668129N,24.785402E,97,25.6,319
9922,T,260731,063934,60.668179N,24.785316E,97,25.5,318
9923,T,260731,063935,60.668228N,24.785234E,97,25.0,318
9924,T,260731,063936,60.668270N,24.785149E,97,24.9,317
9925,T,260731,063937,60.668320N,24.785065E,97,24.8,317
9926,T,260731,063938,60.668365N,24.784981E,97,24.8,317
9927,T,260731,063939,60.668411N,24.784897E,97,24.7,318
9928,T,260731,063940,60.668457N,24.784813E,97,24.7,317
9929,T,260731,063941,60.668499N,24.784725E,97,24.7,317
9930,T,260731,063942,60.668545N,24.784639E,97,25.0,316
9931,T,260731,063943,60.668591N,24.784552E,97,25.2,316
9932,T,260731,063944,60.668640N,24.784464E,97,25.2,317
9933,T,260731,063945,60.668682N,24.784376E,97,25.6,316
9934,T,260731,063946,60.668728N,24.784285E,97,25.7,316
9935,T,260731,063947,60.668777N,24.784191E,97,26.1,316
9936,T,260731,063948,60.668823N,24.784098E,97,26.1,316
9937,T,260731,063949,60.668873N,24.784006E,97,26.1,315
9938,T,260731,063950,60.668915N,24.783913E,97,26.1,315
9939,T,260731,063951,60.668961N,24.783815E,97,26.1,315
9940,T,260731,063952,60.669006N,24.783724E,97,26.2,315
9941,T,260731,063953,60.669056N,24.783632E,97,26.2,315
9942,T,260731,063954,60.669106N,24.783543E,97,26.3,316
9943,T,260731,063955,60.669151N,24.783449E,97,26.3,316
9944,T,260731,063956,60.669197N,24.783356E,97,26.2,316
9945,T,260731,063957,60.669243N,24.783260E,97,26.2,315
9946,T,260731,063958,60.669289N,24.783169E,97,26.2,315
9947,T,260731,063959,60.669338N,24.783075E,97,26.1,315
9948,T,260731,064000,60.669388N,24.782984E,97,26.1,315
9949,T,260731,064001,60.669434N,24.782890E,97,26.0,315
9950,T,260731,064002,60.669479N,24.782797E,96,25.9,315
9951,T,260731,064003,60.669525N,24.782701E,96,25.9,315
9952,T,260731,064004,60.669571N,24.782608E,96,26.2,315
9953,T,260731,064005,60.669621N,24.782515E,96,26.4,315
9954,T,260731,064006,60.669666N,24.782417E,96,26.5,315
9955,T,260731,064007,60.669712N,24.782320E,96,27.1,315
9956,T,260731,064008,60.669762N,24.782223E,96,27.1,314
9957,T,260731,064009,60.669807N,24.782124E,96,27.0,314
9958,T,260731,064010,60.669857N,24.782028E,96,26.5,314
9959,T,260731,064011,60.669903N,24.781935E,96,26.2,314
9960,T,260731,064012,60.669952N,24.781841E,96,25.8,315
9961,T,260731,064013,60.669994N,24.781750E,96,25.7,315
9962,T,260731,064014,60.670040N,24.781660E,96,25.4,315
9963,T,260731,064015,60.670090N,24.781570E,96,25.1,315
9964,T,260731,064016,60.670128N,24.781479E,96,25.0,315
9965,T,260731,064017,60.670174N,24.781387E,95,24.5,315
9966,T,260731,064018,60.670216N,24.781301E,95,24.4,314
9967,T,260731,064019,60.670258N,24.781212E,95,24.4,314
9968,T,260731,064020,60.670300N,24.781126E,95,24.5,315
9969,T,260731,064021,60.670345N,24.781038E,95,25.0,315
9970,T,260731,064022,60.670387N,24.780947E,95,25.6,315
9971,T,260731,064023,60.670437N,24.780853E,95,25.9,314
9972,T,260731,064024,60.670479N,24.780760E,95,26.0,315
9973,T,260731,064025,60.670528N,24.780668E,95,26.4,315
9974,T,260731,064026,60.670574N,24.780575E,95,26.7,315
9975,T,260731,064027,60.670624N,24.780476E,94,27.1,315
9976,T,260731,064028,60.670677N,24.780376E,94,27.2,315
9977,T,260731,064029,60.670723N,24.780275E,94,27.6,315
9978,T,260731,064030,60.670773N,24.780176E,94,27.7,315
9979,T,260731,064031,60.670822N,24.780075E,94,28.0,315
9980,T,260731,064032,60.670872N,24.779976E,94,28.1,315
9981,T,260731,064033,60.670925N,24.779873E,94,28.5,315
9982,T,260731,064034,60.670975N,24.779772E,94,28.2,315
9983,T,260731,064035,60.671024N,24.779673E,93,28.0,315
9984,T,260731,064036,60.671070N,24.779572E,93,27.5,315
9985,T,260731,064037,60.671120N,24.779472E,93,27.0,315
9986,T,260731,064038,60.671169N,24.779375E,93,26.7,315
9987,T,260731,064039,60.671215N,24.779280E,93,26.6,315
9988,T,260731,064040,60.671265N,24.779184E,93,26.5,315
9989,T,260731,064041,60.671310N,24.779091E,93,26.5,315
9990,T,260731,064042,60.671356N,24.778996E,93,26.4,315
9991,T,260731,064043,60.671398N,24.778902E,92,26.3,315
9992,T,260731,064044,60.671448N,24.778809E,92,26.3,315
9993,T,260731,064045,60.671494N,24.778715E,92,26.2,315
9994,T,260731,064046,60.671539N,24.778624E,92,25.9,315
9995,T,260731,064047,60.671589N,24.778532E,92,26.0,315
9996,T,260731,064048,60.671631N,24.778439E,92,26.0,315
9997,T,260731,064049,60.671680N,24.778345E,92,26.0,315
9998,T,260731,064050,60.671722N,24.778254E,92,26.0,315
9999,T,260731,064051,60.671768N,24.778162E,92,26.0,315
10000,T,260731,064052,60.671818N,24.778070E,92,26.0,315
10001,T,260731,064053,60.671864N,24.777979E,92,25.9,315
10002,T,260731,064054,60.671913N,24.777885E,92,25.8,315
10003,T,260731,064055,60.671955N,24.777796E,92,25.8,315
10004,T,260731,064056,60.672001N,24.777704E,92,25.5,315
10005,T,260731,064057,60.672047N,24.777617E,92,25.3,315
10006,T,260731,064058,60.672089N,24.777525E,92,25.2,315
10007,T,260731,064059,60.672134N,24.777435E,92,25.2,315
10008,T,260731,064100,60.672184N,24.777346E,92,25.3,315
10009,T,260731,064101,60.672230N,24.777256E,92,25.7,315
10010,T,260731,064102,60.672276N,24.777163E,92,25.9,315
10011,T,260731,064103,60.672321N,24.777067E,92,26.3,315
10012,T,260731,064104,60.672367N,24.776976E,92,26.4,315
10013,T,260731,064105,60.672417N,24.776880E,92,26.5,315
10014,T,260731,064106,60.672462N,24.776785E,92,26.5,315
10015,T,260731,064107,60.672508N,24.776690E,92,26.4,315
10016,T,260731,064108,60.672558N,24.776596E,92,26.3,315
10017,T,260731,064109,60.672600N,24.776505E,92,26.2,315
10018,T,260731,064110,60.672649N,24.776409E,92,26.1,315
10019,T,260731,064111,60.672695N,24.776318E,92,26.0,315
10020,T,260731,064112,60.672741N,24.776224E,92,26.0,315
10021,T,260731,064113,60.672787N,24.776133E,92,26.0,315
10022,T,260731,064114,60.672832N,24.776039E,92,26.0,315
10023,T,260731,064115,60.672878N,24.775944E,92,26.0,315
10024,T,260731,064116,60.672924N,24.775850E,92,26.0,315
10025,T,260731,064117,60.672974N,24.775757E,92,26.0,315
10026,T,260731,064118,60.673016N,24.775661E,92,26.0,314
10027,T,260731,064119,60.673065N,24.775568E,92,26.0,314
10028,T,260731,064120,60.673107N,24.775476E,92,25.9,314
10029,T,260731,064121,60.673153N,24.775385E,92,25.8,314
10030,T,260731,064122,60.673199N,24.775291E,92,25.7,315
10031,T,260731,064123,60.673248N,24.775202E,92,25.7,315
10032,T,260731,064124,60.673290N,24.775110E,92,25.7,315
10033,T,260731,064125,60.673336N,24.775019E,92,25.6,315
10034,T,260731,064126,60.673382N,24.774925E,92,25.6,315
10035,T,260731,064127,60.673428N,24.774836E,92,25.6,315
10036,T,260731,064128,60.673473N,24.774744E,92,25.5,315
10037,T,260731,064129,60.673515N,24.774654E,92,25.2,315
10038,T,260731,064130,60.673561N,24.774565E,92,25.2,315
10039,T,260731,064131,60.673603N,24.774475E,92,25.0,315
10040,T,260731,064132,60.673649N,24.774387E,92,24.7,315
10041,T,260731,064133,60.673687N,24.774302E,92,24.6,315
10042,T,260731,064134,60.673733N,24.774216E,92,24.3,315
10043,T,260731,064135,60.673775N,24.774132E,92,24.2,315
10044,T,260731,064136,60.673820N,24.774046E,92,23.9,315
10045,T,260731,064137,60.673859N,24.773964E,92,23.8,315
10046,T,260731,064138,60.673904N,24.773880E,92,23.5,315
10047,T,260731,064139,60.673943N,24.773796E,93,23.2,315
10048,T,260731,064140,60.673985N,24.773716E,93,22.9,315
10049,T,260731,064141,60.674023N,24.773636E,93,22.5,315
10050,T,260731,064142,60.674065N,24.773556E,93,22.2,315
10051,T,260731,064143,60.674103N,24.773476E,93,21.9,315
10052,T,260731,064144,60.674145N,24.773399E,93,21.4,315
10053,T,260731,064145,60.674179N,24.773323E,93,21.0,315
10054,T,260731,064146,60.674221N,24.773249E,93,20.7,315
10055,T,260731,064147,60.674252N,24.773176E,93,20.1,315
10056,T,260731,064148,60.674290N,24.773104E,94,19.7,314
10057,T,260731,064149,60.674324N,24.773033E,94,19.3,314
10058,T,260731,064150,60.674355N,24.772964E,94,18.8,315
10059,T,260731,064151,60.674393N,24.772896E,94,18.5,314
10060,T,260731,064152,60.674419N,24.772829E,94,18.2,314
10061,T,260731,064153,60.674458N,24.772766E,94,18.1,315
10062,T,260731,064154,60.674488N,24.772703E,95,17.6,315
10063,T,260731,064155,60.674515N,24.772640E,95,17.2,315
10064,T,260731,064156,60.674549N,24.772581E,95,16.9,315
10065,T,260731,064157,60.674576N,24.772522E,95,16.8,315
10066,T,260731,064158,60.674603N,24.772465E,95,16.4,314
10067,T,260731,064159,60.674637N,24.772408E,95,16.3,315
10068,T,260731,064200,60.674664N,24.772352E,96,16.4,315
10069,T,260731,064201,60.674686N,24.772297E,96,16.0,314
10070,T,260731,064202,60.674721N,24.772240E,96,16.0,315
10071,T,260731,064203,60.674747N,24.772184E,96,15.8,315
10072,T,260731,064204,60.674774N,24.772133E,96,15.8,315
10073,T,260731,064205,60.674805N,24.772076E,97,15.6,315
10074,T,260731,064206,60.674831N,24.772022E,97,15.3,315
10075,T,260731,064207,60.674854N,24.771967E,97,15.3,315
10076,T,260731,064208,60.674885N,24.771912E,97,15.2,315
10077,T,260731,064209,60.674911N,24.771858E,97,15.1,315
10078,T,260731,064210,60.674938N,24.771807E,97,15.0,316
10079,T,260731,064211,60.674965N,24.771753E,98,15.0,315
10080,T,260731,064212,60.674992N,24.771698E,98,15.0,314
10081,T,260731,064213,60.675014N,24.771645E,98,14.9,314
10082,T,260731,064214,60.675041N,24.771589E,98,14.9,314
10083,T,260731,064215,60.675068N,24.771536E,98,14.9,314
10084,T,260731,064216,60.675095N,24.771484E,98,14.9,315
10085,T,260731,064217,60.675121N,24.771427E,98,14.9,315
10086,T,260731,064218,60.675148N,24.771376E,99,14.9,315
10087,T,260731,064219,60.675175N,24.771322E,99,15.0,315
10088,T,260731,064220,60.675201N,24.771267E,99,15.0,315
10089,T,260731,064221,60.675228N,24.771214E,99,15.0,315
10090,T,260731,064222,60.675255N,24.771162E,99,14.7,316
10091,T,260731,064223,60.675282N,24.771111E,99,14.7,315
10092,T,260731,064224,60.675308N,24.771055E,99,14.6,315
10093,T,260731,064225,60.675331N,24.771004E,99,14.2,315
10094,T,260731,064226,60.675362N,24.770952E,99,14.2,314
10095,T,260731,064227,60.675385N,24.770903E,100,14.2,314
10096,T,260731,064228,60.675407N,24.770851E,100,14.2,315
10097,T,260731,064229,60.675434N,24.770800E,100,14.3,315
10098,T,260731,064230,60.675461N,24.770750E,100,14.6,315
10099,T,260731,064231,60.675488N,24.770697E,100,14.7,315
10100,T,260731,064232,60.675514N,24.770639E,100,15.0,315
10101,T,260731,064233,60.675541N,24.770586E,101,15.0,315
10102,T,260731,064234,60.675568N,24.770536E,101,14.5,316
10103,T,260731,064235,60.675591N,24.770485E,101,14.4,316
10104,T,260731,064236,60.675621N,24.770435E,101,14.3,315
10105,T,260731,064237,60.675644N,24.770384E,101,14.3,315
10106,T,260731,064238,60.675667N,24.770334E,101,14.4,314
10107,T,260731,064239,60.675697N,24.770283E,101,14.5,314
10108,T,260731,064240,60.675720N,24.770229E,102,14.6,314
10109,T,260731,064241,60.675747N,24.770176E,102,15.0,315
10110,T,260731,064242,60.675774N,24.770124E,102,15.1,315
10111,T,260731,064243,60.675800N,24.770065E,102,15.2,315
10112,T,260731,064244,60.675827N,24.770012E,102,15.2,315
10113,T,260731,064245,60.675854N,24.769957E,102,15.2,315
10114,T,260731,064246,60.675880N,24.769899E,103,15.3,314
10115,T,260731,064247,60.675907N,24.769844E,103,15.3,315
10116,T,260731,064248,60.675934N,24.769791E,103,15.7,315
10117,T,260731,064249,60.675961N,24.769733E,103,15.7,315
10118,T,260731,064250,60.675991N,24.769676E,103,16.1,315
10119,T,260731,064251,60.676018N,24.769617E,103,16.0,314
10120,T,260731,064252,60.676044N,24.769562E,103,15.9,314
10121,T,260731,064253,60.676071N,24.769505E,104,15.8,314
10122,T,260731,064254,60.676102N,24.769447E,104,15.8,315
10123,T,260731,064255,60.676128N,24.769392E,104,15.8,315
10124,T,260731,064256,60.676155N,24.769335E,104,15.8,315
10125,T,260731,064257,60.676186N,24.769274E,104,16.2,314
10126,T,260731,064258,60.676212N,24.769213E,104,16.3,313
10127,T,260731,064259,60.676239N,24.769156E,105,16.3,313
10128,T,260731,064300,60.676273N,24.769096E,105,16.6,314
10129,T,260731,064301,60.676300N,24.769030E,105,16.7,314
10130,T,260731,064302,60.676327N,24.768969E,105,16.6,314
10131,T,260731,064303,60.676357N,24.768908E,105,16.7,314
10132,T,260731,064304,60.676384N,24.768847E,105,16.7,314
10133,T,260731,064305,60.676411N,24.768784E,105,16.8,313
10134,T,260731,064306,60.676445N,24.768723E,105,16.8,314
10135,T,260731,064307,60.676472N,24.768660E,105,17.2,314
10136,T,260731,064308,60.676502N,24.768597E,105,17.3,314
10137,T,260731,064309,60.676537N,24.768539E,106,17.3,315
10138,T,260731,064310,60.676563N,24.768480E,106,17.7,315
10139,T,260731,064311,60.676598N,24.768415E,106,17.6,315
10140,T,260731,064312,60.676628N,24.768356E,106,17.6,315
10141,T,260731,064313,60.676659N,24.768295E,106,17.9,316
10142,T,260731,064314,60.676693N,24.768229E,107,18.5,315
10143,T,260731,064315,60.676723N,24.768160E,107,18.6,315
10144,T,260731,064316,60.676758N,24.768089E,107,19.2,314
10145,T,260731,064317,60.676792N,24.768021E,107,19.5,314
10146,T,260731,064318,60.676826N,24.767950E,107,19.8,314
10147,T,260731,064319,60.676865N,24.767879E,107,19.9,314
10148,T,260731,064320,60.676899N,24.767811E,107,19.8,315
10149,T,260731,064321,60.676937N,24.767736E,107,20.0,315
10150,T,260731,064322,60.676971N,24.767664E,107,20.4,315
10151,T,260731,064323,60.677010N,24.767591E,107,20.9,315
10152,T,260731,064324,60.677048N,24.767515E,108,21.2,315
10153,T,260731,064325,60.677086N,24.767439E,108,21.5,315
10154,T,260731,064326,60.677124N,24.767365E,108,21.8,315
10155,T,260731,064327,60.677162N,24.767284E,108,21.9,315
10156,T,260731,064328,60.677204N,24.767206E,108,22.2,315
10157,T,260731,064329,60.677242N,24.767124E,108,22.2,315
10158,T,260731,064330,60.677284N,24.767044E,108,22.2,315
10159,T,260731,064331,60.677322N,24.766966E,108,22.2,314
10160,T,260731,064332,60.677368N,24.766884E,108,22.3,315
10161,T,260731,064333,60.677406N,24.766804E,108,22.4,315
10162,T,260731,064334,60.677448N,24.766720E,108,22.4,315
10163,T,260731,064335,60.677486N,24.766636E,108,22.9,315
10164,T,260731,064336,60.677532N,24.766556E,108,23.2,315
10165,T,260731,064337,60.677570N,24.766470E,108,23.5,315
10166,T,260731,064338,60.677616N,24.766384E,108,23.8,315
10167,T,260731,064339,60.677654N,24.766298E,108,23.7,314
10168,T,260731,064340,60.677700N,24.766212E,108,23.8,314
10169,T,260731,064341,60.677738N,24.766130E,108,23.2,315
10170,T,260731,064342,60.677784N,24.766050E,108,23.1,316
10171,T,260731,064343,60.677830N,24.765968E,108,23.1,316
10172,T,260731,064344,60.677868N,24.765890E,108,23.0,317
10173,T,260731,064345,60.677914N,24.765812E,108,22.9,317
10174,T,260731,064346,60.677952N,24.765726E,108,23.0,317
10175,T,260731,064347,60.677994N,24.765644E,108,23.0,316
10176,T,260731,064348,60.678036N,24.765558E,108,23.3,315
10177,T,260731,064349,60.678078N,24.765476E,108,23.4,315
10178,T,260731,064350,60.678120N,24.765394E,108,23.8,316
10179,T,260731,064351,60.678165N,24.765314E,108,23.7,317
10180,T,260731,064352,60.678207N,24.765223E,108,24.3,317
10181,T,260731,064353,60.678249N,24.765129E,108,24.8,315
10182,T,260731,064354,60.678291N,24.765036E,108,24.9,313
10183,T,260731,064355,60.678337N,24.764944E,108,25.0,314
10184,T,260731,064356,60.678383N,24.764856E,108,25.6,314
10185,T,260731,064357,60.678429N,24.764765E,107,25.6,315
10186,T,260731,064358,60.678474N,24.764669E,107,26.0,316
10187,T,260731,064359,60.678520N,24.764576E,107,26.4,316
10188,T,260731,064400,60.678570N,24.764481E,107,26.8,316
10189,T,260731,064401,60.678619N,24.764378E,106,27.0,315
10190,T,260731,064402,60.678665N,24.764278E,106,27.3,315
10191,T,260731,064403,60.678711N,24.764172E,106,27.4,314
10192,T,260731,064404,60.678761N,24.764071E,106,27.7,314
10193,T,260731,064405,60.678810N,24.763969E,105,28.0,314
10194,T,260731,064406,60.678864N,24.763868E,105,28.4,315
10195,T,260731,064407,60.678913N,24.763763E,105,28.5,315
10196,T,260731,064408,60.678963N,24.763659E,105,29.0,315
10197,T,260731,064409,60.679016N,24.763554E,104,29.5,315
10198,T,260731,064410,60.679070N,24.763451E,104,29.6,316
10199,T,260731,064411,60.679123N,24.763344E,104,30.2,316
10200,T,260731,064412,60.679180N,24.763235E,103,30.6,316
10201,T,260731,064413,60.679234N,24.763126E,103,31.0,316
10202,T,260731,064414,60.679287N,24.763016E,103,31.3,316
10203,T,260731,064415,60.679348N,24.762903E,103,31.4,316
10204,T,260731,064416,60.679405N,24.762794E,102,31.4,316
10205,T,260731,064417,60.679459N,24.762684E,102,31.0,316
10206,T,260731,064418,60.679520N,24.762575E,102,30.9,317
10207,T,260731,064419,60.679577N,24.762470E,102,30.5,317
10208,T,260731,064420,60.679630N,24.762363E,102,30.1,317
10209,T,260731,064421,60.679684N,24.762262E,101,29.5,317
10210,T,260731,064422,60.679741N,24.762159E,101,29.0,317
10211,T,260731,064423,60.679790N,24.762064E,101,28.4,317
10212,T,260731,064424,60.679844N,24.761969E,101,27.7,317
10213,T,260731,064425,60.679897N,24.761875E,101,26.5,318
10214,T,260731,064426,60.679943N,24.761786E,101,25.8,318
10215,T,260731,064427,60.679993N,24.761702E,101,25.0,318
10216,T,260731,064428,60.680035N,24.761620E,101,24.9,318
10217,T,260731,064429,60.680080N,24.761538E,101,24.8,319
10218,T,260731,064430,60.680126N,24.761457E,101,24.7,319
10219,T,260731,064431,60.680176N,24.761377E,101,24.8,319
10220,T,260731,064432,60.680225N,24.761295E,101,24.8,319
10221,T,260731,064433,60.680267N,24.761211E,101,24.7,318
10222,T,260731,064434,60.680317N,24.761133E,101,24.4,318
10223,T,260731,064435,60.680359N,24.761057E,101,24.0,318
10224,T,260731,064436,60.680405N,24.760981E,101,23.5,319
10225,T,260731,064437,60.680447N,24.760904E,101,23.0,319
10226,T,260731,064438,60.680492N,24.760830E,102,22.3,320
10227,T,260731,064439,60.680534N,24.760757E,102,21.9,320
10228,T,260731,064440,60.680576N,24.760687E,102,21.4,320
10229,T,260731,064441,60.680614N,24.760616E,102,21.0,320
10230,T,260731,064442,60.680656N,24.760548E,102,20.5,320
10231,T,260731,064443,60.680695N,24.760481E,102,20.2,319
10232,T,260731,064444,60.680733N,24.760414E,103,20.1,319
10233,T,260731,064445,60.680771N,24.760349E,103,20.0,320
10234,T,260731,064446,60.680809N,24.760286E,103,19.7,320
10235,T,260731,064447,60.680847N,24.760223E,103,19.5,320
10236,T,260731,064448,60.680885N,24.760162E,103,19.5,320
10237,T,260731,064449,60.680923N,24.760099E,104,19.4,320
10238,T,260731,064450,60.680962N,24.760038E,104,18.9,320
10239,T,260731,064451,60.680996N,24.759975E,104,18.6,320
10240,T,260731,064452,60.681030N,24.759918E,105,18.3,321
10241,T,260731,064453,60.681065N,24.759859E,105,18.2,320
10242,T,260731,064454,60.681099N,24.759800E,105,18.1,320
10243,T,260731,064455,60.681137N,24.759745E,105,17.7,320
10244,T,260731,064456,60.681168N,24.759689E,105,17.5,321
10245,T,260731,064457,60.681206N,24.759636E,106,17.2,321
10246,T,260731,064458,60.681236N,24.759583E,106,17.1,321
10247,T,260731,064459,60.681267N,24.759527E,106,16.7,321
10248,T,260731,064500,60.681301N,24.759476E,106,16.8,321
10249,T,260731,064501,60.681335N,24.759422E,106,16.9,321
10250,T,260731,064502,60.681370N,24.759371E,107,16.9,322
10251,T,260731,064503,60.681400N,24.759315E,107,17.0,322
10252,T,260731,064504,60.681435N,24.759264E,107,17.1,322
10253,T,260731,064505,60.681469N,24.759211E,107,17.1,322
10254,T,260731,064506,60.681499N,24.759157E,107,17.2,322
10255,T,260731,064507,60.681538N,24.759104E,108,17.2,322
10256,T,260731,064508,60.681572N,24.759052E,108,17.3,322
10257,T,260731,064509,60.681606N,24.759003E,108,17.7,322
10258,T,260731,064510,60.681641N,24.758947E,108,17.7,322
10259,T,260731,064511,60.681675N,24.758894E,108,18.0,322
10260,T,260731,064512,60.681713N,24.758839E,108,18.0,323
10261,T,260731,064513,60.681751N,24.758783E,109,18.0,323
10262,T,260731,064514,60.681789N,24.758730E,109,18.0,323
10263,T,260731,064515,60.681820N,24.758675E,109,18.0,323
10264,T,260731,064516,60.681862N,24.758615E,109,17.9,322
10265,T,260731,064517,60.681892N,24.758562E,109,17.9,323
10266,T,260731,064518,60.681927N,24.758512E,109,17.8,324
10267,T,260731,064519,60.681965N,24.758457E,109,17.8,324
10268,T,260731,064520,60.681999N,24.758404E,110,17.8,324
10269,T,260731,064521,60.682041N,24.758350E,110,17.9,324
10270,T,260731,064522,60.682072N,24.758293E,110,18.2,323
10271,T,260731,064523,60.682114N,24.758240E,110,18.2,324
10272,T,260731,064524,60.682152N,24.758186E,110,18.7,324
10273,T,260731,064525,60.682186N,24.758133E,110,18.7,324
10274,T,260731,064526,60.682224N,24.758076E,110,18.7,324
10275,T,260731,064527,60.682262N,24.758022E,110,18.7,324
10276,T,260731,064528,60.682301N,24.757965E,111,18.6,324
10277,T,260731,064529,60.682339N,24.757912E,111,18.5,324
10278,T,260731,064530,60.682377N,24.757858E,111,18.5,325
10279,T,260731,064531,60.682411N,24.757805E,111,18.4,325
10280,T,260731,064532,60.682453N,24.757750E,111,18.4,325
10281,T,260731,064533,60.682487N,24.757694E,111,18.5,325
10282,T,260731,064534,60.682529N,24.757641E,111,18.5,325
10283,T,260731,064535,60.682568N,24.757584E,111,19.0,325
10284,T,260731,064536,60.682606N,24.757526E,111,19.1,325
10285,T,260731,064537,60.682644N,24.757469E,111,19.5,325
10286,T,260731,064538,60.682686N,24.757414E,111,19.5,326
10287,T,260731,064539,60.682724N,24.757357E,112,19.5,326
10288,T,260731,064540,60.682770N,24.757299E,112,19.5,326
10289,T,260731,064541,60.682808N,24.757244E,112,19.6,326
10290,T,260731,064542,60.682850N,24.757183E,112,19.9,326
10291,T,260731,064543,60.682888N,24.757128E,112,20.0,327
10292,T,260731,064544,60.682934N,24.757072E,112,20.5,327
10293,T,260731,064545,60.682976N,24.757011E,112,20.5,326
10294,T,260731,064546,60.683018N,24.756950E,112,20.7,326
10295,T,260731,064547,60.683060N,24.756889E,112,21.0,326
10296,T,260731,064548,60.683105N,24.756832E,112,21.1,326
10297,T,260731,064549,60.683147N,24.756777E,112,21.6,327
10298,T,260731,064550,60.683197N,24.756718E,112,22.0,327
10299,T,260731,064551,60.683239N,24.756659E,112,22.4,327
10300,T,260731,064552,60.683289N,24.756596E,112,22.5,327
10301,T,260731,064553,60.683334N,24.756535E,112,22.8,327
10302,T,260731,064554,60.683388N,24.756475E,112,23.2,328
10303,T,260731,064555,60.683437N,24.756413E,112,23.7,328
10304,T,260731,064556,60.683487N,24.756348E,112,24.1,328
10305,T,260731,064557,60.683540N,24.756283E,112,24.5,328
10306,T,260731,064558,60.683594N,24.756214E,112,25.0,327
10307,T,260731,064559,60.683643N,24.756144E,112,25.5,327
10308,T,260731,064600,60.683701N,24.756077E,112,25.5,327
10309,T,260731,064601,60.683758N,24.756008E,112,25.9,328
10310,T,260731,064602,60.683811N,24.755939E,112,25.9,328
10311,T,260731,064603,60.683868N,24.755877E,112,25.8,329
10312,T,260731,064604,60.683926N,24.755808E,112,25.8,329
10313,T,260731,064605,60.683979N,24.755741E,112,25.8,329
10314,T,260731,064606,60.684036N,24.755674E,111,26.1,329
10315,T,260731,064607,60.684093N,24.755604E,111,26.3,329
10316,T,260731,064608,60.684151N,24.755535E,111,26.7,328
10317,T,260731,064609,60.684212N,24.755465E,111,27.1,328
10318,T,260731,064610,60.684273N,24.755390E,111,27.4,328
10319,T,260731,064611,60.684326N,24.755320E,110,27.7,329
10320,T,260731,064612,60.684391N,24.755251E,110,28.1,329
10321,T,260731,064613,60.684452N,24.755177E,110,28.4,330
10322,T,260731,064614,60.684517N,24.755102E,110,28.9,330
10323,T,260731,064615,60.684582N,24.755026E,110,29.3,329
10324,T,260731,064616,60.684643N,24.754950E,109,29.9,329
10325,T,260731,064617,60.684711N,24.754873E,109,30.5,330
10326,T,260731,064618,60.684776N,24.754795E,109,31.2,330
10327,T,260731,064619,60.684845N,24.754717E,108,31.9,330
10328,T,260731,064620,60.684917N,24.754637E,108,32.5,330
10329,T,260731,064621,60.684986N,24.754559E,108,33.2,331
10330,T,260731,064622,60.685062N,24.754480E,107,33.8,332
10331,T,260731,064623,60.685139N,24.754404E,107,34.2,333
10332,T,260731,064624,60.685219N,24.754330E,107,34.7,334
10333,T,260731,064625,60.685299N,24.754259E,106,35.2,336
10334,T,260731,064626,60.685379N,24.754192E,106,35.6,337
10335,T,260731,064627,60.685463N,24.754128E,105,36.0,339
10336,T,260731,064628,60.685551N,24.754072E,105,36.1,341
10337,T,260731,064629,60.685638N,24.754023E,105,36.2,343
10338,T,260731,064630,60.685726N,24.753977E,104,36.1,345
10339,T,260731,064631,60.685814N,24.753937E,104,35.8,347
10340,T,260731,064632,60.685902N,24.753902E,104,35.2,348
10341,T,260731,064633,60.685989N,24.753874E,104,34.6,350
10342,T,260731,064634,60.686073N,24.753857E,104,34.0,353
10343,T,260731,064635,60.686157N,24.753843E,104,33.2,355
10344,T,260731,064636,60.686241N,24.753836E,104,32.5,357
10345,T,260731,064637,60.686321N,24.753832E,104,31.6,358
10346,T,260731,064638,60.686398N,24.753830E,104,30.5,359
10347,T,260731,064639,60.686474N,24.753836E,104,29.4,2
10348,T,260731,064640,60.686539N,24.753843E,104,28.4,2
10349,T,260731,064641,60.686607N,24.753853E,104,27.9,2
10350,T,260731,064642,60.686680N,24.753860E,104,27.4,2
10351,T,260731,064643,60.686749N,24.753870E,104,27.3,3
10352,T,260731,064644,60.686817N,24.753880E,105,26.9,3
10353,T,260731,064645,60.686878N,24.753885E,105,26.4,3
10354,T,260731,064646,60.686943N,24.753897E,105,26.2,3
10355,T,260731,064647,60.687008N,24.753902E,105,25.9,3
10356,T,260731,064648,60.687073N,24.753908E,105,25.3,2
10357,T,260731,064649,60.687138N,24.753912E,105,25.2,1
10358,T,260731,064650,60.687199N,24.753912E,106,24.8,1
10359,T,260731,064651,60.687260N,24.753914E,106,24.7,0
10360,T,260731,064652,60.687321N,24.753914E,106,24.6,359
10361,T,260731,064653,60.687386N,24.753912E,106,24.3,358
10362,T,260731,064654,60.687443N,24.753908E,106,24.3,357
10363,T,260731,064655,60.687504N,24.753902E,106,24.2,356
10364,T,260731,064656,60.687565N,24.753889E,106,24.1,354
10365,T,260731,064657,60.687626N,24.753876E,107,24.0,353
10366,T,260731,064658,60.687679N,24.753862E,107,23.6,352
10367,T,260731,064659,60.687740N,24.753843E,107,23.6,351
10368,T,260731,064700,60.687798N,24.753824E,107,23.5,350
10369,T,260731,064701,60.687851N,24.753801E,107,23.5,349
10370,T,260731,064702,60.687912N,24.753777E,107,23.5,348
10371,T,260731,064703,60.687969N,24.753744E,107,24.1,346
10372,T,260731,064704,60.688026N,24.753714E,107,24.2,344
10373,T,260731,064705,60.688084N,24.753677E,107,24.3,343
10374,T,260731,064706,60.688141N,24.753645E,107,24.3,343
10375,T,260731,064707,60.688202N,24.753614E,107,24.3,343
10376,T,260731,064708,60.688259N,24.753607E,107,24.3,4
10377,T,260731,064709,60.688320N,24.753639E,107,24.3,25
10378,T,260731,064710,60.688374N,24.753696E,108,24.3,25
10379,T,260731,064711,60.688431N,24.753731E,108,24.3,4
10380,T,260731,064712,60.688492N,24.753721E,108,26.4,350
10381,T,260731,064713,60.688553N,24.753675E,108,25.3,331
10382,T,260731,064714,60.688595N,24.753592E,108,26.0,313
10383,T,260731,064715,60.688637N,24.753485E,108,26.2,302
10384,T,260731,064716,60.688667N,24.753370E,108,26.2,301
10385,T,260731,064717,60.688702N,24.753254E,108,26.6,301
10386,T,260731,064718,60.688740N,24.753136E,108,27.5,304
10387,T,260731,064719,60.688786N,24.753025E,109,27.8,312
10388,T,260731,064720,60.688831N,24.752926E,109,28.4,318
10389,T,260731,064721,60.688889N,24.752831E,109,28.8,318
10390,T,260731,064722,60.688938N,24.752729E,109,29.5,318
10391,T,260731,064723,60.688995N,24.752628E,109,30.1,318
10392,T,260731,064724,60.689049N,24.752523E,109,30.5,317
10393,T,260731,064725,60.689098N,24.752419E,108,30.5,316
10394,T,260731,064726,60.689156N,24.752308E,107,30.9,315
10395,T,260731,064727,60.689209N,24.752195E,107,31.3,314
10396,T,260731,064728,60.689262N,24.752075E,107,31.8,313
10397,T,260731,064729,60.689320N,24.751957E,107,32.4,312
10398,T,260731,064730,60.689373N,24.751829E,107,32.6,311
10399,T,260731,064731,60.689426N,24.751699E,106,33.1,310
10400,T,260731,064732,60.689480N,24.751568E,106,33.2,309
10401,T,260731,064733,60.689533N,24.751438E,106,33.6,309
10402,T,260731,064734,60.689587N,24.751305E,106,33.6,309
10403,T,260731,064735,60.689640N,24.751171E,105,33.7,309
10404,T,260731,064736,60.689697N,24.751041E,105,33.8,310
10405,T,260731,064737,60.689751N,24.750912E,105,33.9,310
10406,T,260731,064738,60.689808N,24.750784E,105,33.9,311
10407,T,260731,064739,60.689869N,24.750658E,104,33.9,313
10408,T,260731,064740,60.689926N,24.750536E,104,33.6,314
10409,T,260731,064741,60.689987N,24.750420E,104,33.7,316
10410,T,260731,064742,60.690052N,24.750303E,104,33.8,318
10411,T,260731,064743,60.690117N,24.750193E,103,33.9,319
10412,T,260731,064744,60.690182N,24.750084E,103,33.9,321
10413,T,260731,064745,60.690247N,24.749981E,103,33.9,323
10414,T,260731,064746,60.690319N,24.749884E,102,34.0,325
10415,T,260731,064747,60.690392N,24.749792E,102,34.0,327
10416,T,260731,064748,60.690468N,24.749702E,102,34.3,329
10417,T,260731,064749,60.690540N,24.749617E,102,34.3,330
10418,T,260731,064750,60.690620N,24.749535E,101,34.4,332
10419,T,260731,064751,60.690697N,24.749456E,101,34.4,333
10420,T,260731,064752,60.690773N,24.749382E,101,34.3,334
10421,T,260731,064753,60.690853N,24.749310E,101,34.2,336
10422,T,260731,064754,60.690929N,24.749243E,101,33.9,337
10423,T,260731,064755,60.691010N,24.749178E,100,33.7,338
10424,T,260731,064756,60.691090N,24.749117E,100,33.2,338
10425,T,260731,064757,60.691162N,24.749056E,100,33.1,338
10426,T,260731,064758,60.691238N,24.748989E,100,32.7,338
10427,T,260731,064759,60.691315N,24.748928E,100,32.2,338
10428,T,260731,064800,60.691387N,24.748869E,100,31.7,338
10429,T,260731,064801,60.691463N,24.748812E,100,31.0,338
10430,T,260731,064802,60.691536N,24.748755E,99,30.9,338
10431,T,260731,064803,60.691608N,24.748697E,99,31.0,338
10432,T,260731,064804,60.691681N,24.748638E,99,31.1,337
10433,T,260731,064805,60.691757N,24.748581E,99,31.2,337
10434,T,260731,064806,60.691830N,24.748524E,99,31.1,338
10435,T,260731,064807,60.691898N,24.748465E,99,30.7,337
10436,T,260731,064808,60.691967N,24.748405E,99,30.7,338
10437,T,260731,064809,60.692039N,24.748352E,99,30.2,338
10438,T,260731,064810,60.692112N,24.748297E,99,29.9,338
10439,T,260731,064811,60.692181N,24.748240E,99,29.8,338
10440,T,260731,064812,60.692249N,24.748184E,99,29.6,338
10441,T,260731,064813,60.692314N,24.748131E,99,29.2,338
10442,T,260731,064814,60.692379N,24.748075E,99,29.1,338
10443,T,260731,064815,60.692448N,24.748020E,99,28.8,338
10444,T,260731,064816,60.692513N,24.747967E,99,28.2,338
10445,T,260731,064817,60.692577N,24.747911E,99,27.9,337
10446,T,260731,064818,60.692638N,24.747858E,99,27.6,337
10447,T,260731,064819,60.692703N,24.747807E,99,27.2,338
10448,T,260731,064820,60.692768N,24.747755E,100,26.9,337
10449,T,260731,064821,60.692829N,24.747704E,100,26.6,338
10450,T,260731,064822,60.692886N,24.747654E,100,26.6,338
10451,T,260731,064823,60.692951N,24.747604E,100,26.3,338
10452,T,260731,064824,60.693012N,24.747557E,100,26.2,338
10453,T,260731,064825,60.693073N,24.747507E,100,26.1,338
10454,T,260731,064826,60.693130N,24.747459E,101,26.1,338
10455,T,260731,064827,60.693192N,24.747410E,101,26.0,338
10456,T,260731,064828,60.693253N,24.747362E,101,26.0,338
10457,T,260731,064829,60.693314N,24.747314E,101,25.9,338
10458,T,260731,064830,60.693371N,24.747269E,101,25.8,338
10459,T,260731,064831,60.693432N,24.747219E,101,25.8,338
10460,T,260731,064832,60.693489N,24.747173E,101,25.7,338
10461,T,260731,064833,60.693546N,24.747128E,101,25.7,338
10462,T,260731,064834,60.693607N,24.747082E,101,25.7,338
10463,T,260731,064835,60.693668N,24.747036E,102,25.7,338
10464,T,260731,064836,60.693729N,24.746984E,102,26.0,338
10465,T,260731,064837,60.693787N,24.746939E,102,26.1,339
10466,T,260731,064838,60.693848N,24.746889E,102,26.2,338
10467,T,260731,064839,60.693913N,24.746840E,102,26.5,338
10468,T,260731,064840,60.693974N,24.746788E,102,26.8,338
10469,T,260731,064841,60.694035N,24.746737E,102,26.8,338
10470,T,260731,064842,60.694096N,24.746687E,102,26.9,338
10471,T,260731,064843,60.694160N,24.746635E,102,27.0,338
10472,T,260731,064844,60.694221N,24.746586E,102,27.0,338
10473,T,260731,064845,60.694286N,24.746538E,103,27.0,339
10474,T,260731,064846,60.694347N,24.746490E,103,27.0,338
10475,T,260731,064847,60.694412N,24.746443E,103,27.0,339
10476,T,260731,064848,60.694477N,24.746395E,103,27.0,339
10477,T,260731,064849,60.694534N,24.746349E,103,27.0,339
10478,T,260731,064850,60.694599N,24.746304E,102,27.4,339
10479,T,260731,064851,60.694664N,24.746256E,102,27.5,339
10480,T,260731,064852,60.694729N,24.746206E,102,28.0,339
10481,T,260731,064853,60.694798N,24.746157E,102,28.4,339
10482,T,260731,064854,60.694859N,24.746103E,102,28.0,339
10483,T,260731,064855,60.694923N,24.746054E,102,28.0,339
10484,T,260731,064856,60.694992N,24.746004E,102,27.6,339
10485,T,260731,064857,60.695053N,24.745956E,102,27.3,339
10486,T,260731,064858,60.695114N,24.745907E,102,26.5,339
10487,T,260731,064859,60.695179N,24.745859E,101,26.5,339
10488,T,260731,064900,60.695240N,24.745815E,101,26.2,340
10489,T,260731,064901,60.695301N,24.745771E,101,26.5,340
10490,T,260731,064902,60.695366N,24.745724E,101,26.6,340
10491,T,260731,064903,60.695427N,24.745676E,101,26.6,340
10492,T,260731,064904,60.695492N,24.745632E,101,26.7,340
10493,T,260731,064905,60.695557N,24.745586E,101,27.0,340
10494,T,260731,064906,60.695621N,24.745537E,101,27.0,339
10495,T,260731,064907,60.695683N,24.745487E,101,27.1,340
10496,T,260731,064908,60.695747N,24.745441E,101,27.2,339
10497,T,260731,064909,60.695808N,24.745394E,101,27.2,339
10498,T,260731,064910,60.695873N,24.745348E,101,27.2,339
10499,T,260731,064911,60.695938N,24.745300E,101,27.2,339
10500,T,260731,064912,60.695999N,24.745256E,101,27.1,339
10501,T,260731,064913,60.696064N,24.745211E,101,26.8,340
10502,T,260731,064914,60.696129N,24.745165E,101,26.7,340
10503,T,260731,064915,60.696194N,24.745115E,101,26.6,340
10504,T,260731,064916,60.696251N,24.745071E,101,26.2,340
10505,T,260731,064917,60.696312N,24.745024E,101,26.0,339
10506,T,260731,064918,60.696373N,24.744980E,101,25.6,339
10507,T,260731,064919,60.696430N,24.744934E,101,25.5,339
10508,T,260731,064920,60.696487N,24.744886E,101,25.5,339
10509,T,260731,064921,60.696552N,24.744843E,102,25.5,339
10510,T,260731,064922,60.696609N,24.744797E,102,25.6,339
10511,T,260731,064923,60.696671N,24.744753E,102,25.6,340
10512,T,260731,064924,60.696728N,24.744705E,102,25.7,340
10513,T,260731,064925,60.696793N,24.744663E,102,25.7,340
10514,T,260731,064926,60.696854N,24.744616E,102,25.8,340
10515,T,260731,064927,60.696911N,24.744572E,102,25.8,340
10516,T,260731,064928,60.696972N,24.744526E,102,25.9,340
10517,T,260731,064929,60.697033N,24.744482E,102,26.0,339
10518,T,260731,064930,60.697098N,24.744436E,102,26.0,339
10519,T,260731,064931,60.697155N,24.744389E,102,25.5,339
10520,T,260731,064932,60.697212N,24.744343E,102,25.5,339
10521,T,260731,064933,60.697273N,24.744299E,102,24.8,339
10522,T,260731,064934,60.697327N,24.744255E,102,25.0,340
10523,T,260731,064935,60.697388N,24.744207E,102,25.1,340
10524,T,260731,064936,60.697449N,24.744158E,102,25.6,339
10525,T,260731,064937,60.697510N,24.744114E,102,25.7,339
10526,T,260731,064938,60.697567N,24.744064E,102,25.7,339
10527,T,260731,064939,60.697628N,24.744015E,102,26.5,339
10528,T,260731,064940,60.697693N,24.743963E,102,26.5,339
10529,T,260731,064941,60.697754N,24.743921E,102,26.6,339
10530,T,260731,064942,60.697815N,24.743876E,102,26.6,340
10531,T,260731,064943,60.697880N,24.743832E,102,26.8,339
10532,T,260731,064944,60.697945N,24.743786E,102,27.1,340
10533,T,260731,064945,60.698009N,24.743740E,102,27.2,339
10534,T,260731,064946,60.698071N,24.743692E,102,27.2,339
10535,T,260731,064947,60.698135N,24.743645E,101,26.8,339
10536,T,260731,064948,60.698196N,24.743603E,101,26.4,340
10537,T,260731,064949,60.698257N,24.743555E,101,25.8,339
10538,T,260731,064950,60.698315N,24.743513E,101,25.2,339
10539,T,260731,064951,60.698376N,24.743471E,101,24.9,339
10540,T,260731,064952,60.698437N,24.743427E,101,24.7,339
10541,T,260731,064953,60.698490N,24.743385E,101,24.8,339
10542,T,260731,064954,60.698551N,24.743343E,100,25.2,340
10543,T,260731,064955,60.698608N,24.743301E,100,25.6,340
10544,T,260731,064956,60.698673N,24.743258E,100,26.0,340
10545,T,260731,064957,60.698730N,24.743214E,100,26.5,340
10546,T,260731,064958,60.698795N,24.743166E,100,26.9,339
10547,T,260731,064959,60.698860N,24.743118E,100,27.0,339
10548,T,260731,065000,60.698925N,24.743071E,100,27.5,339
10549,T,260731,065001,60.698990N,24.743023E,100,27.4,339
10550,T,260731,065002,60.699051N,24.742973E,100,27.4,340
10551,T,260731,065003,60.699116N,24.742926E,100,27.4,340
10552,T,260731,065004,60.699181N,24.742876E,100,27.4,339
10553,T,260731,065005,60.699249N,24.742830E,100,27.4,340
10554,T,260731,065006,60.699310N,24.742785E,100,27.4,340
10555,T,260731,065007,60.699375N,24.742739E,100,27.1,340
10556,T,260731,065008,60.699440N,24.742695E,100,27.1,340
10557,T,260731,065009,60.699505N,24.742645E,100,26.8,340
10558,T,260731,065010,60.699570N,24.742599E,100,26.7,339
10559,T,260731,065011,60.699631N,24.742554E,100,26.6,340
10560,T,260731,065012,60.699692N,24.742506E,100,26.5,340
10561,T,260731,065013,60.699753N,24.742462E,100,26.4,340
10562,T,260731,065014,60.699814N,24.742416E,100,26.4,340
10563,T,260731,065015,60.699875N,24.742373E,100,26.3,340
10564,T,260731,065016,60.699936N,24.742325E,100,26.3,339
10565,T,260731,065017,60.699997N,24.742277E,100,26.3,339
10566,T,260731,065018,60.700062N,24.742233E,100,26.3,340
10567,T,260731,065019,60.700119N,24.742189E,100,25.7,339
10568,T,260731,065020,60.700180N,24.742144E,100,25.3,340
10569,T,260731,065021,60.700241N,24.742104E,100,24.9,340
10570,T,260731,065022,60.700294N,24.742062E,100,24.9,340
10571,T,260731,065023,60.700356N,24.742020E,100,24.5,340
10572,T,260731,065024,60.700413N,24.741978E,100,24.2,340
10573,T,260731,065025,60.700466N,24.741936E,100,23.7,340
10574,T,260731,065026,60.700523N,24.741896E,100,23.5,339
10575,T,260731,065027,60.700581N,24.741856E,100,23.4,340
10576,T,260731,065028,60.700638N,24.741817E,100,23.4,340
10577,T,260731,065029,60.700687N,24.741777E,100,23.4,340
10578,T,260731,065030,60.700748N,24.741737E,100,23.5,341
10579,T,260731,065031,60.700806N,24.741697E,100,23.6,341
10580,T,260731,065032,60.700859N,24.741657E,100,23.7,340
10581,T,260731,065033,60.700916N,24.741615E,100,24.0,340
10582,T,260731,065034,60.700974N,24.741577E,100,24.3,341
10583,T,260731,065035,60.701031N,24.741541E,100,24.4,341
10584,T,260731,065036,60.701088N,24.741499E,100,24.8,341
10585,T,260731,065037,60.701149N,24.741463E,100,24.8,341
10586,T,260731,065038,60.701206N,24.741423E,100,24.9,342
10587,T,260731,065039,60.701263N,24.741386E,100,24.9,342
10588,T,260731,065040,60.701324N,24.741352E,100,24.8,343
10589,T,260731,065041,60.701382N,24.741312E,100,24.7,342
10590,T,260731,065042,60.701439N,24.741276E,100,24.4,343
10591,T,260731,065043,60.701496N,24.741238E,101,24.0,343
10592,T,260731,065044,60.701553N,24.741199E,101,23.7,342
10593,T,260731,065045,60.701607N,24.741163E,101,23.7,343
10594,T,260731,065046,60.701668N,24.741131E,101,23.7,343
10595,T,260731,065047,60.701725N,24.741096E,101,23.8,343
10596,T,260731,065048,60.701778N,24.741060E,101,23.9,343
10597,T,260731,065049,60.701839N,24.741026E,101,24.0,344
10598,T,260731,065050,60.701897N,24.740992E,102,24.0,343
10599,T,260731,065051,60.701954N,24.740955E,102,24.0,343
10600,T,260731,065052,60.702011N,24.740925E,102,23.9,344
10601,T,260731,065053,60.702068N,24.740892E,102,23.4,344
10602,T,260731,065054,60.702126N,24.740860E,102,23.0,344
10603,T,260731,065055,60.702179N,24.740829E,103,22.9,345
10604,T,260731,065056,60.702232N,24.740795E,103,22.9,344
10605,T,260731,065057,60.702290N,24.740765E,103,22.8,344
10606,T,260731,065058,60.702343N,24.740732E,103,22.9,344
10607,T,260731,065059,60.702400N,24.740700E,104,22.9,344
10608,T,260731,065100,60.702457N,24.740669E,104,23.0,344
10609,T,260731,065101,60.702511N,24.740641E,104,23.3,345
10610,T,260731,065102,60.702568N,24.740608E,104,23.3,344
10611,T,260731,065103,60.702625N,24.740580E,105,23.3,345
10612,T,260731,065104,60.702679N,24.740553E,105,23.3,346
10613,T,260731,065105,60.702736N,24.740524E,105,23.3,346
10614,T,260731,065106,60.702793N,24.740496E,106,23.2,345
10615,T,260731,065107,60.702843N,24.740465E,106,22.9,345
10616,T,260731,065108,60.702900N,24.740442E,106,22.5,345
10617,T,260731,065109,60.702953N,24.740419E,106,22.2,345
10618,T,260731,065110,60.703007N,24.740396E,106,22.3,346
10619,T,260731,065111,60.703060N,24.740368E,106,22.4,346
10620,T,260731,065112,60.703117N,24.740339E,106,22.3,346
10621,T,260731,065113,60.703167N,24.740316E,106,22.4,346
10622,T,260731,065114,60.703228N,24.740290E,107,22.4,346
10623,T,260731,065115,60.703281N,24.740267E,107,22.4,347
10624,T,260731,065116,60.703335N,24.740242E,107,22.3,347
10625,T,260731,065117,60.703392N,24.740217E,107,22.2,347
10626,T,260731,065118,60.703445N,24.740196E,107,22.1,347
10627,T,260731,065119,60.703499N,24.740168E,107,22.1,347
10628,T,260731,065120,60.703552N,24.740143E,107,22.1,347
10629,T,260731,065121,60.703609N,24.740116E,107,22.2,347
10630,T,260731,065122,60.703659N,24.740089E,107,22.2,347
10631,T,260731,065123,60.703716N,24.740068E,107,22.2,347
10632,T,260731,065124,60.703770N,24.740044E,107,21.8,347
10633,T,260731,065125,60.703819N,24.740025E,107,21.8,347
10634,T,260731,065126,60.703876N,24.740002E,108,21.5,348
10635,T,260731,065127,60.703930N,24.739981E,108,21.9,348
10636,T,260731,065128,60.703979N,24.739958E,108,21.9,348
10637,T,260731,065129,60.704037N,24.739937E,108,22.1,348
10638,T,260731,065130,60.704086N,24.739910E,108,22.2,347
10639,T,260731,065131,60.704144N,24.739883E,108,22.3,347
10640,T,260731,065132,60.704201N,24.739861E,108,22.7,347
10641,T,260731,065133,60.704254N,24.739836E,108,22.8,347
10642,T,260731,065134,60.704311N,24.739813E,108,22.9,348
10643,T,260731,065135,60.704369N,24.739790E,108,23.3,349
10644,T,260731,065136,60.704426N,24.739765E,108,22.9,348
10645,T,260731,065137,60.704479N,24.739744E,108,22.9,349
10646,T,260731,065138,60.704536N,24.739714E,109,23.0,348
10647,T,260731,065139,60.704594N,24.739683E,109,23.0,349
10648,T,260731,065140,60.704647N,24.739664E,109,23.1,349
10649,T,260731,065141,60.704704N,24.739641E,109,23.5,349
10650,T,260731,065142,60.704765N,24.739626E,109,23.5,350
10651,T,260731,065143,60.704823N,24.739609E,109,23.5,350
10652,T,260731,065144,60.704880N,24.739588E,109,23.6,350
10653,T,260731,065145,60.704941N,24.739567E,109,23.7,350
10654,T,260731,065146,60.705002N,24.739548E,109,23.7,350
10655,T,260731,065147,60.705059N,24.739532E,109,23.7,350
10656,T,260731,065148,60.705116N,24.739513E,109,23.8,350
10657,T,260731,065149,60.705173N,24.739494E,110,23.1,350
10658,T,260731,065150,60.705231N,24.739475E,110,22.3,351
10659,T,260731,065151,60.705288N,24.739462E,110,23.8,352
10660,T,260731,065152,60.705349N,24.739441E,110,23.8,351
10661,T,260731,065153,60.705402N,24.739420E,110,23.7,351
10662,T,260731,065154,60.705463N,24.739403E,110,24.0,351
10663,T,260731,065155,60.705524N,24.739384E,110,23.6,350
10664,T,260731,065156,60.705585N,24.739365E,110,23.9,351
10665,T,260731,065157,60.705639N,24.739344E,111,23.3,351
10666,T,260731,065158,60.705700N,24.739328E,111,23.9,351
10667,T,260731,065159,60.705761N,24.739307E,111,23.8,351
10668,T,260731,065200,60.705814N,24.739292E,110,23.9,351
10669,T,260731,065201,60.705875N,24.739277E,111,23.3,351
10670,T,260731,065202,60.705936N,24.739260E,111,23.3,352
10671,T,260731,065203,60.705994N,24.739246E,111,23.4,352
10672,T,260731,065204,60.706051N,24.739235E,111,23.8,353
10673,T,260731,065205,60.706112N,24.739222E,111,23.7,353
10674,T,260731,065206,60.706169N,24.739208E,110,24.1,353
10675,T,260731,065207,60.706226N,24.739195E,110,24.0,353
10676,T,260731,065208,60.706287N,24.739178E,110,23.9,353
10677,T,260731,065209,60.706348N,24.739172E,111,23.8,353
10678,T,260731,065210,60.706402N,24.739161E,111,23.8,354
10679,T,260731,065211,60.706459N,24.739143E,111,23.9,354
10680,T,260731,065212,60.706520N,24.739130E,112,23.9,354
10681,T,260731,065213,60.706581N,24.739120E,112,24.0,354
10682,T,260731,065214,60.706638N,24.739105E,112,24.2,354
10683,T,260731,065215,60.706703N,24.739092E,112,24.3,354
10684,T,260731,065216,60.706764N,24.739079E,112,24.9,353
10685,T,260731,065217,60.706829N,24.739063E,112,24.4,353
10686,T,260731,065218,60.706886N,24.739056E,112,24.3,353
10687,T,260731,065219,60.706951N,24.739042E,112,23.6,353
10688,T,260731,065220,60.707008N,24.739031E,112,24.1,353
10689,T,260731,065221,60.707069N,24.739019E,112,23.6,354
10690,T,260731,065222,60.707127N,24.739010E,112,23.5,354
10691,T,260731,065223,60.707188N,24.739000E,112,22.9,354
10692,T,260731,065224,60.707245N,24.738989E,112,22.9,354
10693,T,260731,065225,60.707298N,24.738976E,112,23.0,354
10694,T,260731,065226,60.707359N,24.738964E,112,23.1,353
10695,T,260731,065227,60.707420N,24.738953E,113,24.0,353
10696,T,260731,065228,60.707481N,24.738939E,113,23.2,353
10697,T,260731,065229,60.707539N,24.738928E,113,25.4,353
10698,T,260731,065230,60.707600N,24.738920E,113,24.2,354
10699,T,260731,065231,60.707664N,24.738913E,114,24.9,355
10700,T,260731,065232,60.707726N,24.738905E,114,22.9,355
10701,T,260731,065233,60.707783N,24.738895E,114,24.9,355
10702,T,260731,065234,60.707848N,24.738884E,114,25.0,355
10703,T,260731,065235,60.707912N,24.738876E,114,26.8,355
10704,T,260731,065236,60.707981N,24.738869E,113,26.3,356
10705,T,260731,065237,60.708042N,24.738861E,113,26.2,356
10706,T,260731,065238,60.708107N,24.738855E,113,25.2,357
10707,T,260731,065239,60.708172N,24.738850E,113,25.6,357
10708,T,260731,065240,60.708244N,24.738850E,113,25.6,356
10709,T,260731,065241,60.708313N,24.738842E,112,25.5,356
10710,T,260731,065242,60.708378N,24.738836E,112,25.0,355
10711,T,260731,065243,60.708439N,24.738829E,111,25.1,355
10712,T,260731,065244,60.708500N,24.738823E,110,25.1,356
10713,T,260731,065245,60.708565N,24.738815E,110,25.7,356
10714,T,260731,065246,60.708630N,24.738808E,109,25.3,356
10715,T,260731,065247,60.708687N,24.738804E,109,25.7,357
10716,T,260731,065248,60.708752N,24.738794E,109,25.3,356
10717,T,260731,065249,60.708817N,24.738783E,108,25.4,356
10718,T,260731,065250,60.708881N,24.738773E,108,25.5,356
10719,T,260731,065251,60.708942N,24.738762E,108,25.6,356
10720,T,260731,065252,60.709007N,24.738750E,108,25.9,355
10721,T,260731,065253,60.709072N,24.738741E,107,26.0,356
10722,T,260731,065254,60.709141N,24.738729E,107,26.2,355
10723,T,260731,065255,60.709206N,24.738718E,107,26.6,355
10724,T,260731,065256,60.709270N,24.738707E,107,26.9,355
10725,T,260731,065257,60.709339N,24.738695E,107,27.1,355
10726,T,260731,065258,60.709408N,24.738686E,106,27.7,355
10727,T,260731,065259,60.709476N,24.738676E,106,27.8,355
10728,T,260731,065300,60.709549N,24.738667E,106,27.9,355
10729,T,260731,065301,60.709618N,24.738655E,106,28.0,355
10730,T,260731,065302,60.709682N,24.738642E,105,28.0,355
10731,T,260731,065303,60.709755N,24.738628E,105,28.0,354
10732,T,260731,065304,60.709824N,24.738617E,105,28.0,354
10733,T,260731,065305,60.709892N,24.738602E,105,27.9,354
10734,T,260731,065306,60.709961N,24.738588E,105,27.2,354
10735,T,260731,065307,60.710030N,24.738573E,105,27.1,354
10736,T,260731,065308,60.710094N,24.738558E,105,26.6,354
10737,T,260731,065309,60.710159N,24.738544E,105,26.6,354
10738,T,260731,065310,60.710228N,24.738535E,105,26.8,354
10739,T,260731,065311,60.710297N,24.738523E,105,26.9,354
10740,T,260731,065312,60.710365N,24.738510E,105,27.2,354
10741,T,260731,065313,60.710430N,24.738497E,104,27.4,354
10742,T,260731,065314,60.710499N,24.738480E,104,27.4,354
10743,T,260731,065315,60.710567N,24.738468E,104,27.4,354
10744,T,260731,065316,60.710640N,24.738457E,104,27.2,354
10745,T,260731,065317,60.710705N,24.738440E,104,26.8,353
10746,T,260731,065318,60.710773N,24.738426E,104,26.8,353
10747,T,260731,065319,60.710838N,24.738415E,104,26.8,354
10748,T,260731,065320,60.710903N,24.738400E,104,26.8,354
10749,T,260731,065321,60.710972N,24.738384E,104,26.8,353
10750,T,260731,065322,60.711037N,24.738367E,104,26.7,353
10751,T,260731,065323,60.711105N,24.738352E,104,26.7,353
10752,T,260731,065324,60.711166N,24.738338E,104,26.7,353
10753,T,260731,065325,60.711235N,24.738323E,104,26.7,354
10754,T,260731,065326,60.711300N,24.738310E,104,26.6,354
10755,T,260731,065327,60.711369N,24.738297E,104,27.0,353
10756,T,260731,065328,60.711437N,24.738277E,104,27.0,353
10757,T,260731,065329,60.711498N,24.738264E,104,26.9,353
10758,T,260731,065330,60.711567N,24.738251E,105,26.9,353
10759,T,260731,065331,60.711636N,24.738235E,104,27.0,354
10760,T,260731,065332,60.711700N,24.738222E,105,27.1,354
10761,T,260731,065333,60.711769N,24.738201E,105,25.5,353
10762,T,260731,065334,60.711830N,24.738178E,105,26.5,351
10763,T,260731,065335,60.711899N,24.738155E,105,28.1,351
10764,T,260731,065336,60.711967N,24.738142E,105,27.3,352
10765,T,260731,065337,60.712040N,24.738129E,105,27.6,353
10766,T,260731,065338,60.712109N,24.738113E,105,27.7,354
10767,T,260731,065339,60.712173N,24.738100E,106,27.7,355
10768,T,260731,065340,60.712238N,24.738085E,106,27.2,354
10769,T,260731,065341,60.712307N,24.738070E,107,27.2,354
10770,T,260731,065342,60.712376N,24.738056E,106,26.7,354
10771,T,260731,065343,60.712440N,24.738045E,107,26.0,354
10772,T,260731,065344,60.712509N,24.738035E,107,25.7,354
10773,T,260731,065345,60.712566N,24.738020E,107,25.6,354
10774,T,260731,065346,60.712631N,24.738007E,107,24.6,354
10775,T,260731,065347,60.712692N,24.737995E,107,25.3,354
10776,T,260731,065348,60.712753N,24.737986E,107,24.0,354
10777,T,260731,065349,60.712814N,24.737978E,107,25.9,354
10778,T,260731,065350,60.712883N,24.737970E,107,26.4,355
10779,T,260731,065351,60.712952N,24.737961E,107,26.4,355
10780,T,260731,065352,60.713017N,24.737949E,108,26.5,356
10781,T,260731,065353,60.713085N,24.737938E,108,26.6,355
10782,T,260731,065354,60.713154N,24.737925E,108,26.9,355
10783,T,260731,065355,60.713223N,24.737911E,107,27.0,355
10784,T,260731,065356,60.713291N,24.737902E,107,27.0,355
10785,T,260731,065357,60.713364N,24.737892E,106,27.0,355
10786,T,260731,065358,60.713432N,24.737883E,106,27.0,355
10787,T,260731,065359,60.713501N,24.737877E,106,27.0,355
10788,T,260731,065400,60.713570N,24.737865E,105,27.3,356
10789,T,260731,065401,60.713638N,24.737858E,104,27.9,355
10790,T,260731,065402,60.713707N,24.737848E,104,27.6,355
10791,T,260731,065403,60.713779N,24.737843E,104,28.0,356
10792,T,260731,065404,60.713848N,24.737835E,103,28.6,356
10793,T,260731,065405,60.713924N,24.737822E,103,29.2,356
10794,T,260731,065406,60.713997N,24.737808E,103,29.5,355
10795,T,260731,065407,60.714073N,24.737799E,102,29.5,355
10796,T,260731,065408,60.714149N,24.737787E,102,29.4,355
10797,T,260731,065409,60.714218N,24.737780E,101,29.3,355
10798,T,260731,065410,60.714291N,24.737770E,101,29.4,355
10799,T,260731,065411,60.714367N,24.737761E,101,29.5,355
10800,T,260731,065412,60.714439N,24.737753E,100,29.9,356
10801,T,260731,065413,60.714520N,24.737745E,100,29.7,356
10802,T,260731,065414,60.714596N,24.737738E,99,29.8,356
10803,T,260731,065415,60.714672N,24.737728E,99,29.8,356
10804,T,260731,065416,60.714748N,24.737717E,99,29.7,356
10805,T,260731,065417,60.714821N,24.737707E,99,29.7,356
10806,T,260731,065418,60.714893N,24.737701E,98,29.7,356
10807,T,260731,065419,60.714970N,24.737696E,98,29.6,356
10808,T,260731,065420,60.715038N,24.737686E,98,29.5,356
10809,T,260731,065421,60.715111N,24.737679E,98,29.5,356
10810,T,260731,065422,60.715187N,24.737671E,98,29.1,356
10811,T,260731,065423,60.715260N,24.737663E,97,29.2,357
10812,T,260731,065424,60.715332N,24.737656E,97,29.2,357
10813,T,260731,065425,60.715405N,24.737650E,97,29.6,357
10814,T,260731,065426,60.715481N,24.737644E,97,29.7,357
10815,T,260731,065427,60.715553N,24.737637E,97,29.9,357
10816,T,260731,065428,60.715630N,24.737633E,96,30.2,357
10817,T,260731,065429,60.715706N,24.737629E,96,30.2,358
10818,T,260731,065430,60.715778N,24.737623E,96,30.2,358
10819,T,260731,065431,60.715855N,24.737616E,96,30.2,358
10820,T,260731,065432,60.715931N,24.737614E,96,30.3,358
10821,T,260731,065433,60.716007N,24.737610E,96,30.3,358
10822,T,260731,065434,60.716084N,24.737608E,96,30.3,358
10823,T,260731,065435,60.716160N,24.737604E,96,30.2,358
10824,T,260731,065436,60.716232N,24.737602E,95,30.2,359
10825,T,260731,065437,60.716312N,24.737598E,95,30.2,358
10826,T,260731,065438,60.716385N,24.737595E,95,30.2,358
10827,T,260731,065439,60.716461N,24.737589E,95,30.2,358
10828,T,260731,065440,60.716537N,24.737589E,95,30.2,0
10829,T,260731,065441,60.716614N,24.737589E,95,30.3,0
10830,T,260731,065442,60.716686N,24.737585E,95,30.4,359
10831,T,260731,065443,60.716763N,24.737583E,95,30.5,359
10832,T,260731,065444,60.716839N,24.737581E,95,30.6,359
10833,T,260731,065445,60.716919N,24.737581E,95,30.6,359
10834,T,260731,065446,60.716991N,24.737581E,95,30.2,359
10835,T,260731,065447,60.717068N,24.737583E,95,29.8,0
10836,T,260731,065448,60.717140N,24.737583E,95,29.3,0
10837,T,260731,065449,60.717216N,24.737583E,95,28.9,0
10838,T,260731,065450,60.717289N,24.737585E,95,28.6,0
10839,T,260731,065451,60.717361N,24.737585E,95,28.2,0
10840,T,260731,065452,60.717426N,24.737585E,95,27.6,0
10841,T,260731,065453,60.717495N,24.737589E,95,27.1,359
10842,T,260731,065454,60.717564N,24.737585E,96,26.6,359
10843,T,260731,065455,60.717628N,24.737585E,96,26.1,0
10844,T,260731,065456,60.717693N,24.737585E,96,26.0,0
10845,T,260731,065457,60.717758N,24.737585E,96,25.6,359
10846,T,260731,065458,60.717819N,24.737585E,96,25.1,359
10847,T,260731,065459,60.717884N,24.737589E,96,24.7,0
10848,T,260731,065500,60.717945N,24.737591E,96,24.5,1
10849,T,260731,065501,60.718002N,24.737591E,96,24.0,359
10850,T,260731,065502,60.718063N,24.737585E,96,24.0,358
10851,T,260731,065503,60.718124N,24.737583E,96,24.0,359
10852,T,260731,065504,60.718185N,24.737581E,97,23.9,359
10853,T,260731,065505,60.718243N,24.737579E,97,23.5,358
10854,T,260731,065506,60.718300N,24.737577E,97,23.5,358
10855,T,260731,065507,60.718361N,24.737576E,97,23.4,0
10856,T,260731,065508,60.718418N,24.737576E,97,23.3,358
10857,T,260731,065509,60.718475N,24.737574E,97,23.2,359
10858,T,260731,065510,60.718533N,24.737570E,97,23.1,359
10859,T,260731,065511,60.718594N,24.737568E,97,23.0,358
10860,T,260731,065512,60.718647N,24.737564E,97,22.4,358
10861,T,260731,065513,60.718704N,24.737562E,97,22.5,358
10862,T,260731,065514,60.718761N,24.737560E,98,22.5,358
10863,T,260731,065515,60.718811N,24.737556E,98,22.4,358
10864,T,260731,065516,60.718868N,24.737551E,98,22.3,357
10865,T,260731,065517,60.718925N,24.737547E,98,22.2,357
10866,T,260731,065518,60.718979N,24.737543E,98,22.1,358
10867,T,260731,065519,60.719032N,24.737539E,98,22.0,357
10868,T,260731,065520,60.719090N,24.737535E,98,21.6,357
10869,T,260731,065521,60.719139N,24.737528E,98,21.6,357
10870,T,260731,065522,60.719193N,24.737526E,98,21.4,357
10871,T,260731,065523,60.719250N,24.737522E,98,21.3,357
10872,T,260731,065524,60.719299N,24.737518E,98,21.2,357
10873,T,260731,065525,60.719353N,24.737514E,98,21.1,357
10874,T,260731,065526,60.719402N,24.737509E,98,21.0,357
10875,T,260731,065527,60.719460N,24.737501E,98,21.0,356
10876,T,260731,065528,60.719513N,24.737495E,98,21.0,356
10877,T,260731,065529,60.719559N,24.737490E,98,21.0,356
10878,T,260731,065530,60.719616N,24.737484E,98,21.1,356
10879,T,260731,065531,60.719669N,24.737476E,99,21.1,356
10880,T,260731,065532,60.719719N,24.737471E,99,21.1,356
10881,T,260731,065533,60.719772N,24.737465E,99,21.1,356
10882,T,260731,065534,60.719826N,24.737455E,99,21.2,355
10883,T,260731,065535,60.719875N,24.737446E,99,21.2,355
10884,T,260731,065536,60.719929N,24.737436E,99,21.6,355
10885,T,260731,065537,60.719982N,24.737429E,99,22.0,355
10886,T,260731,065538,60.720039N,24.737419E,99,22.1,355
10887,T,260731,065539,60.720097N,24.737411E,99,22.2,355
10888,T,260731,065540,60.720154N,24.737402E,99,22.3,355
10889,T,260731,065541,60.720207N,24.737392E,99,22.7,355
10890,T,260731,065542,60.720264N,24.737383E,99,22.8,355
10891,T,260731,065543,60.720322N,24.737371E,99,22.9,355
10892,T,260731,065544,60.720379N,24.737362E,99,23.4,355
10893,T,260731,065545,60.720440N,24.737352E,99,23.5,355
10894,T,260731,065546,60.720497N,24.737337E,99,24.1,355
10895,T,260731,065547,60.720554N,24.737324E,99,24.1,354
10896,T,260731,065548,60.720615N,24.737309E,99,24.3,353
10897,T,260731,065549,60.720676N,24.737286E,99,24.6,353
10898,T,260731,065550,60.720737N,24.737272E,99,24.7,353
10899,T,260731,065551,60.720798N,24.737255E,99,24.8,353
10900,T,260731,065552,60.720860N,24.737244E,99,24.9,353
10901,T,260731,065553,60.720924N,24.737232E,99,25.2,353
10902,T,260731,065554,60.720989N,24.737219E,99,25.4,353
10903,T,260731,065555,60.721050N,24.737204E,98,25.8,353
10904,T,260731,065556,60.721115N,24.737192E,98,25.9,353
10905,T,260731,065557,60.721180N,24.737177E,98,26.3,353
10906,T,260731,065558,60.721249N,24.737158E,98,26.3,353
10907,T,260731,065559,60.721313N,24.737144E,98,26.4,353
10908,T,260731,065600,60.721378N,24.737125E,98,26.4,353
10909,T,260731,065601,60.721443N,24.737108E,98,26.5,352
10910,T,260731,065602,60.721512N,24.737089E,97,26.6,352
10911,T,260731,065603,60.721577N,24.737070E,97,27.0,352
10912,T,260731,065604,60.721645N,24.737049E,97,27.1,351
10913,T,260731,065605,60.721710N,24.737032E,97,27.2,351
10914,T,260731,065606,60.721779N,24.737013E,97,27.2,351
10915,T,260731,065607,60.721844N,24.736990E,97,27.2,351
10916,T,260731,065608,60.721912N,24.736967E,96,27.2,351
10917,T,260731,065609,60.721981N,24.736946E,96,27.3,350
10918,T,260731,065610,60.722050N,24.736923E,96,27.3,351
10919,T,260731,065611,60.722115N,24.736906E,96,27.3,351
10920,T,260731,065612,60.722179N,24.736883E,96,27.4,350
10921,T,260731,065613,60.722248N,24.736864E,96,27.4,351
10922,T,260731,065614,60.722317N,24.736843E,95,27.3,351
10923,T,260731,065615,60.722385N,24.736820E,95,27.3,350
10924,T,260731,065616,60.722450N,24.736795E,95,27.3,350
10925,T,260731,065617,60.722519N,24.736774E,95,27.9,350
10926,T,260731,065618,60.722588N,24.736750E,95,28.4,350
10927,T,260731,065619,60.722660N,24.736729E,95,28.7,350
10928,T,260731,065620,60.722733N,24.736706E,95,29.2,350
10929,T,260731,065621,60.722805N,24.736685E,94,29.6,350
10930,T,260731,065622,60.722881N,24.736660E,94,29.6,350
10931,T,260731,065623,60.722954N,24.736635E,94,29.7,350
10932,T,260731,065624,60.723026N,24.736616E,94,29.7,351
10933,T,260731,065625,60.723099N,24.736593E,94,29.6,351
10934,T,260731,065626,60.723171N,24.736574E,94,29.3,352
10935,T,260731,065627,60.723244N,24.736553E,94,28.8,352
10936,T,260731,065628,60.723312N,24.736534E,94,28.3,352
10937,T,260731,065629,60.723385N,24.736517E,94,27.8,352
10938,T,260731,065630,60.723454N,24.736498E,94,27.4,353
10939,T,260731,065631,60.723518N,24.736485E,94,27.3,353
10940,T,260731,065632,60.723587N,24.736465E,94,27.3,353
10941,T,260731,065633,60.723656N,24.736452E,94,27.1,353
10942,T,260731,065634,60.723721N,24.736439E,94,26.6,354
10943,T,260731,065635,60.723789N,24.736423E,94,26.3,354
10944,T,260731,065636,60.723850N,24.736414E,95,26.2,354
10945,T,260731,065637,60.723919N,24.736403E,95,25.9,354
10946,T,260731,065638,60.723980N,24.736389E,95,25.5,354
10947,T,260731,065639,60.724045N,24.736380E,95,25.2,355
10948,T,260731,065640,60.724110N,24.736374E,95,24.9,356
10949,T,260731,065641,60.724167N,24.736362E,95,24.8,355
10950,T,260731,065642,60.724232N,24.736349E,95,24.7,355
10951,T,260731,065643,60.724293N,24.736340E,95,24.4,355
10952,T,260731,065644,60.724354N,24.736330E,95,24.1,354
10953,T,260731,065645,60.724411N,24.736319E,96,23.7,355
10954,T,260731,065646,60.724472N,24.736305E,96,23.3,354
10955,T,260731,065647,60.724529N,24.736296E,96,23.0,354
10956,T,260731,065648,60.724583N,24.736284E,96,22.9,354
10957,T,260731,065649,60.724644N,24.736273E,96,22.9,354
10958,T,260731,065650,60.724701N,24.736259E,96,22.9,354
10959,T,260731,065651,60.724754N,24.736250E,96,22.9,354
10960,T,260731,065652,60.724812N,24.736238E,96,23.0,355
10961,T,260731,065653,60.724873N,24.736231E,97,23.0,355
10962,T,260731,065654,60.724930N,24.736219E,97,23.1,355
10963,T,260731,065655,60.724983N,24.736210E,97,23.1,355
10964,T,260731,065656,60.725044N,24.736198E,97,23.1,355
10965,T,260731,065657,60.725101N,24.736185E,97,23.1,354
10966,T,260731,065658,60.725155N,24.736176E,97,23.4,354
10967,T,260731,065659,60.725212N,24.736166E,97,23.3,354
10968,T,260731,065700,60.725273N,24.736156E,97,23.3,355
10969,T,260731,065701,60.725327N,24.736147E,97,23.2,355
10970,T,260731,065702,60.725388N,24.736135E,98,23.1,355
10971,T,260731,065703,60.725445N,24.736124E,98,22.8,355
10972,T,260731,065704,60.725498N,24.736116E,98,22.5,355
10973,T,260731,065705,60.725555N,24.736103E,98,22.9,355
10974,T,260731,065706,60.725613N,24.736094E,98,22.9,355
10975,T,260731,065707,60.725674N,24.736084E,98,23.0,355
10976,T,260731,065708,60.725727N,24.736073E,98,23.0,355
10977,T,260731,065709,60.725788N,24.736057E,98,23.1,354
10978,T,260731,065710,60.725845N,24.736044E,99,23.0,354
10979,T,260731,065711,60.725899N,24.736036E,99,23.1,354
10980,T,260731,065712,60.725960N,24.736025E,99,23.1,354
10981,T,260731,065713,60.726017N,24.736012E,99,23.1,354
10982,T,260731,065714,60.726070N,24.736000E,99,23.2,354
10983,T,260731,065715,60.726128N,24.735987E,99,23.2,353
10984,T,260731,065716,60.726189N,24.735975E,99,23.2,353
10985,T,260731,065717,60.726246N,24.735962E,100,23.3,353
10986,T,260731,065718,60.726303N,24.735949E,100,23.3,354
10987,T,260731,065719,60.726360N,24.735935E,100,23.3,354
10988,T,260731,065720,60.726421N,24.735922E,100,23.3,354
10989,T,260731,065721,60.726475N,24.735910E,100,22.9,354
10990,T,260731,065722,60.726532N,24.735901E,100,22.8,354
10991,T,260731,065723,60.726589N,24.735889E,101,22.7,354
10992,T,260731,065724,60.726639N,24.735880E,101,22.6,354
10993,T,260731,065725,60.726700N,24.735870E,101,24.4,354
10994,T,260731,065726,60.726761N,24.735861E,101,23.7,354
10995,T,260731,065727,60.726814N,24.735851E,101,23.3,355
10996,T,260731,065728,60.726875N,24.735842E,101,23.4,355
10997,T,260731,065729,60.726936N,24.735832E,101,23.3,355
10998,T,260731,065730,60.726994N,24.735825E,102,23.2,355
10999,T,260731,065731,60.727051N,24.735813E,102,23.1,355
11000,T,260731,065732,60.727108N,24.735804E,102,23.0,355
11001,T,260731,065733,60.727165N,24.735794E,102,22.9,355
11002,T,260731,065734,60.727222N,24.735785E,102,22.8,355
11003,T,260731,065735,60.727280N,24.735779E,102,22.4,356
11004,T,260731,065736,60.727337N,24.735769E,103,22.4,356
11005,T,260731,065737,60.727390N,24.735764E,103,22.4,356
11006,T,260731,065738,60.727448N,24.735756E,103,22.8,356
11007,T,260731,065739,60.727505N,24.735748E,103,22.9,356
11008,T,260731,065740,60.727558N,24.735739E,103,23.2,355
11009,T,260731,065741,60.727619N,24.735729E,103,23.5,355
11010,T,260731,065742,60.727680N,24.735718E,103,24.2,355
11011,T,260731,065743,60.727737N,24.735712E,104,23.0,355
11012,T,260731,065744,60.727795N,24.735703E,104,23.8,355
11013,T,260731,065745,60.727856N,24.735695E,105,24.4,355
11014,T,260731,065746,60.727917N,24.735683E,105,24.3,355
11015,T,260731,065747,60.727978N,24.735676E,105,25.0,355
11016,T,260731,065748,60.728039N,24.735666E,105,25.0,356
11017,T,260731,065749,60.728104N,24.735657E,106,24.9,355
11018,T,260731,065750,60.728168N,24.735643E,106,24.9,355
11019,T,260731,065751,60.728233N,24.735638E,106,24.6,355
11020,T,260731,065752,60.728287N,24.735630E,105,24.2,355
11021,T,260731,065753,60.728352N,24.735624E,105,24.1,355
11022,T,260731,065754,60.728413N,24.735617E,105,23.5,355
11023,T,260731,065755,60.728474N,24.735607E,105,23.6,356
11024,T,260731,065756,60.728531N,24.735598E,105,24.1,356
11025,T,260731,065757,60.728596N,24.735590E,105,24.3,356
11026,T,260731,065758,60.728657N,24.735579E,105,25.0,355
11027,T,260731,065759,60.728722N,24.735567E,105,25.1,355
11028,T,260731,065800,60.728779N,24.735556E,103,25.7,355
11029,T,260731,065801,60.728848N,24.735544E,103,25.8,355
11030,T,260731,065802,60.728912N,24.735533E,103,26.4,355
11031,T,260731,065803,60.728977N,24.735518E,103,26.8,354
11032,T,260731,065804,60.729046N,24.735502E,103,27.2,353
11033,T,260731,065805,60.729111N,24.735485E,103,27.3,353
11034,T,260731,065806,60.729179N,24.735474E,103,27.4,353
11035,T,260731,065807,60.729248N,24.735464E,103,28.1,354
11036,T,260731,065808,60.729321N,24.735456E,103,27.3,355
11037,T,260731,065809,60.729389N,24.735443E,103,27.8,355
11038,T,260731,065810,60.729462N,24.735434E,103,27.9,355
11039,T,260731,065811,60.729527N,24.735420E,102,27.9,354
11040,T,260731,065812,60.729599N,24.735403E,102,28.2,353
11041,T,260731,065813,60.729671N,24.735390E,102,28.2,354
11042,T,260731,065814,60.729740N,24.735378E,102,27.8,354
11043,T,260731,065815,60.729813N,24.735367E,102,29.2,354
11044,T,260731,065816,60.729881N,24.735352E,102,28.1,354
11045,T,260731,065817,60.729954N,24.735338E,101,28.0,354
11046,T,260731,065818,60.730019N,24.735325E,101,27.9,354
11047,T,260731,065819,60.730091N,24.735312E,101,27.9,354
11048,T,260731,065820,60.730164N,24.735296E,100,28.4,354
11049,T,260731,065821,60.730240N,24.735279E,100,28.8,354
11050,T,260731,065822,60.730316N,24.735266E,100,29.2,354
11051,T,260731,065823,60.730389N,24.735247E,100,29.3,353
11052,T,260731,065824,60.730461N,24.735228E,100,29.5,353
11053,T,260731,065825,60.730537N,24.735210E,100,29.6,353
11054,T,260731,065826,60.730610N,24.735191E,100,29.9,353
11055,T,260731,065827,60.730682N,24.735174E,99,30.0,353
11056,T,260731,065828,60.730759N,24.735155E,99,30.0,353
11057,T,260731,065829,60.730831N,24.735136E,99,29.9,353
11058,T,260731,065830,60.730904N,24.735115E,99,29.6,353
11059,T,260731,065831,60.730980N,24.735098E,99,29.5,352
11060,T,260731,065832,60.731049N,24.735079E,99,29.4,352
11061,T,260731,065833,60.731125N,24.735062E,99,29.2,352
11062,T,260731,065834,60.731197N,24.735044E,99,28.9,352
11063,T,260731,065835,60.731270N,24.735023E,99,28.8,352
11064,T,260731,065836,60.731335N,24.735006E,99,28.8,352
11065,T,260731,065837,60.731407N,24.734985E,98,29.0,352
11066,T,260731,065838,60.731480N,24.734968E,98,29.2,352
11067,T,260731,065839,60.731552N,24.734949E,98,29.2,352
11068,T,260731,065840,60.731628N,24.734930E,98,29.2,352
11069,T,260731,065841,60.731701N,24.734913E,98,29.1,352
11070,T,260731,065842,60.731770N,24.734892E,98,28.8,351
11071,T,260731,065843,60.731838N,24.734871E,98,28.7,351
11072,T,260731,065844,60.731911N,24.734848E,98,28.2,351
11073,T,260731,065845,60.731979N,24.734829E,98,27.9,351
11074,T,260731,065846,60.732048N,24.734808E,98,27.8,351
11075,T,260731,065847,60.732117N,24.734789E,98,27.4,351
11076,T,260731,065848,60.732185N,24.734768E,98,27.3,351
11077,T,260731,065849,60.732246N,24.734747E,97,26.8,351
11078,T,260731,065850,60.732315N,24.734726E,97,26.3,351
11079,T,260731,065851,60.732380N,24.734703E,97,26.2,351
11080,T,260731,065852,60.732445N,24.734684E,97,26.1,350
11081,T,260731,065853,60.732513N,24.734665E,97,25.8,350
11082,T,260731,065854,60.732571N,24.734644E,97,25.7,350
11083,T,260731,065855,60.732635N,24.734625E,97,25.0,351
11084,T,260731,065856,60.732697N,24.734604E,97,24.9,351
11085,T,260731,065857,60.732758N,24.734583E,97,24.5,350
11086,T,260731,065858,60.732815N,24.734558E,97,24.4,349
11087,T,260731,065859,60.732876N,24.734537E,97,24.4,350
11088,T,260731,065900,60.732933N,24.734520E,98,24.2,350
11089,T,260731,065901,60.732990N,24.734501E,98,24.1,350
11090,T,260731,065902,60.733051N,24.734482E,98,24.0,351
11091,T,260731,065903,60.733112N,24.734465E,98,23.4,350
11092,T,260731,065904,60.733170N,24.734444E,98,23.4,350
11093,T,260731,065905,60.733227N,24.734425E,98,23.1,349
11094,T,260731,065906,60.733280N,24.734402E,98,22.6,349
11095,T,260731,065907,60.733337N,24.734383E,98,22.6,349
11096,T,260731,065908,60.733391N,24.734364E,98,22.5,349
11097,T,260731,065909,60.733448N,24.734344E,98,22.5,350
11098,T,260731,065910,60.733501N,24.734322E,98,22.5,349
11099,T,260731,065911,60.733555N,24.734301E,98,22.5,349
11100,T,260731,065912,60.733612N,24.734280E,98,22.6,349
11101,T,260731,065913,60.733669N,24.734262E,98,22.7,350
11102,T,260731,065914,60.733723N,24.734241E,98,22.7,350
11103,T,260731,065915,60.733780N,24.734222E,98,22.7,350
11104,T,260731,065916,60.733837N,24.734200E,99,22.7,349
11105,T,260731,065917,60.733891N,24.734180E,99,22.8,349
11106,T,260731,065918,60.733952N,24.734159E,99,22.8,349
11107,T,260731,065919,60.734005N,24.734137E,99,22.1,349
11108,T,260731,065920,60.734058N,24.734116E,99,22.0,349
11109,T,260731,065921,60.734112N,24.734097E,99,22.0,349
11110,T,260731,065922,60.734169N,24.734074E,99,21.9,348
11111,T,260731,065923,60.734219N,24.734051E,99,21.8,348
11112,T,260731,065924,60.734268N,24.734028E,99,21.5,348
11113,T,260731,065925,60.734318N,24.734003E,99,21.4,348
11114,T,260731,065926,60.734367N,24.733986E,99,21.1,348
11115,T,260731,065927,60.734421N,24.733965E,99,21.0,348
11116,T,260731,065928,60.734470N,24.733944E,100,21.0,348
11117,T,260731,065929,60.734524N,24.733921E,100,21.0,348
11118,T,260731,065930,60.734577N,24.733900E,100,21.1,348
11119,T,260731,065931,60.734627N,24.733883E,100,21.2,349
11120,T,260731,065932,60.734680N,24.733862E,100,21.2,349
11121,T,260731,065933,60.734734N,24.733843E,100,21.2,349
11122,T,260731,065934,60.734783N,24.733822E,100,21.2,350
11123,T,260731,065935,60.734837N,24.733803E,100,21.5,350
11124,T,260731,065936,60.734886N,24.733784E,100,21.5,350
11125,T,260731,065937,60.734943N,24.733765E,100,21.5,350
11126,T,260731,065938,60.734997N,24.733746E,100,21.5,350
11127,T,260731,065939,60.735046N,24.733730E,100,21.6,350
11128,T,260731,065940,60.735104N,24.733709E,100,21.7,350
11129,T,260731,065941,60.735161N,24.733696E,100,21.7,350
11130,T,260731,065942,60.735210N,24.733681E,100,21.7,350
11131,T,260731,065943,60.735264N,24.733662E,100,21.8,350
11132,T,260731,065944,60.735321N,24.733643E,100,22.1,350
11133,T,260731,065945,60.735374N,24.733625E,100,22.1,350
11134,T,260731,065946,60.735432N,24.733608E,100,22.2,350
11135,T,260731,065947,60.735485N,24.733585E,100,22.7,349
11136,T,260731,065948,60.735538N,24.733566E,100,22.7,350
11137,T,260731,065949,60.735600N,24.733545E,100,23.1,349
11138,T,260731,065950,60.735657N,24.733524E,100,23.2,349
11139,T,260731,065951,60.735718N,24.733503E,100,23.3,349
11140,T,260731,065952,60.735775N,24.733482E,100,23.4,349
11141,T,260731,065953,60.735832N,24.733458E,100,23.6,348
11142,T,260731,065954,60.735893N,24.733435E,100,23.6,348
11143,T,260731,065955,60.735950N,24.733410E,100,23.7,347
11144,T,260731,065956,60.736008N,24.733383E,100,23.8,347
11145,T,260731,065957,60.736073N,24.733355E,100,23.9,346
11146,T,260731,065958,60.736130N,24.733324E,100,24.0,346
11147,T,260731,065959,60.736187N,24.733294E,100,24.0,346
11148,T,260731,070000,60.736248N,24.733265E,100,24.1,345
11149,T,260731,070001,60.736305N,24.733234E,100,24.5,345
11150,T,260731,070002,60.736362N,24.733202E,100,24.1,345
11151,T,260731,070003,60.736420N,24.733170E,100,23.5,345
11152,T,260731,070004,60.736477N,24.733137E,100,23.0,344
11153,T,260731,070005,60.736526N,24.733105E,100,22.2,343
11154,T,260731,070006,60.736580N,24.733072E,100,21.6,343
11155,T,260731,070007,60.736633N,24.733040E,100,21.5,342
11156,T,260731,070008,60.736683N,24.733006E,100,21.5,343
11157,T,260731,070009,60.736736N,24.732981E,100,21.8,344
11158,T,260731,070010,60.736794N,24.732967E,100,22.6,1
11159,T,260731,070011,60.736843N,24.732986E,100,22.6,16
11160,T,260731,070012,60.736893N,24.733025E,100,20.8,22
11161,T,260731,070013,60.736938N,24.733059E,100,20.9,21
11162,T,260731,070014,60.736992N,24.733072E,100,21.8,19
11163,T,260731,070015,60.737045N,24.733055E,100,21.8,345
11164,T,260731,070016,60.737095N,24.733015E,100,22.3,333
11165,T,260731,070017,60.737148N,24.732958E,100,23.2,326
11166,T,260731,070018,60.737198N,24.732889E,100,24.0,325
11167,T,260731,070019,60.737244N,24.732821E,100,24.0,326
11168,T,260731,070020,60.737297N,24.732756E,100,24.1,328
11169,T,260731,070021,60.737347N,24.732695E,100,24.0,330
11170,T,260731,070022,60.737400N,24.732635E,100,24.0,331
11171,T,260731,070023,60.737457N,24.732582E,100,24.1,333
11172,T,260731,070024,60.737507N,24.732529E,100,24.1,335
11173,T,260731,070025,60.737564N,24.732475E,100,24.1,336
11174,T,260731,070026,60.737617N,24.732424E,100,24.2,337
11175,T,260731,070027,60.737671N,24.732378E,100,24.1,338
11176,T,260731,070028,60.737728N,24.732336E,100,24.1,340
11177,T,260731,070029,60.737785N,24.732298E,100,24.0,341
11178,T,260731,070030,60.737843N,24.732264E,100,24.0,343
11179,T,260731,070031,60.737900N,24.732231E,100,23.9,344
11180,T,260731,070032,60.737961N,24.732201E,100,23.9,344
11181,T,260731,070033,60.738022N,24.732168E,100,23.9,345
11182,T,260731,070034,60.738079N,24.732136E,100,23.5,345
11183,T,260731,070035,60.738136N,24.732105E,100,23.4,345
11184,T,260731,070036,60.738194N,24.732077E,100,23.3,346
11185,T,260731,070037,60.738247N,24.732048E,100,23.3,346
11186,T,260731,070038,60.738304N,24.732018E,100,23.3,346
11187,T,260731,070039,60.738361N,24.731993E,100,23.4,346
11188,T,260731,070040,60.738415N,24.731964E,100,23.4,346
11189,T,260731,070041,60.738476N,24.731937E,100,23.7,347
11190,T,260731,070042,60.738533N,24.731913E,101,23.8,347
11191,T,260731,070043,60.738590N,24.731884E,101,23.9,347
11192,T,260731,070044,60.738647N,24.731859E,101,23.9,348
11193,T,260731,070045,60.738708N,24.731836E,101,24.0,348
11194,T,260731,070046,60.738770N,24.731815E,101,24.0,349
11195,T,260731,070047,60.738827N,24.731792E,101,24.1,349
11196,T,260731,070048,60.738888N,24.731766E,101,24.1,349
11197,T,260731,070049,60.738949N,24.731745E,101,24.1,349
11198,T,260731,070050,60.739002N,24.731722E,101,24.1,349
11199,T,260731,070051,60.739063N,24.731697E,101,24.0,349
11200,T,260731,070052,60.739124N,24.731676E,101,24.0,350
11201,T,260731,070053,60.739185N,24.731655E,101,24.0,350
11202,T,260731,070054,60.739243N,24.731636E,100,24.0,350
11203,T,260731,070055,60.739300N,24.731615E,100,24.1,350
11204,T,260731,070056,60.739365N,24.731594E,100,24.1,350
11205,T,260731,070057,60.739422N,24.731577E,101,24.2,351
11206,T,260731,070058,60.739479N,24.731556E,101,24.2,351
11207,T,260731,070059,60.739540N,24.731537E,101,24.1,350
11208,T,260731,070100,60.739597N,24.731516E,101,22.8,350
11209,T,260731,070101,60.739655N,24.731499E,101,23.2,350
11210,T,260731,070102,60.739712N,24.731482E,101,23.7,351
11211,T,260731,070103,60.739769N,24.731464E,102,24.1,351
11212,T,260731,070104,60.739826N,24.731443E,102,22.8,351
11213,T,260731,070105,60.739883N,24.731426E,102,23.6,351
11214,T,260731,070106,60.739941N,24.731415E,103,23.5,352
11215,T,260731,070107,60.740002N,24.731401E,103,23.5,353
11216,T,260731,070108,60.740059N,24.731390E,103,23.1,354
11217,T,260731,070109,60.740116N,24.731377E,103,24.0,354
11218,T,260731,070110,60.740177N,24.731358E,103,24.2,353
11219,T,260731,070111,60.740231N,24.731344E,104,23.4,353
11220,T,260731,070112,60.740292N,24.731327E,104,23.8,352
11221,T,260731,070113,60.740353N,24.731312E,104,23.7,352
11222,T,260731,070114,60.740410N,24.731297E,104,23.7,353
11223,T,260731,070115,60.740467N,24.731283E,104,24.0,353
11224,T,260731,070116,60.740528N,24.731270E,104,24.1,353
11225,T,260731,070117,60.740589N,24.731256E,105,24.0,353
11226,T,260731,070118,60.740646N,24.731237E,104,24.4,353
11227,T,260731,070119,60.740707N,24.731224E,104,24.4,353
11228,T,260731,070120,60.740768N,24.731207E,104,24.1,352
11229,T,260731,070121,60.740829N,24.731194E,105,23.8,353
11230,T,260731,070122,60.740887N,24.731180E,105,23.4,353
11231,T,260731,070123,60.740944N,24.731165E,105,22.7,352
11232,T,260731,070124,60.741001N,24.731150E,105,22.7,353
11233,T,260731,070125,60.741055N,24.731136E,105,22.8,353
11234,T,260731,070126,60.741112N,24.731121E,105,22.7,352
11235,T,260731,070127,60.741169N,24.731104E,105,21.9,352
11236,T,260731,070128,60.741222N,24.731089E,105,21.5,352
11237,T,260731,070129,60.741276N,24.731075E,105,21.1,352
11238,T,260731,070130,60.741329N,24.731064E,105,20.7,352
11239,T,260731,070131,60.741379N,24.731054E,105,20.2,352
11240,T,260731,070132,60.741432N,24.731035E,106,19.6,351
11241,T,260731,070133,60.741482N,24.731020E,106,19.5,351
11242,T,260731,070134,60.741528N,24.731007E,106,19.2,351
11243,T,260731,070135,60.741577N,24.730989E,106,19.0,350
11244,T,260731,070136,60.741623N,24.730974E,106,19.0,350
11245,T,260731,070137,60.741673N,24.730955E,107,19.0,350
11246,T,260731,070138,60.741714N,24.730938E,107,19.0,349
11247,T,260731,070139,60.741764N,24.730919E,107,19.0,348
11248,T,260731,070140,60.741810N,24.730896E,107,19.1,348
11249,T,260731,070141,60.741856N,24.730877E,107,19.1,347
11250,T,260731,070142,60.741905N,24.730854E,107,19.2,347
11251,T,260731,070143,60.741951N,24.730831E,108,19.3,347
11252,T,260731,070144,60.741997N,24.730808E,108,19.3,347
11253,T,260731,070145,60.742043N,24.730783E,108,18.6,346
11254,T,260731,070146,60.742088N,24.730764E,108,19.1,346
11255,T,260731,070147,60.742134N,24.730740E,108,19.4,347
11256,T,260731,070148,60.742184N,24.730719E,108,19.4,346
11257,T,260731,070149,60.742233N,24.730694E,109,19.1,346
11258,T,260731,070150,60.742279N,24.730667E,109,19.1,345
11259,T,260731,070151,60.742325N,24.730644E,109,19.1,345
11260,T,260731,070152,60.742371N,24.730619E,109,19.1,345
11261,T,260731,070153,60.742416N,24.730597E,109,19.1,345
11262,T,260731,070154,60.742462N,24.730570E,109,19.0,345
11263,T,260731,070155,60.742508N,24.730543E,110,19.1,344
11264,T,260731,070156,60.742558N,24.730516E,110,19.1,343
11265,T,260731,070157,60.742599N,24.730486E,110,19.0,343
11266,T,260731,070158,60.742645N,24.730455E,110,18.3,343
11267,T,260731,070159,60.742687N,24.730427E,110,18.4,342
11268,T,260731,070200,60.742733N,24.730394E,110,18.5,342
11269,T,260731,070201,60.742775N,24.730364E,111,18.8,342
11270,T,260731,070202,60.742821N,24.730333E,111,18.8,342
11271,T,260731,070203,60.742863N,24.730307E,111,18.3,343
11272,T,260731,070204,60.742912N,24.730280E,111,19.0,342
11273,T,260731,070205,60.742954N,24.730247E,111,19.1,342
11274,T,260731,070206,60.743000N,24.730215E,111,19.2,341
11275,T,260731,070207,60.743050N,24.730183E,111,19.1,341
11276,T,260731,070208,60.743092N,24.730150E,111,18.7,341
11277,T,260731,070209,60.743137N,24.730118E,112,18.6,340
11278,T,260731,070210,60.743179N,24.730085E,112,18.9,340
11279,T,260731,070211,60.743221N,24.730055E,112,18.1,339
11280,T,260731,070212,60.743263N,24.730022E,112,18.2,339
11281,T,260731,070213,60.743309N,24.729986E,113,18.8,339
11282,T,260731,070214,60.743351N,24.729952E,113,18.9,339
11283,T,260731,070215,60.743401N,24.729916E,114,18.9,339
11284,T,260731,070216,60.743443N,24.729881E,114,18.9,338
11285,T,260731,070217,60.743488N,24.729845E,114,18.9,338
11286,T,260731,070218,60.743530N,24.729811E,114,19.0,338
11287,T,260731,070219,60.743576N,24.729774E,114,19.0,338
11288,T,260731,070220,60.743622N,24.729738E,114,19.0,338
11289,T,260731,070221,60.743668N,24.729704E,114,19.1,339
11290,T,260731,070222,60.743713N,24.729670E,114,19.1,339
11291,T,260731,070223,60.743759N,24.729635E,114,19.1,339
11292,T,260731,070224,60.743805N,24.729601E,114,19.0,338
11293,T,260731,070225,60.743847N,24.729565E,115,19.1,338
11294,T,260731,070226,60.743893N,24.729527E,115,19.1,338
11295,T,260731,070227,60.743938N,24.729490E,115,19.1,338
11296,T,260731,070228,60.743980N,24.729456E,115,19.1,338
11297,T,260731,070229,60.744026N,24.729418E,115,19.4,338
11298,T,260731,070230,60.744076N,24.729383E,116,19.0,339
11299,T,260731,070231,60.744118N,24.729343E,116,19.0,339
11300,T,260731,070232,60.744160N,24.729305E,116,19.0,339
11301,T,260731,070233,60.744205N,24.729273E,116,19.0,339
11302,T,260731,070234,60.744251N,24.729237E,116,19.4,339
11303,T,260731,070235,60.744301N,24.729202E,117,19.5,338
11304,T,260731,070236,60.744347N,24.729170E,117,19.5,338
11305,T,260731,070237,60.744400N,24.729136E,117,19.6,338
11306,T,260731,070238,60.744450N,24.729101E,117,19.7,338
11307,T,260731,070239,60.744492N,24.729067E,117,19.8,338
11308,T,260731,070240,60.744541N,24.729033E,117,19.9,338
11309,T,260731,070241,60.744587N,24.728996E,117,20.0,339
11310,T,260731,070242,60.744637N,24.728960E,117,20.1,339
11311,T,260731,070243,60.744682N,24.728924E,117,20.2,338
11312,T,260731,070244,60.744732N,24.728884E,117,20.3,338
11313,T,260731,070245,60.744781N,24.728848E,117,20.7,338
11314,T,260731,070246,60.744827N,24.728809E,117,20.7,337
11315,T,260731,070247,60.744877N,24.728769E,117,20.7,337
11316,T,260731,070248,60.744923N,24.728731E,117,21.3,338
11317,T,260731,070249,60.744976N,24.728695E,117,20.8,337
11318,T,260731,070250,60.745026N,24.728657E,117,20.9,337
11319,T,260731,070251,60.745071N,24.728619E,117,20.9,338
11320,T,260731,070252,60.745121N,24.728582E,117,21.4,338
11321,T,260731,070253,60.745171N,24.728544E,117,21.5,339
11322,T,260731,070254,60.745224N,24.728504E,117,21.6,339
11323,T,260731,070255,60.745277N,24.728466E,117,21.8,339
11324,T,260731,070256,60.745323N,24.728428E,117,21.9,339
11325,T,260731,070257,60.745377N,24.728386E,117,22.3,339
11326,T,260731,070258,60.745434N,24.728344E,117,22.4,338
11327,T,260731,070259,60.745483N,24.728304E,117,22.5,338
11328,T,260731,070300,60.745537N,24.728262E,117,22.7,338
11329,T,260731,070301,60.745590N,24.728218E,117,23.1,339
11330,T,260731,070302,60.745647N,24.728176E,117,23.2,339
11331,T,260731,070303,60.745701N,24.728134E,117,23.3,339
11332,T,260731,070304,60.745754N,24.728090E,117,23.4,339
11333,T,260731,070305,60.745811N,24.728045E,117,23.4,339
11334,T,260731,070306,60.745869N,24.727999E,118,23.5,338
11335,T,260731,070307,60.745918N,24.727957E,118,23.6,338
11336,T,260731,070308,60.745975N,24.727913E,118,24.1,338
11337,T,260731,070309,60.746037N,24.727863E,118,24.4,338
11338,T,260731,070310,60.746094N,24.727819E,118,24.5,338
11339,T,260731,070311,60.746147N,24.727776E,118,24.5,338
11340,T,260731,070312,60.746204N,24.727730E,118,24.5,338
11341,T,260731,070313,60.746262N,24.727684E,118,24.5,338
11342,T,260731,070314,60.746315N,24.727640E,118,23.9,338
11343,T,260731,070315,60.746372N,24.727596E,117,23.8,338
11344,T,260731,070316,60.746426N,24.727552E,117,23.7,338
11345,T,260731,070317,60.746479N,24.727507E,117,23.6,338
11346,T,260731,070318,60.746532N,24.727465E,117,23.5,339
11347,T,260731,070319,60.746590N,24.727421E,117,23.4,339
11348,T,260731,070320,60.746639N,24.727377E,117,23.0,339
11349,T,260731,070321,60.746693N,24.727333E,117,23.0,339
11350,T,260731,070322,60.746750N,24.727291E,116,23.0,339
11351,T,260731,070323,60.746799N,24.727251E,116,23.2,339
11352,T,260731,070324,60.746857N,24.727207E,116,23.3,339
11353,T,260731,070325,60.746910N,24.727163E,116,23.3,338
11354,T,260731,070326,60.746964N,24.727119E,116,23.4,338
11355,T,260731,070327,60.747021N,24.727076E,116,23.5,337
11356,T,260731,070328,60.747070N,24.727032E,116,23.5,338
11357,T,260731,070329,60.747128N,24.726986E,115,24.3,338
11358,T,260731,070330,60.747189N,24.726938E,115,25.0,337
11359,T,260731,070331,60.747246N,24.726892E,115,25.5,338
11360,T,260731,070332,60.747303N,24.726849E,115,26.0,338
11361,T,260731,070333,60.747364N,24.726795E,115,26.7,338
11362,T,260731,070334,60.747429N,24.726744E,114,27.2,338
11363,T,260731,070335,60.747494N,24.726688E,114,27.8,338
11364,T,260731,070336,60.747555N,24.726639E,114,28.3,338
11365,T,260731,070337,60.747623N,24.726583E,114,28.7,339
11366,T,260731,070338,60.747692N,24.726530E,114,28.7,339
11367,T,260731,070339,60.747761N,24.726477E,113,28.6,338
11368,T,260731,070340,60.747826N,24.726423E,113,28.7,338
11369,T,260731,070341,60.747890N,24.726370E,113,28.8,338
11370,T,260731,070342,60.747959N,24.726316E,113,28.9,338
11371,T,260731,070343,60.748032N,24.726257E,113,28.9,338
11372,T,260731,070344,60.748096N,24.726204E,113,28.9,338
11373,T,260731,070345,60.748165N,24.726149E,112,28.9,338
11374,T,260731,070346,60.748234N,24.726095E,112,28.8,338
11375,T,260731,070347,60.748299N,24.726044E,112,28.8,339
11376,T,260731,070348,60.748367N,24.725994E,112,28.7,339
11377,T,260731,070349,60.748432N,24.725939E,112,28.7,339
11378,T,260731,070350,60.748501N,24.725885E,112,28.7,338
11379,T,260731,070351,60.748569N,24.725834E,112,28.7,338
11380,T,260731,070352,60.748631N,24.725777E,112,28.7,338
11381,T,260731,070353,60.748699N,24.725723E,111,28.8,338
11382,T,260731,070354,60.748768N,24.725668E,111,28.9,338
11383,T,260731,070355,60.748837N,24.725615E,111,28.9,338
11384,T,260731,070356,60.748901N,24.725559E,111,28.9,338
11385,T,260731,070357,60.748966N,24.725504E,111,28.8,338
11386,T,260731,070358,60.749035N,24.725451E,111,28.8,338
11387,T,260731,070359,60.749100N,24.725395E,111,28.7,338
11388,T,260731,070400,60.749168N,24.725344E,111,28.6,338
11389,T,260731,070401,60.749237N,24.725288E,111,28.5,338
11390,T,260731,070402,60.749298N,24.725237E,111,28.2,338
11391,T,260731,070403,60.749367N,24.725183E,111,28.2,338
11392,T,260731,070404,60.749435N,24.725134E,111,28.1,339
11393,T,260731,070405,60.749500N,24.725084E,110,28.0,339
11394,T,260731,070406,60.749569N,24.725031E,110,28.0,338
11395,T,260731,070407,60.749634N,24.724979E,110,27.9,338
11396,T,260731,070408,60.749699N,24.724932E,110,27.6,338
11397,T,260731,070409,60.749763N,24.724884E,110,27.5,338
11398,T,260731,070410,60.749828N,24.724838E,110,27.6,338
11399,T,260731,070411,60.749893N,24.724796E,109,27.5,339
11400,T,260731,070412,60.749954N,24.724749E,109,28.0,338
11401,T,260731,070413,60.750019N,24.724695E,109,28.1,338
11402,T,260731,070414,60.750088N,24.724644E,109,28.5,340
11403,T,260731,070415,60.750160N,24.724598E,109,28.7,341
11404,T,260731,070416,60.750229N,24.724556E,109,29.0,342
11405,T,260731,070417,60.750298N,24.724514E,109,29.2,343
11406,T,260731,070418,60.750362N,24.724466E,109,29.7,343
11407,T,260731,070419,60.750435N,24.724417E,109,30.0,341
11408,T,260731,070420,60.750507N,24.724361E,108,30.4,340
11409,T,260731,070421,60.750580N,24.724304E,108,30.7,339
11410,T,260731,070422,60.750648N,24.724243E,108,30.7,338
11411,T,260731,070423,60.750721N,24.724186E,108,30.8,338
11412,T,260731,070424,60.750793N,24.724133E,108,30.3,338
11413,T,260731,070425,60.750858N,24.724075E,108,30.2,338
11414,T,260731,070426,60.750931N,24.724020E,108,29.9,338
11415,T,260731,070427,60.750999N,24.723965E,107,29.8,338
11416,T,260731,070428,60.751072N,24.723906E,107,29.7,337
11417,T,260731,070429,60.751141N,24.723852E,107,29.3,338
11418,T,260731,070430,60.751209N,24.723801E,107,29.0,338
11419,T,260731,070431,60.751270N,24.723747E,107,28.6,338
11420,T,260731,070432,60.751339N,24.723696E,106,28.5,339
11421,T,260731,070433,60.751400N,24.723644E,106,28.2,338
11422,T,260731,070434,60.751465N,24.723585E,106,27.9,338
11423,T,260731,070435,60.751530N,24.723534E,106,27.5,338
11424,T,260731,070436,60.751591N,24.723478E,106,27.4,338
11425,T,260731,070437,60.751656N,24.723427E,105,27.0,338
11426,T,260731,070438,60.751720N,24.723379E,105,26.4,339
11427,T,260731,070439,60.751781N,24.723335E,105,26.0,339
11428,T,260731,070440,60.751839N,24.723286E,105,26.0,338
11429,T,260731,070441,60.751900N,24.723240E,105,26.3,339
11430,T,260731,070442,60.751961N,24.723192E,105,26.4,339
11431,T,260731,070443,60.752026N,24.723145E,104,26.8,338
11432,T,260731,070444,60.752087N,24.723097E,104,26.9,338
11433,T,260731,070445,60.752151N,24.723043E,104,27.0,338
11434,T,260731,070446,60.752216N,24.722994E,104,27.3,338
11435,T,260731,070447,60.752281N,24.722944E,104,27.4,338
11436,T,260731,070448,60.752342N,24.722897E,104,27.9,338
11437,T,260731,070449,60.752407N,24.722849E,104,28.0,339
11438,T,260731,070450,60.752476N,24.722797E,103,28.0,339
11439,T,260731,070451,60.752541N,24.722750E,103,28.2,339
11440,T,260731,070452,60.752609N,24.722700E,103,28.2,339
11441,T,260731,070453,60.752670N,24.722649E,103,28.2,338
11442,T,260731,070454,60.752739N,24.722593E,103,28.2,338
11443,T,260731,070455,60.752804N,24.722540E,103,28.1,338
11444,T,260731,070456,60.752869N,24.722486E,103,28.1,338
11445,T,260731,070457,60.752937N,24.722437E,103,28.0,338
11446,T,260731,070458,60.752998N,24.722383E,103,27.7,338
11447,T,260731,070459,60.753063N,24.722332E,103,27.3,338
11448,T,260731,070500,60.753128N,24.722284E,103,26.8,338
11449,T,260731,070501,60.753193N,24.722237E,103,26.4,339
11450,T,260731,070502,60.753246N,24.722191E,103,26.1,338
11451,T,260731,070503,60.753311N,24.722141E,103,26.0,338
11452,T,260731,070504,60.753372N,24.722095E,103,26.0,338
11453,T,260731,070505,60.753433N,24.722048E,103,26.0,338
11454,T,260731,070506,60.753490N,24.722000E,103,26.0,338
11455,T,260731,070507,60.753555N,24.721952E,103,26.0,338
11456,T,260731,070508,60.753616N,24.721903E,103,26.0,338
11457,T,260731,070509,60.753681N,24.721849E,103,26.0,338
11458,T,260731,070510,60.753738N,24.721798E,103,26.0,338
11459,T,260731,070511,60.753803N,24.721746E,103,26.0,338
11460,T,260731,070512,60.753864N,24.721697E,103,26.0,338
11461,T,260731,070513,60.753925N,24.721645E,103,26.0,338
11462,T,260731,070514,60.753983N,24.721598E,103,25.6,338
11463,T,260731,070515,60.754044N,24.721552E,103,25.6,338
11464,T,260731,070516,60.754105N,24.721506E,103,25.6,338
11465,T,260731,070517,60.754162N,24.721462E,104,25.6,338
11466,T,260731,070518,60.754219N,24.721416E,104,25.5,338
11467,T,260731,070519,60.754280N,24.721369E,104,25.4,338
11468,T,260731,070520,60.754337N,24.721319E,104,25.3,338
11469,T,260731,070521,60.754395N,24.721275E,104,25.0,338
11470,T,260731,070522,60.754456N,24.721231E,104,25.1,339
11471,T,260731,070523,60.754513N,24.721186E,104,25.2,339
11472,T,260731,070524,60.754574N,24.721140E,104,25.1,339
11473,T,260731,070525,60.754631N,24.721094E,105,24.7,338
11474,T,260731,070526,60.754688N,24.721048E,105,24.2,338
11475,T,260731,070527,60.754742N,24.721003E,105,23.8,338
11476,T,260731,070528,60.754795N,24.720961E,105,23.7,339
11477,T,260731,070529,60.754852N,24.720917E,105,23.6,338
11478,T,260731,070530,60.754910N,24.720877E,105,23.5,339
11479,T,260731,070531,60.754959N,24.720833E,105,23.0,339
11480,T,260731,070532,60.755013N,24.720787E,106,23.0,338
11481,T,260731,070533,60.755070N,24.720745E,106,22.5,338
11482,T,260731,070534,60.755119N,24.720703E,106,22.5,338
11483,T,260731,070535,60.755173N,24.720661E,106,22.2,338
11484,T,260731,070536,60.755219N,24.720619E,106,22.2,338
11485,T,260731,070537,60.755276N,24.720579E,107,22.2,338
11486,T,260731,070538,60.755329N,24.720543E,107,22.3,339
11487,T,260731,070539,60.755379N,24.720501E,107,22.4,338
11488,T,260731,070540,60.755432N,24.720455E,107,22.3,338
11489,T,260731,070541,60.755486N,24.720415E,107,22.4,338
11490,T,260731,070542,60.755535N,24.720373E,107,22.4,338
11491,T,260731,070543,60.755589N,24.720337E,107,22.0,338
11492,T,260731,070544,60.755638N,24.720297E,107,21.9,338
11493,T,260731,070545,60.755688N,24.720257E,108,21.5,339
11494,T,260731,070546,60.755737N,24.720217E,108,21.2,338
11495,T,260731,070547,60.755787N,24.720179E,108,20.8,338
11496,T,260731,070548,60.755833N,24.720142E,108,20.3,338
11497,T,260731,070549,60.755878N,24.720106E,108,19.8,338
11498,T,260731,070550,60.755924N,24.720072E,109,19.4,338
11499,T,260731,070551,60.755966N,24.720036E,109,19.2,338
11500,T,260731,070552,60.756012N,24.720003E,109,18.6,339
11501,T,260731,070553,60.756058N,24.719973E,109,18.5,339
11502,T,260731,070554,60.756100N,24.719936E,109,18.0,338
11503,T,260731,070555,60.756142N,24.719902E,109,17.9,338
11504,T,260731,070556,60.756184N,24.719866E,110,17.9,338
11505,T,260731,070557,60.756226N,24.719831E,110,17.9,337
11506,T,260731,070558,60.756268N,24.719797E,110,18.0,338
11507,T,260731,070559,60.756313N,24.719767E,110,17.9,339
11508,T,260731,070600,60.756351N,24.719736E,110,17.5,339
11509,T,260731,070601,60.756393N,24.719700E,110,17.4,338
11510,T,260731,070602,60.756432N,24.719666E,111,17.3,338
11511,T,260731,070603,60.756474N,24.719637E,111,17.0,338
11512,T,260731,070604,60.756512N,24.719604E,111,16.9,338
11513,T,260731,070605,60.756550N,24.719574E,111,16.9,338
11514,T,260731,070606,60.756588N,24.719543E,111,17.0,339
11515,T,260731,070607,60.756622N,24.719519E,112,17.0,339
11516,T,260731,070608,60.756664N,24.719488E,112,17.2,339
11517,T,260731,070609,60.756702N,24.719456E,112,17.2,338
11518,T,260731,070610,60.756744N,24.719423E,112,17.4,338
11519,T,260731,070611,60.756786N,24.719391E,112,17.5,338
11520,T,260731,070612,60.756832N,24.719357E,113,17.5,338
11521,T,260731,070613,60.756870N,24.719322E,113,17.5,339
11522,T,260731,070614,60.756912N,24.719288E,113,17.2,339
11523,T,260731,070615,60.756950N,24.719255E,113,17.2,338
11524,T,260731,070616,60.756992N,24.719225E,113,17.1,339
11525,T,260731,070617,60.757030N,24.719193E,114,17.0,339
11526,T,260731,070618,60.757072N,24.719162E,114,16.9,338
11527,T,260731,070619,60.757107N,24.719131E,114,16.7,339
11528,T,260731,070620,60.757145N,24.719103E,114,16.4,338
11529,T,260731,070621,60.757183N,24.719070E,115,16.3,338
11530,T,260731,070622,60.757221N,24.719038E,115,16.2,338
11531,T,260731,070623,60.757259N,24.719007E,115,16.2,339
11532,T,260731,070624,60.757298N,24.718975E,115,16.3,338
11533,T,260731,070625,60.757336N,24.718945E,115,16.4,339
11534,T,260731,070626,60.757374N,24.718914E,116,16.4,339
11535,T,260731,070627,60.757412N,24.718884E,116,16.8,338
11536,T,260731,070628,60.757446N,24.718851E,116,16.5,338
11537,T,260731,070629,60.757488N,24.718821E,116,16.1,338
11538,T,260731,070630,60.757523N,24.718790E,116,16.1,338
11539,T,260731,070631,60.757565N,24.718758E,117,16.1,338
11540,T,260731,070632,60.757599N,24.718725E,117,16.2,338
11541,T,260731,070633,60.757641N,24.718697E,117,16.4,338
11542,T,260731,070634,60.757679N,24.718664E,117,16.5,338
11543,T,260731,070635,60.757717N,24.718634E,117,16.6,338
11544,T,260731,070636,60.757755N,24.718603E,117,16.7,338
11545,T,260731,070637,60.757793N,24.718575E,118,16.8,338
11546,T,260731,070638,60.757832N,24.718540E,118,16.9,338
11547,T,260731,070639,60.757874N,24.718504E,118,17.0,338
11548,T,260731,070640,60.757912N,24.718472E,118,17.1,338
11549,T,260731,070641,60.757954N,24.718437E,119,17.2,339
11550,T,260731,070642,60.757992N,24.718405E,119,17.2,338
11551,T,260731,070643,60.758034N,24.718374E,119,17.3,338
11552,T,260731,070644,60.758072N,24.718344E,119,17.2,339
11553,T,260731,070645,60.758114N,24.718315E,119,17.3,338
11554,T,260731,070646,60.758156N,24.718285E,119,17.4,338
11555,T,260731,070647,60.758198N,24.718250E,119,17.5,338
11556,T,260731,070648,60.758240N,24.718218E,119,17.6,338
11557,T,260731,070649,60.758282N,24.718184E,120,17.7,338
11558,T,260731,070650,60.758320N,24.718151E,120,17.8,338
11559,T,260731,070651,60.758366N,24.718121E,120,17.9,339
11560,T,260731,070652,60.758408N,24.718088E,120,18.0,339
11561,T,260731,070653,60.758450N,24.718056E,120,18.1,339
11562,T,260731,070654,60.758492N,24.718021E,121,18.2,338
11563,T,260731,070655,60.758537N,24.717985E,121,18.4,339
11564,T,260731,070656,60.758579N,24.717955E,121,18.4,338
11565,T,260731,070657,60.758621N,24.717918E,121,18.5,338
11566,T,260731,070658,60.758663N,24.717884E,121,18.5,338
11567,T,260731,070659,60.758709N,24.717850E,121,18.6,338
11568,T,260731,070700,60.758751N,24.717815E,121,18.6,339
11569,T,260731,070701,60.758797N,24.717785E,121,18.7,339
11570,T,260731,070702,60.758839N,24.717747E,121,18.7,338
11571,T,260731,070703,60.758884N,24.717712E,121,19.2,339
11572,T,260731,070704,60.758926N,24.717676E,121,19.5,338
11573,T,260731,070705,60.758976N,24.717638E,122,19.7,338
11574,T,260731,070706,60.759022N,24.717604E,122,19.7,339
11575,T,260731,070707,60.759068N,24.717566E,122,19.7,338
11576,T,260731,070708,60.759117N,24.717527E,122,19.7,338
11577,T,260731,070709,60.759159N,24.717497E,122,19.7,339
11578,T,260731,070710,60.759205N,24.717461E,122,19.7,338
11579,T,260731,070711,60.759251N,24.717424E,122,19.7,338
11580,T,260731,070712,60.759300N,24.717390E,122,19.7,338
11581,T,260731,070713,60.759350N,24.717354E,122,19.7,338
11582,T,260731,070714,60.759392N,24.717316E,122,19.8,338
11583,T,260731,070715,60.759441N,24.717276E,122,19.9,338
11584,T,260731,070716,60.759483N,24.717239E,122,20.0,338
11585,T,260731,070717,60.759533N,24.717203E,122,20.1,338
11586,T,260731,070718,60.759579N,24.717163E,123,20.6,338
11587,T,260731,070719,60.759628N,24.717125E,123,21.0,338
11588,T,260731,070720,60.759678N,24.717085E,123,21.5,338
11589,T,260731,070721,60.759727N,24.717047E,123,21.4,338
11590,T,260731,070722,60.759777N,24.717009E,123,21.3,338
11591,T,260731,070723,60.759823N,24.716970E,123,21.4,339
11592,T,260731,070724,60.759876N,24.716928E,123,21.4,338
11593,T,260731,070725,60.759930N,24.716888E,123,21.5,338
11594,T,260731,070726,60.759975N,24.716846E,123,21.5,337
11595,T,260731,070727,60.760025N,24.716805E,124,21.5,338
11596,T,260731,070728,60.760075N,24.716764E,124,21.5,338
11597,T,260731,070729,60.760124N,24.716726E,124,21.5,338
11598,T,260731,070730,60.760178N,24.716686E,124,21.5,338
11599,T,260731,070731,60.760223N,24.716646E,124,21.4,338
11600,T,260731,070732,60.760273N,24.716606E,124,21.3,338
11601,T,260731,070733,60.760323N,24.716568E,124,21.3,338
11602,T,260731,070734,60.760372N,24.716526E,125,21.2,338
11603,T,260731,070735,60.760422N,24.716486E,125,21.1,338
11604,T,260731,070736,60.760471N,24.716444E,125,21.1,337
11605,T,260731,070737,60.760521N,24.716402E,125,21.1,337
11606,T,260731,070738,60.760567N,24.716362E,125,21.1,337
11607,T,260731,070739,60.760620N,24.716324E,125,21.1,337
11608,T,260731,070740,60.760670N,24.716284E,126,21.2,338
11609,T,260731,070741,60.760719N,24.716246E,126,21.6,339
11610,T,260731,070742,60.760769N,24.716206E,126,22.0,339
11611,T,260731,070743,60.760818N,24.716162E,126,22.4,339
11612,T,260731,070744,60.760876N,24.716116E,126,22.8,338
11613,T,260731,070745,60.760929N,24.716072E,126,22.9,337
11614,T,260731,070746,60.760979N,24.716022E,126,23.0,337
11615,T,260731,070747,60.761032N,24.715977E,126,22.8,336
11616,T,260731,070748,60.761086N,24.715931E,127,22.8,336
11617,T,260731,070749,60.761135N,24.715887E,127,22.8,337
11618,T,260731,070750,60.761192N,24.715843E,127,22.7,337
11619,T,260731,070751,60.761238N,24.715796E,127,22.8,336
11620,T,260731,070752,60.761292N,24.715746E,127,23.1,336
11621,T,260731,070753,60.761349N,24.715700E,127,23.2,336
11622,T,260731,070754,60.761398N,24.715652E,127,23.6,336
11623,T,260731,070755,60.761452N,24.715603E,127,23.7,336
11624,T,260731,070756,60.761509N,24.715553E,127,23.7,336
11625,T,260731,070757,60.761562N,24.715511E,127,23.8,336
11626,T,260731,070758,60.761620N,24.715464E,127,24.0,337
11627,T,260731,070759,60.761673N,24.715412E,127,24.4,336
11628,T,260731,070800,60.761726N,24.715363E,127,24.5,336
11629,T,260731,070801,60.761784N,24.715309E,127,24.5,335
11630,T,260731,070802,60.761841N,24.715256E,127,24.5,334
11631,T,260731,070803,60.761894N,24.715204E,127,24.5,334
11632,T,260731,070804,60.761951N,24.715151E,127,24.5,334
11633,T,260731,070805,60.762009N,24.715096E,127,24.5,334
11634,T,260731,070806,60.762058N,24.715040E,127,24.5,333
11635,T,260731,070807,60.762115N,24.714985E,127,24.4,333
11636,T,260731,070808,60.762169N,24.714930E,127,23.7,332
11637,T,260731,070809,60.762218N,24.714872E,127,23.3,332
11638,T,260731,070810,60.762272N,24.714817E,127,23.2,332
11639,T,260731,070811,60.762325N,24.714764E,127,23.0,332
11640,T,260731,070812,60.762375N,24.714716E,127,23.0,333
11641,T,260731,070813,60.762428N,24.714663E,127,23.7,333
11642,T,260731,070814,60.762482N,24.714605E,127,24.2,333
11643,T,260731,070815,60.762531N,24.714548E,127,24.6,332
11644,T,260731,070816,60.762589N,24.714485E,127,25.2,332
11645,T,260731,070817,60.762646N,24.714426E,126,25.5,332
11646,T,260731,070818,60.762699N,24.714363E,126,25.4,332
11647,T,260731,070819,60.762756N,24.714304E,126,25.0,331
11648,T,260731,070820,60.762810N,24.714239E,126,24.9,331
11649,T,260731,070821,60.762863N,24.714180E,126,24.8,331
11650,T,260731,070822,60.762917N,24.714121E,125,24.7,331
11651,T,260731,070823,60.762966N,24.714058E,125,24.6,331
11652,T,260731,070824,60.763023N,24.713999E,125,24.2,330
11653,T,260731,070825,60.763077N,24.713936E,125,24.2,330
11654,T,260731,070826,60.763126N,24.713877E,125,24.1,329
11655,T,260731,070827,60.763180N,24.713816E,124,24.2,330
11656,T,260731,070828,60.763237N,24.713755E,124,24.5,329
11657,T,260731,070829,60.763287N,24.713690E,124,24.9,329
11658,T,260731,070830,60.763344N,24.713623E,124,25.0,329
11659,T,260731,070831,60.763397N,24.713556E,123,25.7,328
11660,T,260731,070832,60.763451N,24.713486E,123,26.2,328
11661,T,260731,070833,60.763508N,24.713417E,123,26.5,328
11662,T,260731,070834,60.763569N,24.713345E,123,27.0,328
11663,T,260731,070835,60.763622N,24.713272E,122,27.1,328
11664,T,260731,070836,60.763680N,24.713198E,122,27.6,328
11665,T,260731,070837,60.763741N,24.713123E,122,28.0,328
11666,T,260731,070838,60.763802N,24.713043E,121,28.4,328
11667,T,260731,070839,60.763859N,24.712967E,121,29.0,328
11668,T,260731,070840,60.763924N,24.712889E,121,29.7,328
11669,T,260731,070841,60.763992N,24.712809E,120,30.2,328
11670,T,260731,070842,60.764061N,24.712725E,120,30.6,328
11671,T,260731,070843,60.764118N,24.712641E,120,31.5,327
11672,T,260731,070844,60.764191N,24.712549E,119,31.9,327
11673,T,260731,070845,60.764256N,24.712460E,119,32.3,326
11674,T,260731,070846,60.764324N,24.712370E,119,32.7,327
11675,T,260731,070847,60.764393N,24.712280E,118,33.2,327
11676,T,260731,070848,60.764465N,24.712187E,118,33.5,327
11677,T,260731,070849,60.764538N,24.712090E,117,33.9,326
11678,T,260731,070850,60.764603N,24.711992E,117,34.0,326
11679,T,260731,070851,60.764675N,24.711897E,116,34.4,326
11680,T,260731,070852,60.764748N,24.711802E,116,34.4,326
11681,T,260731,070853,60.764820N,24.711706E,115,34.4,326
11682,T,260731,070854,60.764893N,24.711613E,115,34.5,326
11683,T,260731,070855,60.764969N,24.711515E,114,34.6,327
11684,T,260731,070856,60.765041N,24.711424E,114,35.0,327
11685,T,260731,070857,60.765114N,24.711330E,113,35.0,327
11686,T,260731,070858,60.765186N,24.711235E,113,35.1,328
11687,T,260731,070859,60.765263N,24.711140E,112,35.1,328
11688,T,260731,070900,60.765339N,24.711046E,112,35.2,328
11689,T,260731,070901,60.765411N,24.710951E,111,35.8,328
11690,T,260731,070902,60.765488N,24.710852E,111,36.3,328
11691,T,260731,070903,60.765568N,24.710754E,110,36.8,327
11692,T,260731,070904,60.765644N,24.710655E,110,37.0,328
11693,T,260731,070905,60.765728N,24.710556E,109,37.7,328
11694,T,260731,070906,60.765808N,24.710455E,108,38.1,328
11695,T,260731,070907,60.765888N,24.710348E,108,38.5,327
11696,T,260731,070908,60.765968N,24.710243E,107,38.5,327
11697,T,260731,070909,60.766052N,24.710138E,107,38.9,328
11698,T,260731,070910,60.766132N,24.710033E,106,38.9,327
11699,T,260731,070911,60.766220N,24.709927E,106,39.3,327
11700,T,260731,070912,60.766300N,24.709818E,105,39.2,327
11701,T,260731,070913,60.766380N,24.709711E,104,39.2,327
11702,T,260731,070914,60.766464N,24.709604E,104,39.3,327
11703,T,260731,070915,60.766548N,24.709499E,103,39.3,328
11704,T,260731,070916,60.766632N,24.709396E,103,39.4,328
11705,T,260731,070917,60.766716N,24.709288E,102,39.5,328
11706,T,260731,070918,60.766800N,24.709181E,102,39.4,328
11707,T,260731,070919,60.766884N,24.709074E,101,39.4,327
11708,T,260731,070920,60.766968N,24.708965E,100,39.4,328
11709,T,260731,070921,60.767048N,24.708860E,100,39.8,328
11710,T,260731,070922,60.767136N,24.708752E,99,39.7,328
11711,T,260731,070923,60.767220N,24.708645E,99,39.4,328
11712,T,260731,070924,60.767300N,24.708536E,98,38.8,328
11713,T,260731,070925,60.767384N,24.708433E,98,38.3,328
11714,T,260731,070926,60.767464N,24.708328E,98,38.2,328
11715,T,260731,070927,60.767544N,24.708225E,97,38.1,328
11716,T,260731,070928,60.767624N,24.708126E,97,37.7,328
11717,T,260731,070929,60.767704N,24.708023E,96,37.6,327
11718,T,260731,070930,60.767780N,24.707924E,96,37.5,327
11719,T,260731,070931,60.767860N,24.707825E,96,37.4,327
11720,T,260731,070932,60.767941N,24.707724E,95,37.3,327
11721,T,260731,070933,60.768021N,24.707626E,95,37.0,328
11722,T,260731,070934,60.768097N,24.707529E,95,37.0,328
11723,T,260731,070935,60.768173N,24.707436E,94,36.3,328
11724,T,260731,070936,60.768250N,24.707340E,94,35.7,328
11725,T,260731,070937,60.768318N,24.707247E,94,35.0,328
11726,T,260731,070938,60.768394N,24.707153E,93,34.5,328
11727,T,260731,070939,60.768467N,24.707062E,93,34.2,328
11728,T,260731,070940,60.768539N,24.706968E,93,33.9,327
11729,T,260731,070941,60.768612N,24.706879E,93,33.6,327
11730,T,260731,070942,60.768684N,24.706787E,93,33.1,327
11731,T,260731,070943,60.768753N,24.706699E,93,32.4,328
11732,T,260731,070944,60.768822N,24.706615E,93,31.8,328
11733,T,260731,070945,60.768887N,24.706530E,93,31.2,327
11734,T,260731,070946,60.768951N,24.706444E,93,30.7,327
11735,T,260731,070947,60.769020N,24.706360E,93,31.1,327
11736,T,260731,070948,60.769085N,24.706278E,93,31.3,327
11737,T,260731,070949,60.769154N,24.706192E,93,31.4,327
11738,T,260731,070950,60.769218N,24.706106E,92,31.7,327
11739,T,260731,070951,60.769287N,24.706022E,92,31.8,328
11740,T,260731,070952,60.769352N,24.705936E,92,32.2,328
11741,T,260731,070953,60.769421N,24.705849E,92,32.4,328
11742,T,260731,070954,60.769489N,24.705757E,92,32.5,328
11743,T,260731,070955,60.769554N,24.705669E,92,32.5,328
11744,T,260731,070956,60.769627N,24.705582E,92,32.6,328
11745,T,260731,070957,60.769695N,24.705496E,92,32.5,328
11746,T,260731,070958,60.769764N,24.705406E,92,32.2,328
11747,T,260731,070959,60.769833N,24.705318E,92,32.1,328
11748,T,260731,071000,60.769901N,24.705231E,92,31.7,328
11749,T,260731,071001,60.769966N,24.705145E,92,31.6,328
11750,T,260731,071002,60.770031N,24.705059E,92,31.1,328
11751,T,260731,071003,60.770100N,24.704975E,92,31.0,328
11752,T,260731,071004,60.770161N,24.704891E,92,30.5,328
11753,T,260731,071005,60.770229N,24.704805E,92,30.5,328
11754,T,260731,071006,60.770290N,24.704723E,92,30.3,327
11755,T,260731,071007,60.770355N,24.704641E,92,29.9,328
11756,T,260731,071008,60.770420N,24.704559E,92,29.9,328
11757,T,260731,071009,60.770485N,24.704477E,92,29.9,328
11758,T,260731,071010,60.770542N,24.704395E,93,29.8,327
11759,T,260731,071011,60.770607N,24.704315E,93,29.7,327
11760,T,260731,071012,60.770672N,24.704235E,93,29.4,327
11761,T,260731,071013,60.770733N,24.704153E,93,29.4,327
11762,T,260731,071014,60.770790N,24.704075E,93,29.4,327
11763,T,260731,071015,60.770855N,24.703995E,93,29.3,327
11764,T,260731,071016,60.770916N,24.703913E,93,29.2,327
11765,T,260731,071017,60.770973N,24.703835E,93,29.1,327
11766,T,260731,071018,60.771034N,24.703753E,93,28.7,326
11767,T,260731,071019,60.771095N,24.703676E,93,28.6,326
11768,T,260731,071020,60.771156N,24.703594E,93,28.3,326
11769,T,260731,071021,60.771217N,24.703516E,93,28.2,327
11770,T,260731,071022,60.771271N,24.703436E,94,28.2,327
11771,T,260731,071023,60.771332N,24.703360E,94,28.1,327
11772,T,260731,071024,60.771393N,24.703281E,94,28.1,327
11773,T,260731,071025,60.771446N,24.703201E,94,28.1,327
11774,T,260731,071026,60.771507N,24.703121E,94,28.0,326
11775,T,260731,071027,60.771564N,24.703041E,94,27.9,326
11776,T,260731,071028,60.771622N,24.702963E,94,27.6,325
11777,T,260731,071029,60.771675N,24.702881E,94,27.4,325
11778,T,260731,071030,60.771732N,24.702805E,94,26.8,326
11779,T,260731,071031,60.771790N,24.702726E,94,26.7,326
11780,T,260731,071032,60.771843N,24.702650E,94,26.6,326
11781,T,260731,071033,60.771900N,24.702576E,94,26.5,326
11782,T,260731,071034,60.771954N,24.702501E,94,26.4,325
11783,T,260731,071035,60.772007N,24.702423E,94,26.4,325
11784,T,260731,071036,60.772060N,24.702349E,94,26.3,325
11785,T,260731,071037,60.772118N,24.702272E,94,25.6,325
11786,T,260731,071038,60.772167N,24.702196E,94,25.3,325
11787,T,260731,071039,60.772221N,24.702122E,94,25.2,324
11788,T,260731,071040,60.772266N,24.702047E,94,25.2,324
11789,T,260731,071041,60.772320N,24.701977E,94,25.1,324
11790,T,260731,071042,60.772373N,24.701902E,94,25.2,324
11791,T,260731,071043,60.772423N,24.701826E,94,25.5,325
11792,T,260731,071044,60.772476N,24.701752E,94,25.6,325
11793,T,260731,071045,60.772530N,24.701675E,94,25.8,325
11794,T,260731,071046,60.772579N,24.701597E,94,26.1,324
11795,T,260731,071047,60.772636N,24.701523E,94,26.2,325
11796,T,260731,071048,60.772690N,24.701445E,94,26.2,324
11797,T,260731,071049,60.772743N,24.701368E,94,26.2,325
11798,T,260731,071050,60.772797N,24.701290E,94,26.1,324
11799,T,260731,071051,60.772846N,24.701212E,94,26.1,325
11800,T,260731,071052,60.772900N,24.701134E,94,26.1,325
11801,T,260731,071053,60.772957N,24.701056E,94,26.1,325
11802,T,260731,071054,60.773006N,24.700979E,94,26.4,325
11803,T,260731,071055,60.773064N,24.700899E,95,26.5,325
11804,T,260731,071056,60.773117N,24.700817E,95,26.5,324
11805,T,260731,071057,60.773167N,24.700735E,95,26.6,324
11806,T,260731,071058,60.773228N,24.700659E,95,26.6,324
11807,T,260731,071059,60.773281N,24.700581E,95,26.6,324
11808,T,260731,071100,60.773335N,24.700502E,95,26.7,324
11809,T,260731,071101,60.773392N,24.700424E,95,26.7,324
11810,T,260731,071102,60.773445N,24.700346E,95,26.7,324
11811,T,260731,071103,60.773499N,24.700268E,95,26.7,324
11812,T,260731,071104,60.773552N,24.700191E,95,26.7,325
11813,T,260731,071105,60.773609N,24.700113E,95,26.6,325
11814,T,260731,071106,60.773659N,24.700033E,95,26.2,324
11815,T,260731,071107,60.773712N,24.699953E,95,26.2,324
11816,T,260731,071108,60.773769N,24.699877E,95,26.1,324
11817,T,260731,071109,60.773819N,24.699797E,95,26.1,324
11818,T,260731,071110,60.773876N,24.699722E,95,26.1,325
11819,T,260731,071111,60.773930N,24.699646E,95,25.7,324
11820,T,260731,071112,60.773979N,24.699570E,95,25.6,324
11821,T,260731,071113,60.774033N,24.699495E,95,25.5,325
11822,T,260731,071114,60.774082N,24.699425E,95,25.2,325
11823,T,260731,071115,60.774136N,24.699350E,95,25.1,325
11824,T,260731,071116,60.774189N,24.699280E,95,25.1,326
11825,T,260731,071117,60.774239N,24.699217E,95,25.0,327
11826,T,260731,071118,60.774296N,24.699148E,95,25.0,328
11827,T,260731,071119,60.774349N,24.699078E,95,25.0,329
11828,T,260731,071120,60.774399N,24.699015E,95,25.0,328
11829,T,260731,071121,60.774456N,24.698944E,95,25.0,327
11830,T,260731,071122,60.774509N,24.698874E,95,25.0,326
11831,T,260731,071123,60.774559N,24.698805E,96,25.0,326
11832,T,260731,071124,60.774612N,24.698734E,96,25.0,325
11833,T,260731,071125,60.774670N,24.698658E,96,25.1,324
11834,T,260731,071126,60.774719N,24.698584E,96,25.1,324
11835,T,260731,071127,60.774769N,24.698517E,96,24.2,324
11836,T,260731,071128,60.774818N,24.698444E,96,24.3,324
11837,T,260731,071129,60.774872N,24.698376E,96,24.3,325
11838,T,260731,071130,60.774921N,24.698303E,96,24.2,325
11839,T,260731,071131,60.774967N,24.698233E,96,24.3,325
11840,T,260731,071132,60.775017N,24.698158E,96,24.2,324
11841,T,260731,071133,60.775063N,24.698086E,96,24.2,324
11842,T,260731,071134,60.775112N,24.698015E,96,24.1,324
11843,T,260731,071135,60.775162N,24.697943E,96,23.7,323
11844,T,260731,071136,60.775204N,24.697866E,96,23.4,322
11845,T,260731,071137,60.775249N,24.697792E,96,23.0,321
11846,T,260731,071138,60.775291N,24.697718E,96,22.7,320
11847,T,260731,071139,60.775337N,24.697643E,96,22.6,320
11848,T,260731,071140,60.775379N,24.697571E,96,22.6,321
11849,T,260731,071141,60.775429N,24.697502E,96,22.6,322
11850,T,260731,071142,60.775471N,24.697433E,96,22.6,323
11851,T,260731,071143,60.775520N,24.697367E,96,22.6,324
11852,T,260731,071144,60.775562N,24.697302E,96,22.7,325
11853,T,260731,071145,60.775608N,24.697235E,96,22.7,325
11854,T,260731,071146,60.775658N,24.697168E,97,22.8,325
11855,T,260731,071147,60.775703N,24.697102E,97,22.8,324
11856,T,260731,071148,60.775753N,24.697037E,97,22.3,324
11857,T,260731,071149,60.775795N,24.696972E,97,22.2,324
11858,T,260731,071150,60.775841N,24.696903E,97,22.1,324
11859,T,260731,071151,60.775887N,24.696838E,97,22.2,324
11860,T,260731,071152,60.775932N,24.696772E,97,22.1,324
11861,T,260731,071153,60.775974N,24.696707E,97,22.1,325
11862,T,260731,071154,60.776024N,24.696640E,97,22.5,324
11863,T,260731,071155,60.776073N,24.696571E,97,22.9,324
11864,T,260731,071156,60.776115N,24.696505E,97,23.2,324
11865,T,260731,071157,60.776165N,24.696436E,97,23.1,325
11866,T,260731,071158,60.776211N,24.696363E,97,23.0,325
11867,T,260731,071159,60.776260N,24.696295E,97,23.0,325
11868,T,260731,071200,60.776306N,24.696224E,97,23.0,325
11869,T,260731,071201,60.776360N,24.696152E,98,23.5,325
11870,T,260731,071202,60.776409N,24.696083E,98,23.5,325
11871,T,260731,071203,60.776455N,24.696014E,98,23.5,325
11872,T,260731,071204,60.776505N,24.695944E,98,23.6,325
11873,T,260731,071205,60.776550N,24.695875E,98,24.0,325
11874,T,260731,071206,60.776600N,24.695801E,98,24.1,324
11875,T,260731,071207,60.776653N,24.695732E,98,24.1,325
11876,T,260731,071208,60.776699N,24.695663E,97,23.2,325
11877,T,260731,071209,60.776749N,24.695599E,97,22.4,325
11878,T,260731,071210,60.776791N,24.695532E,98,22.4,325
11879,T,260731,071211,60.776840N,24.695463E,98,22.7,324
11880,T,260731,071212,60.776882N,24.695396E,98,22.8,324
11881,T,260731,071213,60.776932N,24.695328E,97,23.2,325
11882,T,260731,071214,60.776981N,24.695257E,98,23.5,325
11883,T,260731,071215,60.777031N,24.695187E,98,23.8,325
11884,T,260731,071216,60.777081N,24.695114E,98,24.2,324
11885,T,260731,071217,60.777126N,24.695038E,98,24.5,324
11886,T,260731,071218,60.777176N,24.694963E,98,24.6,324
11887,T,260731,071219,60.777229N,24.694887E,98,25.0,324
11888,T,260731,071220,60.777279N,24.694815E,98,25.0,324
11889,T,260731,071221,60.777328N,24.694736E,98,25.1,324
11890,T,260731,071222,60.777382N,24.694664E,98,25.1,324
11891,T,260731,071223,60.777431N,24.694590E,98,25.3,324
11892,T,260731,071224,60.777489N,24.694515E,98,25.8,324
11893,T,260731,071225,60.777542N,24.694443E,98,25.9,324
11894,T,260731,071226,60.777599N,24.694366E,98,25.9,324
11895,T,260731,071227,60.777653N,24.694290E,98,25.9,324
11896,T,260731,071228,60.777702N,24.694216E,98,25.9,325
11897,T,260731,071229,60.777760N,24.694139E,98,25.9,324
11898,T,260731,071230,60.777813N,24.694063E,98,25.9,324
11899,T,260731,071231,60.777863N,24.693987E,98,26.2,325
11900,T,260731,071232,60.777920N,24.693911E,98,26.6,325
11901,T,260731,071233,60.777977N,24.693832E,97,27.0,325
11902,T,260731,071234,60.778030N,24.693752E,97,27.0,325
11903,T,260731,071235,60.778088N,24.693672E,97,27.2,325
11904,T,260731,071236,60.778145N,24.693592E,97,27.3,324
11905,T,260731,071237,60.778198N,24.693508E,97,27.4,324
11906,T,260731,071238,60.778255N,24.693426E,97,27.5,324
11907,T,260731,071239,60.778313N,24.693346E,97,27.5,324
11908,T,260731,071240,60.778370N,24.693268E,97,27.5,324
11909,T,260731,071241,60.778423N,24.693188E,97,27.1,324
11910,T,260731,071242,60.778481N,24.693110E,97,27.0,324
11911,T,260731,071243,60.778538N,24.693027E,97,27.0,324
11912,T,260731,071244,60.778591N,24.692949E,97,27.0,324
11913,T,260731,071245,60.778648N,24.692875E,97,27.1,324
11914,T,260731,071246,60.778706N,24.692797E,97,27.1,325
11915,T,260731,071247,60.778759N,24.692717E,97,27.1,325
11916,T,260731,071248,60.778816N,24.692636E,97,27.1,325
11917,T,260731,071249,60.778873N,24.692558E,97,27.1,324
11918,T,260731,071250,60.778923N,24.692480E,98,27.1,325
11919,T,260731,071251,60.778980N,24.692398E,98,27.1,324
11920,T,260731,071252,60.779041N,24.692320E,98,27.1,324
11921,T,260731,071253,60.779095N,24.692240E,97,27.5,324
11922,T,260731,071254,60.779152N,24.692158E,97,27.5,324
11923,T,260731,071255,60.779209N,24.692076E,97,27.5,324
11924,T,260731,071256,60.779259N,24.691998E,97,27.2,324
11925,T,260731,071257,60.779316N,24.691919E,97,26.4,325
11926,T,260731,071258,60.779369N,24.691847E,97,25.5,325
11927,T,260731,071259,60.779419N,24.691772E,97,25.0,324
11928,T,260731,071300,60.779472N,24.691700E,97,24.8,325
11929,T,260731,071301,60.779518N,24.691626E,97,24.9,325
11930,T,260731,071302,60.779572N,24.691551E,97,25.2,324
11931,T,260731,071303,60.779625N,24.691477E,97,25.4,324
11932,T,260731,071304,60.779675N,24.691402E,97,25.9,324
11933,T,260731,071305,60.779728N,24.691324E,97,26.2,324
11934,T,260731,071306,60.779785N,24.691246E,97,26.6,324
11935,T,260731,071307,60.779839N,24.691168E,97,26.8,324
11936,T,260731,071308,60.779892N,24.691088E,97,27.1,324
11937,T,260731,071309,60.779953N,24.691008E,97,27.2,324
11938,T,260731,071310,60.780006N,24.690928E,97,27.5,325
11939,T,260731,071311,60.780064N,24.690845E,97,27.6,325
11940,T,260731,071312,60.780121N,24.690763E,97,28.0,324
11941,T,260731,071313,60.780174N,24.690680E,97,28.1,324
11942,T,260731,071314,60.780235N,24.690598E,97,28.1,324
11943,T,260731,071315,60.780293N,24.690516E,97,28.0,324
11944,T,260731,071316,60.780354N,24.690434E,97,28.1,324
11945,T,260731,071317,60.780407N,24.690350E,97,28.1,324
11946,T,260731,071318,60.780464N,24.690268E,97,28.1,324
11947,T,260731,071319,60.780525N,24.690186E,97,28.1,324
11948,T,260731,071320,60.780579N,24.690104E,97,28.1,324
11949,T,260731,071321,60.780640N,24.690022E,97,28.1,324
11950,T,260731,071322,60.780697N,24.689938E,97,28.1,324
11951,T,260731,071323,60.780750N,24.689856E,97,28.1,324
11952,T,260731,071324,60.780807N,24.689770E,97,28.1,324
11953,T,260731,071325,60.780872N,24.689688E,97,28.1,324
11954,T,260731,071326,60.780930N,24.689604E,97,28.2,325
11955,T,260731,071327,60.780983N,24.689524E,97,28.2,325
11956,T,260731,071328,60.781044N,24.689440E,97,28.6,325
11957,T,260731,071329,60.781101N,24.689356E,97,28.6,324
11958,T,260731,071330,60.781158N,24.689270E,97,28.6,324
11959,T,260731,071331,60.781219N,24.689188E,97,28.5,325
11960,T,260731,071332,60.781277N,24.689106E,97,28.5,324
11961,T,260731,071333,60.781338N,24.689022E,97,28.5,324
11962,T,260731,071334,60.781391N,24.688938E,97,28.4,324
11963,T,260731,071335,60.781452N,24.688856E,97,28.4,324
11964,T,260731,071336,60.781509N,24.688772E,97,28.3,324
11965,T,260731,071337,60.781567N,24.688690E,97,28.3,324
11966,T,260731,071338,60.781624N,24.688608E,97,28.2,324
11967,T,260731,071339,60.781685N,24.688526E,97,28.2,324
11968,T,260731,071340,60.781738N,24.688444E,97,27.9,324
11969,T,260731,071341,60.781799N,24.688362E,98,27.6,324
11970,T,260731,071342,60.781853N,24.688282E,98,27.2,325
11971,T,260731,071343,60.781906N,24.688204E,98,26.9,325
11972,T,260731,071344,60.781963N,24.688124E,98,26.3,325
11973,T,260731,071345,60.782017N,24.688047E,98,26.0,325
11974,T,260731,071346,60.782070N,24.687969E,98,25.8,324
11975,T,260731,071347,60.782120N,24.687897E,98,25.5,324
11976,T,260731,071348,60.782173N,24.687820E,98,25.5,324
11977,T,260731,071349,60.782227N,24.687744E,98,25.6,324
11978,T,260731,071350,60.782280N,24.687668E,98,25.7,324
11979,T,260731,071351,60.782333N,24.687592E,98,26.0,325
11980,T,260731,071352,60.782383N,24.687515E,99,26.1,325
11981,T,260731,071353,60.782440N,24.687437E,99,26.0,324
11982,T,260731,071354,60.782490N,24.687365E,99,25.9,325
11983,T,260731,071355,60.782539N,24.687286E,99,25.5,324
11984,T,260731,071356,60.782593N,24.687208E,99,25.4,324
11985,T,260731,071357,60.782639N,24.687134E,99,25.1,324
11986,T,260731,071358,60.782692N,24.687061E,99,25.0,325
11987,T,260731,071359,60.782745N,24.686989E,99,24.9,325
11988,T,260731,071400,60.782795N,24.686916E,99,24.9,325
11989,T,260731,071401,60.782848N,24.686840E,99,25.0,324
11990,T,260731,071402,60.782894N,24.686764E,100,25.1,324
11991,T,260731,071403,60.782948N,24.686689E,100,25.1,324
11992,T,260731,071404,60.783001N,24.686617E,100,25.2,324
11993,T,260731,071405,60.783051N,24.686543E,100,25.2,324
11994,T,260731,071406,60.783100N,24.686464E,100,25.2,324
11995,T,260731,071407,60.783154N,24.686390E,100,25.3,324
11996,T,260731,071408,60.783203N,24.686314E,100,25.7,324
11997,T,260731,071409,60.783260N,24.686235E,100,25.8,324
11998,T,260731,071410,60.783314N,24.686157E,100,26.2,324
11999,T,260731,071411,60.783363N,24.686083E,100,26.5,324
12000,T,260731,071412,60.783421N,24.686003E,100,26.6,324
12001,T,260731,071413,60.783478N,24.685925E,100,26.6,325
12002,T,260731,071414,60.783527N,24.685844E,100,26.7,324
12003,T,260731,071415,60.783585N,24.685764E,100,26.1,324
12004,T,260731,071416,60.783634N,24.685692E,100,25.6,325
12005,T,260731,071417,60.783688N,24.685617E,100,25.3,325
12006,T,260731,071418,60.783741N,24.685543E,100,24.9,325
12007,T,260731,071419,60.783791N,24.685467E,100,24.5,324
12008,T,260731,071420,60.783840N,24.685394E,100,24.4,324
12009,T,260731,071421,60.783890N,24.685322E,100,24.3,324
12010,T,260731,071422,60.783939N,24.685249E,100,24.9,324
12011,T,260731,071423,60.783993N,24.685179E,100,25.4,325
12012,T,260731,071424,60.784042N,24.685104E,100,25.4,325
12013,T,260731,071425,60.784100N,24.685028E,100,25.9,325
12014,T,260731,071426,60.784153N,24.684954E,100,26.0,325
12015,T,260731,071427,60.784206N,24.684877E,100,26.1,325
12016,T,260731,071428,60.784260N,24.684801E,100,26.4,324
12017,T,260731,071429,60.784317N,24.684725E,100,26.4,324
12018,T,260731,071430,60.784367N,24.684649E,100,26.3,325
12019,T,260731,071431,60.784424N,24.684572E,100,26.3,325
12020,T,260731,071432,60.784481N,24.684496E,100,26.2,325
12021,T,260731,071433,60.784531N,24.684420E,99,26.2,325
12022,T,260731,071434,60.784588N,24.684340E,99,26.2,324
12023,T,260731,071435,60.784645N,24.684261E,100,26.2,324
12024,T,260731,071436,60.784698N,24.684183E,100,26.2,324
12025,T,260731,071437,60.784752N,24.684107E,100,26.2,324
12026,T,260731,071438,60.784805N,24.684032E,100,26.1,324
12027,T,260731,071439,60.784859N,24.683956E,100,26.1,325
12028,T,260731,071440,60.784912N,24.683882E,100,26.1,325
12029,T,260731,071441,60.784969N,24.683805E,100,26.1,325
12030,T,260731,071442,60.785019N,24.683727E,100,26.1,324
12031,T,260731,071443,60.785072N,24.683653E,100,26.1,324
12032,T,260731,071444,60.785130N,24.683577E,100,26.1,324
12033,T,260731,071445,60.785179N,24.683500E,100,26.1,324
12034,T,260731,071446,60.785233N,24.683424E,99,26.1,324
12035,T,260731,071447,60.785290N,24.683344E,100,26.2,325
12036,T,260731,071448,60.785339N,24.683270E,100,26.3,325
12037,T,260731,071449,60.785397N,24.683191E,100,26.3,324
12038,T,260731,071450,60.785446N,24.683117E,100,26.3,324
12039,T,260731,071451,60.785500N,24.683039E,100,26.0,324
12040,T,260731,071452,60.785557N,24.682962E,100,25.9,324
12041,T,260731,071453,60.785606N,24.682886E,100,25.8,324
12042,T,260731,071454,60.785660N,24.682810E,100,25.7,324
12043,T,260731,071455,60.785713N,24.682735E,100,25.4,324
12044,T,260731,071456,60.785759N,24.682665E,100,24.8,325
12045,T,260731,071457,60.785812N,24.682592E,100,24.7,325
12046,T,260731,071458,60.785858N,24.682522E,100,24.8,325
12047,T,260731,071459,60.785912N,24.682447E,100,24.9,325
12048,T,260731,071500,60.785965N,24.682377E,100,25.3,324
12049,T,260731,071501,60.786015N,24.682301E,100,25.4,324
12050,T,260731,071502,60.786068N,24.682226E,100,25.5,324
12051,T,260731,071503,60.786121N,24.682152E,100,25.5,324
12052,T,260731,071504,60.786171N,24.682076E,100,25.5,324
12053,T,260731,071505,60.786224N,24.682001E,100,25.4,324
12054,T,260731,071506,60.786278N,24.681931E,100,25.0,325
12055,T,260731,071507,60.786327N,24.681858E,100,24.9,324
12056,T,260731,071508,60.786377N,24.681784E,100,24.9,324
12057,T,260731,071509,60.786427N,24.681713E,100,24.8,325
12058,T,260731,071510,60.786476N,24.681641E,101,24.9,324
12059,T,260731,071511,60.786530N,24.681568E,101,24.9,325
12060,T,260731,071512,60.786579N,24.681494E,101,24.9,324
12061,T,260731,071513,60.786633N,24.681419E,101,24.9,324
12062,T,260731,071514,60.786678N,24.681349E,101,24.9,324
12063,T,260731,071515,60.786728N,24.681276E,101,24.5,324
12064,T,260731,071516,60.786781N,24.681202E,101,24.5,324
12065,T,260731,071517,60.786831N,24.681129E,101,24.6,325
12066,T,260731,071518,60.786884N,24.681055E,101,24.6,324
12067,T,260731,071519,60.786934N,24.680984E,101,24.7,324
12068,T,260731,071520,60.786983N,24.680908E,101,25.1,325
12069,T,260731,071521,60.787037N,24.680836E,101,25.2,324
12070,T,260731,071522,60.787086N,24.680759E,101,25.2,324
12071,T,260731,071523,60.787140N,24.680683E,102,25.4,324
12072,T,260731,071524,60.787193N,24.680611E,102,25.5,325
12073,T,260731,071525,60.787243N,24.680536E,102,25.5,325
12074,T,260731,071526,60.787296N,24.680462E,102,25.5,325
12075,T,260731,071527,60.787354N,24.680384E,102,25.0,324
12076,T,260731,071528,60.787399N,24.680313E,102,24.7,324
12077,T,260731,071529,60.787453N,24.680241E,102,24.6,324
12078,T,260731,071530,60.787498N,24.680168E,102,24.2,324
12079,T,260731,071531,60.787552N,24.680098E,102,24.2,325
12080,T,260731,071532,60.787601N,24.680029E,102,24.2,325
12081,T,260731,071533,60.787647N,24.679958E,102,24.2,325
12082,T,260731,071534,60.787701N,24.679886E,102,24.4,325
12083,T,260731,071535,60.787750N,24.679815E,102,24.5,324
12084,T,260731,071536,60.787800N,24.679743E,102,24.6,325
12085,T,260731,071537,60.787853N,24.679670E,102,24.7,325
12086,T,260731,071538,60.787903N,24.679596E,102,24.8,325
12087,T,260731,071539,60.787956N,24.679522E,102,24.9,324
12088,T,260731,071540,60.788006N,24.679445E,102,25.0,324
12089,T,260731,071541,60.788055N,24.679373E,103,25.0,324
12090,T,260731,071542,60.788109N,24.679298E,103,25.0,324
12091,T,260731,071543,60.788158N,24.679226E,103,25.0,325
12092,T,260731,071544,60.788208N,24.679153E,103,25.0,325
12093,T,260731,071545,60.788261N,24.679077E,103,25.0,325
12094,T,260731,071546,60.788311N,24.679005E,103,25.5,325
12095,T,260731,071547,60.788364N,24.678930E,103,25.5,324
12096,T,260731,071548,60.788418N,24.678856E,103,25.4,324
12097,T,260731,071549,60.788467N,24.678780E,103,25.4,325
12098,T,260731,071550,60.788521N,24.678703E,103,25.3,324
12099,T,260731,071551,60.788567N,24.678631E,103,25.3,324
12100,T,260731,071552,60.788624N,24.678556E,103,25.3,325
12101,T,260731,071553,60.788677N,24.678484E,103,25.2,325
12102,T,260731,071554,60.788727N,24.678411E,103,25.3,325
12103,T,260731,071555,60.788780N,24.678337E,103,25.3,325
12104,T,260731,071556,60.788834N,24.678265E,103,25.4,325
12105,T,260731,071557,60.788883N,24.678188E,103,25.5,325
12106,T,260731,071558,60.788940N,24.678108E,104,26.0,325
12107,T,260731,071559,60.788994N,24.678034E,104,26.0,325
12108,T,260731,071600,60.789043N,24.677956E,104,26.4,325
12109,T,260731,071601,60.789101N,24.677876E,104,26.4,325
12110,T,260731,071602,60.789150N,24.677799E,104,26.4,325
12111,T,260731,071603,60.789207N,24.677723E,104,26.4,325
12112,T,260731,071604,60.789261N,24.677645E,104,26.4,324
12113,T,260731,071605,60.789314N,24.677565E,104,26.5,324
12114,T,260731,071606,60.789368N,24.677485E,104,26.5,324
12115,T,260731,071607,60.789425N,24.677408E,104,26.6,325
12116,T,260731,071608,60.789478N,24.677332E,104,26.7,325
12117,T,260731,071609,60.789536N,24.677254E,104,26.8,324
12118,T,260731,071610,60.789593N,24.677176E,104,26.8,324
12119,T,260731,071611,60.789642N,24.677097E,104,26.8,324
12120,T,260731,071612,60.789700N,24.677025E,104,26.8,325
12121,T,260731,071613,60.789757N,24.676945E,104,26.7,324
12122,T,260731,071614,60.789806N,24.676867E,104,26.7,324
12123,T,260731,071615,60.789864N,24.676788E,104,26.8,324
12124,T,260731,071616,60.789921N,24.676710E,104,26.8,324
12125,T,260731,071617,60.789970N,24.676630E,104,26.8,324
12126,T,260731,071618,60.790028N,24.676550E,104,26.8,324
12127,T,260731,071619,60.790081N,24.676468E,104,27.2,324
12128,T,260731,071620,60.790134N,24.676386E,104,26.8,324
12129,T,260731,071621,60.790192N,24.676306E,104,26.8,324
12130,T,260731,071622,60.790245N,24.676228E,104,26.7,324
12131,T,260731,071623,60.790298N,24.676147E,104,26.7,324
12132,T,260731,071624,60.790352N,24.676069E,104,26.6,324
12133,T,260731,071625,60.790409N,24.675989E,104,26.6,324
12134,T,260731,071626,60.790462N,24.675913E,104,26.6,324
12135,T,260731,071627,60.790516N,24.675835E,104,26.6,324
12136,T,260731,071628,60.790573N,24.675756E,104,26.6,324
12137,T,260731,071629,60.790623N,24.675680E,104,26.6,325
12138,T,260731,071630,60.790680N,24.675604E,104,26.5,324
12139,T,260731,071631,60.790733N,24.675524E,104,26.5,324
12140,T,260731,071632,60.790783N,24.675444E,104,26.4,324
12141,T,260731,071633,60.790840N,24.675365E,104,26.4,324
12142,T,260731,071634,60.790894N,24.675291E,104,26.3,324
12143,T,260731,071635,60.790947N,24.675213E,104,26.4,324
12144,T,260731,071636,60.791000N,24.675137E,104,26.5,325
12145,T,260731,071637,60.791058N,24.675060E,104,26.8,325
12146,T,260731,071638,60.791111N,24.674982E,103,26.8,325
12147,T,260731,071639,60.791164N,24.674904E,103,26.7,325
12148,T,260731,071640,60.791222N,24.674822E,103,26.8,325
12149,T,260731,071641,60.791271N,24.674740E,103,27.2,324
12150,T,260731,071642,60.791328N,24.674658E,103,27.5,324
12151,T,260731,071643,60.791386N,24.674576E,103,28.0,324
12152,T,260731,071644,60.791443N,24.674494E,103,28.5,324
12153,T,260731,071645,60.791500N,24.674410E,102,28.5,324
12154,T,260731,071646,60.791561N,24.674326E,102,28.6,325
12155,T,260731,071647,60.791618N,24.674246E,102,28.3,325
12156,T,260731,071648,60.791679N,24.674164E,102,28.2,325
12157,T,260731,071649,60.791740N,24.674082E,101,28.2,325
12158,T,260731,071650,60.791798N,24.673998E,101,28.2,324
12159,T,260731,071651,60.791851N,24.673916E,101,28.3,324
12160,T,260731,071652,60.791912N,24.673830E,101,28.7,324
12161,T,260731,071653,60.791973N,24.673746E,100,28.8,324
12162,T,260731,071654,60.792030N,24.673662E,100,29.2,325
12163,T,260731,071655,60.792088N,24.673576E,100,29.5,325
12164,T,260731,071656,60.792152N,24.673489E,99,29.9,325
12165,T,260731,071657,60.792213N,24.673401E,99,30.2,324
12166,T,260731,071658,60.792274N,24.673309E,99,30.7,324
12167,T,260731,071659,60.792339N,24.673218E,98,31.1,324
12168,T,260731,071700,60.792404N,24.673124E,98,31.5,324
12169,T,260731,071701,60.792473N,24.673031E,97,32.0,325
12170,T,260731,071702,60.792538N,24.672935E,97,32.1,325
12171,T,260731,071703,60.792603N,24.672838E,97,32.2,324
12172,T,260731,071704,60.792671N,24.672745E,96,32.6,324
12173,T,260731,071705,60.792740N,24.672647E,96,32.7,324
12174,T,260731,071706,60.792809N,24.672552E,96,32.9,324
12175,T,260731,071707,60.792877N,24.672455E,95,33.0,324
12176,T,260731,071708,60.792938N,24.672354E,95,33.0,324
12177,T,260731,071709,60.793007N,24.672255E,95,33.0,324
12178,T,260731,071710,60.793076N,24.672153E,95,33.1,324
12179,T,260731,071711,60.793144N,24.672058E,94,33.0,325
12180,T,260731,071712,60.793209N,24.671963E,94,32.7,325
12181,T,260731,071713,60.793282N,24.671864E,94,32.6,325
12182,T,260731,071714,60.793343N,24.671766E,94,32.5,324
12183,T,260731,071715,60.793407N,24.671671E,94,32.0,324
12184,T,260731,071716,60.793472N,24.671576E,94,31.6,324
12185,T,260731,071717,60.793541N,24.671484E,94,31.0,324
12186,T,260731,071718,60.793598N,24.671392E,94,30.3,324
12187,T,260731,071719,60.793659N,24.671305E,94,30.0,324
12188,T,260731,071720,60.793720N,24.671215E,94,29.5,325
12189,T,260731,071721,60.793781N,24.671131E,94,29.0,325
12190,T,260731,071722,60.793839N,24.671045E,94,28.5,325
12191,T,260731,071723,60.793896N,24.670961E,94,28.2,324
12192,T,260731,071724,60.793953N,24.670877E,94,27.7,324
12193,T,260731,071725,60.794006N,24.670797E,93,27.3,324
12194,T,260731,071726,60.794064N,24.670717E,93,26.8,324
12195,T,260731,071727,60.794121N,24.670637E,93,26.8,324
12196,T,260731,071728,60.794170N,24.670559E,93,26.8,324
12197,T,260731,071729,60.794228N,24.670481E,93,27.2,324
12198,T,260731,071730,60.794285N,24.670401E,93,27.3,324
12199,T,260731,071731,60.794338N,24.670322E,93,27.9,324
12200,T,260731,071732,60.794395N,24.670240E,93,28.2,324
12201,T,260731,071733,60.794453N,24.670156E,93,28.3,324
12202,T,260731,071734,60.794514N,24.670074E,94,28.4,324
12203,T,260731,071735,60.794567N,24.669991E,94,28.5,325
12204,T,260731,071736,60.794628N,24.669909E,93,28.9,325
12205,T,260731,071737,60.794689N,24.669825E,93,29.0,325
12206,T,260731,071738,60.794746N,24.669739E,93,29.1,324
12207,T,260731,071739,60.794807N,24.669655E,93,29.2,325
12208,T,260731,071740,60.794868N,24.669567E,93,29.3,324
12209,T,260731,071741,60.794930N,24.669481E,93,29.3,324
12210,T,260731,071742,60.794987N,24.669395E,93,29.3,324
12211,T,260731,071743,60.795048N,24.669310E,93,29.4,325
12212,T,260731,071744,60.795113N,24.669224E,93,29.4,325
12213,T,260731,071745,60.795174N,24.669138E,93,29.4,325
12214,T,260731,071746,60.795231N,24.669052E,93,29.4,325
12215,T,260731,071747,60.795292N,24.668964E,93,29.4,324
12216,T,260731,071748,60.795353N,24.668877E,93,29.4,324
12217,T,260731,071749,60.795406N,24.668793E,93,29.4,324
12218,T,260731,071750,60.795471N,24.668703E,93,29.5,324
12219,T,260731,071751,60.795532N,24.668619E,93,29.8,325
12220,T,260731,071752,60.795593N,24.668533E,93,29.9,325
12221,T,260731,071753,60.795654N,24.668444E,93,30.0,324
12222,T,260731,071754,60.795715N,24.668356E,93,30.0,324
12223,T,260731,071755,60.795776N,24.668266E,93,30.0,324
12224,T,260731,071756,60.795841N,24.668179E,93,29.9,324
12225,T,260731,071757,60.795898N,24.668091E,93,29.9,324
12226,T,260731,071758,60.795959N,24.668003E,93,30.0,325
12227,T,260731,071759,60.796021N,24.667915E,93,30.0,325
12228,T,260731,071800,60.796085N,24.667826E,93,30.1,325
12229,T,260731,071801,60.796146N,24.667736E,93,30.2,325
12230,T,260731,071802,60.796207N,24.667650E,93,30.5,325
12231,T,260731,071803,60.796272N,24.667559E,93,30.6,324
12232,T,260731,071804,60.796337N,24.667465E,93,30.7,324
12233,T,260731,071805,60.796398N,24.667374E,93,31.0,324
12234,T,260731,071806,60.796459N,24.667282E,93,31.1,324
12235,T,260731,071807,60.796528N,24.667189E,93,31.2,324
12236,T,260731,071808,60.796593N,24.667095E,93,31.3,324
12237,T,260731,071809,60.796658N,24.667002E,93,31.4,324
12238,T,260731,071810,60.796719N,24.666912E,93,31.5,324
12239,T,260731,071811,60.796783N,24.666821E,93,31.5,325
12240,T,260731,071812,60.796848N,24.666731E,93,31.4,325
12241,T,260731,071813,60.796913N,24.666637E,93,31.4,325
12242,T,260731,071814,60.796974N,24.666544E,93,31.3,324
12243,T,260731,071815,60.797039N,24.666454E,93,31.2,324
12244,T,260731,071816,60.797100N,24.666361E,93,31.1,324
12245,T,260731,071817,60.797165N,24.666267E,93,30.8,324
12246,T,260731,071818,60.797230N,24.666178E,93,30.8,324
12247,T,260731,071819,60.797287N,24.666088E,93,30.7,324
12248,T,260731,071820,60.797352N,24.666000E,92,30.6,324
12249,T,260731,071821,60.797417N,24.665913E,92,30.5,325
12250,T,260731,071822,60.797478N,24.665821E,92,30.4,325
12251,T,260731,071823,60.797539N,24.665731E,92,30.0,324
12252,T,260731,071824,60.797600N,24.665644E,92,30.0,324
12253,T,260731,071825,60.797661N,24.665556E,92,29.9,324
12254,T,260731,071826,60.797722N,24.665466E,92,29.8,324
12255,T,260731,071827,60.797779N,24.665380E,92,29.9,324
12256,T,260731,071828,60.797840N,24.665297E,92,29.9,325
12257,T,260731,071829,60.797905N,24.665209E,93,29.8,325
12258,T,260731,071830,60.797962N,24.665119E,93,29.4,325
12259,T,260731,071831,60.798023N,24.665035E,93,29.0,325
12260,T,260731,071832,60.798080N,24.664948E,93,28.7,324
12261,T,260731,071833,60.798141N,24.664864E,93,28.3,324
12262,T,260731,071834,60.798195N,24.664783E,93,27.9,325
12263,T,260731,071835,60.798252N,24.664703E,93,27.4,324
12264,T,260731,071836,60.798309N,24.664619E,93,27.0,324
12265,T,260731,071837,60.798359N,24.664541E,93,26.6,325
12266,T,260731,071838,60.798416N,24.664465E,93,26.0,324
12267,T,260731,071839,60.798470N,24.664389E,93,25.6,324
12268,T,260731,071840,60.798519N,24.664314E,93,25.5,325
12269,T,260731,071841,60.798573N,24.664240E,93,25.4,325
12270,T,260731,071842,60.798622N,24.664164E,93,25.1,324
12271,T,260731,071843,60.798676N,24.664091E,93,25.0,325
12272,T,260731,071844,60.798729N,24.664021E,94,25.0,325
12273,T,260731,071845,60.798779N,24.663946E,94,25.0,325
12274,T,260731,071846,60.798832N,24.663874E,94,25.4,325
12275,T,260731,071847,60.798885N,24.663797E,94,25.5,324
12276,T,260731,071848,60.798935N,24.663721E,94,25.8,324
12277,T,260731,071849,60.798988N,24.663647E,94,25.9,325
12278,T,260731,071850,60.799046N,24.663570E,94,26.4,325
12279,T,260731,071851,60.799095N,24.663492E,94,26.4,324
12280,T,260731,071852,60.799152N,24.663414E,94,26.5,324
12281,T,260731,071853,60.799210N,24.663336E,94,27.0,324
12282,T,260731,071854,60.799259N,24.663256E,94,27.0,324
12283,T,260731,071855,60.799316N,24.663176E,94,26.9,324
12284,T,260731,071856,60.799370N,24.663095E,94,26.8,324
12285,T,260731,071857,60.799423N,24.663017E,94,26.7,324
12286,T,260731,071858,60.799480N,24.662939E,94,26.7,324
12287,T,260731,071859,60.799538N,24.662863E,94,26.7,325
12288,T,260731,071900,60.799591N,24.662783E,94,26.8,325
12289,T,260731,071901,60.799644N,24.662703E,94,27.4,325
12290,T,260731,071902,60.799702N,24.662621E,93,27.7,325
12291,T,260731,071903,60.799759N,24.662537E,93,28.0,324
12292,T,260731,071904,60.799820N,24.662451E,93,28.0,324
12293,T,260731,071905,60.799877N,24.662363E,93,28.0,324
12294,T,260731,071906,60.799931N,24.662279E,93,27.5,324
12295,T,260731,071907,60.799992N,24.662201E,93,27.0,324
12296,T,260731,071908,60.800045N,24.662123E,93,26.9,325
12297,T,260731,071909,60.800098N,24.662045E,93,26.9,325
12298,T,260731,071910,60.800156N,24.661966E,93,27.4,325
12299,T,260731,071911,60.800213N,24.661886E,93,27.7,325
12300,T,260731,071912,60.800274N,24.661804E,92,28.2,324
12301,T,260731,071913,60.800327N,24.661722E,92,28.5,324
12302,T,260731,071914,60.800385N,24.661636E,92,28.6,324
12303,T,260731,071915,60.800446N,24.661554E,92,29.0,324
12304,T,260731,071916,60.800503N,24.661469E,92,29.1,325
12305,T,260731,071917,60.800564N,24.661385E,92,29.2,325
12306,T,260731,071918,60.800625N,24.661297E,92,29.3,325
12307,T,260731,071919,60.800686N,24.661207E,92,29.5,324
12308,T,260731,071920,60.800743N,24.661121E,92,29.1,324
12309,T,260731,071921,60.800800N,24.661036E,92,28.8,324
12310,T,260731,071922,60.800861N,24.660954E,92,28.5,324
12311,T,260731,071923,60.800915N,24.660870E,91,28.0,324
12312,T,260731,071924,60.800972N,24.660788E,91,27.4,324
12313,T,260731,071925,60.801029N,24.660707E,91,26.9,324
12314,T,260731,071926,60.801083N,24.660631E,91,26.2,325
12315,T,260731,071927,60.801136N,24.660557E,91,26.1,325
12316,T,260731,071928,60.801193N,24.660477E,91,26.2,325
12317,T,260731,071929,60.801243N,24.660400E,91,26.3,324
12318,T,260731,071930,60.801300N,24.660322E,91,26.6,325
12319,T,260731,071931,60.801353N,24.660244E,91,26.6,324
12320,T,260731,071932,60.801407N,24.660166E,91,27.0,324
12321,T,260731,071933,60.801464N,24.660086E,91,27.2,324
12322,T,260731,071934,60.801521N,24.660004E,91,27.7,324
12323,T,260731,071935,60.801575N,24.659924E,91,27.8,324
12324,T,260731,071936,60.801632N,24.659842E,91,27.9,324
12325,T,260731,071937,60.801689N,24.659758E,91,28.2,324
12326,T,260731,071938,60.801746N,24.659676E,91,28.3,325
12327,T,260731,071939,60.801804N,24.659594E,91,28.4,325
12328,T,260731,071940,60.801861N,24.659510E,91,28.4,325
12329,T,260731,071941,60.801922N,24.659424E,91,28.5,324
12330,T,260731,071942,60.801979N,24.659342E,91,28.7,324
12331,T,260731,071943,60.802036N,24.659258E,91,28.7,325
12332,T,260731,071944,60.802097N,24.659174E,91,28.8,325
12333,T,260731,071945,60.802155N,24.659090E,91,28.9,325
12334,T,260731,071946,60.802212N,24.659004E,91,28.9,324
12335,T,260731,071947,60.802273N,24.658918E,91,29.0,324
12336,T,260731,071948,60.802334N,24.658834E,91,29.0,324
12337,T,260731,071949,60.802391N,24.658747E,91,29.0,324
12338,T,260731,071950,60.802448N,24.658661E,91,29.0,324
12339,T,260731,071951,60.802509N,24.658575E,91,28.4,324
12340,T,260731,071952,60.802563N,24.658491E,91,28.0,324
12341,T,260731,071953,60.802620N,24.658409E,91,27.9,325
12342,T,260731,071954,60.802681N,24.658327E,91,27.7,325
12343,T,260731,071955,60.802734N,24.658249E,91,27.6,325
12344,T,260731,071956,60.802792N,24.658169E,91,27.5,325
12345,T,260731,071957,60.802849N,24.658087E,91,27.5,324
12346,T,260731,071958,60.802902N,24.658007E,91,27.4,325
12347,T,260731,071959,60.802959N,24.657927E,91,27.4,325
12348,T,260731,072000,60.803017N,24.657845E,91,27.4,324
12349,T,260731,072001,60.803074N,24.657764E,91,27.5,324
12350,T,260731,072002,60.803127N,24.657684E,91,27.6,324
12351,T,260731,072003,60.803185N,24.657602E,91,27.6,324
12352,T,260731,072004,60.803242N,24.657520E,91,27.3,324
12353,T,260731,072005,60.803299N,24.657440E,91,27.3,324
12354,T,260731,072006,60.803356N,24.657362E,91,27.4,324
12355,T,260731,072007,60.803413N,24.657280E,91,27.7,324
12356,T,260731,072008,60.803471N,24.657198E,91,27.8,324
12357,T,260731,072009,60.803528N,24.657116E,91,27.8,324
12358,T,260731,072010,60.803585N,24.657036E,91,27.7,324
12359,T,260731,072011,60.803638N,24.656956E,91,27.6,324
12360,T,260731,072012,60.803696N,24.656874E,91,27.6,324
12361,T,260731,072013,60.803753N,24.656794E,91,27.6,324
12362,T,260731,072014,60.803806N,24.656713E,91,27.3,325
12363,T,260731,072015,60.803864N,24.656635E,91,27.2,325
12364,T,260731,072016,60.803921N,24.656555E,91,27.2,324
12365,T,260731,072017,60.803974N,24.656473E,91,27.1,324
12366,T,260731,072018,60.804031N,24.656393E,91,27.0,324
12367,T,260731,072019,60.804085N,24.656317E,91,26.8,324
12368,T,260731,072020,60.804138N,24.656237E,91,26.8,324
12369,T,260731,072021,60.804192N,24.656162E,91,26.7,325
12370,T,260731,072022,60.804249N,24.656084E,91,26.5,324
12371,T,260731,072023,60.804298N,24.656006E,91,26.2,324
12372,T,260731,072024,60.804356N,24.655930E,91,25.9,324
12373,T,260731,072025,60.804409N,24.655853E,91,25.5,324
12374,T,260731,072026,60.804459N,24.655781E,91,25.0,324
12375,T,260731,072027,60.804508N,24.655706E,91,24.6,324
12376,T,260731,072028,60.804562N,24.655634E,91,24.4,324
12377,T,260731,072029,60.804607N,24.655561E,91,24.0,324
12378,T,260731,072030,60.804657N,24.655493E,91,23.6,324
12379,T,260731,072031,60.804703N,24.655424E,92,23.6,325
12380,T,260731,072032,60.804752N,24.655355E,92,23.5,325
12381,T,260731,072033,60.804798N,24.655289E,92,23.1,325
12382,T,260731,072034,60.804848N,24.655222E,92,23.0,325
12383,T,260731,072035,60.804897N,24.655155E,92,22.7,325
12384,T,260731,072036,60.804939N,24.655090E,92,22.7,325
12385,T,260731,072037,60.804985N,24.655022E,92,22.6,325
12386,T,260731,072038,60.805031N,24.654957E,93,22.3,325
12387,T,260731,072039,60.805077N,24.654890E,93,22.3,325
12388,T,260731,072040,60.805119N,24.654823E,93,22.2,325
12389,T,260731,072041,60.805168N,24.654758E,93,22.1,324
12390,T,260731,072042,60.805210N,24.654692E,93,22.1,324
12391,T,260731,072043,60.805256N,24.654629E,94,22.0,324
12392,T,260731,072044,60.805302N,24.654564E,94,21.9,325
12393,T,260731,072045,60.805347N,24.654499E,94,21.8,324
12394,T,260731,072046,60.805393N,24.654436E,94,21.8,325
12395,T,260731,072047,60.805435N,24.654373E,94,21.7,325
12396,T,260731,072048,60.805481N,24.654312E,94,21.7,324
12397,T,260731,072049,60.805523N,24.654247E,94,21.8,325
12398,T,260731,072050,60.805569N,24.654184E,95,21.8,324
12399,T,260731,072051,60.805611N,24.654119E,95,21.7,324
12400,T,260731,072052,60.805656N,24.654057E,95,21.2,324
12401,T,260731,072053,60.805698N,24.653996E,95,21.2,324
12402,T,260731,072054,60.805744N,24.653934E,95,21.1,324
12403,T,260731,072055,60.805786N,24.653872E,95,21.0,325
12404,T,260731,072056,60.805832N,24.653811E,95,21.0,325
12405,T,260731,072057,60.805874N,24.653749E,96,21.0,325
12406,T,260731,072058,60.805916N,24.653687E,96,21.0,324
12407,T,260731,072059,60.805962N,24.653624E,96,21.4,324
12408,T,260731,072100,60.806000N,24.653563E,96,21.3,324
12409,T,260731,072101,60.806049N,24.653496E,96,21.7,324
12410,T,260731,072102,60.806087N,24.653435E,96,21.6,324
12411,T,260731,072103,60.806137N,24.653370E,96,21.7,325
12412,T,260731,072104,60.806179N,24.653305E,96,21.8,325
12413,T,260731,072105,60.806225N,24.653244E,96,21.9,325
12414,T,260731,072106,60.806271N,24.653181E,97,21.9,325
12415,T,260731,072107,60.806316N,24.653116E,97,22.0,325
12416,T,260731,072108,60.806358N,24.653049E,97,22.3,325
12417,T,260731,072109,60.806404N,24.652983E,97,22.4,324
12418,T,260731,072110,60.806450N,24.652916E,97,22.7,325
12419,T,260731,072111,60.806496N,24.652845E,97,23.1,325
12420,T,260731,072112,60.806545N,24.652781E,97,23.2,325
12421,T,260731,072113,60.806591N,24.652712E,97,23.3,325
12422,T,260731,072114,60.806641N,24.652643E,97,23.4,325
12423,T,260731,072115,60.806686N,24.652575E,97,23.7,325
12424,T,260731,072116,60.806736N,24.652504E,97,23.6,325
12425,T,260731,072117,60.806786N,24.652431E,97,23.6,325
12426,T,260731,072118,60.806831N,24.652365E,97,23.7,325
12427,T,260731,072119,60.806885N,24.652296E,97,24.2,325
12428,T,260731,072120,60.806934N,24.652225E,97,24.3,326
12429,T,260731,072121,60.806988N,24.652159E,97,24.4,326
12430,T,260731,072122,60.807041N,24.652090E,97,24.8,326
12431,T,260731,072123,60.807087N,24.652018E,97,25.1,326
12432,T,260731,072124,60.807140N,24.651949E,97,25.1,326
12433,T,260731,072125,60.807194N,24.651880E,97,24.5,327
12434,T,260731,072126,60.807243N,24.651814E,97,24.1,327
12435,T,260731,072127,60.807297N,24.651747E,97,23.7,327
12436,T,260731,072128,60.807343N,24.651684E,97,23.8,327
12437,T,260731,072129,60.807396N,24.651617E,97,24.1,327
12438,T,260731,072130,60.807449N,24.651552E,97,24.2,327
12439,T,260731,072131,60.807499N,24.651484E,97,24.6,327
12440,T,260731,072132,60.807552N,24.651417E,97,24.7,327
12441,T,260731,072133,60.807598N,24.651346E,97,25.0,327
12442,T,260731,072134,60.807655N,24.651281E,97,25.3,328
12443,T,260731,072135,60.807713N,24.651217E,97,25.6,328
12444,T,260731,072136,60.807762N,24.651144E,97,26.0,328
12445,T,260731,072137,60.807819N,24.651075E,97,26.0,328
12446,T,260731,072138,60.807877N,24.651005E,96,26.0,328
12447,T,260731,072139,60.807934N,24.650932E,96,26.0,328
12448,T,260731,072140,60.807991N,24.650862E,96,26.1,328
12449,T,260731,072141,60.808048N,24.650787E,96,26.2,328
12450,T,260731,072142,60.808105N,24.650721E,96,26.3,328
12451,T,260731,072143,60.808159N,24.650648E,96,26.6,328
12452,T,260731,072144,60.808220N,24.650576E,96,26.6,328
12453,T,260731,072145,60.808277N,24.650503E,96,26.6,328
12454,T,260731,072146,60.808331N,24.650433E,96,26.7,328
12455,T,260731,072147,60.808392N,24.650362E,96,26.9,328
12456,T,260731,072148,60.808449N,24.650290E,96,27.0,329
12457,T,260731,072149,60.808514N,24.650223E,96,27.4,329
12458,T,260731,072150,60.808567N,24.650152E,96,27.7,330
12459,T,260731,072151,60.808632N,24.650082E,96,27.8,330
12460,T,260731,072152,60.808689N,24.650009E,95,27.9,330
12461,T,260731,072153,60.808750N,24.649939E,95,27.9,329
12462,T,260731,072154,60.808807N,24.649864E,95,28.0,329
12463,T,260731,072155,60.808872N,24.649796E,95,28.2,329
12464,T,260731,072156,60.808933N,24.649723E,95,28.2,330
12465,T,260731,072157,60.808994N,24.649654E,95,28.3,330
12466,T,260731,072158,60.809055N,24.649582E,95,28.9,331
12467,T,260731,072159,60.809120N,24.649508E,95,29.0,331
12468,T,260731,072200,60.809185N,24.649437E,95,29.0,331
12469,T,260731,072201,60.809250N,24.649368E,94,29.1,332
12470,T,260731,072202,60.809311N,24.649300E,94,29.0,332
12471,T,260731,072203,60.809376N,24.649227E,94,28.9,332
12472,T,260731,072204,60.809441N,24.649160E,94,28.9,332
12473,T,260731,072205,60.809505N,24.649090E,94,28.9,332
12474,T,260731,072206,60.809566N,24.649019E,94,28.8,331
12475,T,260731,072207,60.809631N,24.648952E,94,28.8,332
12476,T,260731,072208,60.809696N,24.648884E,94,28.7,332
12477,T,260731,072209,60.809761N,24.648821E,94,28.7,333
12478,T,260731,072210,60.809826N,24.648750E,93,28.7,333
12479,T,260731,072211,60.809887N,24.648682E,93,29.0,333
12480,T,260731,072212,60.809952N,24.648615E,93,29.1,333
12481,T,260731,072213,60.810020N,24.648546E,93,29.1,333
12482,T,260731,072214,60.810085N,24.648479E,93,29.0,333
12483,T,260731,072215,60.810146N,24.648417E,93,28.9,333
12484,T,260731,072216,60.810211N,24.648348E,93,28.8,333
12485,T,260731,072217,60.810276N,24.648281E,93,28.8,333
12486,T,260731,072218,60.810341N,24.648216E,93,28.4,333
12487,T,260731,072219,60.810398N,24.648153E,93,28.0,333
12488,T,260731,072220,60.810459N,24.648090E,92,27.5,333
12489,T,260731,072221,60.810524N,24.648027E,92,27.5,333
12490,T,260731,072222,60.810589N,24.647966E,92,27.6,333
12491,T,260731,072223,60.810650N,24.647903E,92,27.7,333
12492,T,260731,072224,60.810711N,24.647844E,92,27.6,333
12493,T,260731,072225,60.810772N,24.647779E,92,27.6,333
12494,T,260731,072226,60.810837N,24.647718E,92,27.7,333
12495,T,260731,072227,60.810898N,24.647654E,92,28.2,333
12496,T,260731,072228,60.810959N,24.647589E,92,28.5,333
12497,T,260731,072229,60.811024N,24.647522E,92,28.9,333
12498,T,260731,072230,60.811089N,24.647455E,92,29.2,333
12499,T,260731,072231,60.811157N,24.647390E,92,29.2,333
12500,T,260731,072232,60.811218N,24.647324E,92,29.1,333
12501,T,260731,072233,60.811283N,24.647257E,91,29.1,333
12502,T,260731,072234,60.811352N,24.647188E,91,29.0,333
12503,T,260731,072235,60.811417N,24.647123E,91,29.0,333
12504,T,260731,072236,60.811481N,24.647058E,91,29.0,333
12505,T,260731,072237,60.811543N,24.646992E,91,29.0,333
12506,T,260731,072238,60.811607N,24.646923E,91,29.1,333
12507,T,260731,072239,60.811676N,24.646856E,91,29.5,333
12508,T,260731,072240,60.811741N,24.646788E,91,29.6,333
12509,T,260731,072241,60.811810N,24.646721E,91,29.3,333
12510,T,260731,072242,60.811874N,24.646656E,91,28.8,333
12511,T,260731,072243,60.811939N,24.646593E,91,28.4,333
12512,T,260731,072244,60.812000N,24.646528E,91,27.9,333
12513,T,260731,072245,60.812065N,24.646465E,91,27.8,333
12514,T,260731,072246,60.812122N,24.646404E,91,27.8,333
12515,T,260731,072247,60.812187N,24.646343E,91,27.9,333
12516,T,260731,072248,60.812248N,24.646276E,91,28.2,333
12517,T,260731,072249,60.812313N,24.646212E,91,28.2,333
12518,T,260731,072250,60.812374N,24.646147E,91,28.3,333
12519,T,260731,072251,60.812439N,24.646082E,91,28.4,333
12520,T,260731,072252,60.812504N,24.646015E,90,28.7,333
12521,T,260731,072253,60.812569N,24.645952E,90,28.4,333
12522,T,260731,072254,60.812634N,24.645887E,90,28.0,333
12523,T,260731,072255,60.812695N,24.645824E,90,27.4,333
12524,T,260731,072256,60.812756N,24.645763E,90,27.3,333
12525,T,260731,072257,60.812820N,24.645704E,90,26.8,333
12526,T,260731,072258,60.812881N,24.645647E,90,26.7,334
12527,T,260731,072259,60.812939N,24.645588E,90,26.6,333
12528,T,260731,072300,60.813000N,24.645523E,90,26.2,333
12529,T,260731,072301,60.813057N,24.645466E,90,26.1,333
12530,T,260731,072302,60.813114N,24.645412E,89,25.8,333
12531,T,260731,072303,60.813171N,24.645355E,89,25.5,333
12532,T,260731,072304,60.813232N,24.645296E,89,25.2,333
12533,T,260731,072305,60.813286N,24.645241E,89,24.7,333
12534,T,260731,072306,60.813339N,24.645184E,89,24.4,332
12535,T,260731,072307,60.813393N,24.645126E,89,24.1,332
12536,T,260731,072308,60.813442N,24.645073E,89,24.0,333
12537,T,260731,072309,60.813499N,24.645018E,89,23.9,333
12538,T,260731,072310,60.813553N,24.644970E,89,23.4,339
12539,T,260731,072311,60.813606N,24.644928E,89,23.3,338
12540,T,260731,072312,60.813660N,24.644884E,89,22.9,336
12541,T,260731,072313,60.813713N,24.644838E,89,22.9,337
12542,T,260731,072314,60.813759N,24.644798E,89,22.1,339
12543,T,260731,072315,60.813808N,24.644760E,88,20.8,338
12544,T,260731,072316,60.813850N,24.644724E,88,18.0,338
12545,T,260731,072317,60.813889N,24.644695E,88,13.9,339
12546,T,260731,072318,60.813911N,24.644676E,88,9.1,340
12547,T,260731,072319,60.813931N,24.644665E,88,7.2,341
12548,T,260731,072320,60.813938N,24.644655E,88,0.0,341
12549,T,260731,072321,60.813950N,24.644653E,88,0.0,341
12550,T,260731,072322,60.813950N,24.644651E,88,0.0,341
12551,T,260731,072323,60.813950N,24.644651E,88,0.0,341
12552,T,260731,072324,60.813950N,24.644650E,88,0.0,341
12553,T,260731,072325,60.813946N,24.644650E,88,0.0,341
12554,T,260731,072326,60.813946N,24.644650E,88,0.0,341
12555,T,260731,072327,60.813946N,24.644650E,88,0.0,341
12556,T,260731,072328,60.813946N,24.644650E,88,0.0,341
12557,T,260731,072329,60.813946N,24.644650E,88,0.0,341
12558,T,260731,072330,60.813946N,24.644650E,88,0.0,341
12559,T,260731,072331,60.813946N,24.644650E,88,0.0,341
12560,T,260731,072332,60.813946N,24.644650E,88,0.0,341
12561,T,260731,072333,60.813946N,24.644650E,88,0.0,341
12562,T,260731,072334,60.813946N,24.644650E,88,0.0,341
12563,T,260731,072335,60.813946N,24.644650E,88,0.0,341
12564,T,260731,072336,60.813946N,24.644650E,88,0.0,341
12565,T,260731,072337,60.813946N,24.644650E,88,0.0,341
12566,T,260731,072338,60.813946N,24.644650E,88,0.0,341
12567,T,260731,072339,60.813946N,24.644650E,88,0.0,341
12568,T,260731,072340,60.813946N,24.644650E,88,0.0,341
12569,T,260731,072341,60.813946N,24.644650E,88,0.0,341
12570,T,260731,072342,60.813946N,24.644650E,88,0.0,341
12571,T,260731,072343,60.813946N,24.644650E,88,0.0,341
12572,T,260731,072344,60.813946N,24.644650E,88,0.0,341
12573,T,260731,072345,60.813946N,24.644650E,88,0.0,341
12574,T,260731,072346,60.813946N,24.644650E,88,0.0,341
12575,T,260731,072347,60.813946N,24.644650E,88,0.0,341
12576,T,260731,072348,60.813946N,24.644650E,88,0.0,341
12577,T,260731,072349,60.813946N,24.644650E,88,0.0,341
12578,T,260731,072350,60.813946N,24.644650E,88,0.0,341
12579,T,260731,072351,60.813946N,24.644650E,88,0.0,341
12580,T,260731,072352,60.813946N,24.644650E,88,0.0,341
12581,T,260731,072353,60.813946N,24.644650E,88,0.0,341
12582,T,260731,072354,60.813946N,24.644650E,88,0.0,341
12583,T,260731,072355,60.813946N,24.644650E,88,0.0,341
12584,T,260731,072356,60.813946N,24.644650E,88,0.0,341
12585,T,260731,072357,60.813946N,24.644650E,88,0.0,341
12586,T,260731,072358,60.813946N,24.644650E,88,0.0,341
12587,T,260731,072359,60.813946N,24.644650E,88,0.0,341
12588,T,260731,072400,60.813946N,24.644650E,88,0.0,341
12589,T,260731,072401,60.813946N,24.644650E,88,0.0,341
12590,T,260731,072402,60.813946N,24.644650E,88,0.0,341
12591,T,260731,072403,60.813946N,24.644650E,88,0.0,341
12592,T,260731,072404,60.813946N,24.644650E,88,0.0,341
12593,T,260731,072405,60.813946N,24.644650E,88,0.0,341
12594,T,260731,072406,60.813946N,24.644650E,88,0.0,341
12595,T,260731,072407,60.813946N,24.644650E,88,0.0,341
12596,T,260731,072408,60.813946N,24.644650E,88,0.0,341
12597,T,260731,072409,60.813946N,24.644650E,88,0.0,341
12598,T,260731,072410,60.813946N,24.644650E,88,0.0,341
12599,T,260731,072411,60.813946N,24.644650E,88,0.0,341
12600,T,260731,072412,60.813946N,24.644650E,88,0.0,341
12601,T,260731,072413,60.813946N,24.644650E,88,0.0,341
12602,T,260731,072414,60.813946N,24.644650E,88,0.0,341
12603,T,260731,072415,60.813946N,24.644650E,88,0.0,341
12604,T,260731,072416,60.813946N,24.644650E,88,0.0,341
12605,T,260731,072417,60.813946N,24.644650E,88,0.0,341
12606,T,260731,072418,60.813946N,24.644650E,88,0.0,341
12607,T,260731,072419,60.813946N,24.644650E,88,0.0,341
12608,T,260731,072420,60.813946N,24.644650E,88,0.0,341
12609,T,260731,072421,60.813946N,24.644650E,88,0.0,341
12610,T,260731,072422,60.813950N,24.644650E,88,0.0,341
12611,T,260731,072423,60.813953N,24.644644E,88,0.0,341
12612,T,260731,072424,60.813957N,24.644636E,88,4.3,342
12613,T,260731,072425,60.813969N,24.644625E,88,6.3,336
12614,T,260731,072426,60.813980N,24.644608E,88,6.4,325
12615,T,260731,072427,60.813995N,24.644590E,88,7.1,326
12616,T,260731,072428,60.814014N,24.644573E,88,8.5,327
12617,T,260731,072429,60.814037N,24.644550E,88,10.7,328
12618,T,260731,072430,60.814060N,24.644520E,88,12.9,331
12619,T,260731,072431,60.814091N,24.644485E,88,14.9,332
12620,T,260731,072432,60.814129N,24.644447E,88,16.2,333
12621,T,260731,072433,60.814167N,24.644407E,88,17.2,334
12622,T,260731,072434,60.814205N,24.644365E,88,17.9,333
12623,T,260731,072435,60.814247N,24.644323E,88,18.4,333
12624,T,260731,072436,60.814289N,24.644276E,88,18.9,332
12625,T,260731,072437,60.814327N,24.644230E,88,19.6,332
12626,T,260731,072438,60.814377N,24.644182E,88,20.3,332
12627,T,260731,072439,60.814419N,24.644135E,88,20.8,332
12628,T,260731,072440,60.814468N,24.644081E,88,21.2,332
12629,T,260731,072441,60.814514N,24.644030E,88,21.6,332
12630,T,260731,072442,60.814560N,24.643974E,88,22.0,330
12631,T,260731,072443,60.814610N,24.643909E,88,22.3,328
12632,T,260731,072444,60.814655N,24.643845E,88,22.2,326
12633,T,260731,072445,60.814705N,24.643784E,88,22.3,326
12634,T,260731,072446,60.814751N,24.643724E,88,22.7,327
12635,T,260731,072447,60.814804N,24.643665E,88,23.0,329
12636,T,260731,072448,60.814857N,24.643614E,88,23.5,332
12637,T,260731,072449,60.814907N,24.643559E,88,24.0,333
12638,T,260731,072450,60.814964N,24.643501E,88,24.1,333
12639,T,260731,072451,60.815022N,24.643444E,88,24.6,333
12640,T,260731,072452,60.815071N,24.643387E,88,24.7,333
12641,T,260731,072453,60.815128N,24.643330E,88,25.0,333
12642,T,260731,072454,60.815186N,24.643272E,88,25.1,333
12643,T,260731,072455,60.815239N,24.643211E,88,25.2,333
12644,T,260731,072456,60.815300N,24.643154E,88,25.6,333
12645,T,260731,072457,60.815357N,24.643089E,88,25.7,333
12646,T,260731,072458,60.815414N,24.643030E,88,25.8,333
12647,T,260731,072459,60.815475N,24.642969E,88,25.8,333
12648,T,260731,072500,60.815533N,24.642908E,88,25.5,333
12649,T,260731,072501,60.815594N,24.642845E,88,25.4,333
12650,T,260731,072502,60.815647N,24.642786E,88,25.1,333
12651,T,260731,072503,60.815701N,24.642731E,88,25.2,333
12652,T,260731,072504,60.815762N,24.642673E,88,25.3,333
12653,T,260731,072505,60.815815N,24.642618E,88,25.4,333
12654,T,260731,072506,60.815872N,24.642559E,88,25.5,333
12655,T,260731,072507,60.815933N,24.642500E,88,25.7,333
12656,T,260731,072508,60.815990N,24.642443E,88,25.7,333
12657,T,260731,072509,60.816048N,24.642382E,88,25.7,333
12658,T,260731,072510,60.816105N,24.642324E,88,25.8,333
12659,T,260731,072511,60.816158N,24.642263E,88,25.7,333
12660,T,260731,072512,60.816219N,24.642210E,88,25.7,333
12661,T,260731,072513,60.816280N,24.642153E,88,25.8,333
12662,T,260731,072514,60.816338N,24.642094E,88,25.8,333
12663,T,260731,072515,60.816395N,24.642036E,88,25.9,333
12664,T,260731,072516,60.816452N,24.641975E,88,26.0,333
12665,T,260731,072517,60.816513N,24.641916E,88,26.3,333
12666,T,260731,072518,60.816570N,24.641855E,88,26.5,333
12667,T,260731,072519,60.816631N,24.641796E,88,26.8,333
12668,T,260731,072520,60.816692N,24.641735E,88,26.9,333
12669,T,260731,072521,60.816753N,24.641674E,88,27.4,333
12670,T,260731,072522,60.816814N,24.641607E,88,27.4,333
12671,T,260731,072523,60.816879N,24.641544E,88,27.5,333
12672,T,260731,072524,60.816940N,24.641479E,88,27.9,333
12673,T,260731,072525,60.817005N,24.641417E,88,28.0,333
12674,T,260731,072526,60.817066N,24.641352E,88,28.3,333
12675,T,260731,072527,60.817127N,24.641287E,88,28.4,333
12676,T,260731,072528,60.817196N,24.641220E,88,28.5,333
12677,T,260731,072529,60.817261N,24.641153E,88,28.5,333
12678,T,260731,072530,60.817322N,24.641087E,88,28.5,333
12679,T,260731,072531,60.817383N,24.641020E,88,28.6,333
12680,T,260731,072532,60.817448N,24.640953E,88,28.7,333
12681,T,260731,072533,60.817513N,24.640886E,88,29.2,333
12682,T,260731,072534,60.817577N,24.640818E,88,29.1,333
12683,T,260731,072535,60.817638N,24.640751E,88,29.0,333
12684,T,260731,072536,60.817707N,24.640682E,87,29.0,333
12685,T,260731,072537,60.817768N,24.640615E,87,28.9,332
12686,T,260731,072538,60.817837N,24.640547E,87,28.9,332
12687,T,260731,072539,60.817902N,24.640480E,87,28.9,333
12688,T,260731,072540,60.817963N,24.640415E,87,28.9,333
12689,T,260731,072541,60.818031N,24.640354E,87,29.2,334
12690,T,260731,072542,60.818100N,24.640285E,87,29.3,333
12691,T,260731,072543,60.818165N,24.640219E,87,29.4,333
12692,T,260731,072544,60.818233N,24.640150E,86,30.3,333
12693,T,260731,072545,60.818298N,24.640083E,86,29.9,333
12694,T,260731,072546,60.818367N,24.640015E,86,30.3,333
12695,T,260731,072547,60.818436N,24.639944E,86,30.4,333
12696,T,260731,072548,60.818504N,24.639874E,86,30.4,333
12697,T,260731,072549,60.818573N,24.639805E,85,30.4,333
12698,T,260731,072550,60.818642N,24.639736E,85,30.3,333
12699,T,260731,072551,60.818707N,24.639666E,85,29.7,333
12700,T,260731,072552,60.818775N,24.639601E,85,29.8,333
12701,T,260731,072553,60.818840N,24.639536E,86,29.7,334
12702,T,260731,072554,60.818909N,24.639469E,86,29.8,334
12703,T,260731,072555,60.818977N,24.639404E,86,29.8,334
12704,T,260731,072556,60.819042N,24.639338E,86,29.8,334
12705,T,260731,072557,60.819111N,24.639275E,86,29.8,334
12706,T,260731,072558,60.819180N,24.639206E,86,30.2,334
12707,T,260731,072559,60.819244N,24.639147E,86,29.9,334
12708,T,260731,072600,60.819313N,24.639086E,86,30.0,334
12709,T,260731,072601,60.819382N,24.639025E,86,29.9,335
12710,T,260731,072602,60.819447N,24.638964E,86,29.9,335
12711,T,260731,072603,60.819519N,24.638901E,86,29.9,335
12712,T,260731,072604,60.819588N,24.638836E,86,29.8,335
12713,T,260731,072605,60.819653N,24.638777E,86,29.7,335
12714,T,260731,072606,60.819721N,24.638714E,86,29.7,335
12715,T,260731,072607,60.819790N,24.638651E,86,29.7,335
12716,T,260731,072608,60.819855N,24.638586E,86,29.4,335
12717,T,260731,072609,60.819923N,24.638527E,86,28.9,335
12718,T,260731,072610,60.819988N,24.638464E,86,28.5,335
12719,T,260731,072611,60.820053N,24.638405E,86,28.1,335
12720,T,260731,072612,60.820114N,24.638344E,86,28.1,335
12721,T,260731,072613,60.820179N,24.638285E,86,28.0,335
12722,T,260731,072614,60.820244N,24.638224E,86,27.7,335
12723,T,260731,072615,60.820309N,24.638165E,86,27.6,335
12724,T,260731,072616,60.820370N,24.638107E,85,27.6,335
12725,T,260731,072617,60.820431N,24.638050E,85,27.7,335
12726,T,260731,072618,60.820496N,24.637991E,85,28.0,335
12727,T,260731,072619,60.820560N,24.637928E,85,28.1,335
12728,T,260731,072620,60.820625N,24.637863E,85,28.2,334
12729,T,260731,072621,60.820686N,24.637804E,85,28.3,335
12730,T,260731,072622,60.820751N,24.637747E,85,28.2,336
12731,T,260731,072623,60.820816N,24.637693E,86,27.9,337
12732,T,260731,072624,60.820881N,24.637642E,86,27.9,338
12733,T,260731,072625,60.820950N,24.637589E,85,27.7,338
12734,T,260731,072626,60.821007N,24.637531E,85,27.7,337
12735,T,260731,072627,60.821072N,24.637476E,86,27.6,337
12736,T,260731,072628,60.821133N,24.637417E,86,27.5,336
12737,T,260731,072629,60.821198N,24.637360E,86,27.4,336
12738,T,260731,072630,60.821255N,24.637297E,86,26.9,335
12739,T,260731,072631,60.821316N,24.637238E,86,26.6,335
12740,T,260731,072632,60.821377N,24.637184E,86,26.5,335
12741,T,260731,072633,60.821438N,24.637127E,86,26.1,335
12742,T,260731,072634,60.821491N,24.637072E,86,26.0,335
12743,T,260731,072635,60.821552N,24.637016E,86,25.7,335
12744,T,260731,072636,60.821609N,24.636965E,86,25.6,335
12745,T,260731,072637,60.821667N,24.636911E,86,25.6,335
12746,T,260731,072638,60.821728N,24.636858E,86,25.5,335
12747,T,260731,072639,60.821785N,24.636805E,86,25.1,335
12748,T,260731,072640,60.821838N,24.636749E,86,25.1,335
12749,T,260731,072641,60.821899N,24.636696E,87,25.1,334
12750,T,260731,072642,60.821957N,24.636642E,87,25.0,334
12751,T,260731,072643,60.822006N,24.636583E,87,24.8,332
12752,T,260731,072644,60.822063N,24.636524E,87,24.7,332
12753,T,260731,072645,60.822121N,24.636465E,87,24.7,332
12754,T,260731,072646,60.822178N,24.636412E,87,24.8,332
12755,T,260731,072647,60.822231N,24.636358E,87,25.2,333
12756,T,260731,072648,60.822289N,24.636305E,87,25.3,335
12757,T,260731,072649,60.822350N,24.636251E,87,25.4,335
12758,T,260731,072650,60.822403N,24.636198E,87,25.3,335
12759,T,260731,072651,60.822460N,24.636145E,87,25.4,335
12760,T,260731,072652,60.822521N,24.636087E,87,25.4,335
12761,T,260731,072653,60.822575N,24.636036E,87,25.4,335
12762,T,260731,072654,60.822636N,24.635984E,87,25.4,335
12763,T,260731,072655,60.822693N,24.635927E,88,25.5,335
12764,T,260731,072656,60.822754N,24.635874E,88,25.9,335
12765,T,260731,072657,60.822807N,24.635818E,88,26.0,335
12766,T,260731,072658,60.822872N,24.635763E,88,26.0,335
12767,T,260731,072659,60.822929N,24.635706E,88,26.4,335
12768,T,260731,072700,60.822990N,24.635649E,88,26.5,335
12769,T,260731,072701,60.823048N,24.635586E,88,26.6,335
12770,T,260731,072702,60.823112N,24.635530E,88,26.7,335
12771,T,260731,072703,60.823174N,24.635475E,88,27.0,335
12772,T,260731,072704,60.823235N,24.635418E,88,27.4,335
12773,T,260731,072705,60.823296N,24.635359E,88,27.5,335
12774,T,260731,072706,60.823360N,24.635298E,88,27.6,335
12775,T,260731,072707,60.823421N,24.635239E,88,27.7,335
12776,T,260731,072708,60.823483N,24.635178E,88,28.2,335
12777,T,260731,072709,60.823551N,24.635118E,88,28.3,335
12778,T,260731,072710,60.823616N,24.635056E,87,28.7,335
12779,T,260731,072711,60.823681N,24.634996E,87,28.8,335
12780,T,260731,072712,60.823750N,24.634937E,87,29.0,335
12781,T,260731,072713,60.823811N,24.634876E,87,28.9,335
12782,T,260731,072714,60.823879N,24.634815E,87,28.8,335
12783,T,260731,072715,60.823944N,24.634754E,87,28.7,335
12784,T,260731,072716,60.824009N,24.634691E,87,28.3,335
12785,T,260731,072717,60.824074N,24.634634E,87,28.2,335
12786,T,260731,072718,60.824135N,24.634577E,87,27.9,335
12787,T,260731,072719,60.824200N,24.634516E,86,27.9,335
12788,T,260731,072720,60.824261N,24.634457E,86,27.8,335
12789,T,260731,072721,60.824326N,24.634396E,86,27.9,335
12790,T,260731,072722,60.824387N,24.634336E,86,28.1,334
12791,T,260731,072723,60.824451N,24.634274E,86,28.2,335
12792,T,260731,072724,60.824520N,24.634216E,86,28.2,335
12793,T,260731,072725,60.824581N,24.634157E,86,27.3,335
12794,T,260731,072726,60.824638N,24.634100E,86,27.2,335
12795,T,260731,072727,60.824703N,24.634043E,86,27.1,335
12796,T,260731,072728,60.824764N,24.633984E,86,27.1,335
12797,T,260731,072729,60.824829N,24.633928E,86,27.1,335
12798,T,260731,072730,60.824886N,24.633871E,86,27.1,335
12799,T,260731,072731,60.824951N,24.633814E,86,26.7,335
12800,T,260731,072732,60.825012N,24.633759E,86,26.6,335
12801,T,260731,072733,60.825073N,24.633701E,86,26.5,335
12802,T,260731,072734,60.825134N,24.633646E,86,26.4,335
12803,T,260731,072735,60.825195N,24.633591E,86,26.4,335
12804,T,260731,072736,60.825256N,24.633533E,86,26.2,335
12805,T,260731,072737,60.825314N,24.633476E,86,26.1,335
12806,T,260731,072738,60.825371N,24.633421E,86,25.6,335
12807,T,260731,072739,60.825432N,24.633364E,86,25.5,335
12808,T,260731,072740,60.825489N,24.633307E,87,25.5,335
12809,T,260731,072741,60.825542N,24.633253E,87,25.4,335
12810,T,260731,072742,60.825600N,24.633196E,87,25.4,334
12811,T,260731,072743,60.825657N,24.633144E,87,25.4,335
12812,T,260731,072744,60.825714N,24.633089E,87,25.4,335
12813,T,260731,072745,60.825771N,24.633034E,88,25.4,335
12814,T,260731,072746,60.825829N,24.632978E,88,25.5,335
12815,T,260731,072747,60.825890N,24.632923E,88,25.7,335
12816,T,260731,072748,60.825943N,24.632870E,88,25.7,335
12817,T,260731,072749,60.826000N,24.632816E,88,25.6,335
12818,T,260731,072750,60.826061N,24.632765E,88,25.5,335
12819,T,260731,072751,60.826111N,24.632706E,88,25.2,334
12820,T,260731,072752,60.826172N,24.632654E,89,25.2,335
12821,T,260731,072753,60.826233N,24.632601E,89,25.3,335
12822,T,260731,072754,60.826286N,24.632545E,89,25.3,335
12823,T,260731,072755,60.826344N,24.632492E,89,25.3,335
12824,T,260731,072756,60.826401N,24.632439E,89,25.3,335
12825,T,260731,072757,60.826454N,24.632383E,89,25.3,335
12826,T,260731,072758,60.826511N,24.632332E,90,25.2,335
12827,T,260731,072759,60.826569N,24.632277E,90,25.2,335
12828,T,260731,072800,60.826630N,24.632223E,90,25.1,335
12829,T,260731,072801,60.826683N,24.632170E,90,25.1,335
12830,T,260731,072802,60.826740N,24.632116E,90,25.1,335
12831,T,260731,072803,60.826797N,24.632059E,90,25.2,336
12832,T,260731,072804,60.826851N,24.632004E,91,25.2,335
12833,T,260731,072805,60.826904N,24.631948E,91,25.2,335
12834,T,260731,072806,60.826965N,24.631893E,91,24.8,335
12835,T,260731,072807,60.827019N,24.631842E,91,24.8,335
12836,T,260731,072808,60.827076N,24.631786E,91,24.7,335
12837,T,260731,072809,60.827133N,24.631735E,91,24.6,334
12838,T,260731,072810,60.827187N,24.631681E,91,24.6,335
12839,T,260731,072811,60.827244N,24.631634E,91,24.7,335
12840,T,260731,072812,60.827305N,24.631582E,91,24.7,335
12841,T,260731,072813,60.827358N,24.631531E,91,25.1,335
12842,T,260731,072814,60.827415N,24.631475E,91,25.4,335
12843,T,260731,072815,60.827477N,24.631424E,91,25.5,335
12844,T,260731,072816,60.827538N,24.631374E,91,25.8,335
12845,T,260731,072817,60.827591N,24.631321E,91,25.9,335
12846,T,260731,072818,60.827652N,24.631266E,91,26.0,335
12847,T,260731,072819,60.827713N,24.631214E,91,26.3,335
12848,T,260731,072820,60.827778N,24.631159E,91,26.4,335
12849,T,260731,072821,60.827835N,24.631102E,91,26.7,335
12850,T,260731,072822,60.827896N,24.631048E,90,26.7,335
12851,T,260731,072823,60.827961N,24.630995E,90,26.7,335
12852,T,260731,072824,60.828018N,24.630936E,90,26.7,335
12853,T,260731,072825,60.828079N,24.630878E,90,26.7,335
12854,T,260731,072826,60.828140N,24.630821E,90,26.7,335
12855,T,260731,072827,60.828205N,24.630764E,90,26.7,335
12856,T,260731,072828,60.828262N,24.630709E,90,26.7,335
12857,T,260731,072829,60.828323N,24.630653E,90,26.7,335
12858,T,260731,072830,60.828388N,24.630596E,90,26.8,335
12859,T,260731,072831,60.828449N,24.630539E,90,27.1,335
12860,T,260731,072832,60.828510N,24.630480E,90,27.2,335
12861,T,260731,072833,60.828571N,24.630423E,90,27.3,335
12862,T,260731,072834,60.828640N,24.630363E,90,27.4,335
12863,T,260731,072835,60.828701N,24.630308E,90,27.3,335
12864,T,260731,072836,60.828758N,24.630247E,90,27.4,335
12865,T,260731,072837,60.828823N,24.630194E,90,27.4,335
12866,T,260731,072838,60.828888N,24.630136E,90,27.5,335
12867,T,260731,072839,60.828953N,24.630077E,90,27.5,335
12868,T,260731,072840,60.829014N,24.630018E,90,27.5,335
12869,T,260731,072841,60.829071N,24.629963E,90,27.5,335
12870,T,260731,072842,60.829136N,24.629902E,90,27.4,335
12871,T,260731,072843,60.829201N,24.629845E,90,27.1,335
12872,T,260731,072844,60.829262N,24.629784E,90,27.0,335
12873,T,260731,072845,60.829319N,24.629726E,90,27.0,335
12874,T,260731,072846,60.829380N,24.629671E,90,26.6,335
12875,T,260731,072847,60.829441N,24.629616E,90,26.5,335
12876,T,260731,072848,60.829498N,24.629557E,90,26.1,335
12877,T,260731,072849,60.829559N,24.629501E,90,25.8,335
12878,T,260731,072850,60.829620N,24.629448E,90,25.8,335
12879,T,260731,072851,60.829681N,24.629393E,90,25.8,334
12880,T,260731,072852,60.829735N,24.629335E,90,25.8,335
12881,T,260731,072853,60.829796N,24.629282E,91,25.8,335
12882,T,260731,072854,60.829853N,24.629227E,91,25.8,335
12883,T,260731,072855,60.829910N,24.629171E,91,25.8,335
12884,T,260731,072856,60.829967N,24.629116E,91,25.8,335
12885,T,260731,072857,60.830029N,24.629061E,91,25.8,335
12886,T,260731,072858,60.830090N,24.629004E,91,25.9,335
12887,T,260731,072859,60.830147N,24.628950E,91,26.0,335
12888,T,260731,072900,60.830204N,24.628897E,91,26.0,335
12889,T,260731,072901,60.830265N,24.628841E,91,26.1,335
12890,T,260731,072902,60.830322N,24.628786E,91,26.2,335
12891,T,260731,072903,60.830383N,24.628731E,91,26.2,335
12892,T,260731,072904,60.830444N,24.628674E,91,26.2,335
12893,T,260731,072905,60.830505N,24.628618E,91,26.2,335
12894,T,260731,072906,60.830559N,24.628563E,91,26.2,335
12895,T,260731,072907,60.830620N,24.628506E,91,26.3,335
12896,T,260731,072908,60.830681N,24.628452E,91,26.3,335
12897,T,260731,072909,60.830746N,24.628395E,91,26.4,336
12898,T,260731,072910,60.830803N,24.628344E,91,26.5,336
12899,T,260731,072911,60.830864N,24.628284E,91,26.6,335
12900,T,260731,072912,60.830925N,24.628227E,91,26.7,335
12901,T,260731,072913,60.830982N,24.628172E,91,26.7,335
12902,T,260731,072914,60.831043N,24.628117E,91,26.7,335
12903,T,260731,072915,60.831104N,24.628059E,91,26.7,335
12904,T,260731,072916,60.831165N,24.628002E,91,26.6,335
12905,T,260731,072917,60.831223N,24.627947E,92,26.5,335
12906,T,260731,072918,60.831284N,24.627890E,92,26.5,335
12907,T,260731,072919,60.831345N,24.627836E,92,26.5,335
12908,T,260731,072920,60.831409N,24.627777E,92,26.5,335
12909,T,260731,072921,60.831467N,24.627724E,92,26.5,335
12910,T,260731,072922,60.831528N,24.627668E,92,26.6,335
12911,T,260731,072923,60.831589N,24.627609E,92,26.7,335
12912,T,260731,072924,60.831650N,24.627552E,92,26.7,335
12913,T,260731,072925,60.831711N,24.627497E,92,26.7,335
12914,T,260731,072926,60.831772N,24.627439E,92,26.7,335
12915,T,260731,072927,60.831833N,24.627384E,92,26.7,335
12916,T,260731,072928,60.831890N,24.627323E,92,26.7,335
12917,T,260731,072929,60.831955N,24.627266E,92,26.7,335
12918,T,260731,072930,60.832016N,24.627211E,92,26.7,335
12919,T,260731,072931,60.832077N,24.627153E,92,26.3,334
12920,T,260731,072932,60.832130N,24.627096E,93,26.2,334
12921,T,260731,072933,60.832191N,24.627037E,93,26.1,334
12922,T,260731,072934,60.832253N,24.626984E,93,26.2,335
12923,T,260731,072935,60.832314N,24.626925E,93,26.2,334
12924,T,260731,072936,60.832367N,24.626867E,93,26.2,335
12925,T,260731,072937,60.832428N,24.626814E,93,26.3,335
12926,T,260731,072938,60.832489N,24.626757E,93,26.7,335
12927,T,260731,072939,60.832546N,24.626699E,93,26.7,335
12928,T,260731,072940,60.832607N,24.626644E,93,26.7,335
12929,T,260731,072941,60.832668N,24.626583E,93,26.7,335
12930,T,260731,072942,60.832729N,24.626526E,93,26.9,335
12931,T,260731,072943,60.832790N,24.626469E,93,27.3,335
12932,T,260731,072944,60.832851N,24.626408E,93,27.4,335
12933,T,260731,072945,60.832916N,24.626348E,93,27.5,335
12934,T,260731,072946,60.832981N,24.626289E,93,28.0,335
12935,T,260731,072947,60.833042N,24.626232E,93,28.1,335
12936,T,260731,072948,60.833107N,24.626171E,93,28.7,335
12937,T,260731,072949,60.833172N,24.626114E,93,28.7,335
12938,T,260731,072950,60.833241N,24.626059E,93,28.6,336
12939,T,260731,072951,60.833305N,24.626001E,93,27.9,336
12940,T,260731,072952,60.833366N,24.625944E,93,27.5,335
12941,T,260731,072953,60.833431N,24.625883E,93,27.0,335
12942,T,260731,072954,60.833488N,24.625826E,93,26.3,335
12943,T,260731,072955,60.833549N,24.625772E,93,25.6,335
12944,T,260731,072956,60.833607N,24.625717E,93,25.5,335
12945,T,260731,072957,60.833664N,24.625664E,93,25.5,335
12946,T,260731,072958,60.833725N,24.625612E,93,26.0,336
12947,T,260731,072959,60.833782N,24.625557E,93,26.1,335
12948,T,260731,073000,60.833839N,24.625498E,93,26.5,335
12949,T,260731,073001,60.833900N,24.625443E,93,26.6,335
12950,T,260731,073002,60.833965N,24.625383E,93,26.7,335
12951,T,260731,073003,60.834023N,24.625324E,93,26.7,335
12952,T,260731,073004,60.834084N,24.625265E,93,26.8,335
12953,T,260731,073005,60.834148N,24.625210E,93,27.2,335
12954,T,260731,073006,60.834209N,24.625153E,93,27.4,335
12955,T,260731,073007,60.834274N,24.625095E,93,27.8,335
12956,T,260731,073008,60.834339N,24.625036E,93,28.2,335
12957,T,260731,073009,60.834404N,24.624975E,93,28.6,335
12958,T,260731,073010,60.834473N,24.624916E,93,28.9,335
12959,T,260731,073011,60.834541N,24.624857E,93,29.3,335
12960,T,260731,073012,60.834602N,24.624792E,93,29.6,335
12961,T,260731,073013,60.834671N,24.624723E,93,29.7,335
12962,T,260731,073014,60.834740N,24.624660E,93,29.8,335
12963,T,260731,073015,60.834808N,24.624596E,93,29.9,335
12964,T,260731,073016,60.834877N,24.624535E,93,30.0,335
12965,T,260731,073017,60.834946N,24.624470E,93,30.0,335
12966,T,260731,073018,60.835011N,24.624407E,93,30.0,335
12967,T,260731,073019,60.835079N,24.624342E,93,30.0,335
12968,T,260731,073020,60.835148N,24.624277E,93,30.0,335
12969,T,260731,073021,60.835217N,24.624216E,93,29.9,335
12970,T,260731,073022,60.835285N,24.624147E,92,29.9,335
12971,T,260731,073023,60.835354N,24.624083E,92,29.9,334
12972,T,260731,073024,60.835419N,24.624016E,92,30.0,334
12973,T,260731,073025,60.835487N,24.623947E,92,30.1,333
12974,T,260731,073026,60.835556N,24.623882E,92,30.0,333
12975,T,260731,073027,60.835621N,24.623817E,92,29.5,333
12976,T,260731,073028,60.835690N,24.623753E,92,29.4,333
12977,T,260731,073029,60.835754N,24.623686E,92,29.1,333
12978,T,260731,073030,60.835819N,24.623623E,92,29.0,333
12979,T,260731,073031,60.835884N,24.623556E,92,28.9,333
12980,T,260731,073032,60.835949N,24.623491E,92,28.8,333
12981,T,260731,073033,60.836014N,24.623426E,92,28.7,333
12982,T,260731,073034,60.836075N,24.623362E,92,28.7,333
12983,T,260731,073035,60.836140N,24.623297E,92,28.6,333
12984,T,260731,073036,60.836205N,24.623230E,92,28.6,333
12985,T,260731,073037,60.836269N,24.623163E,92,28.6,333
12986,T,260731,073038,60.836327N,24.623095E,91,28.1,332
12987,T,260731,073039,60.836391N,24.623024E,91,27.5,332
12988,T,260731,073040,60.836452N,24.622963E,91,27.6,332
12989,T,260731,073041,60.836514N,24.622896E,91,27.7,332
12990,T,260731,073042,60.836575N,24.622829E,91,27.7,332
12991,T,260731,073043,60.836636N,24.622765E,91,27.7,332
12992,T,260731,073044,60.836697N,24.622702E,91,27.6,332
12993,T,260731,073045,60.836758N,24.622635E,91,27.5,332
12994,T,260731,073046,60.836815N,24.622566E,91,27.4,331
12995,T,260731,073047,60.836876N,24.622501E,91,27.1,332
12996,T,260731,073048,60.836937N,24.622437E,91,27.0,332
12997,T,260731,073049,60.836994N,24.622372E,91,27.0,332
12998,T,260731,073050,60.837051N,24.622305E,92,26.9,331
12999,T,260731,073051,60.837112N,24.622240E,92,26.5,331
13000,T,260731,073052,60.837170N,24.622175E,92,26.5,331
13001,T,260731,073053,60.837227N,24.622112E,92,26.1,331
13002,T,260731,073054,60.837284N,24.622047E,92,26.0,331
13003,T,260731,073055,60.837341N,24.621984E,92,25.9,331
13004,T,260731,073056,60.837395N,24.621922E,92,25.6,331
13005,T,260731,073057,60.837452N,24.621859E,92,25.5,331
13006,T,260731,073058,60.837505N,24.621796E,93,25.0,331
13007,T,260731,073059,60.837559N,24.621737E,93,24.9,331
13008,T,260731,073100,60.837616N,24.621675E,93,24.3,331
13009,T,260731,073101,60.837669N,24.621616E,93,23.8,331
13010,T,260731,073102,60.837719N,24.621557E,93,23.4,331
13011,T,260731,073103,60.837769N,24.621500E,93,23.2,331
13012,T,260731,073104,60.837818N,24.621445E,94,23.1,331
13013,T,260731,073105,60.837872N,24.621387E,94,23.1,331
13014,T,260731,073106,60.837921N,24.621334E,94,23.0,331
13015,T,260731,073107,60.837967N,24.621277E,94,23.1,331
13016,T,260731,073108,60.838020N,24.621216E,94,23.0,330
13017,T,260731,073109,60.838066N,24.621157E,94,23.0,330
13018,T,260731,073110,60.838116N,24.621099E,95,23.1,330
13019,T,260731,073111,60.838169N,24.621040E,95,23.1,331
13020,T,260731,073112,60.838219N,24.620979E,95,23.2,330
13021,T,260731,073113,60.838272N,24.620922E,95,23.2,331
13022,T,260731,073114,60.838322N,24.620867E,95,23.2,331
13023,T,260731,073115,60.838371N,24.620810E,95,23.2,331
13024,T,260731,073116,60.838425N,24.620749E,95,23.3,331
13025,T,260731,073117,60.838474N,24.620689E,96,23.3,330
13026,T,260731,073118,60.838528N,24.620632E,96,23.4,330
13027,T,260731,073119,60.838577N,24.620577E,96,23.4,330
13028,T,260731,073120,60.838627N,24.620518E,96,23.4,331
13029,T,260731,073121,60.838680N,24.620459E,96,23.5,331
13030,T,260731,073122,60.838734N,24.620401E,96,23.6,331
13031,T,260731,073123,60.838779N,24.620344E,96,23.6,331
13032,T,260731,073124,60.838833N,24.620289E,96,23.7,331
13033,T,260731,073125,60.838882N,24.620230E,96,23.7,331
13034,T,260731,073126,60.838936N,24.620173E,96,24.0,331
13035,T,260731,073127,60.838989N,24.620113E,95,24.0,330
13036,T,260731,073128,60.839039N,24.620054E,96,24.3,331
13037,T,260731,073129,60.839096N,24.619993E,96,24.4,331
13038,T,260731,073130,60.839149N,24.619932E,96,24.9,330
13039,T,260731,073131,60.839203N,24.619869E,96,25.0,330
13040,T,260731,073132,60.839260N,24.619806E,96,25.5,330
13041,T,260731,073133,60.839314N,24.619743E,96,25.9,331
13042,T,260731,073134,60.839371N,24.619680E,96,26.3,331
13043,T,260731,073135,60.839432N,24.619616E,96,26.3,331
13044,T,260731,073136,60.839489N,24.619553E,96,26.2,331
13045,T,260731,073137,60.839542N,24.619488E,96,25.7,331
13046,T,260731,073138,60.839600N,24.619425E,96,25.6,331
13047,T,260731,073139,60.839661N,24.619362E,96,26.0,331
13048,T,260731,073140,60.839722N,24.619289E,96,26.5,331
13049,T,260731,073141,60.839779N,24.619226E,96,26.7,331
13050,T,260731,073142,60.839840N,24.619162E,96,27.0,331
13051,T,260731,073143,60.839901N,24.619097E,96,27.0,331
13052,T,260731,073144,60.839958N,24.619028E,96,27.5,331
13053,T,260731,073145,60.840023N,24.618958E,96,27.6,331
13054,T,260731,073146,60.840084N,24.618891E,96,27.5,331
13055,T,260731,073147,60.840145N,24.618824E,96,26.8,331
13056,T,260731,073148,60.840199N,24.618759E,96,26.4,331
13057,T,260731,073149,60.840256N,24.618694E,96,25.9,330
13058,T,260731,073150,60.840317N,24.618631E,96,25.3,331
13059,T,260731,073151,60.840370N,24.618570E,96,25.2,331
13060,T,260731,073152,60.840427N,24.618507E,96,25.6,331
13061,T,260731,073153,60.840485N,24.618446E,96,26.0,331
13062,T,260731,073154,60.840542N,24.618382E,96,26.1,331
13063,T,260731,073155,60.840599N,24.618319E,96,26.4,331
13064,T,260731,073156,60.840656N,24.618252E,96,26.8,331
13065,T,260731,073157,60.840717N,24.618187E,95,26.9,331
13066,T,260731,073158,60.840775N,24.618122E,95,27.3,331
13067,T,260731,073159,60.840836N,24.618055E,95,27.6,331
13068,T,260731,073200,60.840897N,24.617989E,95,27.6,331
13069,T,260731,073201,60.840958N,24.617922E,95,27.7,331
13070,T,260731,073202,60.841019N,24.617851E,95,27.8,331
13071,T,260731,073203,60.841080N,24.617783E,96,27.9,331
13072,T,260731,073204,60.841141N,24.617714E,96,28.0,331
13073,T,260731,073205,60.841202N,24.617643E,96,28.1,331
13074,T,260731,073206,60.841263N,24.617577E,96,28.3,330
13075,T,260731,073207,60.841328N,24.617504E,96,28.3,330
13076,T,260731,073208,60.841389N,24.617432E,96,28.0,330
13077,T,260731,073209,60.841450N,24.617361E,96,27.9,330
13078,T,260731,073210,60.841511N,24.617296E,96,27.9,331
13079,T,260731,073211,60.841568N,24.617231E,96,28.0,331
13080,T,260731,073212,60.841629N,24.617163E,95,28.0,330
13081,T,260731,073213,60.841686N,24.617090E,95,27.9,330
13082,T,260731,073214,60.841751N,24.617016E,95,27.8,329
13083,T,260731,073215,60.841816N,24.616943E,95,27.7,329
13084,T,260731,073216,60.841873N,24.616877E,95,27.6,329
13085,T,260731,073217,60.841930N,24.616804E,95,27.5,329
13086,T,260731,073218,60.841991N,24.616734E,95,27.2,329
13087,T,260731,073219,60.842049N,24.616665E,95,27.2,329
13088,T,260731,073220,60.842110N,24.616592E,95,27.2,329
13089,T,260731,073221,60.842167N,24.616518E,95,27.2,329
13090,T,260731,073222,60.842228N,24.616446E,96,27.6,329
13091,T,260731,073223,60.842289N,24.616373E,96,27.6,329
13092,T,260731,073224,60.842342N,24.616302E,96,27.7,328
13093,T,260731,073225,60.842403N,24.616226E,96,28.1,328
13094,T,260731,073226,60.842464N,24.616154E,96,28.2,328
13095,T,260731,073227,60.842525N,24.616076E,96,28.6,328
13096,T,260731,073228,60.842587N,24.615997E,96,28.7,328
13097,T,260731,073229,60.842648N,24.615919E,96,28.8,328
13098,T,260731,073230,60.842712N,24.615843E,96,29.2,328
13099,T,260731,073231,60.842770N,24.615765E,95,28.9,327
13100,T,260731,073232,60.842831N,24.615685E,95,28.5,327
13101,T,260731,073233,60.842888N,24.615606E,96,27.9,327
13102,T,260731,073234,60.842949N,24.615528E,96,27.5,326
13103,T,260731,073235,60.843002N,24.615456E,95,26.7,327
13104,T,260731,073236,60.843060N,24.615379E,96,26.4,327
13105,T,260731,073237,60.843121N,24.615305E,96,26.4,326
13106,T,260731,073238,60.843170N,24.615229E,96,26.7,327
13107,T,260731,073239,60.843231N,24.615156E,96,26.8,326
13108,T,260731,073240,60.843285N,24.615078E,96,26.9,326
13109,T,260731,073241,60.843342N,24.615002E,96,27.3,326
13110,T,260731,073242,60.843399N,24.614923E,96,27.3,326
13111,T,260731,073243,60.843456N,24.614843E,96,27.4,325
13112,T,260731,073244,60.843517N,24.614763E,96,27.3,325
13113,T,260731,073245,60.843575N,24.614685E,96,27.2,326
13114,T,260731,073246,60.843639N,24.614607E,96,27.2,326
13115,T,260731,073247,60.843697N,24.614529E,96,27.2,326
13116,T,260731,073248,60.843754N,24.614449E,96,27.2,326
13117,T,260731,073249,60.843803N,24.614370E,96,27.2,325
13118,T,260731,073250,60.843861N,24.614294E,96,27.2,325
13119,T,260731,073251,60.843910N,24.614214E,96,27.2,325
13120,T,260731,073252,60.843967N,24.614136E,96,27.2,325
13121,T,260731,073253,60.844021N,24.614056E,96,27.2,324
13122,T,260731,073254,60.844074N,24.613976E,96,27.2,324
13123,T,260731,073255,60.844135N,24.613894E,97,27.3,324
13124,T,260731,073256,60.844193N,24.613810E,96,27.3,324
13125,T,260731,073257,60.844250N,24.613726E,97,27.3,324
13126,T,260731,073258,60.844303N,24.613642E,97,27.3,323
13127,T,260731,073259,60.844360N,24.613558E,97,27.3,323
13128,T,260731,073300,60.844414N,24.613476E,96,27.4,323
13129,T,260731,073301,60.844467N,24.613390E,97,27.4,323
13130,T,260731,073302,60.844521N,24.613304E,96,27.4,323
13131,T,260731,073303,60.844578N,24.613220E,97,27.7,323
13132,T,260731,073304,60.844631N,24.613136E,97,27.9,323
13133,T,260731,073305,60.844688N,24.613050E,96,27.9,323
13134,T,260731,073306,60.844742N,24.612963E,96,28.0,323
13135,T,260731,073307,60.844795N,24.612877E,96,28.1,322
13136,T,260731,073308,60.844852N,24.612785E,96,28.2,322
13137,T,260731,073309,60.844913N,24.612698E,96,28.3,322
13138,T,260731,073310,60.844967N,24.612610E,96,28.4,322
13139,T,260731,073311,60.845028N,24.612520E,96,28.5,322
13140,T,260731,073312,60.845085N,24.612431E,96,28.6,322
13141,T,260731,073313,60.845139N,24.612343E,96,28.6,323
13142,T,260731,073314,60.845196N,24.612255E,97,28.5,322
13143,T,260731,073315,60.845249N,24.612169E,97,27.9,322
13144,T,260731,073316,60.845303N,24.612091E,96,27.3,322
13145,T,260731,073317,60.845356N,24.612017E,96,26.7,323
13146,T,260731,073318,60.845409N,24.611944E,96,26.0,323
13147,T,260731,073319,60.845459N,24.611866E,96,26.0,323
13148,T,260731,073320,60.845512N,24.611788E,96,26.1,322
13149,T,260731,073321,60.845566N,24.611708E,96,26.5,322
13150,T,260731,073322,60.845615N,24.611628E,96,26.6,322
13151,T,260731,073323,60.845673N,24.611547E,96,27.2,322
13152,T,260731,073324,60.845722N,24.611464E,96,27.6,322
13153,T,260731,073325,60.845779N,24.611380E,95,27.7,322
13154,T,260731,073326,60.845837N,24.611296E,95,27.2,322
13155,T,260731,073327,60.845886N,24.611212E,95,26.4,322
13156,T,260731,073328,60.845940N,24.611134E,95,25.7,323
13157,T,260731,073329,60.845993N,24.611052E,94,25.7,323
13158,T,260731,073330,60.846043N,24.610971E,94,25.8,322
13159,T,260731,073331,60.846096N,24.610888E,94,25.9,322
13160,T,260731,073332,60.846149N,24.610807E,94,26.0,323
13161,T,260731,073333,60.846199N,24.610727E,94,26.0,323
13162,T,260731,073334,60.846252N,24.610645E,94,26.1,322
13163,T,260731,073335,60.846310N,24.610561E,94,26.6,322
13164,T,260731,073336,60.846359N,24.610476E,93,27.0,322
13165,T,260731,073337,60.846416N,24.610394E,93,27.1,322
13166,T,260731,073338,60.846474N,24.610310E,93,27.2,323
13167,T,260731,073339,60.846527N,24.610224E,93,27.2,322
13168,T,260731,073340,60.846584N,24.610140E,93,26.6,323
13169,T,260731,073341,60.846638N,24.610060E,93,25.9,323
13170,T,260731,073342,60.846687N,24.609980E,93,25.3,322
13171,T,260731,073343,60.846741N,24.609901E,93,24.7,323
13172,T,260731,073344,60.846786N,24.609819E,93,24.2,322
13173,T,260731,073345,60.846840N,24.609747E,93,24.2,322
13174,T,260731,073346,60.846889N,24.609669E,93,24.7,322
13175,T,260731,073347,60.846939N,24.609587E,93,25.2,322
13176,T,260731,073348,60.846992N,24.609512E,93,25.8,323
13177,T,260731,073349,60.847046N,24.609432E,92,26.2,323
13178,T,260731,073350,60.847095N,24.609350E,92,26.6,323
13179,T,260731,073351,60.847153N,24.609270E,92,27.0,323
13180,T,260731,073352,60.847202N,24.609184E,92,27.1,323
13181,T,260731,073353,60.847260N,24.609098E,92,26.7,322
13182,T,260731,073354,60.847313N,24.609016E,92,26.2,322
13183,T,260731,073355,60.847363N,24.608936E,92,25.8,323
13184,T,260731,073356,60.847416N,24.608860E,92,25.1,323
13185,T,260731,073357,60.847469N,24.608780E,92,25.1,323
13186,T,260731,073358,60.847515N,24.608702E,92,25.0,322
13187,T,260731,073359,60.847565N,24.608624E,92,25.5,322
13188,T,260731,073400,60.847614N,24.608543E,92,25.9,323
13189,T,260731,073401,60.847668N,24.608463E,92,26.2,323
13190,T,260731,073402,60.847721N,24.608381E,92,26.3,323
13191,T,260731,073403,60.847771N,24.608297E,92,26.6,323
13192,T,260731,073404,60.847828N,24.608215E,92,26.7,323
13193,T,260731,073405,60.847881N,24.608133E,92,26.8,323
13194,T,260731,073406,60.847931N,24.608049E,91,26.8,322
13195,T,260731,073407,60.847988N,24.607967E,91,26.8,322
13196,T,260731,073408,60.848042N,24.607885E,91,26.8,323
13197,T,260731,073409,60.848091N,24.607803E,91,26.8,323
13198,T,260731,073410,60.848145N,24.607723E,91,26.7,323
13199,T,260731,073411,60.848194N,24.607641E,91,26.2,323
13200,T,260731,073412,60.848248N,24.607565E,91,26.1,322
13201,T,260731,073413,60.848301N,24.607485E,91,26.0,322
13202,T,260731,073414,60.848351N,24.607407E,92,26.0,323
13203,T,260731,073415,60.848396N,24.607332E,92,26.1,322
13204,T,260731,073416,60.848446N,24.607256E,92,26.2,322
13205,T,260731,073417,60.848495N,24.607178E,92,26.5,322
13206,T,260731,073418,60.848549N,24.607096E,92,26.6,322
13207,T,260731,073419,60.848598N,24.607014E,92,26.7,322
13208,T,260731,073420,60.848656N,24.606932E,92,26.7,323
13209,T,260731,073421,60.848713N,24.606848E,92,26.6,323
13210,T,260731,073422,60.848763N,24.606766E,92,26.5,323
13211,T,260731,073423,60.848820N,24.606684E,92,26.1,323
13212,T,260731,073424,60.848873N,24.606604E,92,25.9,323
13213,T,260731,073425,60.848923N,24.606524E,92,25.5,323
13214,T,260731,073426,60.848976N,24.606443E,92,25.3,323
13215,T,260731,073427,60.849026N,24.606363E,92,24.9,323
13216,T,260731,073428,60.849075N,24.606285E,92,24.8,322
13217,T,260731,073429,60.849125N,24.606211E,92,24.7,322
13218,T,260731,073430,60.849171N,24.606136E,92,24.5,322
13219,T,260731,073431,60.849220N,24.606062E,92,24.2,322
13220,T,260731,073432,60.849262N,24.605989E,93,23.7,322
13221,T,260731,073433,60.849312N,24.605919E,93,23.2,322
13222,T,260731,073434,60.849358N,24.605848E,93,22.7,322
13223,T,260731,073435,60.849400N,24.605776E,93,22.5,322
13224,T,260731,073436,60.849445N,24.605705E,93,22.1,322
13225,T,260731,073437,60.849487N,24.605640E,93,21.4,323
13226,T,260731,073438,60.849533N,24.605576E,94,20.8,324
13227,T,260731,073439,60.849575N,24.605515E,94,20.3,323
13228,T,260731,073440,60.849617N,24.605452E,94,19.7,323
13229,T,260731,073441,60.849651N,24.605391E,94,19.3,322
13230,T,260731,073442,60.849689N,24.605330E,94,19.0,321
13231,T,260731,073443,60.849728N,24.605272E,95,18.9,321
13232,T,260731,073444,60.849766N,24.605211E,95,18.9,321
13233,T,260731,073445,60.849800N,24.605154E,95,18.8,322
13234,T,260731,073446,60.849838N,24.605091E,95,18.6,322
13235,T,260731,073447,60.849873N,24.605036E,95,18.2,322
13236,T,260731,073448,60.849907N,24.604977E,96,17.8,322
13237,T,260731,073449,60.849945N,24.604923E,96,17.8,323
13238,T,260731,073450,60.849976N,24.604876E,96,17.7,323
13239,T,260731,073451,60.850006N,24.604824E,96,17.6,323
13240,T,260731,073452,60.850044N,24.604773E,97,17.6,324
13241,T,260731,073453,60.850079N,24.604717E,97,17.6,324
13242,T,260731,073454,60.850117N,24.604664E,97,17.5,324
13243,T,260731,073455,60.850151N,24.604610E,97,17.6,323
13244,T,260731,073456,60.850189N,24.604555E,97,17.7,323
13245,T,260731,073457,60.850220N,24.604502E,97,17.7,323
13246,T,260731,073458,60.850262N,24.604450E,98,17.8,323
13247,T,260731,073459,60.850296N,24.604397E,98,17.8,323
13248,T,260731,073500,60.850330N,24.604340E,98,17.5,323
13249,T,260731,073501,60.850368N,24.604286E,98,17.5,324
13250,T,260731,073502,60.850399N,24.604235E,99,17.4,324
13251,T,260731,073503,60.850441N,24.604183E,99,17.5,324
13252,T,260731,073504,60.850471N,24.604130E,99,17.6,324
13253,T,260731,073505,60.850513N,24.604080E,99,17.6,325
13254,T,260731,073506,60.850544N,24.604029E,99,17.6,325
13255,T,260731,073507,60.850578N,24.603975E,100,17.5,325
13256,T,260731,073508,60.850616N,24.603926E,100,16.4,325
13257,T,260731,073509,60.850647N,24.603878E,100,16.4,325
13258,T,260731,073510,60.850685N,24.603834E,100,16.5,325
13259,T,260731,073511,60.850716N,24.603785E,101,16.4,325
13260,T,260731,073512,60.850754N,24.603737E,101,15.9,325
13261,T,260731,073513,60.850784N,24.603691E,101,16.7,331
13262,T,260731,073514,60.850819N,24.603647E,101,16.7,330
13263,T,260731,073515,60.850857N,24.603603E,101,16.2,329
13264,T,260731,073516,60.850891N,24.603561E,102,16.5,329
13265,T,260731,073517,60.850925N,24.603519E,102,16.4,328
13266,T,260731,073518,60.850960N,24.603474E,102,16.4,326
13267,T,260731,073519,60.850994N,24.603428E,102,16.3,327
13268,T,260731,073520,60.851032N,24.603386E,102,16.2,328
13269,T,260731,073521,60.851063N,24.603342E,102,16.2,329
13270,T,260731,073522,60.851097N,24.603304E,103,16.2,330
13271,T,260731,073523,60.851131N,24.603262E,103,16.5,331
13272,T,260731,073524,60.851173N,24.603220E,103,16.5,331
13273,T,260731,073525,60.851208N,24.603182E,103,16.5,332
13274,T,260731,073526,60.851246N,24.603144E,104,16.5,333
13275,T,260731,073527,60.851280N,24.603106E,104,16.4,333
13276,T,260731,073528,60.851315N,24.603065E,104,16.1,333
13277,T,260731,073529,60.851353N,24.603027E,104,16.0,333
13278,T,260731,073530,60.851387N,24.602991E,104,16.1,333
13279,T,260731,073531,60.851425N,24.602957E,105,16.2,333
13280,T,260731,073532,60.851460N,24.602922E,105,16.6,335
13281,T,260731,073533,60.851501N,24.602884E,105,16.7,334
13282,T,260731,073534,60.851540N,24.602848E,105,16.7,335
13283,T,260731,073535,60.851578N,24.602814E,105,16.7,336
13284,T,260731,073536,60.851616N,24.602781E,105,16.6,336
13285,T,260731,073537,60.851650N,24.602749E,106,16.5,336
13286,T,260731,073538,60.851688N,24.602715E,106,16.0,336
13287,T,260731,073539,60.851723N,24.602682E,106,15.9,337
13288,T,260731,073540,60.851761N,24.602650E,106,16.0,337
13289,T,260731,073541,60.851799N,24.602619E,106,16.1,338
13290,T,260731,073542,60.851841N,24.602591E,106,16.6,338
13291,T,260731,073543,60.851879N,24.602558E,106,16.9,339
13292,T,260731,073544,60.851921N,24.602528E,107,17.5,339
13293,T,260731,073545,60.851959N,24.602495E,107,17.4,339
13294,T,260731,073546,60.852001N,24.602467E,107,17.0,339
13295,T,260731,073547,60.852039N,24.602440E,107,17.2,345
13296,T,260731,073548,60.852085N,24.602419E,107,17.2,346
13297,T,260731,073549,60.852123N,24.602396E,108,17.4,343
13298,T,260731,073550,60.852165N,24.602369E,108,17.5,342
13299,T,260731,073551,60.852207N,24.602345E,108,17.8,343
13300,T,260731,073552,60.852249N,24.602318E,108,17.9,342
13301,T,260731,073553,60.852291N,24.602291E,108,17.9,344
13302,T,260731,073554,60.852337N,24.602268E,109,17.8,343
13303,T,260731,073555,60.852379N,24.602243E,109,17.8,344
13304,T,260731,073556,60.852421N,24.602221E,109,17.7,344
13305,T,260731,073557,60.852463N,24.602196E,109,17.7,344
13306,T,260731,073558,60.852509N,24.602173E,109,17.7,345
13307,T,260731,073559,60.852551N,24.602152E,109,18.1,345
13308,T,260731,073600,60.852596N,24.602131E,110,18.2,345
13309,T,260731,073601,60.852638N,24.602108E,110,18.2,346
13310,T,260731,073602,60.852684N,24.602089E,110,18.3,347
13311,T,260731,073603,60.852730N,24.602068E,110,18.4,346
13312,T,260731,073604,60.852772N,24.602045E,110,18.5,347
13313,T,260731,073605,60.852821N,24.602024E,110,18.5,347
13314,T,260731,073606,60.852863N,24.602003E,111,18.6,347
13315,T,260731,073607,60.852913N,24.601984E,111,18.6,347
13316,T,260731,073608,60.852955N,24.601965E,111,18.6,347
13317,T,260731,073609,60.853004N,24.601944E,111,18.6,348
13318,T,260731,073610,60.853046N,24.601927E,111,18.3,349
13319,T,260731,073611,60.853092N,24.601910E,111,18.2,349
13320,T,260731,073612,60.853142N,24.601891E,111,18.3,349
13321,T,260731,073613,60.853184N,24.601870E,111,18.4,348
13322,T,260731,073614,60.853233N,24.601849E,112,18.6,347
13323,T,260731,073615,60.853275N,24.601830E,112,18.6,348
13324,T,260731,073616,60.853325N,24.601810E,112,19.7,347
13325,T,260731,073617,60.853367N,24.601786E,112,19.7,346
13326,T,260731,073618,60.853420N,24.601765E,112,20.0,346
13327,T,260731,073619,60.853474N,24.601746E,112,20.0,346
13328,T,260731,073620,60.853519N,24.601725E,112,19.9,346
13329,T,260731,073621,60.853565N,24.601702E,112,19.9,346
13330,T,260731,073622,60.853611N,24.601673E,112,20.0,345
13331,T,260731,073623,60.853661N,24.601646E,112,20.4,346
13332,T,260731,073624,60.853710N,24.601624E,112,20.7,347
13333,T,260731,073625,60.853764N,24.601603E,112,21.0,347
13334,T,260731,073626,60.853813N,24.601574E,112,21.1,346
13335,T,260731,073627,60.853863N,24.601545E,112,21.1,346
13336,T,260731,073628,60.853916N,24.601521E,112,21.1,345
13337,T,260731,073629,60.853970N,24.601490E,112,21.1,345
13338,T,260731,073630,60.854019N,24.601461E,112,21.0,344
13339,T,260731,073631,60.854073N,24.601433E,112,21.1,343
13340,T,260731,073632,60.854118N,24.601402E,112,21.5,343
13341,T,260731,073633,60.854172N,24.601370E,113,21.9,343
13342,T,260731,073634,60.854225N,24.601337E,113,22.0,343
13343,T,260731,073635,60.854275N,24.601303E,113,22.6,342
13344,T,260731,073636,60.854332N,24.601269E,113,22.6,342
13345,T,260731,073637,60.854385N,24.601234E,112,22.6,341
13346,T,260731,073638,60.854435N,24.601196E,112,22.1,341
13347,T,260731,073639,60.854488N,24.601162E,112,22.0,341
13348,T,260731,073640,60.854542N,24.601126E,112,21.5,341
13349,T,260731,073641,60.854591N,24.601091E,112,21.2,341
13350,T,260731,073642,60.854641N,24.601057E,112,20.9,341
13351,T,260731,073643,60.854687N,24.601021E,112,20.8,340
13352,T,260731,073644,60.854740N,24.600983E,113,20.7,340
13353,T,260731,073645,60.854790N,24.600946E,113,20.7,339
13354,T,260731,073646,60.854836N,24.600908E,113,21.3,339
13355,T,260731,073647,60.854889N,24.600870E,113,21.8,339
13356,T,260731,073648,60.854939N,24.600826E,112,22.5,338
13357,T,260731,073649,60.854992N,24.600784E,112,23.1,337
13358,T,260731,073650,60.855049N,24.600742E,112,23.1,337
13359,T,260731,073651,60.855099N,24.600698E,112,23.1,336
13360,T,260731,073652,60.855152N,24.600651E,112,23.1,335
13361,T,260731,073653,60.855206N,24.600597E,111,23.0,334
13362,T,260731,073654,60.855259N,24.600544E,111,23.1,333
13363,T,260731,073655,60.855309N,24.600491E,111,23.1,333
13364,T,260731,073656,60.855358N,24.600433E,111,23.0,332
13365,T,260731,073657,60.855412N,24.600378E,111,23.0,332
13366,T,260731,073658,60.855461N,24.600321E,111,22.9,330
13367,T,260731,073659,60.855507N,24.600258E,111,22.9,329
13368,T,260731,073700,60.855560N,24.600197E,111,22.9,329
13369,T,260731,073701,60.855610N,24.600134E,111,23.2,327
13370,T,260731,073702,60.855656N,24.600063E,111,23.3,326
13371,T,260731,073703,60.855705N,24.599997E,111,23.4,325
13372,T,260731,073704,60.855755N,24.599928E,111,23.8,325
13373,T,260731,073705,60.855804N,24.599863E,110,23.9,325
13374,T,260731,073706,60.855858N,24.599796E,110,24.0,326
13375,T,260731,073707,60.855907N,24.599726E,110,24.1,326
13376,T,260731,073708,60.855957N,24.599655E,110,24.2,326
13377,T,260731,073709,60.856007N,24.599586E,109,24.9,326
13378,T,260731,073710,60.856060N,24.599516E,109,25.0,325
13379,T,260731,073711,60.856113N,24.599438E,109,25.3,325
13380,T,260731,073712,60.856163N,24.599361E,108,25.3,324
13381,T,260731,073713,60.856216N,24.599283E,108,25.4,323
13382,T,260731,073714,60.856270N,24.599203E,108,25.7,323
13383,T,260731,073715,60.856319N,24.599127E,108,25.8,323
13384,T,260731,073716,60.856369N,24.599045E,108,26.2,322
13385,T,260731,073717,60.856419N,24.598955E,108,26.8,321
13386,T,260731,073718,60.856472N,24.598867E,108,27.1,320
13387,T,260731,073719,60.856525N,24.598780E,108,27.2,320
13388,T,260731,073720,60.856579N,24.598686E,108,27.5,319
13389,T,260731,073721,60.856628N,24.598585E,107,27.5,319
13390,T,260731,073722,60.856674N,24.598492E,107,27.9,318
13391,T,260731,073723,60.856728N,24.598392E,107,28.2,318
13392,T,260731,073724,60.856785N,24.598297E,107,28.1,318
13393,T,260731,073725,60.856834N,24.598202E,107,28.1,317
13394,T,260731,073726,60.856888N,24.598104E,107,28.0,317
13395,T,260731,073727,60.856941N,24.598003E,107,28.0,316
13396,T,260731,073728,60.856991N,24.597904E,106,28.0,315
13397,T,260731,073729,60.857040N,24.597801E,106,28.0,315
13398,T,260731,073730,60.857086N,24.597698E,106,28.4,314
13399,T,260731,073731,60.857140N,24.597591E,105,29.2,313
13400,T,260731,073732,60.857193N,24.597481E,105,29.9,312
13401,T,260731,073733,60.857243N,24.597364E,105,30.4,312
13402,T,260731,073734,60.857296N,24.597248E,104,30.7,311
13403,T,260731,073735,60.857349N,24.597130E,104,30.7,311
13404,T,260731,073736,60.857399N,24.597012E,103,30.8,311
13405,T,260731,073737,60.857449N,24.596889E,103,31.0,309
13406,T,260731,073738,60.857494N,24.596764E,103,31.4,309
13407,T,260731,073739,60.857548N,24.596638E,102,31.5,308
13408,T,260731,073740,60.857597N,24.596512E,102,31.5,307
13409,T,260731,073741,60.857643N,24.596382E,101,31.6,307
13410,T,260731,073742,60.857689N,24.596251E,101,31.7,306
13411,T,260731,073743,60.857735N,24.596119E,101,32.0,305
13412,T,260731,073744,60.857784N,24.595984E,100,32.1,305
13413,T,260731,073745,60.857826N,24.595846E,100,32.1,304
13414,T,260731,073746,60.857872N,24.595709E,99,32.0,303
13415,T,260731,073747,60.857918N,24.595572E,99,31.8,303
13416,T,260731,073748,60.857960N,24.595436E,99,31.9,302
13417,T,260731,073749,60.858006N,24.595297E,98,31.9,302
13418,T,260731,073750,60.858047N,24.595156E,98,32.3,302
13419,T,260731,073751,60.858089N,24.595016E,98,32.3,301
13420,T,260731,073752,60.858128N,24.594868E,97,32.5,300
13421,T,260731,073753,60.858170N,24.594725E,97,32.9,299
13422,T,260731,073754,60.858208N,24.594574E,97,33.0,298
13423,T,260731,073755,60.858250N,24.594423E,96,33.0,298
13424,T,260731,073756,60.858288N,24.594276E,96,33.1,299
13425,T,260731,073757,60.858334N,24.594128E,96,32.9,299
13426,T,260731,073758,60.858372N,24.593985E,95,32.6,299
13427,T,260731,073759,60.858414N,24.593838E,95,32.6,299
13428,T,260731,073800,60.858456N,24.593697E,95,32.7,299
13429,T,260731,073801,60.858498N,24.593550E,94,32.8,300
13430,T,260731,073802,60.858540N,24.593407E,94,33.0,301
13431,T,260731,073803,60.858585N,24.593264E,94,33.0,302
13432,T,260731,073804,60.858631N,24.593122E,93,33.1,302
13433,T,260731,073805,60.858677N,24.592979E,93,33.0,303
13434,T,260731,073806,60.858719N,24.592840E,92,32.6,303
13435,T,260731,073807,60.858765N,24.592705E,92,32.2,303
13436,T,260731,073808,60.858807N,24.592569E,92,31.9,304
13437,T,260731,073809,60.858856N,24.592436E,91,31.8,305
13438,T,260731,073810,60.858906N,24.592304E,91,31.8,305
13439,T,260731,073811,60.858948N,24.592175E,91,31.7,305
13440,T,260731,073812,60.858994N,24.592039E,91,31.7,305
13441,T,260731,073813,60.859039N,24.591909E,91,31.3,305
13442,T,260731,073814,60.859085N,24.591782E,91,30.9,306
13443,T,260731,073815,60.859127N,24.591654E,91,30.9,306
13444,T,260731,073816,60.859173N,24.591528E,91,30.4,306
13445,T,260731,073817,60.859219N,24.591404E,91,30.6,307
13446,T,260731,073818,60.859268N,24.591278E,91,31.0,308
13447,T,260731,073819,60.859318N,24.591156E,91,30.9,308
13448,T,260731,073820,60.859364N,24.591034E,91,30.8,309
13449,T,260731,073821,60.859409N,24.590912E,91,30.4,309
13450,T,260731,073822,60.859459N,24.590792E,92,30.3,309
13451,T,260731,073823,60.859505N,24.590675E,92,30.2,310
13452,T,260731,073824,60.859554N,24.590563E,92,29.8,311
13453,T,260731,073825,60.859604N,24.590450E,92,29.8,312
13454,T,260731,073826,60.859657N,24.590336E,92,29.7,313
13455,T,260731,073827,60.859707N,24.590225E,91,29.8,313
13456,T,260731,073828,60.859760N,24.590120E,91,29.8,314
13457,T,260731,073829,60.859818N,24.590015E,91,29.7,315
13458,T,260731,073830,60.859867N,24.589912E,91,29.6,316
13459,T,260731,073831,60.859924N,24.589811E,91,29.2,317
13460,T,260731,073832,60.859982N,24.589712E,91,29.2,317
13461,T,260731,073833,60.860031N,24.589611E,90,29.2,318
13462,T,260731,073834,60.860088N,24.589512E,90,29.5,318
13463,T,260731,073835,60.860146N,24.589417E,90,29.6,319
13464,T,260731,073836,60.860203N,24.589315E,90,30.0,320
13465,T,260731,073837,60.860260N,24.589220E,90,30.1,321
13466,T,260731,073838,60.860321N,24.589125E,90,30.4,321
13467,T,260731,073839,60.860378N,24.589025E,90,30.4,322
13468,T,260731,073840,60.860439N,24.588934E,90,30.5,322
13469,T,260731,073841,60.860500N,24.588839E,90,30.5,323
13470,T,260731,073842,60.860565N,24.588745E,90,30.4,324
13471,T,260731,073843,60.860622N,24.588659E,90,30.3,325
13472,T,260731,073844,60.860687N,24.588575E,90,30.3,326
13473,T,260731,073845,60.860752N,24.588490E,90,30.8,327
13474,T,260731,073846,60.860821N,24.588402E,90,31.3,327
13475,T,260731,073847,60.860886N,24.588314E,90,31.7,327
13476,T,260731,073848,60.860950N,24.588224E,89,32.1,327
13477,T,260731,073849,60.861019N,24.588137E,89,32.0,327
13478,T,260731,073850,60.861084N,24.588051E,89,31.9,327
13479,T,260731,073851,60.861153N,24.587963E,89,31.8,328
13480,T,260731,073852,60.861221N,24.587885E,89,31.3,329
13481,T,260731,073853,60.861286N,24.587805E,89,30.9,329
13482,T,260731,073854,60.861351N,24.587730E,89,30.5,330
13483,T,260731,073855,60.861420N,24.587656E,89,30.4,330
13484,T,260731,073856,60.861488N,24.587584E,89,30.0,330
13485,T,260731,073857,60.861557N,24.587505E,88,30.1,329
13486,T,260731,073858,60.861626N,24.587429E,88,30.7,330
13487,T,260731,073859,60.861687N,24.587353E,88,30.7,329
13488,T,260731,073900,60.861755N,24.587273E,88,31.2,330
13489,T,260731,073901,60.861828N,24.587193E,88,31.6,330
13490,T,260731,073902,60.861897N,24.587112E,88,32.0,330
13491,T,260731,073903,60.861969N,24.587032E,88,32.3,330
13492,T,260731,073904,60.862041N,24.586952E,88,32.3,331
13493,T,260731,073905,60.862110N,24.586876E,88,32.2,331
13494,T,260731,073906,60.862179N,24.586800E,88,31.8,332
13495,T,260731,073907,60.862251N,24.586723E,88,31.7,332
13496,T,260731,073908,60.862320N,24.586649E,88,31.6,331
13497,T,260731,073909,60.862392N,24.586573E,88,31.5,332
13498,T,260731,073910,60.862461N,24.586498E,88,31.5,332
13499,T,260731,073911,60.862534N,24.586424E,88,31.4,332
13500,T,260731,073912,60.862598N,24.586349E,88,31.4,332
13501,T,260731,073913,60.862671N,24.586275E,88,31.3,332
13502,T,260731,073914,60.862740N,24.586205E,88,31.3,332
13503,T,260731,073915,60.862812N,24.586132E,88,31.3,333
13504,T,260731,073916,60.862881N,24.586060E,88,31.2,333
13505,T,260731,073917,60.862953N,24.585985E,88,31.2,333
13506,T,260731,073918,60.863022N,24.585917E,88,30.9,333
13507,T,260731,073919,60.863087N,24.585846E,88,30.9,333
13508,T,260731,073920,60.863159N,24.585777E,88,30.8,333
13509,T,260731,073921,60.863228N,24.585711E,88,30.8,334
13510,T,260731,073922,60.863297N,24.585642E,87,30.9,334
13511,T,260731,073923,60.863369N,24.585573E,87,30.9,334
13512,T,260731,073924,60.863438N,24.585505E,87,30.9,334
13513,T,260731,073925,60.863506N,24.585436E,87,30.9,334
13514,T,260731,073926,60.863575N,24.585369E,87,31.0,335
13515,T,260731,073927,60.863647N,24.585304E,87,31.0,335
13516,T,260731,073928,60.863716N,24.585238E,87,30.7,335
13517,T,260731,073929,60.863789N,24.585175E,87,30.6,335
13518,T,260731,073930,60.863861N,24.585108E,87,30.4,335
13519,T,260731,073931,60.863922N,24.585045E,87,30.1,335
13520,T,260731,073932,60.863991N,24.584982E,87,30.0,335
13521,T,260731,073933,60.864059N,24.584923E,87,29.9,336
13522,T,260731,073934,60.864128N,24.584862E,88,29.8,336
13523,T,260731,073935,60.864197N,24.584803E,87,29.4,336
13524,T,260731,073936,60.864265N,24.584740E,87,29.2,336
13525,T,260731,073937,60.864326N,24.584681E,87,29.1,336
13526,T,260731,073938,60.864395N,24.584623E,87,29.0,336
13527,T,260731,073939,60.864460N,24.584564E,88,28.9,336
13528,T,260731,073940,60.864529N,24.584505E,88,28.8,337
13529,T,260731,073941,60.864594N,24.584450E,88,28.8,337
13530,T,260731,073942,60.864658N,24.584396E,88,28.8,337
13531,T,260731,073943,60.864727N,24.584335E,87,28.9,337
13532,T,260731,073944,60.864796N,24.584280E,87,28.9,337
13533,T,260731,073945,60.864861N,24.584225E,88,28.9,337
13534,T,260731,073946,60.864929N,24.584167E,88,29.0,337
13535,T,260731,073947,60.864990N,24.584110E,88,29.0,337
13536,T,260731,073948,60.865059N,24.584057E,88,29.1,337
13537,T,260731,073949,60.865128N,24.584000E,88,29.1,338
13538,T,260731,073950,60.865196N,24.583944E,88,29.2,338
13539,T,260731,073951,60.865265N,24.583887E,88,29.2,338
13540,T,260731,073952,60.865334N,24.583834E,88,29.3,338
13541,T,260731,073953,60.865398N,24.583778E,88,29.4,338
13542,T,260731,073954,60.865471N,24.583723E,88,29.5,338
13543,T,260731,073955,60.865540N,24.583670E,88,29.6,339
13544,T,260731,073956,60.865608N,24.583616E,88,29.9,339
13545,T,260731,073957,60.865681N,24.583563E,88,29.9,339
13546,T,260731,073958,60.865753N,24.583508E,88,30.0,340
13547,T,260731,073959,60.865822N,24.583456E,88,30.0,340
13548,T,260731,074000,60.865891N,24.583405E,88,30.0,340
13549,T,260731,074001,60.865959N,24.583355E,88,30.0,340
13550,T,260731,074002,60.866032N,24.583300E,88,30.1,340
13551,T,260731,074003,60.866104N,24.583248E,88,30.1,340
13552,T,260731,074004,60.866177N,24.583199E,88,30.2,340
13553,T,260731,074005,60.866249N,24.583145E,88,30.3,340
13554,T,260731,074006,60.866322N,24.583096E,88,30.4,341
13555,T,260731,074007,60.866390N,24.583046E,88,30.3,341
13556,T,260731,074008,60.866459N,24.582998E,88,30.3,341
13557,T,260731,074009,60.866531N,24.582952E,88,30.2,341
13558,T,260731,074010,60.866604N,24.582905E,88,29.9,341
13559,T,260731,074011,60.866673N,24.582855E,87,29.8,341
13560,T,260731,074012,60.866745N,24.582808E,88,29.7,342
13561,T,260731,074013,60.866817N,24.582760E,88,29.7,341
13562,T,260731,074014,60.866882N,24.582714E,87,29.7,341
13563,T,260731,074015,60.866955N,24.582668E,87,29.6,342
13564,T,260731,074016,60.867023N,24.582624E,87,29.6,342
13565,T,260731,074017,60.867096N,24.582581E,87,29.5,342
13566,T,260731,074018,60.867165N,24.582537E,87,29.5,342
13567,T,260731,074019,60.867237N,24.582491E,87,29.4,342
13568,T,260731,074020,60.867306N,24.582443E,87,29.4,342
13569,T,260731,074021,60.867374N,24.582399E,87,29.4,342
13570,T,260731,074022,60.867447N,24.582355E,87,29.4,342
13571,T,260731,074023,60.867516N,24.582310E,87,29.8,342
13572,T,260731,074024,60.867588N,24.582266E,87,29.9,342
13573,T,260731,074025,60.867661N,24.582220E,87,29.3,342
13574,T,260731,074026,60.867729N,24.582176E,87,28.8,343
13575,T,260731,074027,60.867798N,24.582134E,87,28.0,343
13576,T,260731,074028,60.867863N,24.582092E,87,27.6,343
13577,T,260731,074029,60.867928N,24.582050E,87,26.9,343
13578,T,260731,074030,60.867992N,24.582008E,87,27.0,342
13579,T,260731,074031,60.868057N,24.581966E,87,27.7,342
13580,T,260731,074032,60.868122N,24.581924E,87,27.8,342
13581,T,260731,074033,60.868191N,24.581884E,87,27.9,342
13582,T,260731,074034,60.868259N,24.581842E,87,28.3,343
13583,T,260731,074035,60.868324N,24.581799E,87,28.3,342
13584,T,260731,074036,60.868393N,24.581757E,87,28.3,342
13585,T,260731,074037,60.868462N,24.581711E,87,28.2,342
13586,T,260731,074038,60.868526N,24.581667E,87,28.3,342
13587,T,260731,074039,60.868595N,24.581623E,87,28.3,342
13588,T,260731,074040,60.868664N,24.581579E,87,28.3,342
13589,T,260731,074041,60.868732N,24.581535E,87,28.4,342
13590,T,260731,074042,60.868801N,24.581495E,87,28.4,342
13591,T,260731,074043,60.868870N,24.581451E,87,28.4,342
13592,T,260731,074044,60.868935N,24.581409E,87,28.5,343
13593,T,260731,074045,60.869003N,24.581367E,87,28.5,343
13594,T,260731,074046,60.869072N,24.581326E,87,28.8,343
13595,T,260731,074047,60.869141N,24.581284E,87,28.9,343
13596,T,260731,074048,60.869209N,24.581240E,87,28.9,342
13597,T,260731,074049,60.869282N,24.581196E,87,29.0,342
13598,T,260731,074050,60.869350N,24.581154E,87,29.0,342
13599,T,260731,074051,60.869419N,24.581108E,87,29.0,342
13600,T,260731,074052,60.869488N,24.581064E,87,29.0,342
13601,T,260731,074053,60.869556N,24.581022E,87,29.0,342
13602,T,260731,074054,60.869625N,24.580978E,87,29.0,342
13603,T,260731,074055,60.869694N,24.580936E,87,29.0,343
13604,T,260731,074056,60.869762N,24.580893E,87,29.5,343
13605,T,260731,074057,60.869831N,24.580849E,87,29.5,343
13606,T,260731,074058,60.869904N,24.580805E,87,29.5,343
13607,T,260731,074059,60.869976N,24.580755E,87,29.1,342
13608,T,260731,074100,60.870045N,24.580709E,87,29.0,342
13609,T,260731,074101,60.870113N,24.580666E,87,29.0,342
13610,T,260731,074102,60.870178N,24.580624E,87,28.9,342
13611,T,260731,074103,60.870247N,24.580578E,87,28.8,342
13612,T,260731,074104,60.870319N,24.580536E,87,28.7,342
13613,T,260731,074105,60.870388N,24.580494E,87,28.6,343
13614,T,260731,074106,60.870457N,24.580452E,88,28.3,343
13615,T,260731,074107,60.870522N,24.580408E,88,28.2,343
13616,T,260731,074108,60.870590N,24.580366E,88,28.1,342
13617,T,260731,074109,60.870655N,24.580324E,88,27.7,342
13618,T,260731,074110,60.870720N,24.580284E,88,27.5,342
13619,T,260731,074111,60.870789N,24.580242E,88,27.4,342
13620,T,260731,074112,60.870853N,24.580202E,88,27.0,342
13621,T,260731,074113,60.870914N,24.580160E,88,26.6,342
13622,T,260731,074114,60.870979N,24.580118E,88,26.1,342
13623,T,260731,074115,60.871040N,24.580080E,88,25.6,342
13624,T,260731,074116,60.871101N,24.580044E,88,25.2,343
13625,T,260731,074117,60.871159N,24.580004E,88,25.1,343
13626,T,260731,074118,60.871220N,24.579967E,88,25.1,343
13627,T,260731,074119,60.871281N,24.579931E,88,25.0,343
13628,T,260731,074120,60.871342N,24.579893E,88,25.3,343
13629,T,260731,074121,60.871399N,24.579853E,88,25.4,342
13630,T,260731,074122,60.871460N,24.579815E,88,25.5,342
13631,T,260731,074123,60.871521N,24.579775E,89,25.8,342
13632,T,260731,074124,60.871578N,24.579737E,89,25.9,342
13633,T,260731,074125,60.871643N,24.579697E,89,26.0,343
13634,T,260731,074126,60.871708N,24.579662E,89,26.2,343
13635,T,260731,074127,60.871769N,24.579624E,89,26.5,343
13636,T,260731,074128,60.871834N,24.579582E,89,26.5,342
13637,T,260731,074129,60.871899N,24.579542E,89,26.5,342
13638,T,260731,074130,60.871960N,24.579502E,89,26.5,342
13639,T,260731,074131,60.872028N,24.579462E,89,26.5,342
13640,T,260731,074132,60.872093N,24.579422E,89,26.6,343
13641,T,260731,074133,60.872154N,24.579380E,89,27.0,343
13642,T,260731,074134,60.872219N,24.579338E,89,27.0,342
13643,T,260731,074135,60.872284N,24.579294E,89,27.1,342
13644,T,260731,074136,60.872353N,24.579252E,89,27.2,342
13645,T,260731,074137,60.872417N,24.579210E,89,27.3,342
13646,T,260731,074138,60.872478N,24.579168E,89,27.8,342
13647,T,260731,074139,60.872547N,24.579124E,89,27.8,342
13648,T,260731,074140,60.872616N,24.579082E,89,28.2,342
13649,T,260731,074141,60.872684N,24.579042E,89,28.3,343
13650,T,260731,074142,60.872753N,24.578999E,89,28.4,342
13651,T,260731,074143,60.872822N,24.578955E,89,28.5,342
13652,T,260731,074144,60.872887N,24.578909E,89,28.5,342
13653,T,260731,074145,60.872955N,24.578863E,89,28.6,342
13654,T,260731,074146,60.873024N,24.578823E,89,28.2,342
13655,T,260731,074147,60.873089N,24.578785E,89,28.1,343
13656,T,260731,074148,60.873158N,24.578745E,89,27.3,343
13657,T,260731,074149,60.873219N,24.578703E,89,27.0,343
13658,T,260731,074150,60.873283N,24.578663E,89,26.4,343
13659,T,260731,074151,60.873344N,24.578625E,89,26.0,342
13660,T,260731,074152,60.873409N,24.578585E,89,26.1,342
13661,T,260731,074153,60.873470N,24.578545E,90,26.9,343
13662,T,260731,074154,60.873535N,24.578505E,90,26.9,343
13663,T,260731,074155,60.873600N,24.578465E,90,27.0,343
13664,T,260731,074156,60.873665N,24.578423E,90,27.4,342
13665,T,260731,074157,60.873730N,24.578379E,90,27.5,342
13666,T,260731,074158,60.873795N,24.578337E,90,27.8,342
13667,T,260731,074159,60.873859N,24.578295E,90,27.9,342
13668,T,260731,074200,60.873928N,24.578253E,90,27.9,342
13669,T,260731,074201,60.873997N,24.578205E,90,28.0,343
13670,T,260731,074202,60.874062N,24.578161E,90,28.1,342
13671,T,260731,074203,60.874126N,24.578119E,90,28.2,342
13672,T,260731,074204,60.874195N,24.578075E,90,28.2,342
13673,T,260731,074205,60.874264N,24.578033E,90,28.2,342
13674,T,260731,074206,60.874329N,24.577990E,90,28.2,342
13675,T,260731,074207,60.874397N,24.577948E,90,28.1,342
13676,T,260731,074208,60.874462N,24.577906E,90,28.0,342
13677,T,260731,074209,60.874527N,24.577864E,90,28.0,342
13678,T,260731,074210,60.874596N,24.577822E,90,27.9,343
13679,T,260731,074211,60.874664N,24.577782E,90,27.8,343
13680,T,260731,074212,60.874729N,24.577740E,90,27.7,342
13681,T,260731,074213,60.874798N,24.577700E,90,27.7,343
13682,T,260731,074214,60.874859N,24.577658E,90,27.6,342
13683,T,260731,074215,60.874928N,24.577616E,90,27.5,342
13684,T,260731,074216,60.874996N,24.577576E,90,27.5,342
13685,T,260731,074217,60.875061N,24.577534E,91,27.5,342
13686,T,260731,074218,60.875130N,24.577494E,91,27.5,342
13687,T,260731,074219,60.875191N,24.577452E,91,27.4,342
13688,T,260731,074220,60.875256N,24.577410E,91,27.4,342
13689,T,260731,074221,60.875320N,24.577368E,91,27.3,343
13690,T,260731,074222,60.875389N,24.577328E,91,27.3,343
13691,T,260731,074223,60.875450N,24.577286E,91,27.2,342
13692,T,260731,074224,60.875515N,24.577244E,91,26.8,342
13693,T,260731,074225,60.875580N,24.577204E,92,26.7,342
13694,T,260731,074226,60.875645N,24.577164E,92,26.2,342
13695,T,260731,074227,60.875706N,24.577126E,92,26.1,343
13696,T,260731,074228,60.875767N,24.577087E,92,25.7,343
13697,T,260731,074229,60.875828N,24.577049E,92,25.3,342
13698,T,260731,074230,60.875889N,24.577009E,92,25.0,342
13699,T,260731,074231,60.875950N,24.576977E,92,24.9,342
13700,T,260731,074232,60.876003N,24.576937E,93,24.7,342
13701,T,260731,074233,60.876064N,24.576902E,93,24.6,342
13702,T,260731,074234,60.876122N,24.576864E,93,24.5,343
13703,T,260731,074235,60.876179N,24.576828E,93,24.6,342
13704,T,260731,074236,60.876240N,24.576792E,93,24.6,343
13705,T,260731,074237,60.876297N,24.576756E,93,24.6,342
13706,T,260731,074238,60.876354N,24.576717E,94,24.7,342
13707,T,260731,074239,60.876415N,24.576681E,94,24.7,342
13708,T,260731,074240,60.876472N,24.576645E,94,25.0,342
13709,T,260731,074241,60.876534N,24.576609E,94,24.2,342
13710,T,260731,074242,60.876591N,24.576572E,94,24.2,342
13711,T,260731,074243,60.876648N,24.576536E,95,24.1,343
13712,T,260731,074244,60.876705N,24.576500E,95,23.5,342
13713,T,260731,074245,60.876759N,24.576462E,95,23.6,341
13714,T,260731,074246,60.876816N,24.576424E,95,24.2,342
13715,T,260731,074247,60.876873N,24.576387E,95,23.7,341
13716,T,260731,074248,60.876926N,24.576349E,95,23.8,341
13717,T,260731,074249,60.876984N,24.576317E,95,23.7,342
13718,T,260731,074250,60.877041N,24.576279E,96,23.5,342
13719,T,260731,074251,60.877094N,24.576244E,96,24.1,342
13720,T,260731,074252,60.877151N,24.576208E,96,24.0,342
13721,T,260731,074253,60.877213N,24.576174E,96,24.1,342
13722,T,260731,074254,60.877270N,24.576136E,96,24.2,342
13723,T,260731,074255,60.877327N,24.576101E,96,24.3,343
13724,T,260731,074256,60.877384N,24.576063E,96,24.3,343
13725,T,260731,074257,60.877445N,24.576027E,96,24.4,342
13726,T,260731,074258,60.877499N,24.575989E,96,24.4,342
13727,T,260731,074259,60.877560N,24.575949E,96,24.5,342
13728,T,260731,074300,60.877621N,24.575911E,96,24.5,342
13729,T,260731,074301,60.877674N,24.575876E,96,24.6,342
13730,T,260731,074302,60.877735N,24.575838E,97,24.7,342
13731,T,260731,074303,60.877796N,24.575798E,97,24.8,342
13732,T,260731,074304,60.877853N,24.575758E,96,24.8,342
13733,T,260731,074305,60.877911N,24.575716E,97,24.8,342
13734,T,260731,074306,60.877972N,24.575674E,97,24.9,341
13735,T,260731,074307,60.878033N,24.575632E,97,24.9,341
13736,T,260731,074308,60.878094N,24.575592E,96,25.0,341
13737,T,260731,074309,60.878151N,24.575552E,97,25.0,341
13738,T,260731,074310,60.878212N,24.575510E,97,25.1,341
13739,T,260731,074311,60.878273N,24.575470E,97,25.2,341
13740,T,260731,074312,60.878326N,24.575428E,97,25.2,341
13741,T,260731,074313,60.878391N,24.575388E,97,25.2,341
13742,T,260731,074314,60.878452N,24.575348E,97,25.2,341
13743,T,260731,074315,60.878513N,24.575308E,97,25.2,341
13744,T,260731,074316,60.878571N,24.575268E,97,25.2,341
13745,T,260731,074317,60.878632N,24.575228E,97,24.7,341
13746,T,260731,074318,60.878689N,24.575190E,97,24.7,341
13747,T,260731,074319,60.878750N,24.575150E,97,24.7,341
13748,T,260731,074320,60.878807N,24.575109E,97,24.7,341
13749,T,260731,074321,60.878864N,24.575068E,97,24.6,341
13750,T,260731,074322,60.878925N,24.575027E,97,24.6,341
13751,T,260731,074323,60.878979N,24.574989E,97,24.5,341
13752,T,260731,074324,60.879040N,24.574949E,97,24.5,341
13753,T,260731,074325,60.879097N,24.574911E,97,24.8,342
13754,T,260731,074326,60.879154N,24.574871E,97,25.2,342
13755,T,260731,074327,60.879215N,24.574835E,97,25.3,342
13756,T,260731,074328,60.879276N,24.574795E,97,25.3,342
13757,T,260731,074329,60.879337N,24.574753E,97,25.3,341
13758,T,260731,074330,60.879395N,24.574711E,97,25.3,341
13759,T,260731,074331,60.879456N,24.574671E,97,25.3,341
13760,T,260731,074332,60.879517N,24.574629E,97,25.3,341
13761,T,260731,074333,60.879578N,24.574583E,97,25.3,341
13762,T,260731,074334,60.879635N,24.574541E,97,25.0,341
13763,T,260731,074335,60.879692N,24.574503E,97,24.9,340
13764,T,260731,074336,60.879753N,24.574457E,97,24.5,341
13765,T,260731,074337,60.879807N,24.574421E,97,24.5,341
13766,T,260731,074338,60.879864N,24.574381E,97,24.5,341
13767,T,260731,074339,60.879921N,24.574341E,97,24.5,341
13768,T,260731,074340,60.879978N,24.574303E,97,24.8,341
13769,T,260731,074341,60.880039N,24.574261E,97,25.0,341
13770,T,260731,074342,60.880100N,24.574219E,97,25.4,341
13771,T,260731,074343,60.880161N,24.574179E,97,25.4,341
13772,T,260731,074344,60.880219N,24.574137E,97,25.3,341
13773,T,260731,074345,60.880280N,24.574097E,97,25.3,342
13774,T,260731,074346,60.880341N,24.574057E,97,25.2,341
13775,T,260731,074347,60.880402N,24.574015E,97,25.3,341
13776,T,260731,074348,60.880459N,24.573973E,97,25.3,341
13777,T,260731,074349,60.880524N,24.573931E,97,25.4,341
13778,T,260731,074350,60.880585N,24.573891E,97,25.9,341
13779,T,260731,074351,60.880650N,24.573847E,97,25.9,341
13780,T,260731,074352,60.880707N,24.573805E,97,26.0,341
13781,T,260731,074353,60.880768N,24.573759E,97,26.0,341
13782,T,260731,074354,60.880833N,24.573717E,97,26.0,341
13783,T,260731,074355,60.880898N,24.573675E,98,26.4,341
13784,T,260731,074356,60.880959N,24.573635E,98,26.3,341
13785,T,260731,074357,60.881020N,24.573593E,98,26.4,341
13786,T,260731,074358,60.881084N,24.573551E,98,26.4,341
13787,T,260731,074359,60.881145N,24.573509E,98,26.4,342
13788,T,260731,074400,60.881207N,24.573465E,98,26.3,342
13789,T,260731,074401,60.881271N,24.573423E,98,26.3,342
13790,T,260731,074402,60.881332N,24.573383E,98,26.3,342
13791,T,260731,074403,60.881393N,24.573339E,98,26.0,341
13792,T,260731,074404,60.881451N,24.573299E,98,25.5,341
13793,T,260731,074405,60.881512N,24.573259E,98,24.6,341
13794,T,260731,074406,60.881569N,24.573221E,98,24.6,341
13795,T,260731,074407,60.881626N,24.573179E,98,24.7,341
13796,T,260731,074408,60.881683N,24.573137E,98,25.3,341
13797,T,260731,074409,60.881744N,24.573097E,98,25.3,341
13798,T,260731,074410,60.881805N,24.573055E,98,25.4,341
13799,T,260731,074411,60.881863N,24.573015E,98,25.8,342
13800,T,260731,074412,60.881927N,24.572975E,98,25.9,342
13801,T,260731,074413,60.881985N,24.572933E,98,25.7,342
13802,T,260731,074414,60.882050N,24.572893E,98,25.7,341
13803,T,260731,074415,60.882103N,24.572849E,98,25.4,341
13804,T,260731,074416,60.882164N,24.572807E,98,25.4,341
13805,T,260731,074417,60.882225N,24.572763E,98,25.4,341
13806,T,260731,074418,60.882290N,24.572723E,98,25.5,341
13807,T,260731,074419,60.882347N,24.572683E,98,25.4,341
13808,T,260731,074420,60.882408N,24.572643E,98,25.4,341
13809,T,260731,074421,60.882469N,24.572601E,98,25.1,341
13810,T,260731,074422,60.882523N,24.572561E,98,24.8,341
13811,T,260731,074423,60.882584N,24.572523E,98,24.5,341
13812,T,260731,074424,60.882641N,24.572483E,98,24.1,341
13813,T,260731,074425,60.882702N,24.572447E,98,24.2,341
13814,T,260731,074426,60.882755N,24.572407E,98,23.8,341
13815,T,260731,074427,60.882813N,24.572369E,98,23.7,341
13816,T,260731,074428,60.882870N,24.572332E,98,23.3,341
13817,T,260731,074429,60.882919N,24.572296E,98,22.7,341
13818,T,260731,074430,60.882977N,24.572258E,98,22.8,341
13819,T,260731,074431,60.883026N,24.572224E,99,22.2,341
13820,T,260731,074432,60.883080N,24.572184E,99,22.1,340
13821,T,260731,074433,60.883133N,24.572147E,99,22.0,340
13822,T,260731,074434,60.883186N,24.572117E,99,22.9,341
13823,T,260731,074435,60.883240N,24.572084E,99,23.0,342
13824,T,260731,074436,60.883293N,24.572052E,99,22.1,342
13825,T,260731,074437,60.883339N,24.572016E,99,21.5,341
13826,T,260731,074438,60.883392N,24.571978E,100,21.9,341
13827,T,260731,074439,60.883438N,24.571943E,100,21.4,341
13828,T,260731,074440,60.883488N,24.571913E,100,20.5,340
13829,T,260731,074441,60.883537N,24.571878E,100,21.0,340
13830,T,260731,074442,60.883587N,24.571846E,100,21.0,341
13831,T,260731,074443,60.883640N,24.571815E,100,21.1,342
13832,T,260731,074444,60.883682N,24.571781E,100,20.0,342
13833,T,260731,074445,60.883728N,24.571749E,100,19.8,341
13834,T,260731,074446,60.883778N,24.571714E,101,19.3,341
13835,T,260731,074447,60.883823N,24.571676E,101,20.7,339
13836,T,260731,074448,60.883873N,24.571642E,101,20.7,339
13837,T,260731,074449,60.883919N,24.571611E,102,20.0,340
13838,T,260731,074450,60.883968N,24.571581E,102,20.7,341
13839,T,260731,074451,60.884010N,24.571545E,102,19.3,340
13840,T,260731,074452,60.884060N,24.571508E,102,19.6,340
13841,T,260731,074453,60.884106N,24.571472E,102,19.6,339
13842,T,260731,074454,60.884151N,24.571436E,103,19.1,338
13843,T,260731,074455,60.884201N,24.571400E,103,20.1,338
13844,T,260731,074456,60.884247N,24.571363E,103,19.7,338
13845,T,260731,074457,60.884293N,24.571333E,103,20.1,338
13846,T,260731,074458,60.884342N,24.571302E,104,20.9,339
13847,T,260731,074459,60.884392N,24.571268E,104,20.2,341
13848,T,260731,074500,60.884441N,24.571232E,104,21.0,341
13849,T,260731,074501,60.884487N,24.571198E,104,20.9,341
13850,T,260731,074502,60.884541N,24.571163E,105,20.8,342
13851,T,260731,074503,60.884586N,24.571131E,105,20.1,341
13852,T,260731,074504,60.884636N,24.571093E,105,20.8,339
13853,T,260731,074505,60.884686N,24.571053E,105,21.2,339
13854,T,260731,074506,60.884731N,24.571024E,105,20.1,339
13855,T,260731,074507,60.884781N,24.570986E,106,20.7,338
13856,T,260731,074508,60.884830N,24.570950E,106,21.2,340
13857,T,260731,074509,60.884880N,24.570913E,106,20.0,341
13858,T,260731,074510,60.884930N,24.570875E,106,20.3,341
13859,T,260731,074511,60.884975N,24.570841E,106,21.0,341
13860,T,260731,074512,60.885029N,24.570803E,106,20.9,341
13861,T,260731,074513,60.885078N,24.570763E,106,20.2,340
13862,T,260731,074514,60.885128N,24.570724E,106,20.9,340
13863,T,260731,074515,60.885178N,24.570684E,106,20.9,339
13864,T,260731,074516,60.885231N,24.570644E,106,21.7,338
13865,T,260731,074517,60.885281N,24.570604E,106,21.6,338
13866,T,260731,074518,60.885326N,24.570559E,105,21.0,337
13867,T,260731,074519,60.885380N,24.570517E,105,21.5,336
13868,T,260731,074520,60.885437N,24.570477E,105,22.4,337
13869,T,260731,074521,60.885487N,24.570436E,105,22.3,338
13870,T,260731,074522,60.885540N,24.570396E,105,22.3,339
13871,T,260731,074523,60.885597N,24.570354E,105,22.2,338
13872,T,260731,074524,60.885647N,24.570311E,104,22.2,338
13873,T,260731,074525,60.885700N,24.570269E,104,22.2,337
13874,T,260731,074526,60.885757N,24.570234E,104,22.3,344
13875,T,260731,074527,60.885807N,24.570194E,104,22.3,343
13876,T,260731,074528,60.885868N,24.570154E,104,22.8,341
13877,T,260731,074529,60.885929N,24.570116E,104,23.8,341
13878,T,260731,074530,60.885983N,24.570076E,104,23.7,340
13879,T,260731,074531,60.886044N,24.570036E,105,23.7,339
13880,T,260731,074532,60.886101N,24.569990E,105,23.3,338
13881,T,260731,074533,60.886162N,24.569944E,105,23.6,338
13882,T,260731,074534,60.886215N,24.569901E,105,23.6,337
13883,T,260731,074535,60.886272N,24.569855E,106,23.7,337
13884,T,260731,074536,60.886333N,24.569805E,106,23.8,337
13885,T,260731,074537,60.886391N,24.569757E,106,23.9,337
13886,T,260731,074538,60.886448N,24.569712E,106,24.4,337
13887,T,260731,074539,60.886509N,24.569662E,106,24.5,336
13888,T,260731,074540,60.886562N,24.569613E,106,24.6,337
13889,T,260731,074541,60.886623N,24.569565E,106,25.1,337
13890,T,260731,074542,60.886681N,24.569511E,106,25.1,336
13891,T,260731,074543,60.886742N,24.569460E,106,25.2,336
13892,T,260731,074544,60.886795N,24.569410E,106,25.2,336
13893,T,260731,074545,60.886856N,24.569359E,106,24.6,336
13894,T,260731,074546,60.886913N,24.569304E,106,24.1,335
13895,T,260731,074547,60.886963N,24.569256E,105,23.9,335
13896,T,260731,074548,60.887020N,24.569204E,105,23.9,335
13897,T,260731,074549,60.887074N,24.569157E,105,23.9,335
13898,T,260731,074550,60.887127N,24.569105E,105,23.8,335
13899,T,260731,074551,60.887180N,24.569056E,105,23.7,335
13900,T,260731,074552,60.887238N,24.569004E,104,24.1,335
13901,T,260731,074553,60.887291N,24.568954E,104,24.8,335
13902,T,260731,074554,60.887348N,24.568899E,104,25.6,335
13903,T,260731,074555,60.887405N,24.568844E,104,26.1,335
13904,T,260731,074556,60.887463N,24.568785E,104,26.5,334
13905,T,260731,074557,60.887527N,24.568727E,103,27.2,335
13906,T,260731,074558,60.887592N,24.568672E,104,27.7,335
13907,T,260731,074559,60.887657N,24.568611E,104,28.4,335
13908,T,260731,074600,60.887718N,24.568552E,104,27.8,335
13909,T,260731,074601,60.887783N,24.568495E,104,27.7,335
13910,T,260731,074602,60.887848N,24.568434E,104,27.4,334
13911,T,260731,074603,60.887909N,24.568377E,103,27.4,334
13912,T,260731,074604,60.887966N,24.568317E,103,27.1,335
13913,T,260731,074605,60.888031N,24.568262E,103,26.8,335
13914,T,260731,074606,60.888092N,24.568207E,103,26.7,335
13915,T,260731,074607,60.888153N,24.568151E,103,26.2,336
13916,T,260731,074608,60.888210N,24.568096E,103,26.0,335
13917,T,260731,074609,60.888271N,24.568035E,103,25.7,335
13918,T,260731,074610,60.888325N,24.567974E,103,25.6,334
13919,T,260731,074611,60.888378N,24.567917E,103,25.7,335
13920,T,260731,074612,60.888439N,24.567863E,103,26.1,335
13921,T,260731,074613,60.888500N,24.567808E,103,26.8,335
13922,T,260731,074614,60.888561N,24.567751E,103,27.2,335
13923,T,260731,074615,60.888622N,24.567690E,103,27.6,335
13924,T,260731,074616,60.888687N,24.567633E,102,28.0,335
13925,T,260731,074617,60.888752N,24.567572E,102,28.4,334
13926,T,260731,074618,60.888821N,24.567511E,102,28.5,335
13927,T,260731,074619,60.888885N,24.567450E,102,28.8,335
13928,T,260731,074620,60.888950N,24.567389E,102,28.9,335
13929,T,260731,074621,60.889015N,24.567326E,102,29.0,335
13930,T,260731,074622,60.889084N,24.567265E,101,29.5,335
13931,T,260731,074623,60.889153N,24.567202E,101,29.6,335
13932,T,260731,074624,60.889221N,24.567139E,101,29.5,335
13933,T,260731,074625,60.889290N,24.567076E,101,29.5,335
13934,T,260731,074626,60.889351N,24.567013E,101,29.6,335
13935,T,260731,074627,60.889420N,24.566948E,101,30.1,335
13936,T,260731,074628,60.889492N,24.566883E,100,30.5,335
13937,T,260731,074629,60.889561N,24.566818E,100,30.6,335
13938,T,260731,074630,60.889633N,24.566753E,100,31.0,335
13939,T,260731,074631,60.889706N,24.566689E,100,31.1,335
13940,T,260731,074632,60.889771N,24.566622E,99,31.0,335
13941,T,260731,074633,60.889843N,24.566557E,99,30.9,335
13942,T,260731,074634,60.889912N,24.566490E,99,30.8,335
13943,T,260731,074635,60.889984N,24.566423E,99,30.7,335
13944,T,260731,074636,60.890053N,24.566357E,99,30.6,335
13945,T,260731,074637,60.890125N,24.566294E,98,30.6,335
13946,T,260731,074638,60.890190N,24.566231E,98,30.5,335
13947,T,260731,074639,60.890259N,24.566164E,98,30.6,335
13948,T,260731,074640,60.890331N,24.566099E,98,30.6,335
13949,T,260731,074641,60.890404N,24.566036E,97,30.7,335
13950,T,260731,074642,60.890476N,24.565968E,97,30.7,335
13951,T,260731,074643,60.890545N,24.565905E,97,30.7,335
13952,T,260731,074644,60.890617N,24.565836E,97,30.7,335
13953,T,260731,074645,60.890682N,24.565775E,97,30.8,335
13954,T,260731,074646,60.890755N,24.565710E,96,30.8,335
13955,T,260731,074647,60.890823N,24.565643E,96,30.9,335
13956,T,260731,074648,60.890896N,24.565577E,96,31.0,335
13957,T,260731,074649,60.890968N,24.565508E,95,31.1,334
13958,T,260731,074650,60.891037N,24.565437E,95,31.5,334
13959,T,260731,074651,60.891109N,24.565371E,95,31.9,334
13960,T,260731,074652,60.891178N,24.565304E,95,32.0,335
13961,T,260731,074653,60.891251N,24.565233E,94,32.3,335
13962,T,260731,074654,60.891327N,24.565165E,94,32.4,335
13963,T,260731,074655,60.891399N,24.565096E,94,32.7,335
13964,T,260731,074656,60.891472N,24.565025E,94,33.0,336
13965,T,260731,074657,60.891552N,24.564957E,94,33.1,335
13966,T,260731,074658,60.891624N,24.564884E,93,33.8,335
13967,T,260731,074659,60.891701N,24.564810E,93,33.8,335
13968,T,260731,074700,60.891781N,24.564737E,93,33.9,335
13969,T,260731,074701,60.891857N,24.564665E,92,34.3,335
13970,T,260731,074702,60.891937N,24.564590E,92,34.6,335
13971,T,260731,074703,60.892017N,24.564516E,92,35.0,335
13972,T,260731,074704,60.892097N,24.564442E,92,35.1,335
13973,T,260731,074705,60.892178N,24.564365E,91,35.2,335
13974,T,260731,074706,60.892258N,24.564295E,91,35.1,335
13975,T,260731,074707,60.892338N,24.564219E,91,35.0,335
13976,T,260731,074708,60.892410N,24.564146E,90,34.4,335
13977,T,260731,074709,60.892490N,24.564075E,90,33.8,335
13978,T,260731,074710,60.892567N,24.564005E,90,33.2,335
13979,T,260731,074711,60.892639N,24.563932E,90,32.7,335
13980,T,260731,074712,60.892715N,24.563864E,90,32.2,335
13981,T,260731,074713,60.892788N,24.563795E,89,31.9,335
13982,T,260731,074714,60.892864N,24.563726E,89,31.5,335
13983,T,260731,074715,60.892937N,24.563662E,89,31.1,335
13984,T,260731,074716,60.893005N,24.563597E,89,30.8,335
13985,T,260731,074717,60.893078N,24.563532E,89,30.7,335
13986,T,260731,074718,60.893143N,24.563469E,89,30.8,335
13987,T,260731,074719,60.893215N,24.563402E,89,30.8,335
13988,T,260731,074720,60.893288N,24.563335E,88,31.4,335
13989,T,260731,074721,60.893360N,24.563269E,88,31.6,335
13990,T,260731,074722,60.893433N,24.563202E,88,31.9,335
13991,T,260731,074723,60.893501N,24.563135E,88,31.3,335
13992,T,260731,074724,60.893574N,24.563070E,88,30.9,335
13993,T,260731,074725,60.893639N,24.563005E,88,30.5,335
13994,T,260731,074726,60.893711N,24.562943E,88,30.4,335
13995,T,260731,074727,60.893780N,24.562880E,88,30.0,335
13996,T,260731,074728,60.893848N,24.562819E,88,29.9,335
13997,T,260731,074729,60.893917N,24.562756E,88,29.9,335
13998,T,260731,074730,60.893978N,24.562695E,88,29.6,335
13999,T,260731,074731,60.894047N,24.562632E,88,29.2,335
14000,T,260731,074732,60.894115N,24.562571E,88,28.8,335
14001,T,260731,074733,60.894180N,24.562510E,88,28.8,335
14002,T,260731,074734,60.894249N,24.562449E,88,28.9,335
14003,T,260731,074735,60.894314N,24.562389E,88,29.3,336
14004,T,260731,074736,60.894379N,24.562332E,89,29.3,336
14005,T,260731,074737,60.894447N,24.562271E,89,29.4,336
14006,T,260731,074738,60.894512N,24.562210E,88,29.2,336
14007,T,260731,074739,60.894581N,24.562147E,88,29.2,335
14008,T,260731,074740,60.894646N,24.562086E,88,29.3,335
14009,T,260731,074741,60.894711N,24.562023E,88,29.3,336
14010,T,260731,074742,60.894779N,24.561964E,88,29.7,336
14011,T,260731,074743,60.894848N,24.561899E,88,29.8,336
14012,T,260731,074744,60.894917N,24.561836E,88,29.9,335
14013,T,260731,074745,60.894981N,24.561773E,88,29.9,335
14014,T,260731,074746,60.895046N,24.561712E,88,29.7,335
14015,T,260731,074747,60.895115N,24.561647E,88,29.4,335
14016,T,260731,074748,60.895184N,24.561584E,88,29.5,335
14017,T,260731,074749,60.895252N,24.561523E,88,29.4,335
14018,T,260731,074750,60.895321N,24.561464E,88,29.3,336
14019,T,260731,074751,60.895386N,24.561403E,88,29.3,336
14020,T,260731,074752,60.895451N,24.561344E,88,28.9,335
14021,T,260731,074753,60.895515N,24.561281E,88,28.3,335
14022,T,260731,074754,60.895580N,24.561222E,88,28.0,335
14023,T,260731,074755,60.895641N,24.561165E,88,27.6,335
14024,T,260731,074756,60.895702N,24.561104E,88,27.5,335
14025,T,260731,074757,60.895767N,24.561049E,88,27.1,335
14026,T,260731,074758,60.895832N,24.560993E,88,26.5,336
14027,T,260731,074759,60.895893N,24.560938E,88,26.0,335
14028,T,260731,074800,60.895950N,24.560884E,88,25.9,335
14029,T,260731,074801,60.896008N,24.560829E,88,25.8,335
14030,T,260731,074802,60.896069N,24.560776E,88,25.7,336
14031,T,260731,074803,60.896126N,24.560724E,88,25.6,336
14032,T,260731,074804,60.896183N,24.560675E,88,25.5,336
14033,T,260731,074805,60.896240N,24.560619E,88,25.2,336
14034,T,260731,074806,60.896301N,24.560570E,88,24.9,336
14035,T,260731,074807,60.896355N,24.560516E,88,24.7,335
14036,T,260731,074808,60.896408N,24.560465E,88,24.4,335
14037,T,260731,074809,60.896469N,24.560413E,89,24.3,335
14038,T,260731,074810,60.896519N,24.560362E,89,24.3,335
14039,T,260731,074811,60.896576N,24.560314E,89,24.2,336
14040,T,260731,074812,60.896633N,24.560265E,89,24.1,336
14041,T,260731,074813,60.896687N,24.560213E,89,24.1,335
14042,T,260731,074814,60.896740N,24.560162E,89,24.1,335
14043,T,260731,074815,60.896797N,24.560112E,89,24.0,335
14044,T,260731,074816,60.896847N,24.560064E,89,23.9,335
14045,T,260731,074817,60.896904N,24.560015E,89,23.9,335
14046,T,260731,074818,60.896957N,24.559965E,89,23.8,336
14047,T,260731,074819,60.897011N,24.559919E,89,23.8,336
14048,T,260731,074820,60.897068N,24.559874E,89,23.8,337
14049,T,260731,074821,60.897121N,24.559826E,89,23.8,337
14050,T,260731,074822,60.897175N,24.559778E,89,23.8,337
14051,T,260731,074823,60.897232N,24.559732E,89,23.8,337
14052,T,260731,074824,60.897289N,24.559687E,89,23.8,337
14053,T,260731,074825,60.897339N,24.559641E,89,23.7,337
14054,T,260731,074826,60.897396N,24.559595E,89,23.4,337
14055,T,260731,074827,60.897449N,24.559553E,89,23.3,338
14056,T,260731,074828,60.897503N,24.559511E,89,23.3,338
14057,T,260731,074829,60.897560N,24.559467E,89,23.2,338
14058,T,260731,074830,60.897614N,24.559425E,89,23.2,338
14059,T,260731,074831,60.897667N,24.559383E,89,23.2,338
14060,T,260731,074832,60.897720N,24.559341E,89,23.2,339
14061,T,260731,074833,60.897778N,24.559298E,89,23.8,339
14062,T,260731,074834,60.897831N,24.559256E,89,24.2,339
14063,T,260731,074835,60.897888N,24.559216E,89,24.6,339
14064,T,260731,074836,60.897945N,24.559170E,89,24.7,339
14065,T,260731,074837,60.898003N,24.559126E,89,24.6,340
14066,T,260731,074838,60.898060N,24.559084E,89,24.3,340
14067,T,260731,074839,60.898121N,24.559044E,89,24.2,340
14068,T,260731,074840,60.898174N,24.559004E,89,24.1,340
14069,T,260731,074841,60.898232N,24.558964E,90,24.0,340
14070,T,260731,074842,60.898289N,24.558922E,90,23.8,340
14071,T,260731,074843,60.898338N,24.558882E,90,23.7,340
14072,T,260731,074844,60.898399N,24.558842E,90,23.7,340
14073,T,260731,074845,60.898457N,24.558800E,90,23.7,340
14074,T,260731,074846,60.898514N,24.558760E,90,23.7,340
14075,T,260731,074847,60.898567N,24.558723E,90,24.2,341
14076,T,260731,074848,60.898624N,24.558683E,90,24.3,341
14077,T,260731,074849,60.898685N,24.558647E,90,24.4,342
14078,T,260731,074850,60.898739N,24.558615E,90,24.5,343
14079,T,260731,074851,60.898800N,24.558575E,90,24.8,342
14080,T,260731,074852,60.898861N,24.558537E,90,24.9,343
14081,T,260731,074853,60.898918N,24.558504E,90,25.0,343
14082,T,260731,074854,60.898979N,24.558464E,90,25.5,343
14083,T,260731,074855,60.899040N,24.558424E,90,25.5,343
14084,T,260731,074856,60.899105N,24.558390E,90,25.9,343
14085,T,260731,074857,60.899166N,24.558353E,90,26.0,343
14086,T,260731,074858,60.899227N,24.558313E,90,26.0,343
14087,T,260731,074859,60.899292N,24.558275E,90,26.0,343
14088,T,260731,074900,60.899353N,24.558237E,90,25.9,343
14089,T,260731,074901,60.899418N,24.558203E,90,26.0,344
14090,T,260731,074902,60.899479N,24.558165E,90,26.0,344
14091,T,260731,074903,60.899540N,24.558130E,90,26.0,344
14092,T,260731,074904,60.899605N,24.558094E,90,26.1,344
14093,T,260731,074905,60.899670N,24.558058E,90,26.1,344
14094,T,260731,074906,60.899731N,24.558023E,90,26.1,344
14095,T,260731,074907,60.899792N,24.557987E,91,26.1,344
14096,T,260731,074908,60.899857N,24.557955E,91,26.1,344
14097,T,260731,074909,60.899921N,24.557919E,91,26.0,344
14098,T,260731,074910,60.899979N,24.557884E,91,26.0,344
14099,T,260731,074911,60.900043N,24.557848E,91,26.0,344
14100,T,260731,074912,60.900108N,24.557814E,91,26.0,344
14101,T,260731,074913,60.900169N,24.557779E,91,25.9,345
14102,T,260731,074914,60.900230N,24.557747E,91,25.9,345
14103,T,260731,074915,60.900291N,24.557711E,91,25.8,344
14104,T,260731,074916,60.900356N,24.557674E,91,25.7,344
14105,T,260731,074917,60.900417N,24.557638E,92,25.4,344
14106,T,260731,074918,60.900478N,24.557600E,92,25.3,344
14107,T,260731,074919,60.900539N,24.557564E,92,24.7,344
14108,T,260731,074920,60.900600N,24.557528E,92,24.3,344
14109,T,260731,074921,60.900658N,24.557495E,92,24.2,344
14110,T,260731,074922,60.900711N,24.557463E,92,24.1,344
14111,T,260731,074923,60.900772N,24.557430E,92,23.9,344
14112,T,260731,074924,60.900829N,24.557396E,92,23.6,344
14113,T,260731,074925,60.900883N,24.557365E,93,23.6,344
14114,T,260731,074926,60.900940N,24.557335E,93,23.6,344
14115,T,260731,074927,60.901001N,24.557301E,93,23.7,344
14116,T,260731,074928,60.901054N,24.557268E,93,23.7,344
14117,T,260731,074929,60.901112N,24.557238E,93,23.8,344
14118,T,260731,074930,60.901169N,24.557203E,93,23.9,344
14119,T,260731,074931,60.901230N,24.557175E,93,23.9,345
14120,T,260731,074932,60.901283N,24.557144E,93,23.9,345
14121,T,260731,074933,60.901340N,24.557112E,94,23.9,344
14122,T,260731,074934,60.901402N,24.557077E,94,23.8,344
14123,T,260731,074935,60.901455N,24.557047E,94,23.7,344
14124,T,260731,074936,60.901512N,24.557016E,94,23.6,344
14125,T,260731,074937,60.901569N,24.556984E,94,23.2,344
14126,T,260731,074938,60.901623N,24.556952E,94,23.2,344
14127,T,260731,074939,60.901680N,24.556923E,94,23.1,345
14128,T,260731,074940,60.901737N,24.556892E,94,23.1,344
14129,T,260731,074941,60.901791N,24.556860E,94,23.0,344
14130,T,260731,074942,60.901844N,24.556828E,95,23.0,344
14131,T,260731,074943,60.901901N,24.556795E,95,23.0,344
14132,T,260731,074944,60.901955N,24.556767E,95,23.0,344
14133,T,260731,074945,60.902012N,24.556736E,95,23.4,344
14134,T,260731,074946,60.902073N,24.556700E,95,23.5,344
14135,T,260731,074947,60.902126N,24.556664E,95,23.6,343
14136,T,260731,074948,60.902184N,24.556631E,95,23.7,343
14137,T,260731,074949,60.902245N,24.556597E,95,24.0,343
14138,T,260731,074950,60.902302N,24.556564E,95,24.1,343
14139,T,260731,074951,60.902359N,24.556534E,95,24.1,344
14140,T,260731,074952,60.902420N,24.556503E,95,24.2,344
14141,T,260731,074953,60.902481N,24.556473E,95,24.3,345
14142,T,260731,074954,60.902534N,24.556437E,96,24.4,344
14143,T,260731,074955,60.902596N,24.556402E,96,24.5,344
14144,T,260731,074956,60.902657N,24.556366E,96,24.5,344
14145,T,260731,074957,60.902714N,24.556334E,96,24.6,344
14146,T,260731,074958,60.902771N,24.556297E,96,24.6,344
14147,T,260731,074959,60.902832N,24.556265E,96,24.6,344
14148,T,260731,075000,60.902889N,24.556229E,96,24.3,344
14149,T,260731,075001,60.902946N,24.556196E,96,24.2,344
14150,T,260731,075002,60.903008N,24.556164E,96,24.2,344
14151,T,260731,075003,60.903065N,24.556131E,96,24.2,344
14152,T,260731,075004,60.903126N,24.556099E,96,24.3,344
14153,T,260731,075005,60.903179N,24.556065E,96,24.3,344
14154,T,260731,075006,60.903240N,24.556032E,96,24.4,344
14155,T,260731,075007,60.903301N,24.555996E,96,24.4,344
14156,T,260731,075008,60.903358N,24.555964E,97,24.5,344
14157,T,260731,075009,60.903419N,24.555929E,97,24.5,344
14158,T,260731,075010,60.903481N,24.555899E,97,24.5,344
14159,T,260731,075011,60.903538N,24.555864E,97,24.5,344
14160,T,260731,075012,60.903595N,24.555832E,97,24.2,344
14161,T,260731,075013,60.903652N,24.555801E,97,24.0,344
14162,T,260731,075014,60.903713N,24.555771E,98,23.9,345
14163,T,260731,075015,60.903767N,24.555738E,98,23.8,344
14164,T,260731,075016,60.903824N,24.555704E,98,23.5,344
14165,T,260731,075017,60.903881N,24.555672E,98,23.4,344
14166,T,260731,075018,60.903934N,24.555639E,98,23.3,344
14167,T,260731,075019,60.903992N,24.555609E,98,23.3,344
14168,T,260731,075020,60.904049N,24.555578E,98,23.2,344
14169,T,260731,075021,60.904102N,24.555544E,98,23.2,344
14170,T,260731,075022,60.904160N,24.555513E,99,23.1,344
14171,T,260731,075023,60.904217N,24.555483E,99,23.1,344
14172,T,260731,075024,60.904270N,24.555449E,99,23.2,344
14173,T,260731,075025,60.904327N,24.555416E,99,23.2,344
14174,T,260731,075026,60.904385N,24.555384E,99,23.2,344
14175,T,260731,075027,60.904442N,24.555351E,99,23.3,344
14176,T,260731,075028,60.904495N,24.555321E,99,23.3,344
14177,T,260731,075029,60.904552N,24.555290E,99,23.2,344
14178,T,260731,075030,60.904610N,24.555256E,99,22.8,344
14179,T,260731,075031,60.904663N,24.555223E,100,22.9,344
14180,T,260731,075032,60.904720N,24.555193E,100,23.0,344
14181,T,260731,075033,60.904774N,24.555161E,100,23.0,344
14182,T,260731,075034,60.904831N,24.555128E,100,23.1,344
14183,T,260731,075035,60.904884N,24.555096E,100,23.2,344
14184,T,260731,075036,60.904942N,24.555063E,100,23.3,344
14185,T,260731,075037,60.904999N,24.555033E,100,23.4,344
14186,T,260731,075038,60.905052N,24.554998E,100,23.4,344
14187,T,260731,075039,60.905113N,24.554964E,100,23.4,344
14188,T,260731,075040,60.905163N,24.554934E,101,22.8,344
14189,T,260731,075041,60.905220N,24.554905E,101,22.2,344
14190,T,260731,075042,60.905273N,24.554873E,101,22.1,344
14191,T,260731,075043,60.905323N,24.554844E,101,22.0,344
14192,T,260731,075044,60.905376N,24.554815E,101,22.0,345
14193,T,260731,075045,60.905434N,24.554785E,101,22.1,344
14194,T,260731,075046,60.905483N,24.554754E,101,22.2,344
14195,T,260731,075047,60.905540N,24.554724E,101,22.2,344
14196,T,260731,075048,60.905594N,24.554693E,101,22.5,344
14197,T,260731,075049,60.905643N,24.554663E,102,22.5,344
14198,T,260731,075050,60.905701N,24.554632E,102,22.6,345
14199,T,260731,075051,60.905750N,24.554604E,102,22.6,345
14200,T,260731,075052,60.905807N,24.554573E,102,22.7,345
14201,T,260731,075053,60.905869N,24.554544E,102,22.8,345
14202,T,260731,075054,60.905918N,24.554516E,102,22.8,345
14203,T,260731,075055,60.905975N,24.554483E,102,22.8,344
14204,T,260731,075056,60.906033N,24.554457E,102,22.8,345
14205,T,260731,075057,60.906090N,24.554428E,102,22.7,345
14206,T,260731,075058,60.906139N,24.554399E,103,22.7,345
14207,T,260731,075059,60.906197N,24.554371E,103,22.7,345
14208,T,260731,075100,60.906254N,24.554340E,103,22.7,345
14209,T,260731,075101,60.906307N,24.554312E,103,22.7,345
14210,T,260731,075102,60.906364N,24.554281E,103,22.7,345
14211,T,260731,075103,60.906422N,24.554256E,103,22.8,346
14212,T,260731,075104,60.906475N,24.554232E,103,22.9,347
14213,T,260731,075105,60.906532N,24.554205E,103,23.2,347
14214,T,260731,075106,60.906590N,24.554176E,104,23.3,347
14215,T,260731,075107,60.906643N,24.554148E,104,23.3,347
14216,T,260731,075108,60.906700N,24.554119E,104,23.4,346
14217,T,260731,075109,60.906761N,24.554092E,104,23.4,346
14218,T,260731,075110,60.906815N,24.554064E,104,23.4,347
14219,T,260731,075111,60.906872N,24.554041E,104,23.5,347
14220,T,260731,075112,60.906929N,24.554014E,104,23.9,347
14221,T,260731,075113,60.906986N,24.553986E,104,24.0,347
14222,T,260731,075114,60.907047N,24.553961E,104,24.4,347
14223,T,260731,075115,60.907108N,24.553936E,104,24.4,347
14224,T,260731,075116,60.907169N,24.553907E,104,24.3,347
14225,T,260731,075117,60.907227N,24.553883E,105,24.4,347
14226,T,260731,075118,60.907288N,24.553858E,105,24.4,348
14227,T,260731,075119,60.907349N,24.553835E,105,24.5,348
14228,T,260731,075120,60.907410N,24.553806E,105,24.6,348
14229,T,260731,075121,60.907467N,24.553780E,105,24.7,348
14230,T,260731,075122,60.907528N,24.553757E,105,25.0,348
14231,T,260731,075123,60.907593N,24.553728E,105,25.1,348
14232,T,260731,075124,60.907654N,24.553703E,105,25.2,348
14233,T,260731,075125,60.907711N,24.553679E,105,25.5,348
14234,T,260731,075126,60.907776N,24.553652E,105,25.6,348
14235,T,260731,075127,60.907841N,24.553625E,105,25.7,348
14236,T,260731,075128,60.907906N,24.553604E,105,25.9,349
14237,T,260731,075129,60.907967N,24.553579E,105,26.0,349
14238,T,260731,075130,60.908031N,24.553556E,105,25.6,349
14239,T,260731,075131,60.908092N,24.553532E,105,25.6,349
14240,T,260731,075132,60.908157N,24.553507E,105,24.8,349
14241,T,260731,075133,60.908215N,24.553480E,105,24.5,348
14242,T,260731,075134,60.908276N,24.553455E,105,23.9,348
14243,T,260731,075135,60.908333N,24.553434E,105,24.0,349
14244,T,260731,075136,60.908394N,24.553408E,105,24.6,348
14245,T,260731,075137,60.908451N,24.553385E,105,24.7,348
14246,T,260731,075138,60.908512N,24.553360E,105,25.1,348
14247,T,260731,075139,60.908577N,24.553333E,105,25.6,349
14248,T,260731,075140,60.908642N,24.553308E,105,25.6,349
14249,T,260731,075141,60.908703N,24.553284E,105,26.7,349
14250,T,260731,075142,60.908768N,24.553259E,104,26.7,349
14251,T,260731,075143,60.908833N,24.553232E,104,25.9,349
14252,T,260731,075144,60.908897N,24.553205E,105,25.8,349
14253,T,260731,075145,60.908958N,24.553179E,105,25.0,348
14254,T,260731,075146,60.909019N,24.553152E,105,25.1,348
14255,T,260731,075147,60.909081N,24.553125E,104,25.5,348
14256,T,260731,075148,60.909145N,24.553104E,105,25.5,348
14257,T,260731,075149,60.909203N,24.553078E,105,25.4,348
14258,T,260731,075150,60.909267N,24.553055E,105,25.5,348
14259,T,260731,075151,60.909328N,24.553028E,105,25.2,348
14260,T,260731,075152,60.909393N,24.553003E,105,25.3,348
14261,T,260731,075153,60.909451N,24.552980E,105,25.3,348
14262,T,260731,075154,60.909512N,24.552956E,105,24.9,347
14263,T,260731,075155,60.909573N,24.552931E,105,25.7,347
14264,T,260731,075156,60.909634N,24.552904E,105,25.3,347
14265,T,260731,075157,60.909687N,24.552872E,105,25.0,346
14266,T,260731,075158,60.909752N,24.552837E,105,24.5,346
14267,T,260731,075159,60.909809N,24.552811E,105,24.9,346
14268,T,260731,075200,60.909870N,24.552780E,106,24.9,346
14269,T,260731,075201,60.909927N,24.552752E,106,24.8,346
14270,T,260731,075202,60.909988N,24.552719E,106,24.0,346
14271,T,260731,075203,60.910046N,24.552691E,106,24.0,346
14272,T,260731,075204,60.910103N,24.552662E,106,24.0,346
14273,T,260731,075205,60.910160N,24.552633E,107,23.1,346
14274,T,260731,075206,60.910213N,24.552605E,107,21.5,345
14275,T,260731,075207,60.910263N,24.552576E,107,22.5,345
14276,T,260731,075208,60.910320N,24.552547E,107,22.2,345
14277,T,260731,075209,60.910374N,24.552523E,107,22.0,346
14278,T,260731,075210,60.910423N,24.552496E,107,21.5,346
14279,T,260731,075211,60.910477N,24.552469E,108,21.6,346
14280,T,260731,075212,60.910526N,24.552443E,108,21.5,344
14281,T,260731,075213,60.910580N,24.552414E,108,21.5,344
14282,T,260731,075214,60.910633N,24.552382E,108,21.9,344
14283,T,260731,075215,60.910683N,24.552353E,108,20.9,343
14284,T,260731,075216,60.910732N,24.552322E,109,20.1,343
14285,T,260731,075217,60.910786N,24.552290E,109,20.5,343
14286,T,260731,075218,60.910831N,24.552259E,109,19.4,342
14287,T,260731,075219,60.910881N,24.552233E,109,19.1,342
14288,T,260731,075220,60.910927N,24.552204E,110,20.2,343
14289,T,260731,075221,60.910976N,24.552176E,110,19.1,342
14290,T,260731,075222,60.911018N,24.552143E,111,18.5,342
14291,T,260731,075223,60.911072N,24.552111E,111,20.1,341
14292,T,260731,075224,60.911125N,24.552071E,111,20.5,341
14293,T,260731,075225,60.911179N,24.552036E,112,21.1,341
14294,T,260731,075226,60.911232N,24.552008E,112,20.3,342
14295,T,260731,075227,60.911285N,24.551975E,112,21.0,341
14296,T,260731,075228,60.911331N,24.551943E,113,20.5,341
14297,T,260731,075229,60.911385N,24.551907E,113,21.4,341
14298,T,260731,075230,60.911434N,24.551872E,113,21.3,341
14299,T,260731,075231,60.911488N,24.551836E,113,21.4,341
14300,T,260731,075232,60.911541N,24.551796E,113,20.8,339
14301,T,260731,075233,60.911591N,24.551756E,113,20.8,338
14302,T,260731,075234,60.911644N,24.551718E,114,20.8,338
14303,T,260731,075235,60.911697N,24.551682E,114,21.1,338
14304,T,260731,075236,60.911751N,24.551647E,114,21.5,340
14305,T,260731,075237,60.911804N,24.551611E,114,21.2,340
14306,T,260731,075238,60.911858N,24.551573E,114,21.1,340
14307,T,260731,075239,60.911907N,24.551537E,114,21.2,341
14308,T,260731,075240,60.911961N,24.551502E,114,21.3,341
14309,T,260731,075241,60.912010N,24.551464E,115,21.3,340
14310,T,260731,075242,60.912064N,24.551428E,114,21.5,340
14311,T,260731,075243,60.912117N,24.551392E,114,21.5,340
14312,T,260731,075244,60.912167N,24.551353E,114,21.6,339
14313,T,260731,075245,60.912216N,24.551313E,114,21.7,339
14314,T,260731,075246,60.912270N,24.551273E,114,21.8,339
14315,T,260731,075247,60.912319N,24.551233E,114,21.9,339
14316,T,260731,075248,60.912369N,24.551191E,114,22.0,338
14317,T,260731,075249,60.912418N,24.551149E,114,22.1,338
14318,T,260731,075250,60.912472N,24.551105E,114,22.2,338
14319,T,260731,075251,60.912529N,24.551064E,114,22.4,338
14320,T,260731,075252,60.912579N,24.551023E,114,22.5,338
14321,T,260731,075253,60.912632N,24.550982E,114,22.5,338
14322,T,260731,075254,60.912685N,24.550940E,114,22.6,338
14323,T,260731,075255,60.912739N,24.550894E,114,22.7,338
14324,T,260731,075256,60.912796N,24.550848E,114,23.1,337
14325,T,260731,075257,60.912849N,24.550802E,114,23.2,337
14326,T,260731,075258,60.912903N,24.550755E,114,23.6,337
14327,T,260731,075259,60.912960N,24.550703E,114,24.1,336
14328,T,260731,075300,60.913013N,24.550655E,114,24.1,337
14329,T,260731,075301,60.913071N,24.550604E,114,24.0,337
14330,T,260731,075302,60.913124N,24.550556E,113,23.7,336
14331,T,260731,075303,60.913181N,24.550505E,113,23.6,336
14332,T,260731,075304,60.913231N,24.550459E,113,23.6,336
14333,T,260731,075305,60.913288N,24.550409E,113,24.1,335
14334,T,260731,075306,60.913345N,24.550358E,113,24.3,335
14335,T,260731,075307,60.913399N,24.550306E,113,24.9,335
14336,T,260731,075308,60.913456N,24.550255E,113,25.4,335
14337,T,260731,075309,60.913517N,24.550196E,113,25.9,334
14338,T,260731,075310,60.913570N,24.550140E,112,26.4,334
14339,T,260731,075311,60.913631N,24.550081E,112,25.9,334
14340,T,260731,075312,60.913689N,24.550024E,112,25.6,334
14341,T,260731,075313,60.913750N,24.549965E,112,24.8,333
14342,T,260731,075314,60.913799N,24.549906E,112,24.8,332
14343,T,260731,075315,60.913857N,24.549850E,112,24.8,332
14344,T,260731,075316,60.913914N,24.549795E,112,24.7,333
14345,T,260731,075317,60.913967N,24.549742E,112,24.8,333
14346,T,260731,075318,60.914024N,24.549685E,111,25.2,333
14347,T,260731,075319,60.914085N,24.549623E,111,26.2,333
14348,T,260731,075320,60.914139N,24.549562E,111,27.0,332
14349,T,260731,075321,60.914200N,24.549496E,111,28.0,331
14350,T,260731,075322,60.914265N,24.549423E,111,28.7,331
14351,T,260731,075323,60.914330N,24.549355E,111,29.6,331
14352,T,260731,075324,60.914394N,24.549282E,110,29.3,331
14353,T,260731,075325,60.914459N,24.549210E,110,29.3,331
14354,T,260731,075326,60.914524N,24.549135E,110,29.5,331
14355,T,260731,075327,60.914593N,24.549065E,110,30.0,331
14356,T,260731,075328,60.914661N,24.548990E,110,29.9,331
14357,T,260731,075329,60.914719N,24.548914E,110,29.5,330
14358,T,260731,075330,60.914787N,24.548838E,109,29.0,330
14359,T,260731,075331,60.914848N,24.548763E,109,28.7,330
14360,T,260731,075332,60.914913N,24.548691E,109,28.6,330
14361,T,260731,075333,60.914970N,24.548622E,109,27.9,330
14362,T,260731,075334,60.915031N,24.548555E,109,27.2,330
14363,T,260731,075335,60.915092N,24.548489E,109,27.1,331
14364,T,260731,075336,60.915154N,24.548424E,109,26.7,331
14365,T,260731,075337,60.915211N,24.548359E,109,27.0,332
14366,T,260731,075338,60.915272N,24.548294E,109,27.4,332
14367,T,260731,075339,60.915333N,24.548223E,109,27.4,331
14368,T,260731,075340,60.915386N,24.548147E,109,26.9,329
14369,T,260731,075341,60.915443N,24.548077E,109,26.6,328
14370,T,260731,075342,60.915501N,24.548004E,109,26.6,327
14371,T,260731,075343,60.915558N,24.547926E,109,26.6,326
14372,T,260731,075344,60.915607N,24.547850E,109,26.6,325
14373,T,260731,075345,60.915665N,24.547775E,109,26.5,326
14374,T,260731,075346,60.915722N,24.547703E,109,25.9,325
14375,T,260731,075347,60.915775N,24.547630E,109,25.7,326
14376,T,260731,075348,60.915829N,24.547560E,109,25.3,327
14377,T,260731,075349,60.915878N,24.547489E,110,24.9,327
14378,T,260731,075350,60.915932N,24.547422E,110,24.5,327
14379,T,260731,075351,60.915989N,24.547354E,110,24.5,327
14380,T,260731,075352,60.916035N,24.547283E,110,24.2,326
14381,T,260731,075353,60.916088N,24.547216E,110,24.2,327
14382,T,260731,075354,60.916142N,24.547153E,110,24.1,327
14383,T,260731,075355,60.916191N,24.547091E,110,23.7,328
14384,T,260731,075356,60.916241N,24.547024E,110,23.4,327
14385,T,260731,075357,60.916286N,24.546959E,110,23.4,327
14386,T,260731,075358,60.916336N,24.546894E,111,23.0,327
14387,T,260731,075359,60.916382N,24.546837E,111,22.4,327
14388,T,260731,075400,60.916428N,24.546776E,111,22.0,326
14389,T,260731,075401,60.916473N,24.546717E,111,21.6,326
14390,T,260731,075402,60.916515N,24.546654E,111,21.3,326
14391,T,260731,075403,60.916561N,24.546593E,111,21.2,326
14392,T,260731,075404,60.916603N,24.546535E,111,21.1,326
14393,T,260731,075405,60.916649N,24.546478E,112,21.0,326
14394,T,260731,075406,60.916691N,24.546419E,112,21.1,326
14395,T,260731,075407,60.916737N,24.546358E,112,21.1,326
14396,T,260731,075408,60.916779N,24.546301E,112,21.1,326
14397,T,260731,075409,60.916828N,24.546238E,112,21.2,326
14398,T,260731,075410,60.916870N,24.546177E,112,21.2,325
14399,T,260731,075411,60.916916N,24.546116E,112,21.3,326
14400,T,260731,075412,60.916962N,24.546057E,112,21.2,326
14401,T,260731,075413,60.917004N,24.545998E,112,21.1,326
14402,T,260731,075414,60.917049N,24.545938E,112,21.1,326
14403,T,260731,075415,60.917091N,24.545881E,112,21.1,327
14404,T,260731,075416,60.917137N,24.545822E,113,21.0,326
14405,T,260731,075417,60.917179N,24.545759E,113,21.0,326
14406,T,260731,075418,60.917225N,24.545700E,113,20.9,326
14407,T,260731,075419,60.917267N,24.545645E,113,20.8,326
14408,T,260731,075420,60.917313N,24.545588E,113,20.7,327
14409,T,260731,075421,60.917358N,24.545536E,113,20.7,328
14410,T,260731,075422,60.917400N,24.545481E,114,20.6,328
14411,T,260731,075423,60.917439N,24.545424E,113,20.1,328
14412,T,260731,075424,60.917484N,24.545364E,113,20.1,328
14413,T,260731,075425,60.917526N,24.545309E,114,20.1,327
14414,T,260731,075426,60.917568N,24.545252E,114,20.2,326
14415,T,260731,075427,60.917618N,24.545197E,114,20.6,326
14416,T,260731,075428,60.917660N,24.545135E,114,20.7,326
14417,T,260731,075429,60.917702N,24.545074E,114,20.8,326
14418,T,260731,075430,60.917744N,24.545015E,114,20.8,326
14419,T,260731,075431,60.917789N,24.544956E,115,20.9,325
14420,T,260731,075432,60.917831N,24.544893E,115,20.9,325
14421,T,260731,075433,60.917877N,24.544834E,115,21.0,326
14422,T,260731,075434,60.917919N,24.544777E,115,21.0,326
14423,T,260731,075435,60.917965N,24.544718E,115,21.0,327
14424,T,260731,075436,60.918007N,24.544662E,115,21.0,328
14425,T,260731,075437,60.918056N,24.544603E,115,21.1,328
14426,T,260731,075438,60.918098N,24.544546E,115,21.2,327
14427,T,260731,075439,60.918144N,24.544483E,115,21.2,326
14428,T,260731,075440,60.918194N,24.544420E,115,21.3,325
14429,T,260731,075441,60.918236N,24.544357E,115,21.4,325
14430,T,260731,075442,60.918282N,24.544298E,115,21.5,326
14431,T,260731,075443,60.918324N,24.544237E,116,21.6,326
14432,T,260731,075444,60.918373N,24.544178E,116,21.6,327
14433,T,260731,075445,60.918419N,24.544119E,116,21.9,327
14434,T,260731,075446,60.918465N,24.544056E,116,21.9,327
14435,T,260731,075447,60.918510N,24.543995E,116,22.0,326
14436,T,260731,075448,60.918556N,24.543928E,116,22.1,326
14437,T,260731,075449,60.918606N,24.543863E,116,22.2,326
14438,T,260731,075450,60.918652N,24.543804E,116,22.3,326
14439,T,260731,075451,60.918701N,24.543741E,116,22.4,326
14440,T,260731,075452,60.918747N,24.543676E,116,22.5,326
14441,T,260731,075453,60.918793N,24.543613E,116,22.5,326
14442,T,260731,075454,60.918839N,24.543552E,116,23.1,327
14443,T,260731,075455,60.918888N,24.543488E,116,23.1,327
14444,T,260731,075456,60.918941N,24.543423E,116,23.6,327
14445,T,260731,075457,60.918991N,24.543356E,116,23.6,327
14446,T,260731,075458,60.919041N,24.543289E,116,24.0,327
14447,T,260731,075459,60.919098N,24.543222E,116,24.4,328
14448,T,260731,075500,60.919147N,24.543156E,116,24.5,328
14449,T,260731,075501,60.919197N,24.543083E,116,24.5,327
14450,T,260731,075502,60.919247N,24.543018E,116,24.4,327
14451,T,260731,075503,60.919296N,24.542944E,116,24.3,326
14452,T,260731,075504,60.919346N,24.542875E,116,24.4,326
14453,T,260731,075505,60.919395N,24.542805E,116,24.4,325
14454,T,260731,075506,60.919449N,24.542736E,116,25.0,326
14455,T,260731,075507,60.919498N,24.542664E,116,25.0,326
14456,T,260731,075508,60.919552N,24.542589E,115,25.3,326
14457,T,260731,075509,60.919605N,24.542517E,115,25.1,325
14458,T,260731,075510,60.919655N,24.542442E,115,24.3,325
14459,T,260731,075511,60.919708N,24.542370E,115,24.7,325
14460,T,260731,075512,60.919758N,24.542295E,114,23.6,324
14461,T,260731,075513,60.919800N,24.542217E,114,23.5,324
14462,T,260731,075514,60.919853N,24.542149E,114,23.7,325
14463,T,260731,075515,60.919899N,24.542078E,114,22.8,324
14464,T,260731,075516,60.919945N,24.542011E,114,22.7,325
14465,T,260731,075517,60.919991N,24.541948E,113,22.3,325
14466,T,260731,075518,60.920036N,24.541883E,113,22.4,326
14467,T,260731,075519,60.920090N,24.541821E,113,22.9,326
14468,T,260731,075520,60.920135N,24.541759E,113,22.9,326
14469,T,260731,075521,60.920189N,24.541700E,112,23.7,328
14470,T,260731,075522,60.920238N,24.541636E,112,23.7,329
14471,T,260731,075523,60.920292N,24.541573E,112,24.8,330
14472,T,260731,075524,60.920349N,24.541504E,112,25.6,329
14473,T,260731,075525,60.920403N,24.541437E,111,26.7,329
14474,T,260731,075526,60.920460N,24.541365E,111,27.4,327
14475,T,260731,075527,60.920521N,24.541288E,111,27.9,327
14476,T,260731,075528,60.920582N,24.541208E,111,28.7,327
14477,T,260731,075529,60.920639N,24.541124E,111,28.7,327
14478,T,260731,075530,60.920700N,24.541037E,110,28.1,326
14479,T,260731,075531,60.920761N,24.540956E,110,28.1,326
14480,T,260731,075532,60.920815N,24.540876E,110,28.0,326
14481,T,260731,075533,60.920872N,24.540791E,109,28.3,326
14482,T,260731,075534,60.920929N,24.540709E,109,28.4,326
14483,T,260731,075535,60.920994N,24.540628E,109,28.8,326
14484,T,260731,075536,60.921047N,24.540546E,109,28.8,326
14485,T,260731,075537,60.921112N,24.540464E,109,29.0,326
14486,T,260731,075538,60.921173N,24.540384E,109,29.3,326
14487,T,260731,075539,60.921230N,24.540297E,109,29.6,326
14488,T,260731,075540,60.921295N,24.540216E,109,29.7,326
14489,T,260731,075541,60.921360N,24.540133E,109,29.8,326
14490,T,260731,075542,60.921425N,24.540045E,109,29.9,326
14491,T,260731,075543,60.921490N,24.539957E,109,30.0,326
14492,T,260731,075544,60.921551N,24.539877E,108,30.1,326
14493,T,260731,075545,60.921616N,24.539789E,108,30.2,326
14494,T,260731,075546,60.921680N,24.539703E,108,30.2,326
14495,T,260731,075547,60.921745N,24.539621E,108,30.1,327
14496,T,260731,075548,60.921806N,24.539541E,108,29.7,327
14497,T,260731,075549,60.921871N,24.539459E,108,29.2,327
14498,T,260731,075550,60.921932N,24.539379E,108,28.8,327
14499,T,260731,075551,60.921993N,24.539301E,107,28.9,326
14500,T,260731,075552,60.922050N,24.539219E,107,28.9,326
14501,T,260731,075553,60.922112N,24.539137E,107,28.9,326
14502,T,260731,075554,60.922173N,24.539057E,107,28.8,326
14503,T,260731,075555,60.922234N,24.538977E,107,28.7,327
14504,T,260731,075556,60.922291N,24.538898E,107,28.8,328
14505,T,260731,075557,60.922356N,24.538822E,107,28.8,328
14506,T,260731,075558,60.922421N,24.538744E,106,29.4,328
14507,T,260731,075559,60.922482N,24.538662E,106,29.8,328
14508,T,260731,075600,60.922539N,24.538578E,106,30.2,327
14509,T,260731,075601,60.922607N,24.538496E,106,30.5,328
14510,T,260731,075602,60.922672N,24.538412E,106,30.7,328
14511,T,260731,075603,60.922741N,24.538330E,106,31.0,328
14512,T,260731,075604,60.922806N,24.538248E,106,31.0,328
14513,T,260731,075605,60.922871N,24.538164E,106,31.1,328
14514,T,260731,075606,60.922939N,24.538082E,106,31.1,328
14515,T,260731,075607,60.923004N,24.538002E,106,31.1,328
14516,T,260731,075608,60.923073N,24.537918E,105,31.0,328
14517,T,260731,075609,60.923138N,24.537836E,105,31.0,329
14518,T,260731,075610,60.923199N,24.537754E,105,30.9,329
14519,T,260731,075611,60.923267N,24.537676E,105,30.2,329
14520,T,260731,075612,60.923332N,24.537596E,105,29.6,329
14521,T,260731,075613,60.923393N,24.537518E,105,29.5,329
14522,T,260731,075614,60.923458N,24.537441E,105,29.4,329
14523,T,260731,075615,60.923519N,24.537367E,105,28.9,329
14524,T,260731,075616,60.923580N,24.537294E,105,28.8,329
14525,T,260731,075617,60.923645N,24.537218E,105,28.8,330
14526,T,260731,075618,60.923710N,24.537146E,105,28.8,330
14527,T,260731,075619,60.923767N,24.537077E,105,28.7,330
14528,T,260731,075620,60.923832N,24.537004E,105,28.0,330
14529,T,260731,075621,60.923893N,24.536934E,105,27.6,330
14530,T,260731,075622,60.923950N,24.536865E,105,27.2,331
14531,T,260731,075623,60.924011N,24.536802E,105,27.2,331
14532,T,260731,075624,60.924072N,24.536736E,105,27.2,331
14533,T,260731,075625,60.924129N,24.536671E,105,27.0,331
14534,T,260731,075626,60.924187N,24.536604E,105,27.1,331
14535,T,260731,075627,60.924248N,24.536535E,105,27.1,331
14536,T,260731,075628,60.924309N,24.536470E,104,27.1,331
14537,T,260731,075629,60.924370N,24.536404E,104,27.6,331
14538,T,260731,075630,60.924431N,24.536337E,104,27.6,331
14539,T,260731,075631,60.924492N,24.536270E,104,27.7,332
14540,T,260731,075632,60.924557N,24.536203E,104,27.8,332
14541,T,260731,075633,60.924618N,24.536137E,104,27.9,332
14542,T,260731,075634,60.924679N,24.536072E,104,28.2,332
14543,T,260731,075635,60.924744N,24.536003E,104,28.6,332
14544,T,260731,075636,60.924809N,24.535936E,104,28.7,332
14545,T,260731,075637,60.924873N,24.535866E,104,28.8,332
14546,T,260731,075638,60.924934N,24.535801E,104,28.9,332
14547,T,260731,075639,60.924999N,24.535734E,104,29.2,332
14548,T,260731,075640,60.925064N,24.535664E,104,29.2,332
14549,T,260731,075641,60.925129N,24.535597E,104,29.2,332
14550,T,260731,075642,60.925198N,24.535528E,104,29.2,332
14551,T,260731,075643,60.925259N,24.535461E,104,28.8,332
14552,T,260731,075644,60.925323N,24.535397E,104,28.8,333
14553,T,260731,075645,60.925388N,24.535334E,104,28.7,333
14554,T,260731,075646,60.925453N,24.535269E,104,28.6,333
14555,T,260731,075647,60.925514N,24.535204E,104,28.5,333
14556,T,260731,075648,60.925579N,24.535137E,104,28.5,333
14557,T,260731,075649,60.925644N,24.535072E,104,28.4,333
14558,T,260731,075650,60.925709N,24.535004E,104,28.4,333
14559,T,260731,075651,60.925774N,24.534941E,104,29.0,333
14560,T,260731,075652,60.925835N,24.534874E,103,28.9,333
14561,T,260731,075653,60.925900N,24.534805E,103,28.9,333
14562,T,260731,075654,60.925964N,24.534740E,103,28.9,333
14563,T,260731,075655,60.926033N,24.534676E,103,28.9,333
14564,T,260731,075656,60.926098N,24.534609E,103,29.0,333
14565,T,260731,075657,60.926159N,24.534542E,103,29.0,333
14566,T,260731,075658,60.926224N,24.534475E,103,29.0,333
14567,T,260731,075659,60.926289N,24.534409E,103,28.9,333
14568,T,260731,075700,60.926353N,24.534342E,103,28.8,333
14569,T,260731,075701,60.926414N,24.534275E,103,28.4,333
14570,T,260731,075702,60.926479N,24.534208E,103,28.3,332
14571,T,260731,075703,60.926540N,24.534143E,103,28.3,333
14572,T,260731,075704,60.926609N,24.534081E,103,28.0,333
14573,T,260731,075705,60.926674N,24.534016E,103,27.9,333
14574,T,260731,075706,60.926731N,24.533955E,103,27.8,333
14575,T,260731,075707,60.926792N,24.533890E,103,27.7,333
14576,T,260731,075708,60.926853N,24.533827E,103,27.7,333
14577,T,260731,075709,60.926914N,24.533762E,103,27.6,332
14578,T,260731,075710,60.926975N,24.533695E,103,27.2,333
14579,T,260731,075711,60.927036N,24.533636E,103,27.2,333
14580,T,260731,075712,60.927101N,24.533579E,103,27.2,334
14581,T,260731,075713,60.927158N,24.533516E,103,27.0,333
14582,T,260731,075714,60.927219N,24.533455E,103,27.0,333
14583,T,260731,075715,60.927280N,24.533388E,103,27.0,332
14584,T,260731,075716,60.927341N,24.533323E,103,26.9,333
14585,T,260731,075717,60.927399N,24.533264E,103,26.9,333
14586,T,260731,075718,60.927460N,24.533203E,103,26.8,333
14587,T,260731,075719,60.927517N,24.533144E,103,26.8,333
14588,T,260731,075720,60.927574N,24.533085E,103,26.7,333
14589,T,260731,075721,60.927635N,24.533022E,103,26.4,333
14590,T,260731,075722,60.927696N,24.532963E,103,26.3,333
14591,T,260731,075723,60.927753N,24.532902E,103,26.2,333
14592,T,260731,075724,60.927811N,24.532843E,103,26.3,333
14593,T,260731,075725,60.927872N,24.532784E,103,26.2,333
14594,T,260731,075726,60.927929N,24.532724E,103,26.2,333
14595,T,260731,075727,60.927986N,24.532661E,103,26.2,333
14596,T,260731,075728,60.928043N,24.532602E,103,26.1,333
14597,T,260731,075729,60.928104N,24.532541E,103,26.1,333
14598,T,260731,075730,60.928165N,24.532484E,103,26.1,333
14599,T,260731,075731,60.928219N,24.532425E,103,26.2,334
14600,T,260731,075732,60.928280N,24.532364E,103,26.2,333
14601,T,260731,075733,60.928337N,24.532303E,103,26.2,333
14602,T,260731,075734,60.928391N,24.532236E,103,26.1,333
14603,T,260731,075735,60.928452N,24.532175E,103,26.0,333
14604,T,260731,075736,60.928509N,24.532114E,103,25.6,333
14605,T,260731,075737,60.928562N,24.532055E,103,25.6,333
14606,T,260731,075738,60.928619N,24.531994E,103,25.6,333
14607,T,260731,075739,60.928680N,24.531937E,103,25.5,332
14608,T,260731,075740,60.928738N,24.531874E,103,25.5,332
14609,T,260731,075741,60.928791N,24.531813E,103,25.6,332
14610,T,260731,075742,60.928848N,24.531750E,103,26.0,332
14611,T,260731,075743,60.928909N,24.531691E,103,26.3,332
14612,T,260731,075744,60.928967N,24.531630E,103,26.4,333
14613,T,260731,075745,60.929028N,24.531570E,103,26.8,333
14614,T,260731,075746,60.929085N,24.531509E,103,26.9,333
14615,T,260731,075747,60.929150N,24.531446E,103,27.0,333
14616,T,260731,075748,60.929207N,24.531384E,103,27.1,332
14617,T,260731,075749,60.929268N,24.531319E,103,27.0,332
14618,T,260731,075750,60.929329N,24.531256E,103,27.0,333
14619,T,260731,075751,60.929386N,24.531197E,103,27.0,333
14620,T,260731,075752,60.929447N,24.531134E,103,26.9,333
14621,T,260731,075753,60.929508N,24.531075E,103,26.9,333
14622,T,260731,075754,60.929569N,24.531015E,103,26.8,333
14623,T,260731,075755,60.929626N,24.530954E,103,26.8,333
14624,T,260731,075756,60.929688N,24.530891E,103,26.8,333
14625,T,260731,075757,60.929749N,24.530830E,103,26.8,333
14626,T,260731,075758,60.929810N,24.530764E,103,26.8,332
14627,T,260731,075759,60.929867N,24.530704E,103,26.9,332
14628,T,260731,075800,60.929928N,24.530642E,103,26.9,333
14629,T,260731,075801,60.929989N,24.530579E,102,26.8,332
14630,T,260731,075802,60.930050N,24.530516E,102,26.8,332
14631,T,260731,075803,60.930107N,24.530457E,102,25.9,333
14632,T,260731,075804,60.930164N,24.530397E,102,25.4,333
14633,T,260731,075805,60.930222N,24.530342E,102,24.6,332
14634,T,260731,075806,60.930271N,24.530285E,102,24.2,333
14635,T,260731,075807,60.930328N,24.530228E,102,24.2,332
14636,T,260731,075808,60.930386N,24.530169E,102,24.7,332
14637,T,260731,075809,60.930439N,24.530107E,102,25.1,333
14638,T,260731,075810,60.930496N,24.530050E,102,25.7,333
14639,T,260731,075811,60.930557N,24.529991E,102,26.1,333
14640,T,260731,075812,60.930614N,24.529928E,102,26.7,333
14641,T,260731,075813,60.930676N,24.529867E,101,26.8,333
14642,T,260731,075814,60.930737N,24.529806E,101,26.8,333
14643,T,260731,075815,60.930798N,24.529743E,101,27.3,332
14644,T,260731,075816,60.930855N,24.529680E,101,27.7,332
14645,T,260731,075817,60.930920N,24.529615E,101,28.2,333
14646,T,260731,075818,60.930981N,24.529552E,101,28.2,333
14647,T,260731,075819,60.931046N,24.529484E,101,28.5,333
14648,T,260731,075820,60.931107N,24.529415E,101,28.9,333
14649,T,260731,075821,60.931171N,24.529348E,101,29.3,333
14650,T,260731,075822,60.931240N,24.529278E,101,29.3,333
14651,T,260731,075823,60.931305N,24.529209E,100,28.8,333
14652,T,260731,075824,60.931370N,24.529140E,100,28.5,332
14653,T,260731,075825,60.931431N,24.529072E,100,28.4,332
14654,T,260731,075826,60.931492N,24.529003E,100,28.0,332
14655,T,260731,075827,60.931557N,24.528938E,100,28.6,332
14656,T,260731,075828,60.931622N,24.528873E,100,28.7,333
14657,T,260731,075829,60.931683N,24.528811E,100,28.7,333
14658,T,260731,075830,60.931747N,24.528744E,100,28.4,333
14659,T,260731,075831,60.931808N,24.528683E,100,28.4,333
14660,T,260731,075832,60.931873N,24.528616E,100,28.4,332
14661,T,260731,075833,60.931934N,24.528549E,100,28.5,333
14662,T,260731,075834,60.931999N,24.528486E,100,28.5,333
14663,T,260731,075835,60.932064N,24.528421E,100,28.3,333
14664,T,260731,075836,60.932129N,24.528362E,100,28.0,333
14665,T,260731,075837,60.932194N,24.528297E,100,27.7,333
14666,T,260731,075838,60.932251N,24.528234E,100,27.6,333
14667,T,260731,075839,60.932312N,24.528168E,100,27.4,333
14668,T,260731,075840,60.932373N,24.528105E,99,27.3,332
14669,T,260731,075841,60.932430N,24.528038E,100,27.3,332
14670,T,260731,075842,60.932491N,24.527973E,99,27.3,332
14671,T,260731,075843,60.932556N,24.527908E,99,27.3,332
14672,T,260731,075844,60.932617N,24.527843E,99,27.4,333
14673,T,260731,075845,60.932678N,24.527781E,99,27.5,333
14674,T,260731,075846,60.932739N,24.527714E,99,27.8,333
14675,T,260731,075847,60.932800N,24.527645E,99,28.0,333
14676,T,260731,075848,60.932865N,24.527580E,99,28.0,332
14677,T,260731,075849,60.932926N,24.527514E,99,28.0,332
14678,T,260731,075850,60.932991N,24.527447E,99,28.0,332
14679,T,260731,075851,60.933052N,24.527384E,99,28.0,333
14680,T,260731,075852,60.933117N,24.527317E,99,28.0,333
14681,T,260731,075853,60.933182N,24.527254E,99,28.0,333
14682,T,260731,075854,60.933239N,24.527185E,99,28.1,333
14683,T,260731,075855,60.933304N,24.527121E,99,28.1,333
14684,T,260731,075856,60.933369N,24.527056E,99,28.2,333
14685,T,260731,075857,60.933434N,24.526991E,99,28.2,333
14686,T,260731,075858,60.933491N,24.526924E,99,28.2,333
14687,T,260731,075859,60.933556N,24.526857E,99,28.2,333
14688,T,260731,075900,60.933620N,24.526793E,99,28.6,332
14689,T,260731,075901,60.933685N,24.526724E,98,28.7,332
14690,T,260731,075902,60.933746N,24.526657E,99,28.8,332
14691,T,260731,075903,60.933811N,24.526592E,98,29.1,332
14692,T,260731,075904,60.933876N,24.526522E,98,29.2,332
14693,T,260731,075905,60.933941N,24.526451E,98,29.3,332
14694,T,260731,075906,60.934010N,24.526384E,98,29.2,332
14695,T,260731,075907,60.934071N,24.526316E,98,29.2,333
14696,T,260731,075908,60.934135N,24.526251E,98,29.2,333
14697,T,260731,075909,60.934200N,24.526180E,98,29.3,333
14698,T,260731,075910,60.934269N,24.526110E,98,29.3,333
14699,T,260731,075911,60.934334N,24.526039E,98,29.4,333
14700,T,260731,075912,60.934399N,24.525974E,98,29.1,333
14701,T,260731,075913,60.934460N,24.525904E,98,28.9,333
14702,T,260731,075914,60.934528N,24.525839E,98,28.4,333
14703,T,260731,075915,60.934589N,24.525772E,98,28.0,333
14704,T,260731,075916,60.934650N,24.525705E,98,28.1,333
14705,T,260731,075917,60.934715N,24.525644E,98,28.2,333
14706,T,260731,075918,60.934780N,24.525578E,98,28.6,332
14707,T,260731,075919,60.934841N,24.525515E,98,28.6,332
14708,T,260731,075920,60.934910N,24.525450E,98,28.7,333
14709,T,260731,075921,60.934971N,24.525387E,98,28.7,332
14710,T,260731,075922,60.935036N,24.525324E,98,28.5,332
14711,T,260731,075923,60.935101N,24.525265E,98,28.2,333
14712,T,260731,075924,60.935162N,24.525204E,98,28.1,333
14713,T,260731,075925,60.935223N,24.525141E,98,28.1,333
14714,T,260731,075926,60.935284N,24.525078E,98,28.1,333
14715,T,260731,075927,60.935349N,24.525017E,98,28.2,333
14716,T,260731,075928,60.935413N,24.524956E,98,28.1,333
14717,T,260731,075929,60.935471N,24.524891E,98,28.2,333
14718,T,260731,075930,60.935535N,24.524826E,98,28.2,333
14719,T,260731,075931,60.935600N,24.524759E,98,28.2,332
14720,T,260731,075932,60.935661N,24.524696E,98,28.2,332
14721,T,260731,075933,60.935726N,24.524630E,98,28.3,333
14722,T,260731,075934,60.935787N,24.524565E,98,28.3,333
14723,T,260731,075935,60.935852N,24.524498E,98,28.4,333
14724,T,260731,075936,60.935917N,24.524431E,98,28.4,333
14725,T,260731,075937,60.935982N,24.524364E,98,28.5,333
14726,T,260731,075938,60.936043N,24.524298E,98,28.4,333
14727,T,260731,075939,60.936108N,24.524237E,98,28.4,334
14728,T,260731,075940,60.936169N,24.524176E,98,28.0,334
14729,T,260731,075941,60.936234N,24.524113E,98,28.0,333
14730,T,260731,075942,60.936295N,24.524048E,99,28.0,333
14731,T,260731,075943,60.936359N,24.523989E,99,28.0,333
14732,T,260731,075944,60.936420N,24.523928E,99,27.9,333
14733,T,260731,075945,60.936485N,24.523870E,99,27.5,334
14734,T,260731,075946,60.936546N,24.523811E,99,27.4,334
14735,T,260731,075947,60.936607N,24.523752E,99,26.5,334
14736,T,260731,075948,60.936668N,24.523693E,99,26.0,334
14737,T,260731,075949,60.936726N,24.523636E,99,25.9,335
14738,T,260731,075950,60.936779N,24.523579E,99,25.6,335
14739,T,260731,075951,60.936840N,24.523518E,99,25.5,334
14740,T,260731,075952,60.936897N,24.523460E,99,25.4,334
14741,T,260731,075953,60.936954N,24.523403E,99,25.4,335
14742,T,260731,075954,60.937012N,24.523348E,100,25.5,334
14743,T,260731,075955,60.937069N,24.523296E,100,25.5,335
14744,T,260731,075956,60.937126N,24.523243E,100,25.5,335
14745,T,260731,075957,60.937183N,24.523188E,100,25.6,335
14746,T,260731,075958,60.937244N,24.523136E,100,25.7,335
14747,T,260731,075959,60.937302N,24.523085E,100,25.8,336
14748,T,260731,080000,60.937359N,24.523027E,100,25.8,335
14749,T,260731,080001,60.937420N,24.522972E,100,25.9,335
14750,T,260731,080002,60.937481N,24.522917E,100,25.8,335
14751,T,260731,080003,60.937534N,24.522858E,100,25.8,335
14752,T,260731,080004,60.937595N,24.522804E,100,25.7,335
14753,T,260731,080005,60.937653N,24.522755E,101,25.7,335
14754,T,260731,080006,60.937714N,24.522699E,101,25.7,336
14755,T,260731,080007,60.937771N,24.522648E,101,25.8,336
14756,T,260731,080008,60.937832N,24.522596E,101,26.2,336
14757,T,260731,080009,60.937893N,24.522549E,101,26.3,336
14758,T,260731,080010,60.937950N,24.522495E,101,26.3,336
14759,T,260731,080011,60.938007N,24.522442E,101,26.3,336
14760,T,260731,080012,60.938072N,24.522385E,101,26.3,336
14761,T,260731,080013,60.938129N,24.522331E,101,26.2,336
14762,T,260731,080014,60.938187N,24.522282E,101,26.2,336
14763,T,260731,080015,60.938248N,24.522236E,102,26.2,337
14764,T,260731,080016,60.938313N,24.522184E,102,26.1,336
14765,T,260731,080017,60.938370N,24.522135E,102,26.1,337
14766,T,260731,080018,60.938431N,24.522081E,102,26.2,337
14767,T,260731,080019,60.938488N,24.522028E,102,26.3,337
14768,T,260731,080020,60.938553N,24.521975E,103,26.6,337
14769,T,260731,080021,60.938614N,24.521919E,103,26.1,337
14770,T,260731,080022,60.938671N,24.521868E,103,25.2,337
14771,T,260731,080023,60.938728N,24.521820E,103,25.2,336
14772,T,260731,080024,60.938786N,24.521767E,103,24.6,336
14773,T,260731,080025,60.938839N,24.521715E,103,24.7,335
14774,T,260731,080026,60.938896N,24.521660E,103,24.6,335
14775,T,260731,080027,60.938953N,24.521606E,103,24.4,335
14776,T,260731,080028,60.939007N,24.521557E,103,24.6,336
14777,T,260731,080029,60.939064N,24.521505E,103,24.5,336
14778,T,260731,080030,60.939121N,24.521456E,103,24.4,336
14779,T,260731,080031,60.939178N,24.521412E,103,24.4,337
14780,T,260731,080032,60.939236N,24.521364E,103,24.3,337
14781,T,260731,080033,60.939293N,24.521317E,103,24.2,338
14782,T,260731,080034,60.939346N,24.521271E,103,23.3,338
14783,T,260731,080035,60.939404N,24.521223E,103,23.9,339
14784,T,260731,080036,60.939457N,24.521173E,103,23.1,337
14785,T,260731,080037,60.939507N,24.521122E,103,23.1,335
14786,T,260731,080038,60.939560N,24.521072E,103,23.5,335
14787,T,260731,080039,60.939613N,24.521025E,103,23.5,335
14788,T,260731,080040,60.939671N,24.520971E,103,23.1,335
14789,T,260731,080041,60.939724N,24.520918E,103,23.7,335
14790,T,260731,080042,60.939777N,24.520868E,103,22.9,336
14791,T,260731,080043,60.939831N,24.520823E,103,23.2,336
14792,T,260731,080044,60.939880N,24.520779E,104,22.4,336
14793,T,260731,080045,60.939938N,24.520733E,104,22.9,337
14794,T,260731,080046,60.939991N,24.520681E,105,24.2,337
14795,T,260731,080047,60.940044N,24.520624E,105,23.3,336
14796,T,260731,080048,60.940098N,24.520573E,105,23.2,335
14797,T,260731,080049,60.940147N,24.520523E,105,23.1,335
14798,T,260731,080050,60.940201N,24.520475E,105,21.9,334
14799,T,260731,080051,60.940247N,24.520428E,105,21.5,335
14800,T,260731,080052,60.940300N,24.520380E,105,21.8,334
14801,T,260731,080053,60.940353N,24.520329E,105,22.7,334
14802,T,260731,080054,60.940403N,24.520279E,105,22.6,334
14803,T,260731,080055,60.940456N,24.520229E,105,22.5,334
14804,T,260731,080056,60.940510N,24.520182E,105,22.5,334
14805,T,260731,080057,60.940559N,24.520136E,106,23.0,335
14806,T,260731,080058,60.940617N,24.520094E,105,23.5,336
14807,T,260731,080059,60.940674N,24.520048E,106,23.5,337
14808,T,260731,080100,60.940727N,24.520006E,106,23.5,338
14809,T,260731,080101,60.940781N,24.519960E,106,23.5,337
14810,T,260731,080102,60.940838N,24.519913E,107,23.5,337
14811,T,260731,080103,60.940887N,24.519861E,107,23.4,336
14812,T,260731,080104,60.940945N,24.519814E,107,23.4,336
14813,T,260731,080105,60.940994N,24.519764E,107,23.0,336
14814,T,260731,080106,60.941048N,24.519720E,107,23.1,336
14815,T,260731,080107,60.941105N,24.519676E,107,23.1,336
14816,T,260731,080108,60.941154N,24.519627E,107,23.2,337
14817,T,260731,080109,60.941212N,24.519581E,107,23.2,337
14818,T,260731,080110,60.941265N,24.519535E,107,23.1,336
14819,T,260731,080111,60.941315N,24.519485E,107,22.2,336
14820,T,260731,080112,60.941368N,24.519438E,108,22.2,335
14821,T,260731,080113,60.941418N,24.519388E,108,21.7,334
14822,T,260731,080114,60.941467N,24.519342E,108,21.6,334
14823,T,260731,080115,60.941521N,24.519300E,108,21.6,335
14824,T,260731,080116,60.941566N,24.519257E,108,21.0,335
14825,T,260731,080117,60.941612N,24.519211E,108,20.4,335
14826,T,260731,080118,60.941662N,24.519163E,108,20.0,335
14827,T,260731,080119,60.941704N,24.519119E,108,20.0,336
14828,T,260731,080120,60.941753N,24.519079E,108,20.4,336
14829,T,260731,080121,60.941799N,24.519037E,108,20.4,337
14830,T,260731,080122,60.941849N,24.518995E,108,20.9,337
14831,T,260731,080123,60.941898N,24.518955E,108,21.2,337
14832,T,260731,080124,60.941948N,24.518915E,108,21.2,337
14833,T,260731,080125,60.941998N,24.518883E,108,20.7,339
14834,T,260731,080126,60.942043N,24.518847E,108,20.7,339
14835,T,260731,080127,60.942093N,24.518814E,108,20.2,340
14836,T,260731,080128,60.942139N,24.518782E,108,20.1,341
14837,T,260731,080129,60.942188N,24.518751E,108,20.0,341
14838,T,260731,080130,60.942230N,24.518721E,108,19.9,342
14839,T,260731,080131,60.942280N,24.518688E,108,19.8,342
14840,T,260731,080132,60.942326N,24.518656E,108,19.6,341
14841,T,260731,080133,60.942371N,24.518627E,109,19.6,342
14842,T,260731,080134,60.942421N,24.518600E,109,19.5,342
14843,T,260731,080135,60.942467N,24.518568E,109,19.5,341
14844,T,260731,080136,60.942513N,24.518538E,109,19.5,342
14845,T,260731,080137,60.942558N,24.518511E,109,19.5,342
14846,T,260731,080138,60.942608N,24.518482E,109,19.6,342
14847,T,260731,080139,60.942657N,24.518452E,109,19.7,343
14848,T,260731,080140,60.942703N,24.518423E,109,19.7,343
14849,T,260731,080141,60.942753N,24.518398E,110,20.2,343
14850,T,260731,080142,60.942795N,24.518379E,110,19.6,344
14851,T,260731,080143,60.942844N,24.518356E,110,19.5,345
14852,T,260731,080144,60.942886N,24.518330E,110,19.5,344
14853,T,260731,080145,60.942936N,24.518305E,110,19.5,343
14854,T,260731,080146,60.942982N,24.518276E,110,19.4,343
14855,T,260731,080147,60.943027N,24.518248E,111,19.4,343
14856,T,260731,080148,60.943073N,24.518217E,111,19.0,343
14857,T,260731,080149,60.943119N,24.518192E,111,19.1,343
14858,T,260731,080150,60.943165N,24.518164E,111,19.1,344
14859,T,260731,080151,60.943207N,24.518135E,111,19.2,343
14860,T,260731,080152,60.943256N,24.518106E,111,19.2,342
14861,T,260731,080153,60.943298N,24.518076E,112,19.5,342
14862,T,260731,080154,60.943348N,24.518042E,112,19.5,341
14863,T,260731,080155,60.943398N,24.518003E,112,19.5,341
14864,T,260731,080156,60.943439N,24.517973E,112,19.6,340
14865,T,260731,080157,60.943489N,24.517937E,112,19.5,340
14866,T,260731,080158,60.943531N,24.517904E,112,19.5,340
14867,T,260731,080159,60.943581N,24.517868E,113,20.0,340
14868,T,260731,080200,60.943626N,24.517834E,113,19.9,340
14869,T,260731,080201,60.943672N,24.517796E,113,19.9,339
14870,T,260731,080202,60.943722N,24.517759E,113,19.7,339
14871,T,260731,080203,60.943764N,24.517723E,113,19.7,338
14872,T,260731,080204,60.943810N,24.517685E,114,19.8,338
14873,T,260731,080205,60.943855N,24.517649E,114,19.7,338
14874,T,260731,080206,60.943905N,24.517614E,114,19.6,338
14875,T,260731,080207,60.943951N,24.517580E,114,19.5,339
14876,T,260731,080208,60.943996N,24.517542E,114,19.5,338
14877,T,260731,080209,60.944038N,24.517502E,114,19.5,337
14878,T,260731,080210,60.944088N,24.517464E,114,19.4,337
14879,T,260731,080211,60.944134N,24.517424E,114,19.5,336
14880,T,260731,080212,60.944176N,24.517382E,115,19.5,336
14881,T,260731,080213,60.944229N,24.517340E,115,19.6,336
14882,T,260731,080214,60.944271N,24.517300E,115,19.6,336
14883,T,260731,080215,60.944321N,24.517256E,115,19.6,335
14884,T,260731,080216,60.944363N,24.517214E,115,19.3,335
14885,T,260731,080217,60.944408N,24.517172E,115,19.2,335
14886,T,260731,080218,60.944447N,24.517130E,116,19.2,335
14887,T,260731,080219,60.944496N,24.517088E,116,19.2,335
14888,T,260731,080220,60.944538N,24.517046E,116,19.2,334
14889,T,260731,080221,60.944584N,24.517002E,116,19.6,333
14890,T,260731,080222,60.944630N,24.516956E,116,19.7,333
14891,T,260731,080223,60.944672N,24.516911E,116,19.8,332
14892,T,260731,080224,60.944717N,24.516857E,116,19.9,330
14893,T,260731,080225,60.944759N,24.516808E,116,20.0,330
14894,T,260731,080226,60.944809N,24.516760E,117,20.0,331
14895,T,260731,080227,60.944847N,24.516712E,117,20.0,330
14896,T,260731,080228,60.944893N,24.516661E,117,20.0,330
14897,T,260731,080229,60.944935N,24.516607E,117,19.9,330
14898,T,260731,080230,60.944981N,24.516558E,117,20.0,330
14899,T,260731,080231,60.945023N,24.516506E,117,20.0,329
14900,T,260731,080232,60.945068N,24.516451E,117,20.5,328
14901,T,260731,080233,60.945110N,24.516394E,117,20.9,327
14902,T,260731,080234,60.945152N,24.516335E,117,21.0,326
14903,T,260731,080235,60.945194N,24.516273E,118,21.0,326
14904,T,260731,080236,60.945240N,24.516212E,118,21.1,325
14905,T,260731,080237,60.945286N,24.516148E,118,21.5,325
14906,T,260731,080238,60.945328N,24.516087E,118,21.6,325
14907,T,260731,080239,60.945377N,24.516024E,118,22.0,325
14908,T,260731,080240,60.945419N,24.515961E,118,22.1,325
14909,T,260731,080241,60.945469N,24.515896E,118,22.2,326
14910,T,260731,080242,60.945515N,24.515829E,118,22.7,326
14911,T,260731,080243,60.945560N,24.515762E,118,23.0,325
14912,T,260731,080244,60.945606N,24.515690E,118,23.1,324
14913,T,260731,080245,60.945656N,24.515619E,118,23.5,324
14914,T,260731,080246,60.945705N,24.515545E,118,23.6,322
14915,T,260731,080247,60.945751N,24.515465E,118,23.9,321
14916,T,260731,080248,60.945797N,24.515385E,118,24.3,320
14917,T,260731,080249,60.945839N,24.515305E,118,24.4,319
14918,T,260731,080250,60.945889N,24.515221E,118,24.7,318
14919,T,260731,080251,60.945934N,24.515135E,118,25.1,318
14920,T,260731,080252,60.945984N,24.515051E,118,25.1,318
14921,T,260731,080253,60.946033N,24.514969E,118,24.8,319
14922,T,260731,080254,60.946079N,24.514885E,118,24.2,319
14923,T,260731,080255,60.946121N,24.514803E,118,23.6,318
14924,T,260731,080256,60.946163N,24.514717E,118,23.6,317
14925,T,260731,080257,60.946209N,24.514635E,118,23.6,316
14926,T,260731,080258,60.946251N,24.514549E,118,23.7,316
14927,T,260731,080259,60.946297N,24.514463E,118,23.8,316
14928,T,260731,080300,60.946335N,24.514378E,119,23.8,315
14929,T,260731,080301,60.946381N,24.514292E,119,23.9,315
14930,T,260731,080302,60.946419N,24.514204E,119,24.0,315
14931,T,260731,080303,60.946465N,24.514116E,119,24.5,315
14932,T,260731,080304,60.946510N,24.514027E,119,24.6,315
14933,T,260731,080305,60.946552N,24.513935E,119,24.5,315
14934,T,260731,080306,60.946594N,24.513847E,119,24.6,314
14935,T,260731,080307,60.946640N,24.513756E,119,24.7,314
14936,T,260731,080308,60.946686N,24.513662E,119,24.8,313
14937,T,260731,080309,60.946728N,24.513571E,119,24.8,313
14938,T,260731,080310,60.946770N,24.513477E,119,24.5,313
14939,T,260731,080311,60.946808N,24.513384E,119,24.5,312
14940,T,260731,080312,60.946854N,24.513292E,119,24.5,312
14941,T,260731,080313,60.946892N,24.513201E,119,24.5,312
14942,T,260731,080314,60.946934N,24.513103E,119,24.4,311
14943,T,260731,080315,60.946972N,24.513012E,119,24.3,311
14944,T,260731,080316,60.947014N,24.512917E,120,24.3,310
14945,T,260731,080317,60.947048N,24.512821E,120,24.2,310
14946,T,260731,080318,60.947086N,24.512728E,120,24.2,310
14947,T,260731,080319,60.947128N,24.512632E,120,24.1,309
14948,T,260731,080320,60.947166N,24.512535E,120,24.1,309
14949,T,260731,080321,60.947208N,24.512438E,120,24.1,309
14950,T,260731,080322,60.947247N,24.512342E,120,24.1,309
14951,T,260731,080323,60.947285N,24.512245E,120,24.0,309
14952,T,260731,080324,60.947319N,24.512150E,120,24.0,309
14953,T,260731,080325,60.947361N,24.512056E,120,23.9,309
14954,T,260731,080326,60.947399N,24.511965E,120,23.8,310
14955,T,260731,080327,60.947437N,24.511875E,120,23.5,311
14956,T,260731,080328,60.947475N,24.511784E,120,23.6,312
14957,T,260731,080329,60.947517N,24.511696E,120,23.6,312
14958,T,260731,080330,60.947556N,24.511606E,120,23.6,312
14959,T,260731,080331,60.947598N,24.511518E,120,23.2,312
14960,T,260731,080332,60.947632N,24.511433E,120,23.1,313
14961,T,260731,080333,60.947674N,24.511347E,121,23.0,313
14962,T,260731,080334,60.947712N,24.511267E,121,22.9,314
14963,T,260731,080335,60.947754N,24.511187E,121,22.8,315
14964,T,260731,080336,60.947796N,24.511108E,121,22.7,317
14965,T,260731,080337,60.947842N,24.511032E,121,22.6,318
14966,T,260731,080338,60.947880N,24.510958E,121,22.1,318
14967,T,260731,080339,60.947922N,24.510881E,122,22.0,318
14968,T,260731,080340,60.947960N,24.510805E,122,21.9,318
14969,T,260731,080341,60.948002N,24.510735E,122,21.6,318
14970,T,260731,080342,60.948040N,24.510658E,122,21.6,317
14971,T,260731,080343,60.948078N,24.510584E,122,21.6,318
14972,T,260731,080344,60.948120N,24.510511E,122,21.7,318
14973,T,260731,080345,60.948166N,24.510441E,123,21.7,319
14974,T,260731,080346,60.948204N,24.510366E,123,21.7,320
14975,T,260731,080347,60.948250N,24.510290E,123,21.4,319
14976,T,260731,080348,60.948288N,24.510216E,123,21.4,318
14977,T,260731,080349,60.948326N,24.510139E,123,21.5,318
14978,T,260731,080350,60.948368N,24.510065E,123,21.5,317
14979,T,260731,080351,60.948406N,24.509991E,123,21.7,316
14980,T,260731,080352,60.948448N,24.509912E,123,21.7,316
14981,T,260731,080353,60.948486N,24.509834E,123,21.8,316
14982,T,260731,080354,60.948528N,24.509756E,124,21.8,315
14983,T,260731,080355,60.948563N,24.509680E,124,21.7,315
14984,T,260731,080356,60.948605N,24.509604E,124,21.4,315
14985,T,260731,080357,60.948639N,24.509527E,124,21.4,316
14986,T,260731,080358,60.948681N,24.509455E,124,21.8,316
14987,T,260731,080359,60.948719N,24.509377E,124,22.2,316
14988,T,260731,080400,60.948761N,24.509298E,124,22.2,316
14989,T,260731,080401,60.948799N,24.509218E,124,22.3,315
14990,T,260731,080402,60.948841N,24.509136E,124,22.6,314
14991,T,260731,080403,60.948879N,24.509056E,124,22.7,315
14992,T,260731,080404,60.948925N,24.508974E,124,22.8,315
14993,T,260731,080405,60.948963N,24.508888E,124,23.2,315
14994,T,260731,080406,60.949005N,24.508802E,124,23.5,314
14995,T,260731,080407,60.949047N,24.508717E,124,23.9,314
14996,T,260731,080408,60.949089N,24.508627E,124,24.2,314
14997,T,260731,080409,60.949131N,24.508537E,124,24.3,314
14998,T,260731,080410,60.949177N,24.508448E,124,24.9,315
14999,T,260731,080411,60.949219N,24.508356E,124,24.2,313
15000,T,260731,080412,60.949257N,24.508265E,124,23.7,312
15001,T,260731,080413,60.949295N,24.508177E,124,23.3,312
15002,T,260731,080414,60.949337N,24.508085E,124,22.9,311
15003,T,260731,080415,60.949371N,24.507998E,124,22.8,311
15004,T,260731,080416,60.949409N,24.507912E,124,22.4,311
15005,T,260731,080417,60.949444N,24.507824E,124,22.3,311
15006,T,260731,080418,60.949478N,24.507744E,124,21.6,311
15007,T,260731,080419,60.949516N,24.507664E,124,21.6,312
15008,T,260731,080420,60.949547N,24.507580E,124,22.0,311
15009,T,260731,080421,60.949585N,24.507494E,124,22.6,312
15010,T,260731,080422,60.949623N,24.507404E,124,23.5,312
15011,T,260731,080423,60.949665N,24.507317E,124,24.3,313
15012,T,260731,080424,60.949707N,24.507219E,124,25.2,312
15013,T,260731,080425,60.949749N,24.507120E,123,26.1,312
15014,T,260731,080426,60.949791N,24.507017E,123,26.5,312
15015,T,260731,080427,60.949837N,24.506918E,123,27.1,311
15016,T,260731,080428,60.949883N,24.506817E,123,27.3,311
15017,T,260731,080429,60.949932N,24.506710E,123,27.7,312
15018,T,260731,080430,60.949982N,24.506603E,123,28.0,312
15019,T,260731,080431,60.950027N,24.506496E,123,28.4,312
15020,T,260731,080432,60.950077N,24.506388E,123,28.8,311
15021,T,260731,080433,60.950123N,24.506275E,123,28.4,311
15022,T,260731,080434,60.950169N,24.506166E,123,27.9,311
15023,T,260731,080435,60.950214N,24.506060E,123,27.1,310
15024,T,260731,080436,60.950256N,24.505957E,123,26.1,310
15025,T,260731,080437,60.950298N,24.505856E,123,25.3,310
15026,T,260731,080438,60.950340N,24.505756E,123,25.0,310
15027,T,260731,080439,60.950378N,24.505659E,123,24.9,310
15028,T,260731,080440,60.950424N,24.505564E,123,25.0,311
15029,T,260731,080441,60.950462N,24.505465E,123,25.1,310
15030,T,260731,080442,60.950504N,24.505365E,123,25.0,310
15031,T,260731,080443,60.950546N,24.505270E,123,24.9,310
15032,T,260731,080444,60.950588N,24.505175E,123,24.6,310
15033,T,260731,080445,60.950623N,24.505075E,123,24.2,309
15034,T,260731,080446,60.950665N,24.504980E,123,24.1,309
15035,T,260731,080447,60.950699N,24.504885E,123,24.1,309
15036,T,260731,080448,60.950741N,24.504787E,123,24.1,309
15037,T,260731,080449,60.950779N,24.504694E,123,24.1,310
15038,T,260731,080450,60.950817N,24.504601E,123,24.2,310
15039,T,260731,080451,60.950855N,24.504503E,123,24.2,309
15040,T,260731,080452,60.950897N,24.504408E,123,24.3,310
15041,T,260731,080453,60.950935N,24.504314E,123,24.7,310
15042,T,260731,080454,60.950977N,24.504215E,123,24.6,309
15043,T,260731,080455,60.951012N,24.504118E,123,24.2,309
15044,T,260731,080456,60.951054N,24.504025E,123,24.2,309
15045,T,260731,080457,60.951088N,24.503925E,123,24.2,309
15046,T,260731,080458,60.951126N,24.503832E,123,24.2,309
15047,T,260731,080459,60.951168N,24.503736E,124,23.8,309
15048,T,260731,080500,60.951202N,24.503639E,124,23.8,309
15049,T,260731,080501,60.951241N,24.503546E,124,23.7,309
15050,T,260731,080502,60.951279N,24.503456E,124,23.6,309
15051,T,260731,080503,60.951317N,24.503363E,124,23.5,309
15052,T,260731,080504,60.951355N,24.503271E,124,23.2,310
15053,T,260731,080505,60.951393N,24.503181E,124,23.0,310
15054,T,260731,080506,60.951427N,24.503092E,124,23.0,309
15055,T,260731,080507,60.951466N,24.503000E,125,23.0,309
15056,T,260731,080508,60.951500N,24.502911E,125,23.1,309
15057,T,260731,080509,60.951534N,24.502815E,125,23.5,308
15058,T,260731,080510,60.951576N,24.502724E,125,23.6,309
15059,T,260731,080511,60.951611N,24.502634E,125,23.6,310
15060,T,260731,080512,60.951653N,24.502544E,125,23.7,310
15061,T,260731,080513,60.951687N,24.502453E,125,23.6,309
15062,T,260731,080514,60.951729N,24.502357E,125,23.6,309
15063,T,260731,080515,60.951763N,24.502264E,125,23.5,308
15064,T,260731,080516,60.951801N,24.502172E,125,23.5,309
15065,T,260731,080517,60.951839N,24.502081E,126,23.4,309
15066,T,260731,080518,60.951878N,24.501986E,126,23.4,309
15067,T,260731,080519,60.951912N,24.501888E,126,23.3,309
15068,T,260731,080520,60.951954N,24.501797E,126,23.3,309
15069,T,260731,080521,60.951988N,24.501703E,126,23.2,309
15070,T,260731,080522,60.952023N,24.501610E,126,23.2,309
15071,T,260731,080523,60.952061N,24.501518E,126,22.8,309
15072,T,260731,080524,60.952095N,24.501429E,126,22.9,309
15073,T,260731,080525,60.952133N,24.501335E,126,23.0,309
15074,T,260731,080526,60.952168N,24.501244E,126,23.2,309
15075,T,260731,080527,60.952206N,24.501152E,126,23.2,309
15076,T,260731,080528,60.952240N,24.501059E,126,23.1,309
15077,T,260731,080529,60.952274N,24.500965E,126,23.2,309
15078,T,260731,080530,60.952316N,24.500875E,126,23.2,309
15079,T,260731,080531,60.952351N,24.500782E,126,23.3,308
15080,T,260731,080532,60.952389N,24.500687E,126,23.3,308
15081,T,260731,080533,60.952423N,24.500593E,126,23.4,309
15082,T,260731,080534,60.952461N,24.500500E,126,23.4,308
15083,T,260731,080535,60.952499N,24.500406E,126,23.4,308
15084,T,260731,080536,60.952538N,24.500313E,126,23.4,309
15085,T,260731,080537,60.952572N,24.500217E,126,23.8,309
15086,T,260731,080538,60.952614N,24.500124E,126,23.9,309
15087,T,260731,080539,60.952648N,24.500029E,126,24.2,309
15088,T,260731,080540,60.952686N,24.499933E,126,24.3,309
15089,T,260731,080541,60.952728N,24.499836E,126,24.3,309
15090,T,260731,080542,60.952766N,24.499739E,126,24.5,309
15091,T,260731,080543,60.952805N,24.499640E,126,24.6,309
15092,T,260731,080544,60.952843N,24.499542E,126,24.9,309
15093,T,260731,080545,60.952885N,24.499441E,126,24.6,309
15094,T,260731,080546,60.952923N,24.499344E,126,24.7,309
15095,T,260731,080547,60.952961N,24.499249E,126,24.7,309
15096,T,260731,080548,60.952999N,24.499147E,126,24.8,309
15097,T,260731,080549,60.953041N,24.499050E,126,24.9,309
15098,T,260731,080550,60.953083N,24.498949E,126,25.3,309
15099,T,260731,080551,60.953129N,24.498850E,126,25.4,309
15100,T,260731,080552,60.953167N,24.498747E,126,25.5,309
15101,T,260731,080553,60.953209N,24.498646E,126,25.6,309
15102,T,260731,080554,60.953251N,24.498545E,126,25.9,309
15103,T,260731,080555,60.953293N,24.498444E,126,26.0,309
15104,T,260731,080556,60.953335N,24.498341E,126,26.2,309
15105,T,260731,080557,60.953377N,24.498238E,126,26.3,309
15106,T,260731,080558,60.953419N,24.498135E,126,26.4,309
15107,T,260731,080559,60.953461N,24.498028E,126,26.7,310
15108,T,260731,080600,60.953503N,24.497925E,126,26.8,310
15109,T,260731,080601,60.953548N,24.497816E,125,26.9,309
15110,T,260731,080602,60.953587N,24.497704E,126,27.0,309
15111,T,260731,080603,60.953632N,24.497597E,125,27.1,309
15112,T,260731,080604,60.953674N,24.497488E,125,27.1,309
15113,T,260731,080605,60.953720N,24.497379E,125,27.1,309
15114,T,260731,080606,60.953758N,24.497276E,125,27.1,309
15115,T,260731,080607,60.953804N,24.497168E,125,27.0,309
15116,T,260731,080608,60.953850N,24.497063E,125,27.0,309
15117,T,260731,080609,60.953892N,24.496954E,125,27.0,309
15118,T,260731,080610,60.953934N,24.496845E,125,26.9,309
15119,T,260731,080611,60.953976N,24.496742E,125,26.6,309
15120,T,260731,080612,60.954021N,24.496635E,125,26.6,310
15121,T,260731,080613,60.954063N,24.496534E,125,26.5,309
15122,T,260731,080614,60.954109N,24.496429E,125,26.4,310
15123,T,260731,080615,60.954147N,24.496328E,125,26.3,309
15124,T,260731,080616,60.954193N,24.496223E,125,26.2,309
15125,T,260731,080617,60.954231N,24.496120E,125,25.9,309
15126,T,260731,080618,60.954273N,24.496017E,125,25.8,309
15127,T,260731,080619,60.954311N,24.495914E,125,25.7,309
15128,T,260731,080620,60.954353N,24.495811E,125,25.3,309
15129,T,260731,080621,60.954391N,24.495716E,125,25.2,309
15130,T,260731,080622,60.954433N,24.495621E,125,24.6,309
15131,T,260731,080623,60.954472N,24.495523E,125,24.5,310
15132,T,260731,080624,60.954510N,24.495428E,125,24.3,309
15133,T,260731,080625,60.954544N,24.495333E,125,24.0,309
15134,T,260731,080626,60.954582N,24.495237E,125,24.0,309
15135,T,260731,080627,60.954620N,24.495144E,125,23.9,309
15136,T,260731,080628,60.954659N,24.495050E,125,24.0,309
15137,T,260731,080629,60.954700N,24.494955E,125,24.0,309
15138,T,260731,080630,60.954735N,24.494864E,125,23.7,309
15139,T,260731,080631,60.954777N,24.494768E,125,23.8,310
15140,T,260731,080632,60.954815N,24.494677E,125,23.7,311
15141,T,260731,080633,60.954857N,24.494587E,125,23.6,311
15142,T,260731,080634,60.954895N,24.494495E,126,23.2,311
15143,T,260731,080635,60.954933N,24.494404E,126,23.2,310
15144,T,260731,080636,60.954967N,24.494312E,126,23.0,310
15145,T,260731,080637,60.955009N,24.494225E,126,23.0,311
15146,T,260731,080638,60.955044N,24.494137E,126,23.0,312
15147,T,260731,080639,60.955078N,24.494043E,126,23.0,312
15148,T,260731,080640,60.955120N,24.493958E,125,22.9,313
15149,T,260731,080641,60.955158N,24.493872E,125,23.3,314
15150,T,260731,080642,60.955200N,24.493784E,126,24.0,314
15151,T,260731,080643,60.955242N,24.493696E,126,24.9,314
15152,T,260731,080644,60.955284N,24.493603E,126,24.8,313
15153,T,260731,080645,60.955330N,24.493507E,126,24.8,313
15154,T,260731,080646,60.955368N,24.493416E,126,24.8,313
15155,T,260731,080647,60.955414N,24.493324E,126,25.0,313
15156,T,260731,080648,60.955456N,24.493231E,126,25.3,313
15157,T,260731,080649,60.955502N,24.493134E,126,25.4,313
15158,T,260731,080650,60.955540N,24.493036E,126,25.5,313
15159,T,260731,080651,60.955585N,24.492941E,126,25.5,313
15160,T,260731,080652,60.955631N,24.492842E,125,25.5,313
15161,T,260731,080653,60.955673N,24.492744E,125,25.2,313
15162,T,260731,080654,60.955715N,24.492653E,125,24.8,313
15163,T,260731,080655,60.955757N,24.492561E,125,24.6,313
15164,T,260731,080656,60.955795N,24.492470E,125,24.3,313
15165,T,260731,080657,60.955837N,24.492378E,125,24.3,312
15166,T,260731,080658,60.955879N,24.492287E,125,24.3,312
15167,T,260731,080659,60.955921N,24.492191E,125,24.4,312
15168,T,260731,080700,60.955959N,24.492100E,125,24.5,312
15169,T,260731,080701,60.956005N,24.492008E,125,24.6,312
15170,T,260731,080702,60.956043N,24.491915E,125,24.6,312
15171,T,260731,080703,60.956089N,24.491817E,125,25.0,312
15172,T,260731,080704,60.956127N,24.491724E,125,25.0,311
15173,T,260731,080705,60.956173N,24.491631E,125,25.1,311
15174,T,260731,080706,60.956215N,24.491535E,124,25.7,313
15175,T,260731,080707,60.956261N,24.491444E,124,26.0,313
15176,T,260731,080708,60.956303N,24.491344E,124,26.3,312
15177,T,260731,080709,60.956348N,24.491241E,124,26.3,312
15178,T,260731,080710,60.956390N,24.491146E,124,26.2,313
15179,T,260731,080711,60.956440N,24.491055E,124,26.2,314
15180,T,260731,080712,60.956490N,24.490959E,124,26.3,315
15181,T,260731,080713,60.956535N,24.490864E,123,26.3,316
15182,T,260731,080714,60.956585N,24.490770E,123,26.3,315
15183,T,260731,080715,60.956631N,24.490677E,123,26.3,316
15184,T,260731,080716,60.956680N,24.490583E,123,26.3,317
15185,T,260731,080717,60.956730N,24.490492E,123,26.4,317
15186,T,260731,080718,60.956776N,24.490400E,122,26.5,317
15187,T,260731,080719,60.956829N,24.490305E,122,27.0,317
15188,T,260731,080720,60.956875N,24.490210E,122,27.0,316
15189,T,260731,080721,60.956928N,24.490116E,122,27.1,316
15190,T,260731,080722,60.956978N,24.490021E,122,27.1,316
15191,T,260731,080723,60.957024N,24.489925E,121,27.1,316
15192,T,260731,080724,60.957077N,24.489832E,121,27.1,316
15193,T,260731,080725,60.957127N,24.489738E,121,27.1,316
15194,T,260731,080726,60.957180N,24.489647E,121,27.2,317
15195,T,260731,080727,60.957233N,24.489553E,120,27.5,318
15196,T,260731,080728,60.957279N,24.489458E,120,27.4,318
15197,T,260731,080729,60.957333N,24.489365E,120,27.7,318
15198,T,260731,080730,60.957382N,24.489273E,120,27.6,318
15199,T,260731,080731,60.957436N,24.489176E,120,28.1,318
15200,T,260731,080732,60.957489N,24.489077E,119,28.5,318
15201,T,260731,080733,60.957542N,24.488977E,119,29.2,318
15202,T,260731,080734,60.957600N,24.488876E,119,30.0,317
15203,T,260731,080735,60.957657N,24.488773E,119,30.4,318
15204,T,260731,080736,60.957710N,24.488670E,119,30.5,318
15205,T,260731,080737,60.957771N,24.488565E,119,30.4,318
15206,T,260731,080738,60.957829N,24.488464E,119,30.3,319
15207,T,260731,080739,60.957886N,24.488361E,118,30.3,319
15208,T,260731,080740,60.957939N,24.488258E,118,30.2,319
15209,T,260731,080741,60.957996N,24.488155E,118,30.2,319
15210,T,260731,080742,60.958054N,24.488056E,118,30.2,319
15211,T,260731,080743,60.958111N,24.487955E,118,30.1,319
15212,T,260731,080744,60.958168N,24.487856E,118,30.1,320
15213,T,260731,080745,60.958229N,24.487759E,118,29.5,320
15214,T,260731,080746,60.958282N,24.487663E,118,29.4,320
15215,T,260731,080747,60.958340N,24.487570E,118,29.3,321
15216,T,260731,080748,60.958397N,24.487476E,118,29.2,321
15217,T,260731,080749,60.958450N,24.487383E,118,29.5,321
15218,T,260731,080750,60.958511N,24.487288E,118,29.5,321
15219,T,260731,080751,60.958569N,24.487194E,118,29.5,321
15220,T,260731,080752,60.958626N,24.487101E,118,29.2,321
15221,T,260731,080753,60.958679N,24.487003E,118,28.9,321
15222,T,260731,080754,60.958736N,24.486914E,118,28.5,320
15223,T,260731,080755,60.958794N,24.486822E,117,28.0,320
15224,T,260731,080756,60.958843N,24.486732E,117,27.5,320
15225,T,260731,080757,60.958900N,24.486645E,117,27.2,320
15226,T,260731,080758,60.958958N,24.486565E,118,27.0,321
15227,T,260731,080759,60.959007N,24.486481E,118,26.9,322
15228,T,260731,080800,60.959064N,24.486399E,118,26.5,323
15229,T,260731,080801,60.959122N,24.486317E,118,26.5,323
15230,T,260731,080802,60.959167N,24.486237E,118,26.4,323
15231,T,260731,080803,60.959221N,24.486156E,118,26.0,324
15232,T,260731,080804,60.959267N,24.486078E,118,25.7,324
15233,T,260731,080805,60.959320N,24.486002E,118,25.4,324
15234,T,260731,080806,60.959370N,24.485928E,118,25.3,324
15235,T,260731,080807,60.959419N,24.485853E,118,25.2,324
15236,T,260731,080808,60.959473N,24.485777E,118,25.2,323
15237,T,260731,080809,60.959518N,24.485703E,118,25.3,323
15238,T,260731,080810,60.959572N,24.485626E,118,25.3,323
15239,T,260731,080811,60.959629N,24.485554E,117,25.3,324
15240,T,260731,080812,60.959679N,24.485477E,117,25.3,324
15241,T,260731,080813,60.959728N,24.485401E,117,25.3,324
15242,T,260731,080814,60.959782N,24.485325E,117,25.3,324
15243,T,260731,080815,60.959831N,24.485249E,117,25.3,323
15244,T,260731,080816,60.959885N,24.485170E,117,25.2,323
15245,T,260731,080817,60.959934N,24.485098E,117,25.2,323
15246,T,260731,080818,60.959988N,24.485023E,117,25.2,324
15247,T,260731,080819,60.960041N,24.484949E,117,25.6,325
15248,T,260731,080820,60.960091N,24.484877E,117,25.6,325
15249,T,260731,080821,60.960148N,24.484800E,117,26.1,325
15250,T,260731,080822,60.960201N,24.484724E,117,26.5,326
15251,T,260731,080823,60.960255N,24.484650E,117,26.6,326
15252,T,260731,080824,60.960312N,24.484573E,117,27.0,326
15253,T,260731,080825,60.960369N,24.484495E,117,27.1,326
15254,T,260731,080826,60.960423N,24.484415E,117,27.2,326
15255,T,260731,080827,60.960480N,24.484339E,117,27.5,326
15256,T,260731,080828,60.960541N,24.484264E,117,27.5,326
15257,T,260731,080829,60.960594N,24.484188E,117,27.5,326
15258,T,260731,080830,60.960655N,24.484114E,117,27.7,327
15259,T,260731,080831,60.960712N,24.484035E,116,28.0,327
15260,T,260731,080832,60.960773N,24.483959E,116,28.4,328
15261,T,260731,080833,60.960835N,24.483885E,116,28.5,328
15262,T,260731,080834,60.960896N,24.483805E,116,29.0,328
15263,T,260731,080835,60.960960N,24.483727E,116,28.7,328
15264,T,260731,080836,60.961021N,24.483648E,116,28.0,327
15265,T,260731,080837,60.961079N,24.483574E,116,27.5,327
15266,T,260731,080838,60.961136N,24.483498E,116,26.9,327
15267,T,260731,080839,60.961193N,24.483427E,116,26.5,328
15268,T,260731,080840,60.961246N,24.483360E,116,26.7,329
15269,T,260731,080841,60.961308N,24.483294E,115,26.8,329
15270,T,260731,080842,60.961369N,24.483225E,115,26.9,330
15271,T,260731,080843,60.961430N,24.483156E,115,27.3,330
15272,T,260731,080844,60.961487N,24.483088E,115,27.2,330
15273,T,260731,080845,60.961544N,24.483023E,115,27.2,330
15274,T,260731,080846,60.961609N,24.482956E,115,27.7,331
15275,T,260731,080847,60.961666N,24.482889E,116,26.8,331
15276,T,260731,080848,60.961723N,24.482826E,116,26.7,331
15277,T,260731,080849,60.961784N,24.482761E,116,26.6,332
15278,T,260731,080850,60.961845N,24.482704E,116,26.6,334
15279,T,260731,080851,60.961903N,24.482653E,115,26.6,335
15280,T,260731,080852,60.961967N,24.482595E,115,27.4,337
15281,T,260731,080853,60.962032N,24.482536E,115,28.8,338
15282,T,260731,080854,60.962097N,24.482471E,115,29.6,337
15283,T,260731,080855,60.962166N,24.482409E,114,30.0,336
15284,T,260731,080856,60.962231N,24.482344E,114,30.1,336
15285,T,260731,080857,60.962299N,24.482279E,113,30.1,336
15286,T,260731,080858,60.962368N,24.482214E,113,30.0,336
15287,T,260731,080859,60.962433N,24.482155E,113,29.6,336
15288,T,260731,080900,60.962505N,24.482100E,113,30.7,338
15289,T,260731,080901,60.962578N,24.482052E,113,30.2,339
15290,T,260731,080902,60.962646N,24.482004E,112,29.9,339
15291,T,260731,080903,60.962719N,24.481951E,112,29.8,339
15292,T,260731,080904,60.962791N,24.481901E,112,29.9,340
15293,T,260731,080905,60.962860N,24.481855E,112,29.1,342
15294,T,260731,080906,60.962929N,24.481810E,112,28.8,343
15295,T,260731,080907,60.962997N,24.481770E,112,29.4,345
15296,T,260731,080908,60.963062N,24.481731E,111,29.4,346
15297,T,260731,080909,60.963131N,24.481689E,110,29.7,345
15298,T,260731,080910,60.963200N,24.481647E,110,29.6,345
15299,T,260731,080911,60.963272N,24.481609E,110,29.2,345
15300,T,260731,080912,60.963348N,24.481569E,110,30.0,345
15301,T,260731,080913,60.963425N,24.481533E,110,29.6,346
15302,T,260731,080914,60.963501N,24.481503E,111,29.7,347
15303,T,260731,080915,60.963573N,24.481474E,110,30.7,349
15304,T,260731,080916,60.963654N,24.481447E,110,30.8,350
15305,T,260731,080917,60.963730N,24.481422E,110,30.2,350
15306,T,260731,080918,60.963802N,24.481394E,110,30.9,350
15307,T,260731,080919,60.963879N,24.481365E,110,32.2,350
15308,T,260731,080920,60.963959N,24.481342E,110,32.1,350
15309,T,260731,080921,60.964039N,24.481316E,110,32.6,351
15310,T,260731,080922,60.964123N,24.481295E,110,32.5,351
15311,T,260731,080923,60.964207N,24.481266E,110,32.5,351
15312,T,260731,080924,60.964287N,24.481243E,110,31.8,351
15313,T,260731,080925,60.964371N,24.481220E,110,33.5,351
15314,T,260731,080926,60.964455N,24.481190E,109,31.8,350
15315,T,260731,080927,60.964531N,24.481159E,109,31.8,349
15316,T,260731,080928,60.964615N,24.481133E,109,31.7,349
15317,T,260731,080929,60.964691N,24.481100E,109,30.9,348
15318,T,260731,080930,60.964767N,24.481064E,109,30.2,347
15319,T,260731,080931,60.964844N,24.481033E,109,30.5,347
15320,T,260731,080932,60.964920N,24.480995E,108,30.4,346
15321,T,260731,080933,60.964996N,24.480959E,108,30.1,345
15322,T,260731,080934,60.965069N,24.480921E,108,30.5,345
15323,T,260731,080935,60.965145N,24.480881E,108,30.5,345
15324,T,260731,080936,60.965218N,24.480837E,107,31.1,344
15325,T,260731,080937,60.965294N,24.480789E,107,31.4,343
15326,T,260731,080938,60.965366N,24.480743E,107,32.4,343
15327,T,260731,080939,60.965446N,24.480694E,107,32.5,342
15328,T,260731,080940,60.965527N,24.480644E,107,33.1,341
15329,T,260731,080941,60.965603N,24.480593E,106,33.2,341
15330,T,260731,080942,60.965683N,24.480536E,106,33.9,341
15331,T,260731,080943,60.965767N,24.480476E,106,34.4,340
15332,T,260731,080944,60.965847N,24.480415E,106,34.1,340
15333,T,260731,080945,60.965927N,24.480354E,106,33.5,339
15334,T,260731,080946,60.966003N,24.480289E,105,32.9,338
15335,T,260731,080947,60.966080N,24.480227E,105,32.8,337
15336,T,260731,080948,60.966160N,24.480164E,105,32.7,337
15337,T,260731,080949,60.966232N,24.480101E,105,32.5,337
15338,T,260731,080950,60.966309N,24.480034E,104,32.6,336
15339,T,260731,080951,60.966385N,24.479963E,104,33.1,336
15340,T,260731,080952,60.966461N,24.479897E,104,33.1,335
15341,T,260731,080953,60.966537N,24.479822E,103,34.7,335
15342,T,260731,080954,60.966618N,24.479744E,103,34.0,334
15343,T,260731,080955,60.966694N,24.479666E,102,34.4,334
15344,T,260731,080956,60.966766N,24.479588E,102,34.8,333
15345,T,260731,080957,60.966846N,24.479511E,102,34.8,334
15346,T,260731,080958,60.966927N,24.479437E,102,35.0,334
15347,T,260731,080959,60.967007N,24.479362E,102,35.0,335
15348,T,260731,081000,60.967091N,24.479292E,102,35.0,336
15349,T,260731,081001,60.967171N,24.479221E,102,35.0,337
15350,T,260731,081002,60.967251N,24.479153E,101,35.0,337
15351,T,260731,081003,60.967331N,24.479082E,101,34.7,337
15352,T,260731,081004,60.967411N,24.479013E,101,34.7,338
15353,T,260731,081005,60.967495N,24.478947E,101,34.7,338
15354,T,260731,081006,60.967575N,24.478880E,100,34.7,338
15355,T,260731,081007,60.967655N,24.478815E,100,34.6,338
15356,T,260731,081008,60.967739N,24.478756E,100,34.2,339
15357,T,260731,081009,60.967819N,24.478699E,100,33.6,340
15358,T,260731,081010,60.967896N,24.478643E,99,33.0,340
15359,T,260731,081011,60.967976N,24.478592E,99,32.3,341
15360,T,260731,081012,60.968052N,24.478542E,99,32.1,342
15361,T,260731,081013,60.968124N,24.478498E,99,32.2,342
15362,T,260731,081014,60.968204N,24.478456E,98,32.5,343
15363,T,260731,081015,60.968281N,24.478409E,98,32.6,343
15364,T,260731,081016,60.968361N,24.478357E,98,33.3,344
15365,T,260731,081017,60.968441N,24.478312E,98,33.6,344
15366,T,260731,081018,60.968521N,24.478266E,97,34.0,344
15367,T,260731,081019,60.968601N,24.478220E,97,34.5,345
15368,T,260731,081020,60.968685N,24.478178E,97,34.9,345
15369,T,260731,081021,60.968769N,24.478136E,97,34.9,346
15370,T,260731,081022,60.968857N,24.478092E,97,35.3,346
15371,T,260731,081023,60.968941N,24.478048E,96,34.7,346
15372,T,260731,081024,60.969028N,24.478008E,96,35.4,346
15373,T,260731,081025,60.969116N,24.477972E,96,35.8,347
15374,T,260731,081026,60.969204N,24.477936E,96,35.7,348
15375,T,260731,081027,60.969292N,24.477901E,96,35.6,349
15376,T,260731,081028,60.969379N,24.477867E,96,36.0,349
15377,T,260731,081029,60.969471N,24.477837E,95,36.0,349
15378,T,260731,081030,60.969559N,24.477802E,95,35.8,350
15379,T,260731,081031,60.969646N,24.477772E,95,35.9,350
15380,T,260731,081032,60.969734N,24.477743E,95,35.9,350
15381,T,260731,081033,60.969826N,24.477716E,95,35.9,351
15382,T,260731,081034,60.969913N,24.477686E,95,35.9,351
15383,T,260731,081035,60.970005N,24.477657E,95,36.0,351
15384,T,260731,081036,60.970093N,24.477633E,95,36.3,351
15385,T,260731,081037,60.970181N,24.477604E,95,36.3,351
15386,T,260731,081038,60.970272N,24.477575E,95,36.0,351
15387,T,260731,081039,60.970360N,24.477549E,95,36.3,351
15388,T,260731,081040,60.970448N,24.477520E,94,36.3,351
15389,T,260731,081041,60.970539N,24.477491E,94,36.1,351
15390,T,260731,081042,60.970627N,24.477465E,94,36.1,351
15391,T,260731,081043,60.970718N,24.477436E,94,36.1,351
15392,T,260731,081044,60.970806N,24.477404E,94,36.2,350
15393,T,260731,081045,60.970901N,24.477373E,94,36.2,350
15394,T,260731,081046,60.970989N,24.477337E,94,36.3,349
15395,T,260731,081047,60.971077N,24.477299E,93,36.7,348
15396,T,260731,081048,60.971169N,24.477257E,93,37.0,347
15397,T,260731,081049,60.971260N,24.477215E,93,37.1,346
15398,T,260731,081050,60.971348N,24.477163E,93,37.7,345
15399,T,260731,081051,60.971439N,24.477116E,92,37.6,344
15400,T,260731,081052,60.971527N,24.477064E,92,37.6,344
15401,T,260731,081053,60.971619N,24.477011E,92,37.6,343
15402,T,260731,081054,60.971710N,24.476954E,92,37.5,343
15403,T,260731,081055,60.971802N,24.476896E,91,37.4,342
15404,T,260731,081056,60.971889N,24.476833E,91,37.0,341
15405,T,260731,081057,60.971973N,24.476767E,91,37.2,340
15406,T,260731,081058,60.972061N,24.476698E,91,37.2,339
15407,T,260731,081059,60.972149N,24.476629E,91,37.2,338
15408,T,260731,081100,60.972233N,24.476559E,91,36.7,337
15409,T,260731,081101,60.972317N,24.476486E,90,36.0,337
15410,T,260731,081102,60.972401N,24.476418E,90,36.6,337
15411,T,260731,081103,60.972485N,24.476341E,90,37.0,336
15412,T,260731,081104,60.972569N,24.476261E,90,37.1,336
15413,T,260731,081105,60.972652N,24.476177E,90,36.7,334
15414,T,260731,081106,60.972733N,24.476089E,90,36.0,333
15415,T,260731,081107,60.972813N,24.476000E,90,35.3,331
15416,T,260731,081108,60.972889N,24.475910E,90,34.3,330
15417,T,260731,081109,60.972961N,24.475821E,90,33.7,329
15418,T,260731,081110,60.973034N,24.475731E,90,32.9,328
15419,T,260731,081111,60.973099N,24.475639E,90,32.2,327
15420,T,260731,081112,60.973167N,24.475550E,90,31.7,326
15421,T,260731,081113,60.973236N,24.475456E,90,30.7,325
15422,T,260731,081114,60.973301N,24.475363E,90,30.7,324
15423,T,260731,081115,60.973358N,24.475269E,90,30.6,324
15424,T,260731,081116,60.973423N,24.475176E,90,30.3,323
15425,T,260731,081117,60.973484N,24.475080E,90,30.3,322
15426,T,260731,081118,60.973545N,24.474983E,90,30.2,322
15427,T,260731,081119,60.973602N,24.474895E,90,30.3,322
15428,T,260731,081120,60.973663N,24.474802E,90,30.0,322
15429,T,260731,081121,60.973724N,24.474709E,91,29.9,322
15430,T,260731,081122,60.973785N,24.474615E,91,29.9,322
15431,T,260731,081123,60.973843N,24.474522E,91,30.0,322
15432,T,260731,081124,60.973904N,24.474430E,91,30.0,323
15433,T,260731,081125,60.973965N,24.474339E,90,29.9,324
15434,T,260731,081126,60.974026N,24.474251E,90,29.5,324
15435,T,260731,081127,60.974083N,24.474163E,91,29.1,325
15436,T,260731,081128,60.974144N,24.474079E,90,29.0,326
15437,T,260731,081129,60.974205N,24.473995E,90,28.6,326
15438,T,260731,081130,60.974262N,24.473913E,90,28.6,326
15439,T,260731,081131,60.974323N,24.473837E,90,28.5,326
15440,T,260731,081132,60.974384N,24.473757E,90,28.7,327
15441,T,260731,081133,60.974445N,24.473679E,90,28.4,328
15442,T,260731,081134,60.974503N,24.473606E,90,27.9,329
15443,T,260731,081135,60.974564N,24.473536E,90,27.5,330
15444,T,260731,081136,60.974625N,24.473471E,90,27.2,331
15445,T,260731,081137,60.974686N,24.473410E,90,26.9,333
15446,T,260731,081138,60.974743N,24.473352E,90,26.5,334
15447,T,260731,081139,60.974804N,24.473295E,90,26.4,336
15448,T,260731,081140,60.974869N,24.473261E,90,26.0,348
15449,T,260731,081141,60.974930N,24.473244E,89,26.0,358
15450,T,260731,081142,60.974995N,24.473236E,89,26.8,357
15451,T,260731,081143,60.975056N,24.473200E,90,25.6,355
15452,T,260731,081144,60.975113N,24.473152E,90,25.2,353
15453,T,260731,081145,60.975166N,24.473103E,90,25.4,352
15454,T,260731,081146,60.975231N,24.473066E,90,26.1,346
15455,T,260731,081147,60.975292N,24.473057E,91,24.4,359
15456,T,260731,081148,60.975357N,24.473074E,91,24.5,10
15457,T,260731,081149,60.975410N,24.473104E,91,23.9,12
15458,T,260731,081150,60.975471N,24.473124E,91,24.9,11
15459,T,260731,081151,60.975525N,24.473124E,90,22.0,353
15460,T,260731,081152,60.975578N,24.473106E,90,23.0,352
15461,T,260731,081153,60.975632N,24.473076E,90,23.0,351
15462,T,260731,081154,60.975685N,24.473034E,89,22.9,350
15463,T,260731,081155,60.975735N,24.472977E,89,23.1,347
15464,T,260731,081156,60.975780N,24.472897E,89,23.4,344
15465,T,260731,081157,60.975815N,24.472799E,89,23.6,341
15466,T,260731,081158,60.975849N,24.472700E,89,24.3,338
15467,T,260731,081159,60.975895N,24.472614E,89,24.9,335
15468,T,260731,081200,60.975948N,24.472544E,89,25.5,333
15469,T,260731,081201,60.976009N,24.472492E,89,25.8,334
15470,T,260731,081202,60.976067N,24.472443E,89,25.8,335
15471,T,260731,081203,60.976128N,24.472397E,89,26.2,335
15472,T,260731,081204,60.976189N,24.472355E,88,26.7,336
15473,T,260731,081205,60.976254N,24.472317E,88,27.2,337
15474,T,260731,081206,60.976318N,24.472279E,88,27.3,337
15475,T,260731,081207,60.976387N,24.472244E,88,27.3,338
15476,T,260731,081208,60.976452N,24.472206E,88,27.6,338
15477,T,260731,081209,60.976521N,24.472170E,88,27.7,339
15478,T,260731,081210,60.976585N,24.472134E,88,28.6,341
15479,T,260731,081211,60.976650N,24.472094E,88,28.6,343
15480,T,260731,081212,60.976719N,24.472055E,88,28.5,344
15481,T,260731,081213,60.976788N,24.472015E,88,28.0,345
15482,T,260731,081214,60.976856N,24.471979E,88,27.6,345
15483,T,260731,081215,60.976921N,24.471945E,88,28.2,345
15484,T,260731,081216,60.976982N,24.471912E,88,27.1,345
15485,T,260731,081217,60.977047N,24.471876E,88,26.6,345
15486,T,260731,081218,60.977112N,24.471842E,88,26.5,345
15487,T,260731,081219,60.977173N,24.471813E,88,24.5,346
15488,T,260731,081220,60.977226N,24.471786E,88,24.4,346
15489,T,260731,081221,60.977283N,24.471754E,88,23.5,345
15490,T,260731,081222,60.977341N,24.471722E,88,23.6,345
15491,T,260731,081223,60.977394N,24.471689E,88,24.5,345
15492,T,260731,081224,60.977455N,24.471657E,88,24.5,344
15493,T,260731,081225,60.977516N,24.471621E,88,24.8,344
15494,T,260731,081226,60.977577N,24.471581E,88,25.6,343
15495,T,260731,081227,60.977634N,24.471542E,88,25.2,342
15496,T,260731,081228,60.977695N,24.471504E,88,24.8,341
15497,T,260731,081229,60.977760N,24.471470E,88,24.7,342
15498,T,260731,081230,60.977821N,24.471437E,88,25.2,343
15499,T,260731,081231,60.977882N,24.471403E,88,25.6,344
15500,T,260731,081232,60.977943N,24.471371E,88,25.5,344
15501,T,260731,081233,60.978008N,24.471336E,88,25.6,344
15502,T,260731,081234,60.978073N,24.471300E,88,26.0,344
15503,T,260731,081235,60.978130N,24.471264E,88,25.3,343
15504,T,260731,081236,60.978191N,24.471226E,88,25.2,343
15505,T,260731,081237,60.978252N,24.471188E,88,25.2,342
15506,T,260731,081238,60.978313N,24.471151E,88,24.8,342
15507,T,260731,081239,60.978371N,24.471115E,88,25.1,342
15508,T,260731,081240,60.978432N,24.471079E,88,25.1,343
15509,T,260731,081241,60.978493N,24.471041E,88,25.8,343
15510,T,260731,081242,60.978554N,24.471004E,88,25.0,343
15511,T,260731,081243,60.978611N,24.470966E,88,24.7,343
15512,T,260731,081244,60.978672N,24.470926E,88,25.1,342
15513,T,260731,081245,60.978733N,24.470884E,89,25.0,341
15514,T,260731,081246,60.978790N,24.470854E,89,25.0,341
15515,T,260731,081247,60.978848N,24.470819E,89,24.9,341
15516,T,260731,081248,60.978909N,24.470779E,89,24.1,342
15517,T,260731,081249,60.978966N,24.470739E,89,24.7,342
15518,T,260731,081250,60.979023N,24.470701E,89,24.7,342
15519,T,260731,081251,60.979080N,24.470667E,89,24.6,342
15520,T,260731,081252,60.979137N,24.470631E,89,23.8,342
15521,T,260731,081253,60.979191N,24.470592E,89,23.9,342
15522,T,260731,081254,60.979248N,24.470558E,89,24.4,342
15523,T,260731,081255,60.979309N,24.470522E,89,24.5,342
15524,T,260731,081256,60.979366N,24.470484E,89,24.8,343
15525,T,260731,081257,60.979427N,24.470446E,89,24.4,343
15526,T,260731,081258,60.979485N,24.470407E,88,24.4,343
15527,T,260731,081259,60.979546N,24.470373E,89,24.8,343
15528,T,260731,081300,60.979603N,24.470337E,88,24.4,343
15529,T,260731,081301,60.979660N,24.470297E,88,24.8,342
15530,T,260731,081302,60.979721N,24.470259E,89,24.4,342
15531,T,260731,081303,60.979778N,24.470219E,89,25.3,342
15532,T,260731,081304,60.979839N,24.470179E,89,25.7,342
15533,T,260731,081305,60.979900N,24.470137E,89,25.7,342
15534,T,260731,081306,60.979965N,24.470097E,89,25.7,342
15535,T,260731,081307,60.980022N,24.470053E,88,25.0,341
15536,T,260731,081308,60.980083N,24.470007E,88,25.2,341
15537,T,260731,081309,60.980141N,24.469959E,88,24.5,340
15538,T,260731,081310,60.980202N,24.469915E,88,24.5,339
15539,T,260731,081311,60.980259N,24.469872E,88,24.4,339
15540,T,260731,081312,60.980316N,24.469826E,88,24.1,338
15541,T,260731,081313,60.980373N,24.469784E,88,24.9,339
15542,T,260731,081314,60.980431N,24.469744E,88,24.8,340
15543,T,260731,081315,60.980492N,24.469700E,88,24.9,340
15544,T,260731,081316,60.980553N,24.469656E,88,24.9,340
15545,T,260731,081317,60.980614N,24.469612E,88,24.2,340
15546,T,260731,081318,60.980675N,24.469568E,89,26.6,339
15547,T,260731,081319,60.980740N,24.469521E,89,25.9,338
15548,T,260731,081320,60.980801N,24.469465E,89,25.0,338
15549,T,260731,081321,60.980858N,24.469416E,89,25.9,337
15550,T,260731,081322,60.980911N,24.469364E,88,23.9,336
15551,T,260731,081323,60.980968N,24.469315E,88,26.2,336
15552,T,260731,081324,60.981033N,24.469259E,88,26.5,336
15553,T,260731,081325,60.981091N,24.469208E,89,26.7,336
15554,T,260731,081326,60.981152N,24.469160E,89,26.5,336
15555,T,260731,081327,60.981209N,24.469107E,89,25.8,336
15556,T,260731,081328,60.981270N,24.469055E,89,26.7,336
15557,T,260731,081329,60.981323N,24.469006E,90,25.4,336
15558,T,260731,081330,60.981380N,24.468956E,90,25.4,336
15559,T,260731,081331,60.981438N,24.468904E,90,24.7,336
15560,T,260731,081332,60.981491N,24.468855E,90,25.0,336
15561,T,260731,081333,60.981552N,24.468800E,90,24.9,335
15562,T,260731,081334,60.981606N,24.468746E,90,23.8,336
15563,T,260731,081335,60.981659N,24.468697E,90,24.4,336
15564,T,260731,081336,60.981712N,24.468643E,90,23.7,335
15565,T,260731,081337,60.981770N,24.468594E,90,24.5,335
15566,T,260731,081338,60.981827N,24.468542E,90,25.0,336
15567,T,260731,081339,60.981884N,24.468491E,90,24.9,335
15568,T,260731,081340,60.981941N,24.468437E,90,25.2,336
15569,T,260731,081341,60.981998N,24.468390E,90,25.2,337
15570,T,260731,081342,60.982059N,24.468338E,90,24.6,336
15571,T,260731,081343,60.982117N,24.468288E,90,24.2,337
15572,T,260731,081344,60.982170N,24.468241E,90,26.1,338
15573,T,260731,081345,60.982231N,24.468185E,89,25.1,337
15574,T,260731,081346,60.982292N,24.468140E,89,25.4,338
15575,T,260731,081347,60.982353N,24.468094E,89,25.3,339
15576,T,260731,081348,60.982414N,24.468042E,89,24.8,338
15577,T,260731,081349,60.982471N,24.467993E,89,22.9,338
15578,T,260731,081350,60.982533N,24.467955E,89,24.6,344
15579,T,260731,081351,60.982597N,24.467913E,89,24.6,343
15580,T,260731,081352,60.982647N,24.467848E,89,24.0,341
15581,T,260731,081353,60.982693N,24.467766E,89,23.4,338
15582,T,260731,081354,60.982735N,24.467684E,88,23.7,336
15583,T,260731,081355,60.982784N,24.467602E,88,24.3,335
15584,T,260731,081356,60.982838N,24.467524E,88,25.0,333
15585,T,260731,081357,60.982883N,24.467442E,87,25.7,331
15586,T,260731,081358,60.982937N,24.467358E,87,25.0,330
15587,T,260731,081359,60.982986N,24.467276E,87,26.4,329
15588,T,260731,081400,60.983040N,24.467197E,87,26.0,327
15589,T,260731,081401,60.983093N,24.467121E,87,25.5,326
15590,T,260731,081402,60.983147N,24.467045E,87,26.2,325
15591,T,260731,081403,60.983200N,24.466972E,87,25.5,326
15592,T,260731,081404,60.983257N,24.466909E,87,25.5,327
15593,T,260731,081405,60.983311N,24.466846E,87,25.4,328
15594,T,260731,081406,60.983368N,24.466782E,87,25.3,328
15595,T,260731,081407,60.983425N,24.466724E,87,24.5,329
15596,T,260731,081408,60.983479N,24.466682E,87,24.8,344
15597,T,260731,081409,60.983543N,24.466654E,88,25.6,351
15598,T,260731,081410,60.983601N,24.466635E,87,24.2,351
15599,T,260731,081411,60.983665N,24.466604E,87,26.0,350
15600,T,260731,081412,60.983719N,24.466557E,87,24.9,348
15601,T,260731,081413,60.983776N,24.466496E,87,23.4,346
15602,T,260731,081414,60.983829N,24.466436E,87,24.1,345
15603,T,260731,081415,60.983883N,24.466389E,87,24.1,341
15604,T,260731,081416,60.983940N,24.466360E,87,22.8,348
15605,T,260731,081417,60.983994N,24.466335E,87,22.7,345
15606,T,260731,081418,60.984047N,24.466305E,87,22.4,344
15607,T,260731,081419,60.984100N,24.466278E,87,22.3,347
15608,T,260731,081420,60.984154N,24.466255E,87,21.5,347
15609,T,260731,081421,60.984192N,24.466236E,87,21.3,346
15610,T,260731,081422,60.984249N,24.466208E,87,21.7,346
15611,T,260731,081423,60.984299N,24.466181E,87,21.7,346
15612,T,260731,081424,60.984360N,24.466146E,87,22.5,340
15613,T,260731,081425,60.984409N,24.466105E,88,22.5,333
15614,T,260731,081426,60.984459N,24.466043E,88,22.1,327
15615,T,260731,081427,60.984509N,24.465977E,88,21.8,320
15616,T,260731,081428,60.984550N,24.465902E,88,21.7,314
15617,T,260731,081429,60.984592N,24.465818E,88,21.2,309
15618,T,260731,081430,60.984627N,24.465729E,88,21.7,303
15619,T,260731,081431,60.984653N,24.465630E,88,21.1,295
15620,T,260731,081432,60.984680N,24.465536E,88,20.2,297
15621,T,260731,081433,60.984711N,24.465456E,88,20.4,316
15622,T,260731,081434,60.984753N,24.465397E,88,20.5,332
15623,T,260731,081435,60.984802N,24.465363E,88,22.5,345
15624,T,260731,081436,60.984856N,24.465332E,87,22.4,343
15625,T,260731,081437,60.984913N,24.465296E,87,23.5,340
15626,T,260731,081438,60.984962N,24.465256E,87,22.9,340
15627,T,260731,081439,60.985016N,24.465216E,87,22.9,339
15628,T,260731,081440,60.985069N,24.465174E,87,23.0,338
15629,T,260731,081441,60.985119N,24.465128E,87,22.9,337
15630,T,260731,081442,60.985172N,24.465084E,87,23.0,337
15631,T,260731,081443,60.985229N,24.465036E,88,24.2,336
15632,T,260731,081444,60.985275N,24.464991E,87,21.9,335
15633,T,260731,081445,60.985329N,24.464937E,87,24.3,334
15634,T,260731,081446,60.985378N,24.464882E,87,22.6,332
15635,T,260731,081447,60.985428N,24.464825E,87,22.5,330
15636,T,260731,081448,60.985477N,24.464764E,87,24.6,329
15637,T,260731,081449,60.985527N,24.464697E,87,24.3,325
15638,T,260731,081450,60.985569N,24.464621E,88,24.4,322
15639,T,260731,081451,60.985619N,24.464539E,87,24.3,321
15640,T,260731,081452,60.985664N,24.464458E,87,23.9,317
15641,T,260731,081453,60.985710N,24.464380E,87,24.0,319
15642,T,260731,081454,60.985752N,24.464293E,87,24.1,313
15643,T,260731,081455,60.985790N,24.464203E,87,23.6,312
15644,T,260731,081456,60.985836N,24.464113E,87,24.0,312
15645,T,260731,081457,60.985882N,24.464029E,87,23.9,315
15646,T,260731,081458,60.985928N,24.463947E,87,23.5,317
15647,T,260731,081459,60.985973N,24.463869E,87,23.6,317
15648,T,260731,081500,60.986019N,24.463791E,87,23.9,319
15649,T,260731,081501,60.986073N,24.463713E,87,24.5,319
15650,T,260731,081502,60.986118N,24.463636E,87,24.2,321
15651,T,260731,081503,60.986168N,24.463560E,87,24.4,322
15652,T,260731,081504,60.986221N,24.463488E,87,24.3,323
15653,T,260731,081505,60.986271N,24.463423E,86,24.3,324
15654,T,260731,081506,60.986328N,24.463358E,86,24.9,325
15655,T,260731,081507,60.986382N,24.463297E,86,24.8,328
15656,T,260731,081508,60.986435N,24.463236E,86,24.8,330
15657,T,260731,081509,60.986488N,24.463181E,86,23.8,332
15658,T,260731,081510,60.986546N,24.463120E,87,25.8,333
15659,T,260731,081511,60.986599N,24.463057E,87,26.1,333
15660,T,260731,081512,60.986660N,24.462988E,86,27.3,333
15661,T,260731,081513,60.986721N,24.462919E,86,25.5,332
15662,T,260731,081514,60.986771N,24.462854E,86,25.6,331
15663,T,260731,081515,60.986832N,24.462784E,86,25.6,330
15664,T,260731,081516,60.986885N,24.462725E,86,23.3,331
15665,T,260731,081517,60.986935N,24.462666E,86,23.4,331
15666,T,260731,081518,60.986988N,24.462606E,86,22.5,330
15667,T,260731,081519,60.987038N,24.462543E,86,23.6,330
15668,T,260731,081520,60.987087N,24.462484E,86,22.7,330
15669,T,260731,081521,60.987144N,24.462423E,86,24.0,329
15670,T,260731,081522,60.987202N,24.462366E,85,24.5,329
15671,T,260731,081523,60.987255N,24.462303E,85,24.9,330
15672,T,260731,081524,60.987312N,24.462246E,85,23.6,330
15673,T,260731,081525,60.987366N,24.462185E,86,24.0,331
15674,T,260731,081526,60.987415N,24.462124E,86,23.2,331
15675,T,260731,081527,60.987469N,24.462067E,86,23.7,331
15676,T,260731,081528,60.987518N,24.462009E,85,23.9,332
15677,T,260731,081529,60.987572N,24.461956E,86,23.3,332
15678,T,260731,081530,60.987629N,24.461903E,86,23.5,332
15679,T,260731,081531,60.987679N,24.461845E,86,23.8,332
15680,T,260731,081532,60.987732N,24.461792E,86,23.1,333
15681,T,260731,081533,60.987785N,24.461742E,86,22.7,333
15682,T,260731,081534,60.987835N,24.461687E,87,23.5,334
15683,T,260731,081535,60.987888N,24.461636E,86,24.1,335
15684,T,260731,081536,60.987946N,24.461584E,86,24.1,335
15685,T,260731,081537,60.987999N,24.461531E,86,24.8,335
15686,T,260731,081538,60.988056N,24.461477E,86,24.5,335
15687,T,260731,081539,60.988113N,24.461432E,87,24.1,337
15688,T,260731,081540,60.988167N,24.461386E,87,24.1,338
15689,T,260731,081541,60.988220N,24.461338E,87,24.1,339
15690,T,260731,081542,60.988281N,24.461296E,87,23.6,339
15691,T,260731,081543,60.988335N,24.461254E,87,23.6,339
15692,T,260731,081544,60.988392N,24.461212E,87,24.5,339
15693,T,260731,081545,60.988453N,24.461172E,87,24.6,341
15694,T,260731,081546,60.988510N,24.461132E,87,24.5,342
15695,T,260731,081547,60.988567N,24.461094E,87,24.5,342
15696,T,260731,081548,60.988625N,24.461052E,87,23.6,342
15697,T,260731,081549,60.988682N,24.461008E,87,23.5,341
15698,T,260731,081550,60.988731N,24.460968E,87,23.9,341
15699,T,260731,081551,60.988789N,24.460932E,87,22.8,342
15700,T,260731,081552,60.988846N,24.460888E,87,22.9,341
15701,T,260731,081553,60.988895N,24.460846E,87,22.8,341
15702,T,260731,081554,60.988949N,24.460806E,87,22.0,340
15703,T,260731,081555,60.988998N,24.460764E,87,21.6,339
15704,T,260731,081556,60.989048N,24.460724E,87,23.0,339
15705,T,260731,081557,60.989105N,24.460684E,87,22.6,340
15706,T,260731,081558,60.989159N,24.460644E,87,22.7,339
15707,T,260731,081559,60.989212N,24.460602E,87,22.7,340
15708,T,260731,081600,60.989269N,24.460556E,87,23.5,340
15709,T,260731,081601,60.989319N,24.460516E,87,23.0,339
15710,T,260731,081602,60.989372N,24.460476E,86,22.9,339
15711,T,260731,081603,60.989426N,24.460434E,86,22.2,339
15712,T,260731,081604,60.989471N,24.460390E,86,21.5,338
15713,T,260731,081605,60.989521N,24.460346E,86,20.7,337
15714,T,260731,081606,60.989567N,24.460321E,86,19.3,349
15715,T,260731,081607,60.989616N,24.460321E,86,20.7,8
15716,T,260731,081608,60.989670N,24.460344E,86,19.5,13
15717,T,260731,081609,60.989716N,24.460369E,86,21.7,17
15718,T,260731,081610,60.989769N,24.460402E,86,22.6,17
15719,T,260731,081611,60.989826N,24.460426E,85,22.7,9
15720,T,260731,081612,60.989876N,24.460442E,85,19.5,6
15721,T,260731,081613,60.989925N,24.460447E,85,19.0,2
15722,T,260731,081614,60.989967N,24.460457E,84,17.7,4
15723,T,260731,081615,60.990013N,24.460464E,85,17.2,5
15724,T,260731,081616,60.990051N,24.460464E,85,16.7,353
15725,T,260731,081617,60.990093N,24.460464E,85,16.2,8
15726,T,260731,081618,60.990131N,24.460476E,85,17.8,8
15727,T,260731,081619,60.990170N,24.460489E,85,16.3,9
15728,T,260731,081620,60.990208N,24.460508E,85,16.8,12
15729,T,260731,081621,60.990257N,24.460529E,85,19.7,11
15730,T,260731,081622,60.990303N,24.460552E,84,21.2,11
15731,T,260731,081623,60.990356N,24.460583E,84,20.2,13
15732,T,260731,081624,60.990402N,24.460625E,84,20.9,23
15733,T,260731,081625,60.990452N,24.460669E,84,22.6,24
15734,T,260731,081626,60.990501N,24.460716E,83,21.3,24
15735,T,260731,081627,60.990547N,24.460762E,83,20.4,26
15736,T,260731,081628,60.990597N,24.460815E,83,20.9,31
15737,T,260731,081629,60.990639N,24.460876E,83,21.0,35
15738,T,260731,081630,60.990681N,24.460945E,83,19.0,41
15739,T,260731,081631,60.990711N,24.461016E,83,17.6,48
15740,T,260731,081632,60.990746N,24.461086E,83,17.9,45
15741,T,260731,081633,60.990780N,24.461157E,82,18.0,43
15742,T,260731,081634,60.990810N,24.461220E,82,17.2,42
15743,T,260731,081635,60.990841N,24.461288E,82,15.7,43
15744,T,260731,081636,60.990860N,24.461372E,81,17.7,46
15745,T,260731,081637,60.990875N,24.461464E,81,20.0,47
15746,T,260731,081638,60.990883N,24.461571E,81,21.2,50
15747,T,260731,081639,60.990887N,24.461679E,80,21.1,54
15748,T,260731,081640,60.990887N,24.461788E,81,20.3,57
15749,T,260731,081641,60.990898N,24.461893E,81,20.3,60
15750,T,260731,081642,60.990925N,24.461996E,81,19.9,62
15751,T,260731,081643,60.990948N,24.462084E,81,18.9,62
15752,T,260731,081644,60.990971N,24.462170E,81,18.8,63
15753,T,260731,081645,60.990993N,24.462255E,81,17.3,65
15754,T,260731,081646,60.991001N,24.462341E,81,17.6,67
15755,T,260731,081647,60.991005N,24.462435E,81,17.5,69
15756,T,260731,081648,60.990997N,24.462524E,81,18.0,106
15757,T,260731,081649,60.990974N,24.462606E,82,18.1,128
15758,T,260731,081650,60.990944N,24.462673E,82,18.0,140
15759,T,260731,081651,60.990910N,24.462717E,82,16.7,156
15760,T,260731,081652,60.990864N,24.462753E,82,19.2,160
15761,T,260731,081653,60.990822N,24.462788E,82,17.5,157
15762,T,260731,081654,60.990776N,24.462835E,82,19.0,148
15763,T,260731,081655,60.990730N,24.462894E,82,19.0,143
15764,T,260731,081656,60.990696N,24.462952E,82,19.2,140
15765,T,260731,081657,60.990658N,24.463017E,82,21.0,142
15766,T,260731,081658,60.990612N,24.463079E,82,20.0,140
15767,T,260731,081659,60.990578N,24.463148E,82,19.3,133
15768,T,260731,081700,60.990543N,24.463221E,82,19.3,131
15769,T,260731,081701,60.990520N,24.463297E,82,18.6,123
15770,T,260731,081702,60.990498N,24.463375E,82,18.7,116
15771,T,260731,081703,60.990479N,24.463470E,82,18.8,109
15772,T,260731,081704,60.990459N,24.463564E,82,19.3,110
15773,T,260731,081705,60.990444N,24.463654E,82,18.2,110
15774,T,260731,081706,60.990433N,24.463741E,82,18.2,107
15775,T,260731,081707,60.990421N,24.463831E,82,17.5,106
15776,T,260731,081708,60.990414N,24.463921E,82,16.4,105
15777,T,260731,081709,60.990398N,24.464006E,82,15.8,103
15778,T,260731,081710,60.990391N,24.464094E,82,17.0,92
15779,T,260731,081711,60.990395N,24.464184E,81,17.9,81
15780,T,260731,081712,60.990398N,24.464275E,81,18.0,76
15781,T,260731,081713,60.990417N,24.464369E,81,18.1,70
15782,T,260731,081714,60.990429N,24.464458E,81,18.4,70
15783,T,260731,081715,60.990444N,24.464548E,81,18.4,68
15784,T,260731,081716,60.990463N,24.464632E,82,18.4,60
15785,T,260731,081717,60.990486N,24.464710E,82,17.3,52
15786,T,260731,081718,60.990520N,24.464788E,82,19.7,46
15787,T,260731,081719,60.990551N,24.464857E,82,18.7,41
15788,T,260731,081720,60.990589N,24.464924E,82,19.4,36
15789,T,260731,081721,60.990627N,24.464979E,82,19.2,32
15790,T,260731,081722,60.990669N,24.465038E,82,19.3,34
15791,T,260731,081723,60.990704N,24.465101E,81,19.8,37
15792,T,260731,081724,60.990742N,24.465164E,81,20.1,37
15793,T,260731,081725,60.990776N,24.465240E,81,19.7,40
15794,T,260731,081726,60.990810N,24.465311E,81,19.7,42
15795,T,260731,081727,60.990845N,24.465382E,81,19.2,43
15796,T,260731,081728,60.990875N,24.465456E,81,19.0,45
15797,T,260731,081729,60.990910N,24.465525E,81,18.5,47
15798,T,260731,081730,60.990940N,24.465595E,81,18.4,47
15799,T,260731,081731,60.990963N,24.465664E,81,17.8,53
15800,T,260731,081732,60.990993N,24.465738E,81,17.8,53
15801,T,260731,081733,60.991016N,24.465816E,81,17.7,53
15802,T,260731,081734,60.991035N,24.465893E,81,17.6,54
15803,T,260731,081735,60.991055N,24.465973E,81,17.7,55
15804,T,260731,081736,60.991077N,24.466057E,81,17.8,55
15805,T,260731,081737,60.991100N,24.466141E,81,18.5,56
15806,T,260731,081738,60.991119N,24.466225E,81,18.8,57
15807,T,260731,081739,60.991142N,24.466312E,81,19.4,57
15808,T,260731,081740,60.991169N,24.466404E,81,19.9,59
15809,T,260731,081741,60.991192N,24.466496E,81,20.4,61
15810,T,260731,081742,60.991215N,24.466593E,81,20.3,62
15811,T,260731,081743,60.991238N,24.466686E,81,20.3,64
15812,T,260731,081744,60.991261N,24.466784E,81,21.1,65
15813,T,260731,081745,60.991280N,24.466885E,81,21.2,65
15814,T,260731,081746,60.991302N,24.466984E,81,21.1,66
15815,T,260731,081747,60.991329N,24.467085E,81,21.2,64
15816,T,260731,081748,60.991352N,24.467180E,81,21.2,63
15817,T,260731,081749,60.991379N,24.467276E,81,22.6,62
15818,T,260731,081750,60.991409N,24.467377E,82,21.8,59
15819,T,260731,081751,60.991440N,24.467472E,81,21.7,57
15820,T,260731,081752,60.991474N,24.467560E,81,21.4,46
15821,T,260731,081753,60.991520N,24.467630E,81,21.3,34
15822,T,260731,081754,60.991566N,24.467686E,81,20.7,26
15823,T,260731,081755,60.991608N,24.467730E,81,20.0,21
15824,T,260731,081756,60.991665N,24.467758E,81,21.2,12
15825,T,260731,081757,60.991714N,24.467773E,81,21.2,1
15826,T,260731,081758,60.991768N,24.467775E,81,21.2,357
15827,T,260731,081759,60.991825N,24.467770E,81,21.3,354
15828,T,260731,081800,60.991879N,24.467760E,81,22.5,352
15829,T,260731,081801,60.991932N,24.467749E,81,21.7,354
15830,T,260731,081802,60.991989N,24.467737E,81,21.6,354
15831,T,260731,081803,60.992039N,24.467724E,81,20.9,351
15832,T,260731,081804,60.992088N,24.467710E,82,20.2,352
15833,T,260731,081805,60.992142N,24.467695E,82,20.9,352
15834,T,260731,081806,60.992191N,24.467682E,82,21.3,351
15835,T,260731,081807,60.992241N,24.467665E,82,19.8,351
15836,T,260731,081808,60.992287N,24.467644E,82,21.2,350
15837,T,260731,081809,60.992340N,24.467619E,82,21.8,349
15838,T,260731,081810,60.992393N,24.467594E,83,20.7,347
15839,T,260731,081811,60.992443N,24.467566E,83,20.7,346
15840,T,260731,081812,60.992496N,24.467537E,83,21.4,345
15841,T,260731,081813,60.992538N,24.467505E,83,18.2,343
15842,T,260731,081814,60.992592N,24.467478E,83,20.0,343
15843,T,260731,081815,60.992641N,24.467447E,83,20.3,342
15844,T,260731,081816,60.992687N,24.467413E,83,21.5,340
15845,T,260731,081817,60.992741N,24.467375E,83,21.5,340
15846,T,260731,081818,60.992790N,24.467335E,83,22.5,339
15847,T,260731,081819,60.992847N,24.467291E,83,22.5,337
15848,T,260731,081820,60.992901N,24.467243E,83,23.4,337
15849,T,260731,081821,60.992950N,24.467196E,83,21.2,332
15850,T,260731,081822,60.993000N,24.467144E,83,21.7,331
15851,T,260731,081823,60.993050N,24.467096E,83,22.2,334
15852,T,260731,081824,60.993099N,24.467051E,83,22.3,336
15853,T,260731,081825,60.993149N,24.467007E,83,20.9,336
15854,T,260731,081826,60.993195N,24.466961E,83,20.0,331
15855,T,260731,081827,60.993240N,24.466908E,83,20.0,333
15856,T,260731,081828,60.993286N,24.466867E,83,19.0,334
15857,T,260731,081829,60.993332N,24.466837E,83,19.5,335
15858,T,260731,081830,60.993382N,24.466816E,83,19.6,336
15859,T,260731,081831,60.993431N,24.466801E,83,19.6,356
15860,T,260731,081832,60.993484N,24.466803E,83,19.9,5
15861,T,260731,081833,60.993538N,24.466822E,83,19.6,12
15862,T,260731,081834,60.993584N,24.466848E,83,19.1,18
15863,T,260731,081835,60.993629N,24.466881E,83,18.5,17
15864,T,260731,081836,60.993664N,24.466915E,82,18.5,18
15865,T,260731,081837,60.993710N,24.466953E,82,18.6,20
15866,T,260731,081838,60.993748N,24.466984E,82,16.3,20
15867,T,260731,081839,60.993786N,24.467005E,82,13.5,18
15868,T,260731,081840,60.993820N,24.466995E,82,12.8,340
15869,T,260731,081841,60.993843N,24.466961E,82,12.4,337
15870,T,260731,081842,60.993858N,24.466911E,83,10.6,332
15871,T,260731,081843,60.993862N,24.466846E,82,13.5,326
15872,T,260731,081844,60.993858N,24.466770E,82,16.4,319
15873,T,260731,081845,60.993851N,24.466684E,82,17.7,314
15874,T,260731,081846,60.993851N,24.466593E,81,19.4,308
15875,T,260731,081847,60.993851N,24.466490E,81,19.4,304
15876,T,260731,081848,60.993851N,24.466385E,82,18.9,299
15877,T,260731,081849,60.993855N,24.466291E,82,18.0,296
15878,T,260731,081850,60.993855N,24.466202E,81,17.8,293
15879,T,260731,081851,60.993851N,24.466112E,81,17.7,289
15880,T,260731,081852,60.993851N,24.466019E,81,18.3,287
15881,T,260731,081853,60.993851N,24.465923E,80,20.1,284
15882,T,260731,081854,60.993851N,24.465824E,80,19.7,282
15883,T,260731,081855,60.993843N,24.465719E,80,20.4,280
15884,T,260731,081856,60.993832N,24.465611E,80,21.6,277
15885,T,260731,081857,60.993820N,24.465500E,80,21.9,275
15886,T,260731,081858,60.993805N,24.465387E,79,20.6,273
15887,T,260731,081859,60.993801N,24.465288E,79,18.8,271
15888,T,260731,081900,60.993805N,24.465195E,79,18.3,280
15889,T,260731,081901,60.993824N,24.465117E,79,17.5,319
15890,T,260731,081902,60.993862N,24.465082E,79,18.9,348
15891,T,260731,081903,60.993912N,24.465061E,79,18.4,347
15892,T,260731,081904,60.993958N,24.465040E,80,18.5,347
15893,T,260731,081905,60.993999N,24.465017E,80,18.5,347
15894,T,260731,081906,60.994049N,24.464985E,80,19.8,345
15895,T,260731,081907,60.994102N,24.465006E,80,20.2,353
15896,T,260731,081908,60.994156N,24.465036E,80,19.4,3
15897,T,260731,081909,60.994205N,24.465063E,80,21.5,13
15898,T,260731,081910,60.994255N,24.465103E,80,22.6,21
15899,T,260731,081911,60.994308N,24.465153E,81,21.2,24
15900,T,260731,081912,60.994362N,24.465199E,81,19.3,24
15901,T,260731,081913,60.994408N,24.465240E,82,18.8,24
15902,T,260731,081914,60.994457N,24.465282E,82,17.4,25
15903,T,260731,081915,60.994492N,24.465322E,83,15.9,33
15904,T,260731,081916,60.994518N,24.465370E,83,15.3,44
15905,T,260731,081917,60.994545N,24.465422E,83,14.7,45
15906,T,260731,081918,60.994568N,24.465479E,83,14.3,52
15907,T,260731,081919,60.994591N,24.465532E,83,13.7,52
15908,T,260731,081920,60.994617N,24.465580E,83,13.6,50
15909,T,260731,081921,60.994644N,24.465624E,83,14.4,49
15910,T,260731,081922,60.994671N,24.465677E,83,15.4,50
15911,T,260731,081923,60.994675N,24.465754E,83,14.0,54
15912,T,260731,081924,60.994671N,24.465832E,83,15.2,55
15913,T,260731,081925,60.994659N,24.465916E,83,16.4,59
15914,T,260731,081926,60.994648N,24.466000E,83,17.0,63
15915,T,260731,081927,60.994644N,24.466089E,83,17.8,91
15916,T,260731,081928,60.994640N,24.466185E,83,18.9,89
15917,T,260731,081929,60.994640N,24.466284E,83,19.1,88
15918,T,260731,081930,60.994648N,24.466385E,83,19.0,86
15919,T,260731,081931,60.994652N,24.466484E,83,19.5,84
15920,T,260731,081932,60.994656N,24.466583E,83,20.2,79
15921,T,260731,081933,60.994667N,24.466686E,83,20.6,74
15922,T,260731,081934,60.994675N,24.466789E,83,20.3,76
15923,T,260731,081935,60.994686N,24.466888E,83,19.6,76
15924,T,260731,081936,60.994701N,24.466984E,83,19.1,67
15925,T,260731,081937,60.994720N,24.467072E,82,17.9,64
15926,T,260731,081938,60.994736N,24.467154E,83,17.8,62
15927,T,260731,081939,60.994755N,24.467234E,83,17.7,63
15928,T,260731,081940,60.994774N,24.467316E,83,17.7,64
15929,T,260731,081941,60.994793N,24.467398E,83,17.8,66
15930,T,260731,081942,60.994808N,24.467484E,83,17.8,66
15931,T,260731,081943,60.994827N,24.467566E,83,17.5,65
15932,T,260731,081944,60.994843N,24.467646E,83,16.6,65
15933,T,260731,081945,60.994862N,24.467720E,83,15.6,64
15934,T,260731,081946,60.994884N,24.467779E,82,15.0,45
15935,T,260731,081947,60.994915N,24.467825E,82,15.0,28
15936,T,260731,081948,60.994953N,24.467850E,82,15.1,12
15937,T,260731,081949,60.994987N,24.467859E,82,15.1,5
15938,T,260731,081950,60.995029N,24.467861E,82,15.1,359
15939,T,260731,081951,60.995064N,24.467863E,82,15.1,3
15940,T,260731,081952,60.995094N,24.467880E,82,13.0,5
15941,T,260731,081953,60.995129N,24.467920E,83,16.1,8
15942,T,260731,081954,60.995152N,24.467974E,83,14.0,13
15943,T,260731,081955,60.995167N,24.468042E,83,17.6,18
15944,T,260731,081956,60.995190N,24.468124E,83,18.8,22
15945,T,260731,081957,60.995209N,24.468212E,83,19.3,26
15946,T,260731,081958,60.995232N,24.468300E,83,19.2,31
15947,T,260731,081959,60.995235N,24.468390E,83,17.4,35
15948,T,260731,082000,60.995235N,24.468475E,83,16.7,40
15949,T,260731,082001,60.995239N,24.468559E,83,16.5,44
15950,T,260731,082002,60.995247N,24.468643E,83,16.2,71
15951,T,260731,082003,60.995258N,24.468721E,83,15.7,58
15952,T,260731,082004,60.995281N,24.468784E,83,13.1,48
15953,T,260731,082005,60.995304N,24.468817E,83,9.4,24
15954,T,260731,082006,60.995323N,24.468822E,83,9.3,348
15955,T,260731,082007,60.995338N,24.468819E,83,8.4,349
15956,T,260731,082008,60.995361N,24.468824E,83,11.5,5
15957,T,260731,082009,60.995380N,24.468836E,84,7.6,7
15958,T,260731,082010,60.995388N,24.468847E,84,6.2,8
15959,T,260731,082011,60.995399N,24.468857E,85,5.4,8
