INDEX,TAG,DATE,TIME,LATITUDE N/S,LONGITUDE E/W,HEIGHT,SPEED,HEADING
420,T,260803,043122,60.995090N,24.469072E,71,6.5,191
421,T,260803,043123,60.995083N,24.469027E,71,9.0,197
422,T,260803,043124,60.995071N,24.468956E,71,10.3,202
423,T,260803,043125,60.995064N,24.468889E,71,10.3,207
424,T,260803,043126,60.995052N,24.468830E,71,11.3,211
425,T,260803,043127,60.995045N,24.468769E,70,11.2,216
426,T,260803,043128,60.995041N,24.468706E,70,10.5,220
427,T,260803,043129,60.995041N,24.468643E,70,11.5,225
428,T,260803,043130,60.995037N,24.468578E,70,12.0,228
429,T,260803,043131,60.995033N,24.468513E,69,12.1,232
430,T,260803,043132,60.995026N,24.468445E,69,13.1,249
431,T,260803,043133,60.995014N,24.468374E,69,11.8,252
432,T,260803,043134,60.995010N,24.468307E,68,11.9,254
433,T,260803,043135,60.995007N,24.468241E,68,10.2,248
434,T,260803,043136,60.995007N,24.468178E,68,7.2,239
435,T,260803,043137,60.995007N,24.468140E,67,4.6,239
436,T,260803,043138,60.995014N,24.468107E,67,4.0,239
437,T,260803,043139,60.995007N,24.468077E,67,6.1,237
438,T,260803,043140,60.995003N,24.468048E,66,9.0,233
439,T,260803,043141,60.994987N,24.468023E,66,12.2,230
440,T,260803,043142,60.994957N,24.467997E,65,14.4,227
441,T,260803,043143,60.994919N,24.467970E,65,15.5,224
442,T,260803,043144,60.994881N,24.467937E,65,16.3,199
443,T,260803,043145,60.994843N,24.467892E,65,17.2,212
444,T,260803,043146,60.994812N,24.467827E,64,17.8,229
445,T,260803,043147,60.994785N,24.467745E,64,18.8,240
446,T,260803,043148,60.994759N,24.467653E,64,19.9,245
447,T,260803,043149,60.994740N,24.467558E,64,19.5,244
448,T,260803,043150,60.994720N,24.467464E,63,19.1,246
449,T,260803,043151,60.994701N,24.467369E,63,19.6,246
450,T,260803,043152,60.994678N,24.467276E,63,19.3,246
451,T,260803,043153,60.994659N,24.467182E,63,19.9,247
452,T,260803,043154,60.994640N,24.467085E,63,20.0,248
453,T,260803,043155,60.994621N,24.466988E,63,20.0,248
454,T,260803,043156,60.994598N,24.466890E,63,19.8,248
455,T,260803,043157,60.994583N,24.466799E,63,19.1,250
456,T,260803,043158,60.994572N,24.466702E,63,18.4,262
457,T,260803,043159,60.994568N,24.466604E,63,19.4,262
458,T,260803,043200,60.994564N,24.466497E,63,18.3,266
459,T,260803,043201,60.994560N,24.466393E,63,18.7,268
460,T,260803,043202,60.994560N,24.466284E,63,18.7,270
461,T,260803,043203,60.994556N,24.466175E,64,18.7,272
462,T,260803,043204,60.994556N,24.466076E,65,18.2,274
463,T,260803,043205,60.994560N,24.465979E,65,18.1,275
464,T,260803,043206,60.994564N,24.465883E,65,18.0,272
465,T,260803,043207,60.994560N,24.465792E,65,17.5,261
466,T,260803,043208,60.994549N,24.465704E,66,17.2,245
467,T,260803,043209,60.994522N,24.465631E,66,16.7,227
468,T,260803,043210,60.994492N,24.465574E,66,16.4,220
469,T,260803,043211,60.994461N,24.465515E,66,16.0,220
470,T,260803,043212,60.994431N,24.465454E,67,16.3,224
471,T,260803,043213,60.994404N,24.465397E,67,16.9,221
472,T,260803,043214,60.994370N,24.465342E,67,17.7,221
473,T,260803,043215,60.994328N,24.465290E,67,19.1,220
474,T,260803,043216,60.994289N,24.465242E,67,19.7,219
475,T,260803,043217,60.994244N,24.465193E,67,20.5,213
476,T,260803,043218,60.994198N,24.465141E,67,22.5,212
477,T,260803,043219,60.994141N,24.465115E,67,23.5,210
478,T,260803,043220,60.994080N,24.465097E,67,23.5,207
479,T,260803,043221,60.994019N,24.465103E,67,23.4,204
480,T,260803,043222,60.993965N,24.465117E,67,23.7,201
481,T,260803,043223,60.993904N,24.465128E,67,23.0,198
482,T,260803,043224,60.993847N,24.465143E,66,24.0,195
483,T,260803,043225,60.993793N,24.465157E,66,24.3,193
484,T,260803,043226,60.993740N,24.465137E,67,24.4,191
485,T,260803,043227,60.993687N,24.465155E,67,23.0,188
486,T,260803,043228,60.993633N,24.465178E,67,22.2,186
487,T,260803,043229,60.993580N,24.465202E,67,22.2,184
488,T,260803,043230,60.993526N,24.465204E,68,20.3,182
489,T,260803,043231,60.993481N,24.465197E,68,18.2,189
490,T,260803,043232,60.993435N,24.465187E,68,16.5,187
491,T,260803,043233,60.993393N,24.465181E,68,16.0,187
492,T,260803,043234,60.993355N,24.465170E,69,14.7,189
493,T,260803,043235,60.993317N,24.465145E,69,15.7,198
494,T,260803,043236,60.993279N,24.465117E,69,15.7,204
495,T,260803,043237,60.993244N,24.465084E,69,15.0,203
496,T,260803,043238,60.993210N,24.465054E,69,14.5,203
497,T,260803,043239,60.993172N,24.465021E,69,14.1,206
498,T,260803,043240,60.993141N,24.464994E,69,13.3,206
499,T,260803,043241,60.993111N,24.464958E,69,13.0,217
500,T,260803,043242,60.993088N,24.464920E,69,12.2,221
501,T,260803,043243,60.993061N,24.464872E,69,13.5,222
502,T,260803,043244,60.993031N,24.464828E,68,14.6,221
503,T,260803,043245,60.992996N,24.464811E,69,14.5,216
504,T,260803,043246,60.992962N,24.464830E,69,16.1,210
505,T,260803,043247,60.992924N,24.464865E,69,15.7,204
506,T,260803,043248,60.992889N,24.464895E,69,16.6,199
507,T,260803,043249,60.992847N,24.464933E,69,18.1,194
508,T,260803,043250,60.992809N,24.464972E,69,18.0,190
509,T,260803,043251,60.992767N,24.465012E,69,17.0,186
510,T,260803,043252,60.992729N,24.465050E,70,17.0,182
511,T,260803,043253,60.992687N,24.465094E,70,18.2,179
512,T,260803,043254,60.992653N,24.465143E,70,17.4,175
513,T,260803,043255,60.992615N,24.465197E,69,17.2,172
514,T,260803,043256,60.992584N,24.465248E,69,18.2,169
515,T,260803,043257,60.992554N,24.465303E,69,19.4,166
516,T,260803,043258,60.992519N,24.465364E,69,19.3,163
517,T,260803,043259,60.992493N,24.465416E,70,17.8,160
518,T,260803,043300,60.992458N,24.465467E,69,17.7,158
519,T,260803,043301,60.992424N,24.465525E,70,17.3,156
520,T,260803,043302,60.992393N,24.465578E,70,17.0,154
521,T,260803,043303,60.992359N,24.465635E,70,17.0,152
522,T,260803,043304,60.992332N,24.465685E,71,16.6,144
523,T,260803,043305,60.992294N,24.465727E,71,16.3,158
524,T,260803,043306,60.992256N,24.465736E,71,16.2,189
525,T,260803,043307,60.992222N,24.465702E,71,16.1,220
526,T,260803,043308,60.992191N,24.465637E,71,16.7,237
527,T,260803,043309,60.992172N,24.465557E,71,17.4,241
528,T,260803,043310,60.992153N,24.465475E,71,17.7,246
529,T,260803,043311,60.992130N,24.465397E,72,17.3,246
530,T,260803,043312,60.992111N,24.465315E,72,17.3,245
531,T,260803,043313,60.992096N,24.465233E,72,17.6,245
532,T,260803,043314,60.992073N,24.465153E,72,16.7,243
533,T,260803,043315,60.992050N,24.465090E,73,12.6,229
534,T,260803,043316,60.992031N,24.465052E,73,11.1,210
535,T,260803,043317,60.992001N,24.465033E,73,13.1,190
536,T,260803,043318,60.991966N,24.465027E,73,13.2,174
537,T,260803,043319,60.991936N,24.465036E,72,12.7,171
538,T,260803,043320,60.991905N,24.465050E,72,12.8,166
539,T,260803,043321,60.991871N,24.465071E,72,13.4,161
540,T,260803,043322,60.991840N,24.465096E,72,14.2,158
541,T,260803,043323,60.991802N,24.465126E,72,14.7,160
542,T,260803,043324,60.991768N,24.465153E,73,15.2,161
543,T,260803,043325,60.991730N,24.465176E,73,15.1,161
544,T,260803,043326,60.991695N,24.465202E,73,14.1,162
545,T,260803,043327,60.991661N,24.465221E,73,13.6,163
546,T,260803,043328,60.991627N,24.465244E,73,14.0,161
547,T,260803,043329,60.991596N,24.465273E,73,14.4,161
548,T,260803,043330,60.991562N,24.465300E,73,14.9,162
549,T,260803,043331,60.991520N,24.465324E,73,14.5,163
550,T,260803,043332,60.991489N,24.465343E,73,12.6,161
551,T,260803,043333,60.991459N,24.465363E,73,12.6,162
552,T,260803,043334,60.991428N,24.465368E,73,13.2,164
553,T,260803,043335,60.991398N,24.465359E,72,12.6,167
554,T,260803,043336,60.991364N,24.465321E,72,14.4,172
555,T,260803,043337,60.991337N,24.465263E,72,15.2,178
556,T,260803,043338,60.991310N,24.465200E,71,15.9,183
557,T,260803,043339,60.991295N,24.465118E,71,17.0,189
558,T,260803,043340,60.991287N,24.465025E,71,17.6,197
559,T,260803,043341,60.991287N,24.464935E,72,17.3,204
560,T,260803,043342,60.991287N,24.464844E,72,17.4,210
561,T,260803,043343,60.991283N,24.464746E,72,17.8,216
562,T,260803,043344,60.991283N,24.464651E,72,18.1,222
563,T,260803,043345,60.991280N,24.464556E,72,18.1,227
564,T,260803,043346,60.991272N,24.464464E,72,18.0,231
565,T,260803,043347,60.991268N,24.464371E,72,18.1,235
566,T,260803,043348,60.991261N,24.464275E,72,18.1,239
567,T,260803,043349,60.991257N,24.464182E,72,18.1,242
568,T,260803,043350,60.991249N,24.464088E,72,18.1,244
569,T,260803,043351,60.991241N,24.463997E,72,18.0,246
570,T,260803,043352,60.991234N,24.463902E,72,18.1,248
571,T,260803,043353,60.991222N,24.463808E,72,18.0,250
572,T,260803,043354,60.991215N,24.463718E,72,18.0,251
573,T,260803,043355,60.991203N,24.463623E,72,18.0,252
574,T,260803,043356,60.991196N,24.463535E,72,17.9,254
575,T,260803,043357,60.991184N,24.463444E,72,17.9,255
576,T,260803,043358,60.991173N,24.463352E,72,18.7,256
577,T,260803,043359,60.991165N,24.463255E,72,19.0,256
578,T,260803,043400,60.991154N,24.463158E,72,19.5,256
579,T,260803,043401,60.991135N,24.463060E,72,19.5,255
580,T,260803,043402,60.991119N,24.462959E,72,19.6,254
581,T,260803,043403,60.991104N,24.462864E,72,20.0,252
582,T,260803,043404,60.991089N,24.462770E,72,19.9,250
583,T,260803,043405,60.991062N,24.462675E,72,19.8,249
584,T,260803,043406,60.991039N,24.462589E,72,20.2,247
585,T,260803,043407,60.991016N,24.462505E,71,20.1,246
586,T,260803,043408,60.990990N,24.462420E,71,20.1,245
587,T,260803,043409,60.990955N,24.462336E,71,20.0,244
588,T,260803,043410,60.990925N,24.462254E,71,19.9,243
589,T,260803,043411,60.990898N,24.462168E,71,19.6,241
590,T,260803,043412,60.990875N,24.462080E,71,19.2,245
591,T,260803,043413,60.990860N,24.461987E,71,19.4,251
592,T,260803,043414,60.990849N,24.461889E,71,19.4,257
593,T,260803,043415,60.990841N,24.461790E,72,19.3,265
594,T,260803,043416,60.990841N,24.461691E,72,19.2,270
595,T,260803,043417,60.990841N,24.461590E,72,18.8,269
596,T,260803,043418,60.990833N,24.461496E,72,17.7,269
597,T,260803,043419,60.990829N,24.461412E,72,15.3,267
598,T,260803,043420,60.990814N,24.461357E,72,7.3,264
599,T,260803,043421,60.990803N,24.461336E,72,6.0,259
600,T,260803,043422,60.990788N,24.461309E,72,9.9,256
601,T,260803,043423,60.990768N,24.461275E,72,11.1,252
602,T,260803,043424,60.990746N,24.461229E,72,13.2,230
603,T,260803,043425,60.990723N,24.461176E,72,13.8,234
604,T,260803,043426,60.990700N,24.461121E,72,15.1,232
605,T,260803,043427,60.990669N,24.461067E,72,15.0,231
606,T,260803,043428,60.990639N,24.461016E,72,15.8,230
607,T,260803,043429,60.990608N,24.460960E,72,16.5,229
608,T,260803,043430,60.990566N,24.460909E,72,18.0,213
609,T,260803,043431,60.990528N,24.460855E,71,17.0,211
610,T,260803,043432,60.990494N,24.460814E,71,17.0,207
611,T,260803,043433,60.990456N,24.460773E,70,16.3,206
612,T,260803,043434,60.990421N,24.460732E,70,15.4,206
613,T,260803,043435,60.990383N,24.460695E,70,16.5,205
614,T,260803,043436,60.990345N,24.460661E,70,18.0,203
615,T,260803,043437,60.990299N,24.460623E,69,18.0,200
616,T,260803,043438,60.990257N,24.460592E,69,18.5,200
617,T,260803,043439,60.990204N,24.460569E,69,18.5,198
618,T,260803,043440,60.990162N,24.460556E,69,18.8,197
619,T,260803,043441,60.990112N,24.460531E,69,18.9,198
620,T,260803,043442,60.990063N,24.460491E,68,19.0,207
621,T,260803,043443,60.990021N,24.460436E,68,19.0,216
622,T,260803,043444,60.989979N,24.460377E,68,19.1,217
623,T,260803,043445,60.989941N,24.460316E,68,19.1,215
624,T,260803,043446,60.989895N,24.460260E,68,19.5,212
625,T,260803,043447,60.989849N,24.460220E,68,18.9,197
626,T,260803,043448,60.989799N,24.460205E,67,19.0,183
627,T,260803,043449,60.989754N,24.460217E,67,19.1,167
628,T,260803,043450,60.989704N,24.460245E,67,20.3,155
629,T,260803,043451,60.989651N,24.460283E,67,20.9,156
630,T,260803,043452,60.989601N,24.460323E,67,21.0,158
631,T,260803,043453,60.989552N,24.460360E,67,20.9,159
632,T,260803,043454,60.989498N,24.460394E,66,21.0,159
633,T,260803,043455,60.989449N,24.460428E,66,22.0,158
634,T,260803,043456,60.989395N,24.460464E,66,22.0,159
635,T,260803,043457,60.989342N,24.460505E,67,22.5,159
636,T,260803,043458,60.989288N,24.460545E,67,22.5,159
637,T,260803,043459,60.989231N,24.460585E,67,22.4,159
638,T,260803,043500,60.989182N,24.460625E,67,22.4,160
639,T,260803,043501,60.989124N,24.460657E,67,22.5,159
640,T,260803,043502,60.989067N,24.460695E,67,22.2,159
641,T,260803,043503,60.989014N,24.460735E,67,22.1,159
642,T,260803,043504,60.988960N,24.460777E,67,22.2,158
643,T,260803,043505,60.988907N,24.460815E,67,22.3,159
644,T,260803,043506,60.988853N,24.460855E,67,23.9,160
645,T,260803,043507,60.988796N,24.460890E,67,22.2,160
646,T,260803,043508,60.988739N,24.460924E,67,23.6,161
647,T,260803,043509,60.988682N,24.460964E,67,23.1,161
648,T,260803,043510,60.988625N,24.461008E,67,23.4,161
649,T,260803,043511,60.988567N,24.461048E,66,23.4,161
650,T,260803,043512,60.988510N,24.461090E,66,23.3,161
651,T,260803,043513,60.988461N,24.461128E,66,23.2,160
652,T,260803,043514,60.988403N,24.461166E,67,23.2,160
653,T,260803,043515,60.988346N,24.461206E,67,23.2,160
654,T,260803,043516,60.988293N,24.461246E,67,23.2,160
655,T,260803,043517,60.988239N,24.461288E,67,23.2,160
656,T,260803,043518,60.988186N,24.461332E,67,23.3,159
657,T,260803,043519,60.988129N,24.461374E,67,23.7,159
658,T,260803,043520,60.988071N,24.461416E,67,23.7,158
659,T,260803,043521,60.988022N,24.461464E,67,23.8,157
660,T,260803,043522,60.987961N,24.461515E,67,23.9,155
661,T,260803,043523,60.987907N,24.461575E,67,24.4,153
662,T,260803,043524,60.987850N,24.461626E,67,24.5,152
663,T,260803,043525,60.987797N,24.461681E,67,24.5,152
664,T,260803,043526,60.987740N,24.461737E,68,24.1,152
665,T,260803,043527,60.987686N,24.461790E,68,24.4,151
666,T,260803,043528,60.987637N,24.461845E,68,23.2,152
667,T,260803,043529,60.987583N,24.461897E,68,23.7,152
668,T,260803,043530,60.987530N,24.461952E,68,24.7,152
669,T,260803,043531,60.987473N,24.462009E,68,24.6,152
670,T,260803,043532,60.987419N,24.462078E,68,24.6,152
671,T,260803,043533,60.987366N,24.462137E,68,24.6,152
672,T,260803,043534,60.987312N,24.462200E,68,24.2,151
673,T,260803,043535,60.987259N,24.462255E,68,24.3,151
674,T,260803,043536,60.987209N,24.462317E,68,22.7,151
675,T,260803,043537,60.987164N,24.462381E,68,22.2,150
676,T,260803,043538,60.987118N,24.462439E,68,23.4,150
677,T,260803,043539,60.987064N,24.462496E,69,23.3,152
678,T,260803,043540,60.987011N,24.462555E,69,22.1,150
679,T,260803,043541,60.986965N,24.462608E,69,22.3,152
680,T,260803,043542,60.986912N,24.462666E,69,21.7,151
681,T,260803,043543,60.986858N,24.462721E,68,23.0,151
682,T,260803,043544,60.986813N,24.462782E,68,22.5,149
683,T,260803,043545,60.986763N,24.462835E,68,22.1,150
684,T,260803,043546,60.986713N,24.462893E,69,22.1,149
685,T,260803,043547,60.986664N,24.462944E,69,22.8,150
686,T,260803,043548,60.986610N,24.462996E,70,22.4,150
687,T,260803,043549,60.986565N,24.463055E,70,22.5,150
688,T,260803,043550,60.986511N,24.463110E,70,22.5,150
689,T,260803,043551,60.986469N,24.463167E,70,21.0,149
690,T,260803,043552,60.986420N,24.463217E,71,20.9,155
691,T,260803,043553,60.986374N,24.463263E,71,20.8,154
692,T,260803,043554,60.986320N,24.463312E,70,20.8,152
693,T,260803,043555,60.986271N,24.463364E,70,22.1,150
694,T,260803,043556,60.986225N,24.463425E,70,22.0,148
695,T,260803,043557,60.986176N,24.463484E,70,21.9,147
696,T,260803,043558,60.986130N,24.463547E,70,22.0,145
697,T,260803,043559,60.986084N,24.463614E,70,22.1,144
698,T,260803,043600,60.986038N,24.463682E,71,23.0,142
699,T,260803,043601,60.985996N,24.463755E,71,23.1,141
700,T,260803,043602,60.985950N,24.463833E,71,23.0,138
701,T,260803,043603,60.985912N,24.463909E,71,23.9,136
702,T,260803,043604,60.985867N,24.463991E,72,22.6,136
703,T,260803,043605,60.985825N,24.464075E,72,22.5,135
704,T,260803,043606,60.985779N,24.464163E,71,23.7,135
705,T,260803,043607,60.985737N,24.464258E,71,23.7,135
706,T,260803,043608,60.985691N,24.464352E,70,24.1,135
707,T,260803,043609,60.985653N,24.464437E,70,23.2,134
708,T,260803,043610,60.985607N,24.464521E,70,23.3,136
709,T,260803,043611,60.985569N,24.464598E,70,22.5,136
710,T,260803,043612,60.985523N,24.464664E,70,21.5,137
711,T,260803,043613,60.985474N,24.464741E,70,22.5,137
712,T,260803,043614,60.985424N,24.464802E,70,22.0,138
713,T,260803,043615,60.985371N,24.464855E,70,22.4,155
714,T,260803,043616,60.985329N,24.464895E,71,19.6,153
715,T,260803,043617,60.985275N,24.464949E,71,21.5,155
716,T,260803,043618,60.985222N,24.464996E,71,21.6,158
717,T,260803,043619,60.985168N,24.465044E,71,21.6,153
718,T,260803,043620,60.985119N,24.465094E,71,21.7,153
719,T,260803,043621,60.985065N,24.465139E,70,22.5,156
720,T,260803,043622,60.985008N,24.465183E,70,22.6,158
721,T,260803,043623,60.984955N,24.465221E,70,22.5,160
722,T,260803,043624,60.984901N,24.465261E,70,22.6,159
723,T,260803,043625,60.984848N,24.465303E,71,22.7,160
724,T,260803,043626,60.984795N,24.465349E,71,22.8,158
725,T,260803,043627,60.984745N,24.465397E,71,22.7,156
726,T,260803,043628,60.984695N,24.465452E,72,22.8,155
727,T,260803,043629,60.984650N,24.465515E,72,22.3,138
728,T,260803,043630,60.984612N,24.465597E,72,21.8,124
729,T,260803,043631,60.984585N,24.465696E,73,22.3,118
730,T,260803,043632,60.984554N,24.465794E,73,21.4,119
731,T,260803,043633,60.984528N,24.465885E,74,21.0,120
732,T,260803,043634,60.984489N,24.465963E,75,20.4,121
733,T,260803,043635,60.984447N,24.466024E,75,20.2,123
734,T,260803,043636,60.984409N,24.466084E,76,20.1,126
735,T,260803,043637,60.984360N,24.466137E,76,19.6,128
736,T,260803,043638,60.984318N,24.466175E,76,19.6,131
737,T,260803,043639,60.984268N,24.466204E,77,17.9,134
738,T,260803,043640,60.984222N,24.466227E,77,18.6,137
739,T,260803,043641,60.984177N,24.466244E,77,18.6,140
740,T,260803,043642,60.984127N,24.466265E,78,18.6,142
741,T,260803,043643,60.984085N,24.466284E,78,18.5,145
742,T,260803,043644,60.984039N,24.466307E,79,18.5,147
743,T,260803,043645,60.983994N,24.466328E,79,18.5,149
744,T,260803,043646,60.983948N,24.466352E,79,18.1,151
745,T,260803,043647,60.983906N,24.466375E,79,17.6,153
746,T,260803,043648,60.983860N,24.466398E,79,17.6,155
747,T,260803,043649,60.983822N,24.466419E,79,17.2,156
748,T,260803,043650,60.983780N,24.466446E,79,16.9,159
749,T,260803,043651,60.983742N,24.466484E,79,16.0,152
750,T,260803,043652,60.983707N,24.466526E,79,16.7,143
751,T,260803,043653,60.983673N,24.466579E,79,17.1,142
752,T,260803,043654,60.983635N,24.466633E,78,18.3,143
753,T,260803,043655,60.983593N,24.466675E,78,18.7,144
754,T,260803,043656,60.983547N,24.466698E,77,18.3,147
755,T,260803,043657,60.983501N,24.466703E,77,17.2,150
756,T,260803,043658,60.983456N,24.466715E,77,17.2,153
757,T,260803,043659,60.983414N,24.466736E,76,17.1,154
758,T,260803,043700,60.983368N,24.466764E,76,17.5,156
759,T,260803,043701,60.983330N,24.466797E,75,17.9,158
760,T,260803,043702,60.983284N,24.466839E,75,18.0,157
761,T,260803,043703,60.983246N,24.466883E,75,18.4,156
762,T,260803,043704,60.983200N,24.466925E,75,18.5,154
763,T,260803,043705,60.983154N,24.466970E,76,18.6,152
764,T,260803,043706,60.983109N,24.467014E,76,19.0,150
765,T,260803,043707,60.983059N,24.467058E,77,19.1,149
766,T,260803,043708,60.983021N,24.467108E,78,19.1,148
767,T,260803,043709,60.982983N,24.467167E,78,19.1,147
768,T,260803,043710,60.982948N,24.467228E,78,19.2,146
769,T,260803,043711,60.982910N,24.467285E,79,19.3,144
770,T,260803,043712,60.982872N,24.467346E,79,19.7,143
771,T,260803,043713,60.982838N,24.467409E,79,19.2,142
772,T,260803,043714,60.982796N,24.467474E,79,19.9,142
773,T,260803,043715,60.982754N,24.467537E,79,20.0,143
774,T,260803,043716,60.982712N,24.467602E,78,20.2,143
775,T,260803,043717,60.982670N,24.467670E,78,20.5,143
776,T,260803,043718,60.982632N,24.467737E,78,19.6,142
777,T,260803,043719,60.982594N,24.467798E,78,19.6,142
778,T,260803,043720,60.982548N,24.467852E,78,19.6,151
779,T,260803,043721,60.982506N,24.467896E,79,19.7,154
780,T,260803,043722,60.982460N,24.467939E,79,20.4,157
781,T,260803,043723,60.982410N,24.467979E,80,19.8,157
782,T,260803,043724,60.982365N,24.468019E,80,21.3,156
783,T,260803,043725,60.982315N,24.468061E,79,20.9,158
784,T,260803,043726,60.982265N,24.468103E,79,21.5,158
785,T,260803,043727,60.982216N,24.468145E,79,21.4,157
786,T,260803,043728,60.982162N,24.468197E,78,22.2,157
787,T,260803,043729,60.982113N,24.468243E,78,22.3,156
788,T,260803,043730,60.982059N,24.468285E,78,22.3,156
789,T,260803,043731,60.982010N,24.468325E,78,22.2,157
790,T,260803,043732,60.981960N,24.468367E,78,21.8,157
791,T,260803,043733,60.981907N,24.468410E,78,21.8,157
792,T,260803,043734,60.981861N,24.468452E,78,21.4,156
793,T,260803,043735,60.981808N,24.468496E,78,22.7,156
794,T,260803,043736,60.981758N,24.468544E,78,22.6,155
795,T,260803,043737,60.981712N,24.468603E,78,22.5,155
796,T,260803,043738,60.981655N,24.468657E,78,22.4,154
797,T,260803,043739,60.981609N,24.468706E,77,22.1,154
798,T,260803,043740,60.981560N,24.468754E,77,22.5,154
799,T,260803,043741,60.981503N,24.468803E,78,23.2,155
800,T,260803,043742,60.981453N,24.468855E,79,23.2,155
801,T,260803,043743,60.981396N,24.468903E,78,23.1,156
802,T,260803,043744,60.981342N,24.468950E,78,23.1,156
803,T,260803,043745,60.981293N,24.469004E,78,23.7,156
804,T,260803,043746,60.981239N,24.469053E,78,23.0,155
805,T,260803,043747,60.981182N,24.469105E,78,23.5,155
806,T,260803,043748,60.981129N,24.469156E,78,23.4,155
807,T,260803,043749,60.981075N,24.469202E,78,23.5,156
808,T,260803,043750,60.981022N,24.469248E,78,23.2,156
809,T,260803,043751,60.980968N,24.469296E,78,23.2,156
810,T,260803,043752,60.980911N,24.469343E,77,22.9,156
811,T,260803,043753,60.980862N,24.469397E,77,22.9,156
812,T,260803,043754,60.980808N,24.469444E,77,22.8,155
813,T,260803,043755,60.980755N,24.469488E,77,22.4,158
814,T,260803,043756,60.980705N,24.469526E,77,22.0,158
815,T,260803,043757,60.980648N,24.469564E,77,21.9,159
816,T,260803,043758,60.980595N,24.469606E,77,22.4,158
817,T,260803,043759,60.980545N,24.469650E,77,22.3,159
818,T,260803,043800,60.980488N,24.469696E,76,22.9,158
819,T,260803,043801,60.980434N,24.469738E,76,22.9,160
820,T,260803,043802,60.980381N,24.469778E,76,23.5,160
821,T,260803,043803,60.980324N,24.469816E,76,23.4,161
822,T,260803,043804,60.980267N,24.469854E,76,23.9,161
823,T,260803,043805,60.980213N,24.469896E,76,23.2,161
824,T,260803,043806,60.980160N,24.469936E,76,23.5,162
825,T,260803,043807,60.980099N,24.469984E,76,22.5,160
826,T,260803,043808,60.980045N,24.470022E,76,23.4,159
827,T,260803,043809,60.979992N,24.470057E,76,24.1,160
828,T,260803,043810,60.979939N,24.470093E,76,23.5,160
829,T,260803,043811,60.979885N,24.470135E,76,23.8,159
830,T,260803,043812,60.979824N,24.470175E,76,23.9,160
831,T,260803,043813,60.979767N,24.470215E,76,23.7,160
832,T,260803,043814,60.979710N,24.470257E,76,24.8,160
833,T,260803,043815,60.979649N,24.470299E,76,24.8,161
834,T,260803,043816,60.979591N,24.470337E,76,24.0,162
835,T,260803,043817,60.979534N,24.470375E,76,24.2,161
836,T,260803,043818,60.979477N,24.470411E,76,24.6,162
837,T,260803,043819,60.979416N,24.470446E,76,24.5,162
838,T,260803,043820,60.979359N,24.470482E,75,24.1,162
839,T,260803,043821,60.979301N,24.470518E,75,23.1,162
840,T,260803,043822,60.979248N,24.470558E,75,23.5,162
841,T,260803,043823,60.979191N,24.470596E,76,23.5,162
842,T,260803,043824,60.979134N,24.470634E,76,24.6,162
843,T,260803,043825,60.979073N,24.470667E,76,24.0,162
844,T,260803,043826,60.979015N,24.470699E,75,23.9,163
845,T,260803,043827,60.978958N,24.470736E,75,24.0,163
846,T,260803,043828,60.978901N,24.470774E,74,23.5,162
847,T,260803,043829,60.978840N,24.470808E,74,24.4,162
848,T,260803,043830,60.978779N,24.470844E,74,24.8,162
849,T,260803,043831,60.978725N,24.470877E,75,24.7,163
850,T,260803,043832,60.978661N,24.470917E,74,24.7,163
851,T,260803,043833,60.978600N,24.470959E,75,24.2,162
852,T,260803,043834,60.978542N,24.470997E,75,25.1,162
853,T,260803,043835,60.978481N,24.471031E,75,25.2,163
854,T,260803,043836,60.978420N,24.471064E,75,25.1,163
855,T,260803,043837,60.978359N,24.471100E,75,25.1,163
856,T,260803,043838,60.978306N,24.471125E,74,24.0,163
857,T,260803,043839,60.978249N,24.471153E,74,24.1,163
858,T,260803,043840,60.978188N,24.471184E,74,25.0,163
859,T,260803,043841,60.978123N,24.471224E,74,24.6,164
860,T,260803,043842,60.978065N,24.471264E,74,24.5,164
861,T,260803,043843,60.978008N,24.471304E,75,24.4,163
862,T,260803,043844,60.977947N,24.471346E,75,24.3,163
863,T,260803,043845,60.977886N,24.471386E,75,24.4,163
864,T,260803,043846,60.977829N,24.471426E,75,23.3,163
865,T,260803,043847,60.977768N,24.471464E,76,24.5,163
866,T,260803,043848,60.977711N,24.471497E,75,22.7,162
867,T,260803,043849,60.977657N,24.471531E,75,23.9,163
868,T,260803,043850,60.977600N,24.471560E,75,23.9,164
869,T,260803,043851,60.977539N,24.471588E,74,24.6,165
870,T,260803,043852,60.977482N,24.471619E,74,24.5,165
871,T,260803,043853,60.977421N,24.471649E,73,24.1,165
872,T,260803,043854,60.977364N,24.471684E,73,23.3,164
873,T,260803,043855,60.977306N,24.471718E,72,23.3,163
874,T,260803,043856,60.977253N,24.471750E,72,23.3,163
875,T,260803,043857,60.977196N,24.471785E,72,23.4,163
876,T,260803,043858,60.977135N,24.471819E,72,23.7,164
877,T,260803,043859,60.977081N,24.471846E,72,22.5,165
878,T,260803,043900,60.977024N,24.471882E,72,24.0,165
879,T,260803,043901,60.976963N,24.471916E,72,23.4,165
880,T,260803,043902,60.976910N,24.471947E,72,23.4,166
881,T,260803,043903,60.976849N,24.471979E,73,24.2,165
882,T,260803,043904,60.976788N,24.472012E,73,24.3,166
883,T,260803,043905,60.976727N,24.472044E,73,24.2,166
884,T,260803,043906,60.976669N,24.472076E,73,24.2,166
885,T,260803,043907,60.976608N,24.472111E,74,24.2,165
886,T,260803,043908,60.976551N,24.472143E,74,24.2,165
887,T,260803,043909,60.976494N,24.472179E,74,24.3,165
888,T,260803,043910,60.976433N,24.472208E,74,24.3,164
889,T,260803,043911,60.976372N,24.472237E,74,24.0,165
890,T,260803,043912,60.976315N,24.472265E,74,24.0,165
891,T,260803,043913,60.976261N,24.472298E,74,24.0,164
892,T,260803,043914,60.976200N,24.472328E,74,23.3,164
893,T,260803,043915,60.976147N,24.472357E,74,22.6,164
894,T,260803,043916,60.976097N,24.472387E,73,22.6,163
895,T,260803,043917,60.976040N,24.472422E,74,22.2,162
896,T,260803,043918,60.975990N,24.472456E,73,21.5,161
897,T,260803,043919,60.975941N,24.472496E,73,21.6,160
898,T,260803,043920,60.975887N,24.472538E,73,21.6,158
899,T,260803,043921,60.975842N,24.472586E,73,21.3,157
900,T,260803,043922,60.975800N,24.472645E,73,20.9,143
901,T,260803,043923,60.975765N,24.472715E,73,20.5,128
902,T,260803,043924,60.975735N,24.472801E,73,20.4,120
903,T,260803,043925,60.975712N,24.472891E,73,20.4,123
904,T,260803,043926,60.975681N,24.472975E,73,20.4,124
905,T,260803,043927,60.975639N,24.473038E,73,21.0,126
906,T,260803,043928,60.975597N,24.473085E,73,20.7,129
907,T,260803,043929,60.975544N,24.473124E,73,21.1,132
908,T,260803,043930,60.975491N,24.473156E,73,21.1,135
909,T,260803,043931,60.975441N,24.473175E,73,21.1,173
910,T,260803,043932,60.975388N,24.473173E,73,21.0,188
911,T,260803,043933,60.975334N,24.473152E,73,20.9,195
912,T,260803,043934,60.975285N,24.473127E,74,20.9,193
913,T,260803,043935,60.975231N,24.473114E,74,20.8,192
914,T,260803,043936,60.975182N,24.473118E,74,20.9,190
915,T,260803,043937,60.975128N,24.473146E,75,21.2,187
916,T,260803,043938,60.975079N,24.473192E,75,21.2,184
917,T,260803,043939,60.975033N,24.473244E,75,21.2,181
918,T,260803,043940,60.974983N,24.473305E,75,21.4,178
919,T,260803,043941,60.974937N,24.473364E,76,21.4,175
920,T,260803,043942,60.974888N,24.473417E,76,21.3,173
921,T,260803,043943,60.974838N,24.473476E,76,21.3,171
922,T,260803,043944,60.974792N,24.473528E,76,20.4,169
923,T,260803,043945,60.974747N,24.473583E,76,20.4,167
924,T,260803,043946,60.974705N,24.473637E,77,20.3,165
925,T,260803,043947,60.974659N,24.473690E,77,20.0,163
926,T,260803,043948,60.974617N,24.473742E,77,19.5,162
927,T,260803,043949,60.974571N,24.473797E,77,19.4,160
928,T,260803,043950,60.974533N,24.473848E,77,19.5,159
929,T,260803,043951,60.974491N,24.473902E,77,19.6,158
930,T,260803,043952,60.974449N,24.473955E,77,20.3,157
931,T,260803,043953,60.974403N,24.474009E,77,21.5,156
932,T,260803,043954,60.974358N,24.474068E,76,23.1,155
933,T,260803,043955,60.974308N,24.474133E,76,24.1,154
934,T,260803,043956,60.974255N,24.474195E,76,24.0,153
935,T,260803,043957,60.974209N,24.474257E,75,22.8,152
936,T,260803,043958,60.974155N,24.474283E,75,20.3,177
937,T,260803,043959,60.974121N,24.474276E,74,10.3,201
938,T,260803,044000,60.974087N,24.474236E,74,14.9,212
939,T,260803,044001,60.974056N,24.474180E,74,16.8,219
940,T,260803,044002,60.974041N,24.474077E,74,19.9,239
941,T,260803,044003,60.974014N,24.473993E,74,17.4,238
942,T,260803,044004,60.973984N,24.473923E,74,17.1,235
943,T,260803,044005,60.973942N,24.473873E,74,16.5,231
944,T,260803,044006,60.973900N,24.473879E,74,16.8,223
945,T,260803,044007,60.973869N,24.473915E,74,17.4,214
946,T,260803,044008,60.973831N,24.473978E,74,18.2,208
947,T,260803,044009,60.973801N,24.474045E,75,17.3,200
948,T,260803,044010,60.973770N,24.474100E,75,17.2,193
949,T,260803,044011,60.973736N,24.474142E,76,16.6,186
950,T,260803,044012,60.973709N,24.474190E,76,16.5,181
951,T,260803,044013,60.973679N,24.474243E,76,16.5,175
952,T,260803,044014,60.973648N,24.474297E,77,16.8,170
953,T,260803,044015,60.973625N,24.474346E,77,16.9,166
954,T,260803,044016,60.973591N,24.474401E,78,16.2,162
955,T,260803,044017,60.973564N,24.474463E,78,17.3,159
956,T,260803,044018,60.973537N,24.474522E,78,16.7,155
957,T,260803,044019,60.973511N,24.474583E,78,16.6,152
958,T,260803,044020,60.973484N,24.474642E,78,16.7,150
959,T,260803,044021,60.973454N,24.474709E,78,17.3,148
960,T,260803,044022,60.973419N,24.474775E,79,18.3,146
961,T,260803,044023,60.973389N,24.474842E,79,18.3,145
962,T,260803,044024,60.973351N,24.474907E,80,18.4,144
963,T,260803,044025,60.973320N,24.474968E,80,19.2,142
964,T,260803,044026,60.973282N,24.475031E,80,19.6,141
965,T,260803,044027,60.973240N,24.475088E,80,19.9,141
966,T,260803,044028,60.973202N,24.475147E,80,20.5,142
967,T,260803,044029,60.973160N,24.475210E,80,20.8,143
968,T,260803,044030,60.973122N,24.475273E,80,20.9,144
969,T,260803,044031,60.973076N,24.475336E,80,21.5,145
970,T,260803,044032,60.973034N,24.475395E,80,21.5,146
971,T,260803,044033,60.972988N,24.475451E,80,21.0,147
972,T,260803,044034,60.972942N,24.475504E,80,21.9,148
973,T,260803,044035,60.972900N,24.475561E,80,22.0,148
974,T,260803,044036,60.972847N,24.475618E,79,22.5,149
975,T,260803,044037,60.972801N,24.475676E,79,22.5,150
976,T,260803,044038,60.972752N,24.475735E,79,22.6,150
977,T,260803,044039,60.972706N,24.475792E,79,22.7,151
978,T,260803,044040,60.972652N,24.475849E,79,23.0,151
979,T,260803,044041,60.972599N,24.475906E,79,23.1,151
980,T,260803,044042,60.972549N,24.475954E,79,23.1,152
981,T,260803,044043,60.972496N,24.476000E,79,23.2,152
982,T,260803,044044,60.972443N,24.476049E,79,23.1,153
983,T,260803,044045,60.972393N,24.476101E,79,22.6,154
984,T,260803,044046,60.972340N,24.476151E,79,21.7,154
985,T,260803,044047,60.972294N,24.476204E,79,23.7,153
986,T,260803,044048,60.972244N,24.476257E,79,21.1,152
987,T,260803,044049,60.972198N,24.476303E,79,19.8,152
988,T,260803,044050,60.972153N,24.476330E,79,21.9,154
989,T,260803,044051,60.972099N,24.476364E,79,21.0,156
990,T,260803,044052,60.972050N,24.476410E,79,22.0,157
991,T,260803,044053,60.971992N,24.476461E,79,22.3,158
992,T,260803,044054,60.971939N,24.476503E,79,21.6,158
993,T,260803,044055,60.971889N,24.476540E,79,20.6,159
994,T,260803,044056,60.971840N,24.476574E,79,20.7,160
995,T,260803,044057,60.971790N,24.476610E,79,21.3,161
996,T,260803,044058,60.971737N,24.476645E,79,21.3,161
997,T,260803,044059,60.971684N,24.476685E,79,20.9,161
998,T,260803,044100,60.971638N,24.476721E,79,20.5,161
999,T,260803,044101,60.971584N,24.476755E,79,20.5,161
1000,T,260803,044102,60.971535N,24.476788E,79,20.5,162
1001,T,260803,044103,60.971485N,24.476818E,79,20.3,162
1002,T,260803,044104,60.971436N,24.476851E,80,20.0,163
1003,T,260803,044105,60.971390N,24.476883E,80,20.0,164
1004,T,260803,044106,60.971340N,24.476908E,80,19.5,164
1005,T,260803,044107,60.971291N,24.476936E,80,19.3,164
1006,T,260803,044108,60.971245N,24.476961E,80,19.0,165
1007,T,260803,044109,60.971195N,24.476984E,80,18.6,166
1008,T,260803,044110,60.971153N,24.477009E,80,18.0,166
1009,T,260803,044111,60.971107N,24.477030E,81,17.9,166
1010,T,260803,044112,60.971066N,24.477051E,81,17.8,166
1011,T,260803,044113,60.971020N,24.477064E,81,17.7,167
1012,T,260803,044114,60.970978N,24.477083E,81,17.6,168
1013,T,260803,044115,60.970928N,24.477106E,81,17.7,168
1014,T,260803,044116,60.970886N,24.477125E,81,17.6,169
1015,T,260803,044117,60.970840N,24.477142E,81,17.7,169
1016,T,260803,044118,60.970795N,24.477156E,81,17.8,170
1017,T,260803,044119,60.970753N,24.477177E,82,17.9,170
1018,T,260803,044120,60.970703N,24.477194E,83,18.3,170
1019,T,260803,044121,60.970661N,24.477213E,83,18.3,170
1020,T,260803,044122,60.970612N,24.477226E,83,18.8,170
1021,T,260803,044123,60.970570N,24.477243E,83,18.7,170
1022,T,260803,044124,60.970520N,24.477261E,84,18.7,170
1023,T,260803,044125,60.970470N,24.477278E,84,18.8,171
1024,T,260803,044126,60.970428N,24.477291E,84,18.4,171
1025,T,260803,044127,60.970379N,24.477306E,84,19.5,171
1026,T,260803,044128,60.970333N,24.477324E,85,18.5,171
1027,T,260803,044129,60.970287N,24.477343E,85,18.0,171
1028,T,260803,044130,60.970242N,24.477356E,85,18.5,170
1029,T,260803,044131,60.970196N,24.477371E,85,18.7,170
1030,T,260803,044132,60.970154N,24.477386E,85,18.7,170
1031,T,260803,044133,60.970104N,24.477402E,85,18.7,170
1032,T,260803,044134,60.970055N,24.477413E,86,19.2,172
1033,T,260803,044135,60.970009N,24.477423E,86,19.3,173
1034,T,260803,044136,60.969959N,24.477436E,86,19.2,172
1035,T,260803,044137,60.969917N,24.477451E,86,18.7,172
1036,T,260803,044138,60.969868N,24.477465E,86,18.7,172
1037,T,260803,044139,60.969818N,24.477476E,86,18.6,172
1038,T,260803,044140,60.969776N,24.477488E,86,18.2,172
1039,T,260803,044141,60.969727N,24.477505E,87,18.9,172
1040,T,260803,044142,60.969685N,24.477522E,87,18.8,171
1041,T,260803,044143,60.969635N,24.477535E,87,18.7,170
1042,T,260803,044144,60.969593N,24.477556E,87,18.8,170
1043,T,260803,044145,60.969547N,24.477571E,87,18.8,171
1044,T,260803,044146,60.969501N,24.477585E,87,18.9,171
1045,T,260803,044147,60.969452N,24.477600E,87,18.9,171
1046,T,260803,044148,60.969406N,24.477617E,88,18.9,170
1047,T,260803,044149,60.969360N,24.477636E,88,18.9,170
1048,T,260803,044150,60.969315N,24.477655E,88,18.8,169
1049,T,260803,044151,60.969273N,24.477674E,88,18.7,169
1050,T,260803,044152,60.969223N,24.477694E,88,18.6,168
1051,T,260803,044153,60.969181N,24.477715E,88,18.6,168
1052,T,260803,044154,60.969131N,24.477730E,88,18.7,168
1053,T,260803,044155,60.969090N,24.477749E,88,18.7,168
1054,T,260803,044156,60.969040N,24.477766E,89,18.8,168
1055,T,260803,044157,60.968994N,24.477783E,89,18.5,169
1056,T,260803,044158,60.968948N,24.477804E,89,18.4,168
1057,T,260803,044159,60.968903N,24.477821E,89,18.4,168
1058,T,260803,044200,60.968861N,24.477840E,89,18.4,168
1059,T,260803,044201,60.968811N,24.477859E,89,18.4,167
1060,T,260803,044202,60.968769N,24.477880E,90,18.4,167
1061,T,260803,044203,60.968723N,24.477901E,90,18.4,167
1062,T,260803,044204,60.968681N,24.477921E,90,18.4,166
1063,T,260803,044205,60.968632N,24.477942E,90,18.4,166
1064,T,260803,044206,60.968594N,24.477964E,90,17.6,165
1065,T,260803,044207,60.968548N,24.477983E,91,17.2,165
1066,T,260803,044208,60.968510N,24.478006E,91,16.2,165
1067,T,260803,044209,60.968468N,24.478027E,91,16.5,165
1068,T,260803,044210,60.968430N,24.478046E,92,17.0,165
1069,T,260803,044211,60.968380N,24.478069E,92,17.7,166
1070,T,260803,044212,60.968342N,24.478090E,92,17.1,166
1071,T,260803,044213,60.968296N,24.478115E,92,18.2,165
1072,T,260803,044214,60.968250N,24.478138E,92,18.1,165
1073,T,260803,044215,60.968208N,24.478163E,92,18.1,165
1074,T,260803,044216,60.968163N,24.478188E,93,17.4,165
1075,T,260803,044217,60.968124N,24.478216E,93,18.2,166
1076,T,260803,044218,60.968079N,24.478235E,93,17.8,166
1077,T,260803,044219,60.968037N,24.478262E,93,16.7,166
1078,T,260803,044220,60.967991N,24.478285E,94,16.7,165
1079,T,260803,044221,60.967953N,24.478304E,94,17.1,165
1080,T,260803,044222,60.967911N,24.478333E,94,16.7,164
1081,T,260803,044223,60.967873N,24.478361E,94,17.5,162
1082,T,260803,044224,60.967831N,24.478394E,95,16.2,161
1083,T,260803,044225,60.967793N,24.478424E,95,17.2,161
1084,T,260803,044226,60.967751N,24.478456E,96,17.3,161
1085,T,260803,044227,60.967705N,24.478476E,96,18.7,162
1086,T,260803,044228,60.967659N,24.478506E,95,17.3,161
1087,T,260803,044229,60.967621N,24.478537E,95,16.9,161
1088,T,260803,044230,60.967579N,24.478563E,95,17.0,160
1089,T,260803,044231,60.967541N,24.478596E,95,16.5,160
1090,T,260803,044232,60.967499N,24.478624E,96,16.2,159
1091,T,260803,044233,60.967461N,24.478657E,96,17.0,160
1092,T,260803,044234,60.967419N,24.478685E,96,17.5,159
1093,T,260803,044235,60.967381N,24.478718E,96,17.5,159
1094,T,260803,044236,60.967335N,24.478754E,97,17.6,160
1095,T,260803,044237,60.967293N,24.478788E,97,17.9,159
1096,T,260803,044238,60.967251N,24.478825E,97,18.3,158
1097,T,260803,044239,60.967209N,24.478859E,97,17.7,158
1098,T,260803,044240,60.967167N,24.478893E,98,16.7,158
1099,T,260803,044241,60.967129N,24.478928E,98,16.1,157
1100,T,260803,044242,60.967087N,24.478966E,98,17.4,156
1101,T,260803,044243,60.967049N,24.479004E,99,17.3,156
1102,T,260803,044244,60.967007N,24.479038E,99,17.3,156
1103,T,260803,044245,60.966969N,24.479073E,99,17.3,157
1104,T,260803,044246,60.966919N,24.479103E,99,17.5,158
1105,T,260803,044247,60.966881N,24.479132E,100,17.5,160
1106,T,260803,044248,60.966835N,24.479158E,100,17.0,162
1107,T,260803,044249,60.966793N,24.479183E,100,17.6,163
1108,T,260803,044250,60.966747N,24.479212E,100,17.7,164
1109,T,260803,044251,60.966705N,24.479239E,100,18.2,165
1110,T,260803,044252,60.966663N,24.479259E,100,17.4,166
1111,T,260803,044253,60.966625N,24.479284E,101,17.0,166
1112,T,260803,044254,60.966579N,24.479296E,101,17.3,174
1113,T,260803,044255,60.966537N,24.479313E,101,18.5,174
1114,T,260803,044256,60.966492N,24.479328E,101,18.9,171
1115,T,260803,044257,60.966442N,24.479340E,100,17.6,173
1116,T,260803,044258,60.966400N,24.479357E,100,19.0,171
1117,T,260803,044259,60.966351N,24.479370E,100,19.7,172
1118,T,260803,044300,60.966301N,24.479374E,100,20.8,181
1119,T,260803,044301,60.966248N,24.479374E,100,20.7,180
1120,T,260803,044302,60.966202N,24.479372E,100,19.8,178
1121,T,260803,044303,60.966152N,24.479387E,100,18.8,163
1122,T,260803,044304,60.966106N,24.479431E,100,18.7,143
1123,T,260803,044305,60.966080N,24.479502E,100,17.6,123
1124,T,260803,044306,60.966057N,24.479582E,100,15.3,113
1125,T,260803,044307,60.966042N,24.479649E,100,13.3,111
1126,T,260803,044308,60.966022N,24.479710E,99,12.2,114
1127,T,260803,044309,60.966007N,24.479765E,100,11.4,120
1128,T,260803,044310,60.965992N,24.479815E,100,11.0,118
1129,T,260803,044311,60.965981N,24.479864E,100,10.6,118
1130,T,260803,044312,60.965961N,24.479908E,100,10.3,126
1131,T,260803,044313,60.965939N,24.479944E,100,10.8,151
1132,T,260803,044314,60.965912N,24.479973E,100,13.0,151
1133,T,260803,044315,60.965881N,24.480013E,100,15.4,150
1134,T,260803,044316,60.965843N,24.480066E,100,17.2,148
1135,T,260803,044317,60.965809N,24.480116E,100,17.7,147
1136,T,260803,044318,60.965771N,24.480177E,100,17.3,146
1137,T,260803,044319,60.965736N,24.480230E,100,18.0,147
1138,T,260803,044320,60.965691N,24.480276E,100,17.9,157
1139,T,260803,044321,60.965649N,24.480310E,100,18.0,159
1140,T,260803,044322,60.965603N,24.480349E,100,18.1,159
1141,T,260803,044323,60.965561N,24.480389E,100,18.8,160
1142,T,260803,044324,60.965515N,24.480421E,100,18.5,160
1143,T,260803,044325,60.965473N,24.480455E,101,19.1,160
1144,T,260803,044326,60.965427N,24.480492E,101,19.2,160
1145,T,260803,044327,60.965382N,24.480528E,101,19.3,160
1146,T,260803,044328,60.965336N,24.480564E,101,19.4,160
1147,T,260803,044329,60.965286N,24.480600E,101,19.5,160
1148,T,260803,044330,60.965244N,24.480637E,102,18.3,160
1149,T,260803,044331,60.965199N,24.480665E,102,19.2,160
1150,T,260803,044332,60.965153N,24.480700E,102,19.6,161
1151,T,260803,044333,60.965107N,24.480730E,102,19.1,162
1152,T,260803,044334,60.965061N,24.480759E,102,19.1,163
1153,T,260803,044335,60.965015N,24.480783E,102,19.1,164
1154,T,260803,044336,60.964970N,24.480812E,103,19.2,165
1155,T,260803,044337,60.964920N,24.480837E,103,19.3,165
1156,T,260803,044338,60.964870N,24.480864E,103,19.4,166
1157,T,260803,044339,60.964825N,24.480888E,103,20.1,166
1158,T,260803,044340,60.964775N,24.480913E,104,20.0,165
1159,T,260803,044341,60.964733N,24.480940E,104,19.6,165
1160,T,260803,044342,60.964684N,24.480963E,104,19.3,166
1161,T,260803,044343,60.964638N,24.480984E,105,19.2,167
1162,T,260803,044344,60.964588N,24.481005E,105,19.3,167
1163,T,260803,044345,60.964539N,24.481026E,105,19.3,168
1164,T,260803,044346,60.964497N,24.481047E,106,18.9,168
1165,T,260803,044347,60.964443N,24.481070E,106,19.7,168
1166,T,260803,044348,60.964394N,24.481092E,106,19.7,168
1167,T,260803,044349,60.964340N,24.481115E,106,19.2,168
1168,T,260803,044350,60.964291N,24.481134E,106,19.2,168
1169,T,260803,044351,60.964245N,24.481153E,106,18.8,168
1170,T,260803,044352,60.964195N,24.481167E,106,18.9,169
1171,T,260803,044353,60.964149N,24.481184E,106,18.8,169
1172,T,260803,044354,60.964100N,24.481195E,106,18.7,169
1173,T,260803,044355,60.964054N,24.481216E,106,18.6,169
1174,T,260803,044356,60.964008N,24.481234E,106,18.5,169
1175,T,260803,044357,60.963963N,24.481251E,106,18.8,169
1176,T,260803,044358,60.963917N,24.481264E,106,18.9,170
1177,T,260803,044359,60.963871N,24.481277E,106,18.8,170
1178,T,260803,044400,60.963825N,24.481297E,106,18.7,170
1179,T,260803,044401,60.963779N,24.481314E,106,18.7,170
1180,T,260803,044402,60.963734N,24.481333E,106,18.6,169
1181,T,260803,044403,60.963684N,24.481350E,106,18.3,168
1182,T,260803,044404,60.963638N,24.481365E,106,18.2,168
1183,T,260803,044405,60.963596N,24.481384E,106,17.9,169
1184,T,260803,044406,60.963551N,24.481403E,106,18.0,168
1185,T,260803,044407,60.963509N,24.481424E,106,18.1,168
1186,T,260803,044408,60.963459N,24.481443E,106,18.1,168
1187,T,260803,044409,60.963417N,24.481462E,106,18.0,168
1188,T,260803,044410,60.963371N,24.481480E,106,17.9,168
1189,T,260803,044411,60.963329N,24.481503E,106,18.2,167
1190,T,260803,044412,60.963280N,24.481524E,106,18.2,168
1191,T,260803,044413,60.963238N,24.481544E,106,18.4,167
1192,T,260803,044414,60.963188N,24.481564E,105,18.3,167
1193,T,260803,044415,60.963142N,24.481586E,105,17.9,166
1194,T,260803,044416,60.963100N,24.481611E,105,17.3,165
1195,T,260803,044417,60.963058N,24.481636E,105,18.0,164
1196,T,260803,044418,60.963013N,24.481655E,105,18.4,165
1197,T,260803,044419,60.962963N,24.481680E,104,18.0,164
1198,T,260803,044420,60.962921N,24.481705E,104,18.1,164
1199,T,260803,044421,60.962872N,24.481726E,104,18.5,165
1200,T,260803,044422,60.962830N,24.481756E,105,18.6,164
1201,T,260803,044423,60.962780N,24.481787E,105,18.6,163
1202,T,260803,044424,60.962730N,24.481817E,105,18.6,162
1203,T,260803,044425,60.962688N,24.481848E,105,18.2,161
1204,T,260803,044426,60.962639N,24.481880E,106,18.3,161
1205,T,260803,044427,60.962597N,24.481911E,106,18.7,161
1206,T,260803,044428,60.962551N,24.481941E,106,18.3,160
1207,T,260803,044429,60.962509N,24.481977E,106,18.2,159
1208,T,260803,044430,60.962463N,24.482014E,106,18.2,158
1209,T,260803,044431,60.962421N,24.482044E,106,18.2,158
1210,T,260803,044432,60.962376N,24.482077E,106,18.4,158
1211,T,260803,044433,60.962330N,24.482107E,106,18.5,159
1212,T,260803,044434,60.962288N,24.482141E,106,17.3,158
1213,T,260803,044435,60.962250N,24.482176E,106,17.8,158
1214,T,260803,044436,60.962204N,24.482203E,106,17.9,158
1215,T,260803,044437,60.962158N,24.482233E,106,16.9,158
1216,T,260803,044438,60.962120N,24.482267E,106,17.3,157
1217,T,260803,044439,60.962074N,24.482304E,106,18.0,158
1218,T,260803,044440,60.962036N,24.482338E,106,17.3,158
1219,T,260803,044441,60.961990N,24.482376E,107,17.4,157
1220,T,260803,044442,60.961952N,24.482416E,106,18.4,157
1221,T,260803,044443,60.961906N,24.482454E,106,17.4,156
1222,T,260803,044444,60.961868N,24.482492E,106,17.4,156
1223,T,260803,044445,60.961830N,24.482531E,106,16.8,156
1224,T,260803,044446,60.961796N,24.482565E,107,16.2,156
1225,T,260803,044447,60.961761N,24.482601E,107,16.5,151
1226,T,260803,044448,60.961727N,24.482643E,107,16.2,147
1227,T,260803,044449,60.961693N,24.482697E,108,17.9,149
1228,T,260803,044450,60.961647N,24.482737E,108,18.3,152
1229,T,260803,044451,60.961601N,24.482780E,108,18.5,151
1230,T,260803,044452,60.961555N,24.482830E,108,18.5,150
1231,T,260803,044453,60.961517N,24.482878E,108,18.3,149
1232,T,260803,044454,60.961472N,24.482927E,108,18.9,150
1233,T,260803,044455,60.961433N,24.482977E,107,18.2,150
1234,T,260803,044456,60.961391N,24.483025E,107,19.2,150
1235,T,260803,044457,60.961349N,24.483074E,107,19.8,151
1236,T,260803,044458,60.961308N,24.483124E,107,19.8,150
1237,T,260803,044459,60.961262N,24.483175E,107,19.8,150
1238,T,260803,044500,60.961220N,24.483231E,107,19.5,149
1239,T,260803,044501,60.961178N,24.483284E,107,19.1,149
1240,T,260803,044502,60.961132N,24.483337E,107,18.7,149
1241,T,260803,044503,60.961094N,24.483393E,107,19.7,148
1242,T,260803,044504,60.961048N,24.483444E,107,19.0,148
1243,T,260803,044505,60.961006N,24.483498E,108,19.7,148
1244,T,260803,044506,60.960964N,24.483555E,108,19.5,148
1245,T,260803,044507,60.960918N,24.483608E,108,19.5,148
1246,T,260803,044508,60.960880N,24.483664E,108,19.6,148
1247,T,260803,044509,60.960838N,24.483719E,109,19.7,148
1248,T,260803,044510,60.960796N,24.483772E,109,19.7,147
1249,T,260803,044511,60.960751N,24.483826E,109,19.8,147
1250,T,260803,044512,60.960712N,24.483885E,109,19.8,147
1251,T,260803,044513,60.960667N,24.483938E,110,19.9,147
1252,T,260803,044514,60.960629N,24.483995E,110,19.9,147
1253,T,260803,044515,60.960583N,24.484051E,110,19.6,147
1254,T,260803,044516,60.960541N,24.484104E,110,19.7,147
1255,T,260803,044517,60.960499N,24.484158E,110,19.6,147
1256,T,260803,044518,60.960461N,24.484209E,110,19.5,146
1257,T,260803,044519,60.960419N,24.484264E,110,19.5,146
1258,T,260803,044520,60.960381N,24.484318E,110,19.4,146
1259,T,260803,044521,60.960335N,24.484369E,110,19.8,146
1260,T,260803,044522,60.960297N,24.484430E,110,19.4,146
1261,T,260803,044523,60.960258N,24.484486E,110,19.5,146
1262,T,260803,044524,60.960217N,24.484537E,110,19.5,146
1263,T,260803,044525,60.960175N,24.484594E,110,19.8,146
1264,T,260803,044526,60.960133N,24.484652E,110,19.8,146
1265,T,260803,044527,60.960091N,24.484707E,110,19.8,146
1266,T,260803,044528,60.960049N,24.484764E,111,19.9,146
1267,T,260803,044529,60.960007N,24.484816E,110,19.8,146
1268,T,260803,044530,60.959965N,24.484873E,111,19.8,145
1269,T,260803,044531,60.959923N,24.484926E,110,19.8,145
1270,T,260803,044532,60.959885N,24.484983E,110,19.8,144
1271,T,260803,044533,60.959843N,24.485039E,110,19.7,145
1272,T,260803,044534,60.959805N,24.485094E,110,19.7,145
1273,T,260803,044535,60.959759N,24.485151E,110,19.7,145
1274,T,260803,044536,60.959721N,24.485210E,110,20.0,145
1275,T,260803,044537,60.959679N,24.485268E,110,20.0,145
1276,T,260803,044538,60.959641N,24.485329E,110,20.6,144
1277,T,260803,044539,60.959595N,24.485392E,110,20.6,144
1278,T,260803,044540,60.959553N,24.485455E,110,20.7,144
1279,T,260803,044541,60.959511N,24.485516E,110,21.2,145
1280,T,260803,044542,60.959469N,24.485577E,110,21.3,145
1281,T,260803,044543,60.959423N,24.485643E,110,21.3,145
1282,T,260803,044544,60.959381N,24.485706E,110,21.4,144
1283,T,260803,044545,60.959335N,24.485771E,110,21.4,144
1284,T,260803,044546,60.959293N,24.485836E,110,21.7,144
1285,T,260803,044547,60.959248N,24.485903E,110,21.7,144
1286,T,260803,044548,60.959206N,24.485966E,110,22.1,144
1287,T,260803,044549,60.959160N,24.486036E,110,22.1,143
1288,T,260803,044550,60.959118N,24.486107E,110,22.4,143
1289,T,260803,044551,60.959072N,24.486176E,110,22.4,143
1290,T,260803,044552,60.959023N,24.486248E,110,22.4,142
1291,T,260803,044553,60.958981N,24.486317E,110,22.4,143
1292,T,260803,044554,60.958935N,24.486382E,110,23.1,143
1293,T,260803,044555,60.958889N,24.486454E,110,23.1,143
1294,T,260803,044556,60.958839N,24.486528E,110,23.8,143
1295,T,260803,044557,60.958794N,24.486605E,110,23.4,142
1296,T,260803,044558,60.958744N,24.486679E,110,23.5,142
1297,T,260803,044559,60.958694N,24.486755E,109,23.9,141
1298,T,260803,044600,60.958649N,24.486828E,109,24.0,141
1299,T,260803,044601,60.958603N,24.486902E,109,22.9,141
1300,T,260803,044602,60.958557N,24.486977E,109,23.9,141
1301,T,260803,044603,60.958511N,24.487045E,109,23.1,141
1302,T,260803,044604,60.958466N,24.487123E,110,23.0,140
1303,T,260803,044605,60.958420N,24.487202E,110,23.7,140
1304,T,260803,044606,60.958370N,24.487276E,110,23.7,141
1305,T,260803,044607,60.958328N,24.487352E,110,23.4,141
1306,T,260803,044608,60.958279N,24.487427E,110,23.3,141
1307,T,260803,044609,60.958237N,24.487503E,110,23.2,141
1308,T,260803,044610,60.958191N,24.487577E,110,23.1,141
1309,T,260803,044611,60.958149N,24.487654E,110,22.5,140
1310,T,260803,044612,60.958099N,24.487728E,110,22.4,140
1311,T,260803,044613,60.958061N,24.487803E,110,22.0,140
1312,T,260803,044614,60.958015N,24.487873E,110,22.0,140
1313,T,260803,044615,60.957977N,24.487947E,110,22.0,140
1314,T,260803,044616,60.957932N,24.488022E,110,21.8,140
1315,T,260803,044617,60.957893N,24.488096E,110,21.8,139
1316,T,260803,044618,60.957848N,24.488169E,111,21.2,139
1317,T,260803,044619,60.957809N,24.488239E,111,21.2,139
1318,T,260803,044620,60.957767N,24.488310E,111,21.1,139
1319,T,260803,044621,60.957729N,24.488380E,111,21.0,140
1320,T,260803,044622,60.957687N,24.488449E,111,20.9,139
1321,T,260803,044623,60.957649N,24.488522E,111,20.6,139
1322,T,260803,044624,60.957607N,24.488594E,111,20.6,138
1323,T,260803,044625,60.957569N,24.488665E,111,20.5,138
1324,T,260803,044626,60.957527N,24.488735E,111,20.2,138
1325,T,260803,044627,60.957493N,24.488804E,111,20.1,138
1326,T,260803,044628,60.957451N,24.488874E,112,20.0,138
1327,T,260803,044629,60.957417N,24.488935E,112,19.9,138
1328,T,260803,044630,60.957378N,24.489002E,112,19.8,138
1329,T,260803,044631,60.957340N,24.489067E,112,19.3,138
1330,T,260803,044632,60.957302N,24.489136E,112,19.4,138
1331,T,260803,044633,60.957268N,24.489202E,112,19.4,138
1332,T,260803,044634,60.957233N,24.489265E,112,19.3,137
1333,T,260803,044635,60.957195N,24.489332E,112,19.3,137
1334,T,260803,044636,60.957161N,24.489397E,113,19.3,137
1335,T,260803,044637,60.957123N,24.489464E,113,19.3,137
1336,T,260803,044638,60.957088N,24.489531E,113,19.3,138
1337,T,260803,044639,60.957047N,24.489599E,113,19.4,137
1338,T,260803,044640,60.957016N,24.489666E,113,19.0,137
1339,T,260803,044641,60.956982N,24.489733E,113,19.1,137
1340,T,260803,044642,60.956944N,24.489796E,113,19.0,137
1341,T,260803,044643,60.956913N,24.489864E,114,19.0,136
1342,T,260803,044644,60.956875N,24.489929E,114,18.5,137
1343,T,260803,044645,60.956841N,24.489996E,114,18.6,137
1344,T,260803,044646,60.956802N,24.490063E,114,18.6,137
1345,T,260803,044647,60.956768N,24.490129E,114,19.3,137
1346,T,260803,044648,60.956738N,24.490198E,114,18.8,137
1347,T,260803,044649,60.956699N,24.490265E,114,18.7,137
1348,T,260803,044650,60.956665N,24.490330E,114,18.8,136
1349,T,260803,044651,60.956631N,24.490398E,114,18.9,136
1350,T,260803,044652,60.956596N,24.490463E,114,18.2,136
1351,T,260803,044653,60.956566N,24.490532E,114,18.3,136
1352,T,260803,044654,60.956528N,24.490597E,115,18.5,136
1353,T,260803,044655,60.956497N,24.490664E,114,18.9,136
1354,T,260803,044656,60.956459N,24.490732E,115,19.0,136
1355,T,260803,044657,60.956425N,24.490803E,115,19.0,135
1356,T,260803,044658,60.956390N,24.490870E,115,19.1,134
1357,T,260803,044659,60.956356N,24.490940E,116,19.2,135
1358,T,260803,044700,60.956322N,24.491011E,116,19.2,135
1359,T,260803,044701,60.956287N,24.491079E,116,19.2,135
1360,T,260803,044702,60.956257N,24.491150E,116,19.2,135
1361,T,260803,044703,60.956219N,24.491222E,116,19.2,134
1362,T,260803,044704,60.956188N,24.491295E,116,19.2,134
1363,T,260803,044705,60.956158N,24.491364E,117,19.2,134
1364,T,260803,044706,60.956120N,24.491436E,117,19.2,134
1365,T,260803,044707,60.956089N,24.491507E,117,19.2,134
1366,T,260803,044708,60.956051N,24.491577E,117,19.2,134
1367,T,260803,044709,60.956020N,24.491648E,117,19.2,134
1368,T,260803,044710,60.955990N,24.491720E,117,19.2,134
1369,T,260803,044711,60.955956N,24.491793E,118,19.1,133
1370,T,260803,044712,60.955925N,24.491863E,118,19.1,133
1371,T,260803,044713,60.955891N,24.491936E,118,19.1,133
1372,T,260803,044714,60.955860N,24.492010E,118,19.1,133
1373,T,260803,044715,60.955830N,24.492081E,118,19.4,133
1374,T,260803,044716,60.955791N,24.492153E,118,19.4,133
1375,T,260803,044717,60.955761N,24.492226E,118,19.5,133
1376,T,260803,044718,60.955723N,24.492300E,119,19.6,133
1377,T,260803,044719,60.955692N,24.492373E,118,19.6,133
1378,T,260803,044720,60.955662N,24.492441E,118,19.6,133
1379,T,260803,044721,60.955624N,24.492514E,118,19.7,133
1380,T,260803,044722,60.955593N,24.492586E,119,19.6,133
1381,T,260803,044723,60.955559N,24.492659E,119,19.6,133
1382,T,260803,044724,60.955528N,24.492731E,119,19.5,132
1383,T,260803,044725,60.955498N,24.492807E,119,19.2,131
1384,T,260803,044726,60.955467N,24.492886E,119,18.9,130
1385,T,260803,044727,60.955433N,24.492960E,119,20.3,131
1386,T,260803,044728,60.955399N,24.493036E,119,20.0,131
1387,T,260803,044729,60.955364N,24.493116E,119,20.1,132
1388,T,260803,044730,60.955330N,24.493191E,119,20.2,132
1389,T,260803,044731,60.955296N,24.493267E,119,20.3,132
1390,T,260803,044732,60.955261N,24.493345E,119,20.3,131
1391,T,260803,044733,60.955227N,24.493423E,119,20.3,131
1392,T,260803,044734,60.955193N,24.493504E,119,20.4,132
1393,T,260803,044735,60.955158N,24.493582E,119,20.4,131
1394,T,260803,044736,60.955124N,24.493660E,119,20.8,130
1395,T,260803,044737,60.955090N,24.493742E,119,21.4,130
1396,T,260803,044738,60.955051N,24.493824E,119,21.4,130
1397,T,260803,044739,60.955017N,24.493904E,119,21.3,131
1398,T,260803,044740,60.954979N,24.493984E,119,21.4,131
1399,T,260803,044741,60.954945N,24.494064E,119,21.7,131
1400,T,260803,044742,60.954910N,24.494146E,119,21.8,131
1401,T,260803,044743,60.954872N,24.494232E,119,21.7,130
1402,T,260803,044744,60.954842N,24.494316E,119,21.3,129
1403,T,260803,044745,60.954803N,24.494402E,119,22.2,129
1404,T,260803,044746,60.954769N,24.494488E,119,22.2,129
1405,T,260803,044747,60.954727N,24.494576E,119,23.0,129
1406,T,260803,044748,60.954693N,24.494663E,119,23.0,129
1407,T,260803,044749,60.954655N,24.494757E,119,23.1,130
1408,T,260803,044750,60.954617N,24.494848E,119,23.5,130
1409,T,260803,044751,60.954578N,24.494940E,119,23.4,129
1410,T,260803,044752,60.954540N,24.495033E,119,23.8,129
1411,T,260803,044753,60.954498N,24.495125E,119,24.2,130
1412,T,260803,044754,60.954464N,24.495218E,118,23.2,129
1413,T,260803,044755,60.954430N,24.495312E,118,23.5,129
1414,T,260803,044756,60.954391N,24.495405E,119,23.5,129
1415,T,260803,044757,60.954353N,24.495504E,119,23.4,128
1416,T,260803,044758,60.954315N,24.495602E,119,23.4,128
1417,T,260803,044759,60.954281N,24.495695E,118,23.6,128
1418,T,260803,044800,60.954239N,24.495790E,118,24.2,128
1419,T,260803,044801,60.954201N,24.495884E,118,23.8,128
1420,T,260803,044802,60.954159N,24.495981E,118,24.2,128
1421,T,260803,044803,60.954121N,24.496078E,118,24.2,129
1422,T,260803,044804,60.954079N,24.496172E,117,23.3,129
1423,T,260803,044805,60.954041N,24.496265E,117,23.4,129
1424,T,260803,044806,60.953999N,24.496363E,117,23.4,129
1425,T,260803,044807,60.953960N,24.496456E,117,23.4,129
1426,T,260803,044808,60.953915N,24.496552E,117,23.5,129
1427,T,260803,044809,60.953880N,24.496649E,117,23.8,129
1428,T,260803,044810,60.953838N,24.496744E,118,23.8,129
1429,T,260803,044811,60.953800N,24.496838E,118,23.7,129
1430,T,260803,044812,60.953758N,24.496935E,118,24.2,130
1431,T,260803,044813,60.953720N,24.497030E,118,24.6,130
1432,T,260803,044814,60.953678N,24.497124E,118,23.2,129
1433,T,260803,044815,60.953644N,24.497219E,118,23.0,129
1434,T,260803,044816,60.953609N,24.497316E,118,24.1,129
1435,T,260803,044817,60.953568N,24.497412E,118,24.1,129
1436,T,260803,044818,60.953529N,24.497505E,118,24.0,129
1437,T,260803,044819,60.953491N,24.497602E,118,24.0,129
1438,T,260803,044820,60.953453N,24.497700E,118,24.0,129
1439,T,260803,044821,60.953415N,24.497795E,118,23.4,129
1440,T,260803,044822,60.953377N,24.497890E,118,24.4,129
1441,T,260803,044823,60.953339N,24.497984E,118,23.7,129
1442,T,260803,044824,60.953300N,24.498081E,118,23.8,129
1443,T,260803,044825,60.953262N,24.498178E,118,23.8,129
1444,T,260803,044826,60.953228N,24.498276E,118,23.7,128
1445,T,260803,044827,60.953194N,24.498377E,117,23.7,128
1446,T,260803,044828,60.953152N,24.498476E,117,23.3,129
1447,T,260803,044829,60.953114N,24.498568E,117,23.3,129
1448,T,260803,044830,60.953072N,24.498665E,117,23.2,129
1449,T,260803,044831,60.953037N,24.498758E,117,21.8,127
1450,T,260803,044832,60.952999N,24.498852E,117,21.9,127
1451,T,260803,044833,60.952961N,24.498941E,117,21.6,126
1452,T,260803,044834,60.952923N,24.499035E,116,22.6,127
1453,T,260803,044835,60.952888N,24.499126E,116,23.2,127
1454,T,260803,044836,60.952850N,24.499218E,115,22.9,128
1455,T,260803,044837,60.952816N,24.499311E,115,23.2,129
1456,T,260803,044838,60.952782N,24.499409E,115,23.2,130
1457,T,260803,044839,60.952740N,24.499504E,115,23.5,130
1458,T,260803,044840,60.952702N,24.499599E,114,24.2,131
1459,T,260803,044841,60.952660N,24.499699E,114,24.2,131
1460,T,260803,044842,60.952621N,24.499794E,115,23.7,131
1461,T,260803,044843,60.952583N,24.499889E,115,23.8,130
1462,T,260803,044844,60.952549N,24.499987E,114,23.7,129
1463,T,260803,044845,60.952511N,24.500084E,114,23.3,128
1464,T,260803,044846,60.952473N,24.500175E,114,23.3,128
1465,T,260803,044847,60.952435N,24.500273E,114,23.6,128
1466,T,260803,044848,60.952396N,24.500364E,114,23.6,129
1467,T,260803,044849,60.952358N,24.500458E,115,23.1,129
1468,T,260803,044850,60.952324N,24.500553E,115,23.5,129
1469,T,260803,044851,60.952290N,24.500654E,116,23.6,128
1470,T,260803,044852,60.952251N,24.500748E,116,23.5,128
1471,T,260803,044853,60.952217N,24.500843E,116,23.1,128
1472,T,260803,044854,60.952183N,24.500937E,116,23.1,128
1473,T,260803,044855,60.952148N,24.501030E,116,23.1,128
1474,T,260803,044856,60.952106N,24.501122E,116,23.2,129
1475,T,260803,044857,60.952072N,24.501213E,116,23.2,129
1476,T,260803,044858,60.952038N,24.501307E,116,23.3,129
1477,T,260803,044859,60.951996N,24.501406E,116,24.5,130
1478,T,260803,044900,60.951958N,24.501505E,116,23.8,129
1479,T,260803,044901,60.951916N,24.501598E,116,24.5,130
1480,T,260803,044902,60.951878N,24.501694E,116,24.3,130
1481,T,260803,044903,60.951836N,24.501787E,116,24.2,130
1482,T,260803,044904,60.951801N,24.501884E,116,24.7,129
1483,T,260803,044905,60.951756N,24.501982E,116,25.7,130
1484,T,260803,044906,60.951717N,24.502081E,116,24.4,129
1485,T,260803,044907,60.951675N,24.502176E,116,24.6,129
1486,T,260803,044908,60.951641N,24.502274E,116,24.1,129
1487,T,260803,044909,60.951599N,24.502373E,115,24.9,129
1488,T,260803,044910,60.951561N,24.502472E,115,24.9,129
1489,T,260803,044911,60.951523N,24.502571E,115,24.9,129
1490,T,260803,044912,60.951485N,24.502672E,115,25.5,129
1491,T,260803,044913,60.951447N,24.502769E,115,24.6,128
1492,T,260803,044914,60.951412N,24.502871E,114,24.3,127
1493,T,260803,044915,60.951378N,24.502972E,115,23.6,126
1494,T,260803,044916,60.951340N,24.503073E,114,23.5,126
1495,T,260803,044917,60.951302N,24.503168E,114,23.4,125
1496,T,260803,044918,60.951260N,24.503267E,114,24.6,126
1497,T,260803,044919,60.951218N,24.503376E,114,25.6,126
1498,T,260803,044920,60.951168N,24.503483E,114,25.9,128
1499,T,260803,044921,60.951118N,24.503586E,113,26.7,129
1500,T,260803,044922,60.951077N,24.503693E,113,27.1,130
1501,T,260803,044923,60.951031N,24.503796E,113,26.4,130
1502,T,260803,044924,60.950993N,24.503899E,113,26.4,130
1503,T,260803,044925,60.950951N,24.504002E,113,25.9,129
1504,T,260803,044926,60.950916N,24.504105E,113,25.6,128
1505,T,260803,044927,60.950871N,24.504211E,113,26.2,127
1506,T,260803,044928,60.950832N,24.504320E,113,26.0,127
1507,T,260803,044929,60.950783N,24.504425E,112,26.0,127
1508,T,260803,044930,60.950737N,24.504526E,112,25.3,127
1509,T,260803,044931,60.950691N,24.504639E,112,26.7,128
1510,T,260803,044932,60.950653N,24.504744E,112,27.2,129
1511,T,260803,044933,60.950607N,24.504854E,111,26.4,129
1512,T,260803,044934,60.950569N,24.504955E,111,25.1,129
1513,T,260803,044935,60.950527N,24.505056E,111,25.1,129
1514,T,260803,044936,60.950485N,24.505159E,111,25.0,129
1515,T,260803,044937,60.950439N,24.505260E,111,25.7,129
1516,T,260803,044938,60.950397N,24.505362E,111,25.6,129
1517,T,260803,044939,60.950352N,24.505465E,111,24.5,130
1518,T,260803,044940,60.950314N,24.505562E,111,24.5,129
1519,T,260803,044941,60.950272N,24.505663E,110,24.5,130
1520,T,260803,044942,60.950233N,24.505762E,111,24.2,130
1521,T,260803,044943,60.950188N,24.505861E,111,24.7,130
1522,T,260803,044944,60.950150N,24.505962E,111,24.1,130
1523,T,260803,044945,60.950108N,24.506060E,111,24.9,130
1524,T,260803,044946,60.950069N,24.506159E,112,24.6,130
1525,T,260803,044947,60.950024N,24.506256E,112,24.4,131
1526,T,260803,044948,60.949986N,24.506351E,112,24.3,131
1527,T,260803,044949,60.949944N,24.506449E,112,24.7,131
1528,T,260803,044950,60.949909N,24.506544E,113,23.7,131
1529,T,260803,044951,60.949871N,24.506639E,113,23.7,131
1530,T,260803,044952,60.949833N,24.506733E,114,23.4,131
1531,T,260803,044953,60.949791N,24.506811E,113,22.9,131
1532,T,260803,044954,60.949757N,24.506895E,113,22.8,131
1533,T,260803,044955,60.949715N,24.506975E,113,22.3,132
1534,T,260803,044956,60.949680N,24.507057E,113,21.9,132
1535,T,260803,044957,60.949642N,24.507141E,113,21.9,132
1536,T,260803,044958,60.949604N,24.507221E,113,21.7,132
1537,T,260803,044959,60.949570N,24.507301E,112,21.7,133
1538,T,260803,045000,60.949528N,24.507387E,112,21.7,132
1539,T,260803,045001,60.949493N,24.507469E,113,21.8,132
1540,T,260803,045002,60.949451N,24.507553E,113,21.8,132
1541,T,260803,045003,60.949421N,24.507635E,113,21.7,131
1542,T,260803,045004,60.949383N,24.507717E,113,21.7,132
1543,T,260803,045005,60.949348N,24.507797E,113,21.6,132
1544,T,260803,045006,60.949310N,24.507879E,113,21.6,133
1545,T,260803,045007,60.949272N,24.507961E,113,21.6,133
1546,T,260803,045008,60.949238N,24.508041E,113,21.5,134
1547,T,260803,045009,60.949200N,24.508121E,113,21.8,134
1548,T,260803,045010,60.949162N,24.508204E,113,21.8,134
1549,T,260803,045011,60.949123N,24.508284E,113,21.8,133
1550,T,260803,045012,60.949085N,24.508364E,113,21.8,134
1551,T,260803,045013,60.949043N,24.508442E,113,22.2,135
1552,T,260803,045014,60.949005N,24.508520E,113,22.2,135
1553,T,260803,045015,60.948967N,24.508600E,112,22.2,135
1554,T,260803,045016,60.948929N,24.508684E,112,22.3,135
1555,T,260803,045017,60.948887N,24.508764E,112,22.4,135
1556,T,260803,045018,60.948849N,24.508848E,112,22.5,135
1557,T,260803,045019,60.948807N,24.508932E,112,22.5,134
1558,T,260803,045020,60.948769N,24.509014E,112,21.7,134
1559,T,260803,045021,60.948727N,24.509090E,111,22.1,136
1560,T,260803,045022,60.948689N,24.509169E,111,22.5,136
1561,T,260803,045023,60.948647N,24.509251E,111,21.8,136
1562,T,260803,045024,60.948612N,24.509333E,111,22.3,135
1563,T,260803,045025,60.948570N,24.509417E,111,22.4,135
1564,T,260803,045026,60.948532N,24.509499E,111,22.5,135
1565,T,260803,045027,60.948486N,24.509583E,111,22.9,136
1566,T,260803,045028,60.948448N,24.509663E,111,22.8,136
1567,T,260803,045029,60.948402N,24.509743E,111,22.3,137
1568,T,260803,045030,60.948364N,24.509817E,111,21.7,137
1569,T,260803,045031,60.948322N,24.509895E,111,21.3,136
1570,T,260803,045032,60.948288N,24.509970E,111,20.8,136
1571,T,260803,045033,60.948250N,24.510044E,111,20.9,136
1572,T,260803,045034,60.948212N,24.510118E,111,21.5,136
1573,T,260803,045035,60.948170N,24.510195E,111,22.1,137
1574,T,260803,045036,60.948128N,24.510267E,111,22.7,137
1575,T,260803,045037,60.948086N,24.510349E,111,23.1,137
1576,T,260803,045038,60.948040N,24.510431E,110,23.7,137
1577,T,260803,045039,60.947994N,24.510515E,110,24.3,137
1578,T,260803,045040,60.947952N,24.510599E,110,24.6,137
1579,T,260803,045041,60.947903N,24.510687E,110,25.3,137
1580,T,260803,045042,60.947861N,24.510777E,110,25.2,136
1581,T,260803,045043,60.947811N,24.510866E,110,25.7,136
1582,T,260803,045044,60.947765N,24.510956E,110,25.7,136
1583,T,260803,045045,60.947716N,24.511049E,110,26.2,136
1584,T,260803,045046,60.947674N,24.511145E,110,26.1,136
1585,T,260803,045047,60.947624N,24.511236E,110,26.1,135
1586,T,260803,045048,60.947575N,24.511332E,110,26.2,135
1587,T,260803,045049,60.947529N,24.511429E,109,26.6,135
1588,T,260803,045050,60.947479N,24.511524E,109,26.5,134
1589,T,260803,045051,60.947437N,24.511623E,109,26.6,134
1590,T,260803,045052,60.947392N,24.511726E,109,26.7,132
1591,T,260803,045053,60.947346N,24.511831E,109,27.0,131
1592,T,260803,045054,60.947300N,24.511938E,109,27.1,131
1593,T,260803,045055,60.947254N,24.512045E,109,27.2,130
1594,T,260803,045056,60.947208N,24.512152E,109,27.2,130
1595,T,260803,045057,60.947166N,24.512260E,109,27.3,129
1596,T,260803,045058,60.947124N,24.512369E,109,27.4,129
1597,T,260803,045059,60.947079N,24.512480E,109,27.5,129
1598,T,260803,045100,60.947037N,24.512589E,109,27.5,128
1599,T,260803,045101,60.946995N,24.512697E,109,27.5,129
1600,T,260803,045102,60.946953N,24.512808E,109,27.5,129
1601,T,260803,045103,60.946911N,24.512917E,109,27.2,129
1602,T,260803,045104,60.946869N,24.513023E,109,27.2,129
1603,T,260803,045105,60.946823N,24.513130E,109,26.9,130
1604,T,260803,045106,60.946781N,24.513231E,109,26.6,131
1605,T,260803,045107,60.946735N,24.513334E,109,26.5,132
1606,T,260803,045108,60.946693N,24.513433E,109,26.4,132
1607,T,260803,045109,60.946648N,24.513527E,109,26.3,133
1608,T,260803,045110,60.946602N,24.513624E,109,26.2,133
1609,T,260803,045111,60.946556N,24.513720E,108,26.1,133
1610,T,260803,045112,60.946510N,24.513817E,108,25.8,133
1611,T,260803,045113,60.946468N,24.513914E,108,25.7,133
1612,T,260803,045114,60.946423N,24.514006E,108,25.7,134
1613,T,260803,045115,60.946381N,24.514097E,108,25.7,135
1614,T,260803,045116,60.946331N,24.514193E,108,25.7,135
1615,T,260803,045117,60.946289N,24.514286E,108,25.6,135
1616,T,260803,045118,60.946239N,24.514376E,108,25.7,137
1617,T,260803,045119,60.946194N,24.514463E,108,25.7,137
1618,T,260803,045120,60.946144N,24.514553E,108,25.7,138
1619,T,260803,045121,60.946095N,24.514645E,108,25.7,138
1620,T,260803,045122,60.946049N,24.514730E,108,25.7,139
1621,T,260803,045123,60.945995N,24.514814E,108,25.7,139
1622,T,260803,045124,60.945950N,24.514896E,108,25.2,140
1623,T,260803,045125,60.945896N,24.514977E,107,25.2,141
1624,T,260803,045126,60.945847N,24.515057E,107,25.1,142
1625,T,260803,045127,60.945801N,24.515137E,107,25.0,142
1626,T,260803,045128,60.945747N,24.515219E,107,25.0,142
1627,T,260803,045129,60.945702N,24.515297E,107,25.0,143
1628,T,260803,045130,60.945648N,24.515371E,107,24.9,143
1629,T,260803,045131,60.945595N,24.515446E,107,24.8,144
1630,T,260803,045132,60.945549N,24.515522E,107,24.4,144
1631,T,260803,045133,60.945499N,24.515594E,107,24.3,144
1632,T,260803,045134,60.945450N,24.515665E,107,24.4,144
1633,T,260803,045135,60.945396N,24.515738E,107,24.7,145
1634,T,260803,045136,60.945343N,24.515810E,107,24.7,146
1635,T,260803,045137,60.945293N,24.515884E,107,24.8,146
1636,T,260803,045138,60.945240N,24.515953E,107,25.2,146
1637,T,260803,045139,60.945187N,24.516026E,107,25.2,146
1638,T,260803,045140,60.945133N,24.516096E,107,25.8,147
1639,T,260803,045141,60.945080N,24.516165E,107,25.8,148
1640,T,260803,045142,60.945019N,24.516233E,107,25.8,148
1641,T,260803,045143,60.944969N,24.516302E,107,25.9,148
1642,T,260803,045144,60.944912N,24.516373E,107,26.0,148
1643,T,260803,045145,60.944851N,24.516441E,106,26.1,149
1644,T,260803,045146,60.944798N,24.516512E,106,26.1,149
1645,T,260803,045147,60.944740N,24.516582E,106,26.5,149
1646,T,260803,045148,60.944679N,24.516651E,106,26.6,149
1647,T,260803,045149,60.944618N,24.516722E,106,27.2,149
1648,T,260803,045150,60.944561N,24.516792E,106,27.2,149
1649,T,260803,045151,60.944500N,24.516863E,106,27.2,149
1650,T,260803,045152,60.944439N,24.516928E,106,27.2,150
1651,T,260803,045153,60.944382N,24.516996E,106,27.3,151
1652,T,260803,045154,60.944321N,24.517061E,106,27.3,151
1653,T,260803,045155,60.944260N,24.517128E,105,27.3,151
1654,T,260803,045156,60.944199N,24.517195E,105,27.3,152
1655,T,260803,045157,60.944138N,24.517258E,105,27.3,152
1656,T,260803,045158,60.944077N,24.517321E,105,27.2,153
1657,T,260803,045159,60.944016N,24.517380E,105,26.7,153
1658,T,260803,045200,60.943954N,24.517441E,104,26.8,154
1659,T,260803,045201,60.943897N,24.517502E,104,26.6,154
1660,T,260803,045202,60.943832N,24.517555E,104,26.2,155
1661,T,260803,045203,60.943771N,24.517609E,104,26.2,156
1662,T,260803,045204,60.943710N,24.517656E,103,26.2,157
1663,T,260803,045205,60.943649N,24.517706E,103,26.5,158
1664,T,260803,045206,60.943588N,24.517756E,103,26.8,158
1665,T,260803,045207,60.943523N,24.517803E,103,26.8,158
1666,T,260803,045208,60.943459N,24.517855E,102,27.4,159
1667,T,260803,045209,60.943398N,24.517902E,102,27.3,160
1668,T,260803,045210,60.943329N,24.517946E,102,27.4,160
1669,T,260803,045211,60.943264N,24.517994E,101,27.8,161
1670,T,260803,045212,60.943199N,24.518040E,101,28.2,161
1671,T,260803,045213,60.943130N,24.518087E,101,28.5,161
1672,T,260803,045214,60.943066N,24.518133E,101,28.6,162
1673,T,260803,045215,60.942997N,24.518181E,100,28.6,162
1674,T,260803,045216,60.942924N,24.518227E,100,29.1,162
1675,T,260803,045217,60.942856N,24.518272E,100,29.2,163
1676,T,260803,045218,60.942783N,24.518316E,100,29.5,163
1677,T,260803,045219,60.942711N,24.518360E,99,29.6,163
1678,T,260803,045220,60.942642N,24.518404E,99,29.6,163
1679,T,260803,045221,60.942574N,24.518450E,98,29.3,163
1680,T,260803,045222,60.942501N,24.518496E,98,29.2,163
1681,T,260803,045223,60.942432N,24.518536E,98,28.9,163
1682,T,260803,045224,60.942360N,24.518578E,98,28.5,163
1683,T,260803,045225,60.942291N,24.518618E,98,28.9,164
1684,T,260803,045226,60.942219N,24.518654E,98,29.0,165
1685,T,260803,045227,60.942150N,24.518690E,98,29.4,165
1686,T,260803,045228,60.942081N,24.518728E,97,29.5,165
1687,T,260803,045229,60.942009N,24.518768E,97,29.6,164
1688,T,260803,045230,60.941936N,24.518812E,97,29.5,163
1689,T,260803,045231,60.941868N,24.518856E,97,29.4,162
1690,T,260803,045232,60.941795N,24.518904E,97,29.5,161
1691,T,260803,045233,60.941727N,24.518951E,96,29.5,161
1692,T,260803,045234,60.941654N,24.519005E,96,29.8,160
1693,T,260803,045235,60.941582N,24.519064E,96,29.9,158
1694,T,260803,045236,60.941509N,24.519123E,96,31.7,157
1695,T,260803,045237,60.941437N,24.519184E,96,30.5,156
1696,T,260803,045238,60.941364N,24.519247E,96,30.6,155
1697,T,260803,045239,60.941296N,24.519316E,96,30.6,154
1698,T,260803,045240,60.941223N,24.519381E,96,30.1,155
1699,T,260803,045241,60.941154N,24.519444E,95,30.1,155
1700,T,260803,045242,60.941090N,24.519505E,95,29.7,155
1701,T,260803,045243,60.941021N,24.519564E,95,29.7,156
1702,T,260803,045244,60.940952N,24.519625E,95,29.7,156
1703,T,260803,045245,60.940887N,24.519684E,95,29.0,156
1704,T,260803,045246,60.940819N,24.519747E,95,29.0,155
1705,T,260803,045247,60.940758N,24.519812E,94,28.7,154
1706,T,260803,045248,60.940693N,24.519878E,94,29.1,153
1707,T,260803,045249,60.940628N,24.519943E,94,28.4,153
1708,T,260803,045250,60.940563N,24.520008E,94,28.4,153
1709,T,260803,045251,60.940502N,24.520067E,94,27.7,154
1710,T,260803,045252,60.940441N,24.520123E,94,27.8,156
1711,T,260803,045253,60.940372N,24.520174E,94,27.9,157
1712,T,260803,045254,60.940308N,24.520229E,93,28.3,157
1713,T,260803,045255,60.940239N,24.520290E,93,28.2,156
1714,T,260803,045256,60.940182N,24.520346E,93,27.8,155
1715,T,260803,045257,60.940117N,24.520405E,93,27.4,155
1716,T,260803,045258,60.940056N,24.520462E,93,27.5,155
1717,T,260803,045259,60.939991N,24.520517E,93,27.0,156
1718,T,260803,045300,60.939934N,24.520578E,93,27.1,155
1719,T,260803,045301,60.939873N,24.520636E,93,27.0,155
1720,T,260803,045302,60.939808N,24.520697E,93,26.9,155
1721,T,260803,045303,60.939743N,24.520750E,93,27.3,155
1722,T,260803,045304,60.939678N,24.520805E,93,27.4,156
1723,T,260803,045305,60.939621N,24.520864E,93,27.4,156
1724,T,260803,045306,60.939556N,24.520927E,93,27.5,156
1725,T,260803,045307,60.939487N,24.520988E,93,27.5,156
1726,T,260803,045308,60.939419N,24.521044E,93,27.5,156
1727,T,260803,045309,60.939358N,24.521105E,94,27.5,157
1728,T,260803,045310,60.939293N,24.521154E,93,27.1,157
1729,T,260803,045311,60.939232N,24.521212E,93,27.2,157
1730,T,260803,045312,60.939167N,24.521271E,93,27.4,157
1731,T,260803,045313,60.939102N,24.521330E,93,27.5,156
1732,T,260803,045314,60.939041N,24.521391E,93,27.5,156
1733,T,260803,045315,60.938976N,24.521450E,93,27.4,155
1734,T,260803,045316,60.938915N,24.521507E,94,27.5,156
1735,T,260803,045317,60.938854N,24.521566E,93,26.7,155
1736,T,260803,045318,60.938793N,24.521624E,93,27.3,155
1737,T,260803,045319,60.938728N,24.521683E,93,27.4,155
1738,T,260803,045320,60.938663N,24.521744E,93,26.9,155
1739,T,260803,045321,60.938602N,24.521797E,93,26.6,155
1740,T,260803,045322,60.938545N,24.521854E,93,26.7,156
1741,T,260803,045323,60.938480N,24.521904E,93,27.2,156
1742,T,260803,045324,60.938419N,24.521955E,93,27.1,156
1743,T,260803,045325,60.938354N,24.522015E,93,27.2,156
1744,T,260803,045326,60.938297N,24.522068E,94,27.3,156
1745,T,260803,045327,60.938232N,24.522121E,94,26.9,156
1746,T,260803,045328,60.938171N,24.522177E,95,26.4,156
1747,T,260803,045329,60.938110N,24.522232E,95,26.3,156
1748,T,260803,045330,60.938053N,24.522284E,95,26.3,156
1749,T,260803,045331,60.937992N,24.522335E,95,26.0,156
1750,T,260803,045332,60.937931N,24.522392E,95,26.0,155
1751,T,260803,045333,60.937874N,24.522444E,95,25.9,155
1752,T,260803,045334,60.937813N,24.522495E,95,25.7,156
1753,T,260803,045335,60.937752N,24.522545E,94,25.7,156
1754,T,260803,045336,60.937691N,24.522596E,94,25.6,156
1755,T,260803,045337,60.937630N,24.522642E,94,25.6,156
1756,T,260803,045338,60.937569N,24.522694E,94,25.9,156
1757,T,260803,045339,60.937508N,24.522749E,93,26.1,155
1758,T,260803,045340,60.937447N,24.522804E,93,26.1,155
1759,T,260803,045341,60.937389N,24.522861E,93,26.2,155
1760,T,260803,045342,60.937328N,24.522917E,93,26.4,155
1761,T,260803,045343,60.937267N,24.522972E,93,26.4,156
1762,T,260803,045344,60.937202N,24.523024E,92,26.4,156
1763,T,260803,045345,60.937145N,24.523081E,92,26.0,156
1764,T,260803,045346,60.937088N,24.523134E,92,26.0,156
1765,T,260803,045347,60.937027N,24.523188E,92,25.9,155
1766,T,260803,045348,60.936970N,24.523245E,92,25.4,155
1767,T,260803,045349,60.936913N,24.523302E,92,25.5,154
1768,T,260803,045350,60.936852N,24.523355E,92,25.6,154
1769,T,260803,045351,60.936794N,24.523415E,91,25.7,154
1770,T,260803,045352,60.936737N,24.523468E,91,25.8,155
1771,T,260803,045353,60.936676N,24.523523E,91,25.8,155
1772,T,260803,045354,60.936619N,24.523579E,91,25.9,155
1773,T,260803,045355,60.936562N,24.523636E,91,26.0,154
1774,T,260803,045356,60.936504N,24.523693E,91,26.0,154
1775,T,260803,045357,60.936443N,24.523750E,90,25.9,154
1776,T,260803,045358,60.936386N,24.523806E,90,25.4,154
1777,T,260803,045359,60.936329N,24.523857E,90,25.1,155
1778,T,260803,045400,60.936272N,24.523914E,90,25.2,154
1779,T,260803,045401,60.936214N,24.523970E,90,25.4,154
1780,T,260803,045402,60.936161N,24.524029E,90,25.4,154
1781,T,260803,045403,60.936100N,24.524086E,90,25.4,154
1782,T,260803,045404,60.936043N,24.524143E,89,25.5,153
1783,T,260803,045405,60.935986N,24.524202E,89,25.6,154
1784,T,260803,045406,60.935928N,24.524260E,89,25.7,154
1785,T,260803,045407,60.935867N,24.524319E,89,25.8,154
1786,T,260803,045408,60.935806N,24.524382E,89,25.8,153
1787,T,260803,045409,60.935753N,24.524445E,89,25.5,153
1788,T,260803,045410,60.935696N,24.524498E,89,25.3,153
1789,T,260803,045411,60.935638N,24.524555E,89,25.2,153
1790,T,260803,045412,60.935585N,24.524614E,89,24.9,153
1791,T,260803,045413,60.935528N,24.524668E,89,24.8,153
1792,T,260803,045414,60.935471N,24.524723E,89,24.7,153
1793,T,260803,045415,60.935421N,24.524778E,89,24.0,153
1794,T,260803,045416,60.935364N,24.524834E,89,23.6,153
1795,T,260803,045417,60.935310N,24.524891E,89,23.2,152
1796,T,260803,045418,60.935261N,24.524944E,89,23.1,152
1797,T,260803,045419,60.935207N,24.524998E,89,23.1,152
1798,T,260803,045420,60.935158N,24.525051E,89,23.0,153
1799,T,260803,045421,60.935104N,24.525105E,89,23.1,152
1800,T,260803,045422,60.935051N,24.525162E,89,23.2,152
1801,T,260803,045423,60.935005N,24.525215E,89,23.2,152
1802,T,260803,045424,60.934952N,24.525270E,89,23.3,152
1803,T,260803,045425,60.934898N,24.525324E,89,23.3,152
1804,T,260803,045426,60.934849N,24.525377E,89,23.3,153
1805,T,260803,045427,60.934795N,24.525433E,89,23.3,152
1806,T,260803,045428,60.934746N,24.525484E,89,23.3,152
1807,T,260803,045429,60.934692N,24.525537E,89,23.3,153
1808,T,260803,045430,60.934639N,24.525593E,89,23.4,152
1809,T,260803,045431,60.934589N,24.525646E,89,23.5,153
1810,T,260803,045432,60.934536N,24.525700E,89,23.7,153
1811,T,260803,045433,60.934479N,24.525755E,89,23.7,153
1812,T,260803,045434,60.934429N,24.525808E,89,24.0,153
1813,T,260803,045435,60.934376N,24.525864E,89,24.0,153
1814,T,260803,045436,60.934322N,24.525921E,89,23.1,152
1815,T,260803,045437,60.934273N,24.525976E,89,23.2,152
1816,T,260803,045438,60.934219N,24.526030E,89,22.8,152
1817,T,260803,045439,60.934170N,24.526089E,88,23.3,152
1818,T,260803,045440,60.934116N,24.526144E,88,22.9,152
1819,T,260803,045441,60.934063N,24.526201E,88,23.0,152
1820,T,260803,045442,60.934017N,24.526257E,88,22.9,152
1821,T,260803,045443,60.933960N,24.526310E,88,23.0,153
1822,T,260803,045444,60.933910N,24.526365E,88,23.0,153
1823,T,260803,045445,60.933861N,24.526424E,88,23.1,152
1824,T,260803,045446,60.933807N,24.526478E,88,23.1,152
1825,T,260803,045447,60.933758N,24.526531E,87,23.2,152
1826,T,260803,045448,60.933704N,24.526585E,87,23.2,152
1827,T,260803,045449,60.933651N,24.526640E,87,23.1,153
1828,T,260803,045450,60.933601N,24.526693E,87,23.1,153
1829,T,260803,045451,60.933548N,24.526749E,87,23.1,152
1830,T,260803,045452,60.933495N,24.526802E,87,23.1,152
1831,T,260803,045453,60.933445N,24.526855E,87,23.0,153
1832,T,260803,045454,60.933392N,24.526909E,87,22.9,153
1833,T,260803,045455,60.933338N,24.526960E,87,22.8,153
1834,T,260803,045456,60.933289N,24.527012E,87,22.5,153
1835,T,260803,045457,60.933239N,24.527061E,87,22.5,153
1836,T,260803,045458,60.933189N,24.527115E,87,22.5,153
1837,T,260803,045459,60.933140N,24.527164E,87,22.6,153
1838,T,260803,045500,60.933086N,24.527218E,87,22.8,152
1839,T,260803,045501,60.933037N,24.527269E,87,22.9,152
1840,T,260803,045502,60.932983N,24.527325E,88,23.2,152
1841,T,260803,045503,60.932934N,24.527376E,88,23.3,153
1842,T,260803,045504,60.932880N,24.527430E,88,23.4,153
1843,T,260803,045505,60.932827N,24.527485E,88,23.4,153
1844,T,260803,045506,60.932777N,24.527538E,88,23.5,153
1845,T,260803,045507,60.932724N,24.527592E,88,23.5,153
1846,T,260803,045508,60.932671N,24.527643E,88,23.6,153
1847,T,260803,045509,60.932617N,24.527699E,88,23.6,153
1848,T,260803,045510,60.932564N,24.527756E,88,23.6,153
1849,T,260803,045511,60.932510N,24.527809E,88,23.6,152
1850,T,260803,045512,60.932457N,24.527864E,88,23.6,153
1851,T,260803,045513,60.932400N,24.527916E,88,23.6,152
1852,T,260803,045514,60.932350N,24.527969E,88,23.5,152
1853,T,260803,045515,60.932301N,24.528027E,88,23.5,153
1854,T,260803,045516,60.932247N,24.528082E,88,23.5,152
1855,T,260803,045517,60.932198N,24.528135E,88,23.5,152
1856,T,260803,045518,60.932144N,24.528194E,88,23.4,152
1857,T,260803,045519,60.932091N,24.528248E,88,23.4,152
1858,T,260803,045520,60.932041N,24.528301E,88,23.4,153
1859,T,260803,045521,60.931988N,24.528357E,88,23.3,153
1860,T,260803,045522,60.931934N,24.528408E,88,23.3,153
1861,T,260803,045523,60.931885N,24.528463E,88,23.3,153
1862,T,260803,045524,60.931831N,24.528521E,89,23.0,152
1863,T,260803,045525,60.931782N,24.528574E,89,23.0,152
1864,T,260803,045526,60.931728N,24.528624E,89,23.0,153
1865,T,260803,045527,60.931679N,24.528679E,89,23.1,153
1866,T,260803,045528,60.931629N,24.528730E,89,23.0,153
1867,T,260803,045529,60.931576N,24.528782E,89,23.0,153
1868,T,260803,045530,60.931526N,24.528835E,89,23.0,152
1869,T,260803,045531,60.931480N,24.528889E,89,22.6,152
1870,T,260803,045532,60.931427N,24.528942E,89,22.5,152
1871,T,260803,045533,60.931381N,24.528996E,90,22.6,152
1872,T,260803,045534,60.931328N,24.529045E,90,22.5,152
1873,T,260803,045535,60.931278N,24.529102E,90,22.1,152
1874,T,260803,045536,60.931232N,24.529152E,90,21.6,152
1875,T,260803,045537,60.931183N,24.529202E,90,21.5,152
1876,T,260803,045538,60.931137N,24.529251E,90,21.4,152
1877,T,260803,045539,60.931087N,24.529301E,90,21.4,153
1878,T,260803,045540,60.931042N,24.529348E,90,21.7,153
1879,T,260803,045541,60.930992N,24.529396E,90,21.6,153
1880,T,260803,045542,60.930943N,24.529444E,90,21.6,153
1881,T,260803,045543,60.930901N,24.529493E,90,21.2,153
1882,T,260803,045544,60.930851N,24.529545E,90,21.2,153
1883,T,260803,045545,60.930809N,24.529596E,90,21.1,152
1884,T,260803,045546,60.930759N,24.529648E,90,21.2,152
1885,T,260803,045547,60.930714N,24.529701E,91,21.2,152
1886,T,260803,045548,60.930664N,24.529753E,91,21.1,152
1887,T,260803,045549,60.930618N,24.529799E,91,21.1,153
1888,T,260803,045550,60.930573N,24.529848E,91,20.7,153
1889,T,260803,045551,60.930527N,24.529896E,91,20.7,153
1890,T,260803,045552,60.930481N,24.529942E,91,20.9,153
1891,T,260803,045553,60.930431N,24.529989E,91,21.5,153
1892,T,260803,045554,60.930386N,24.530039E,92,21.0,153
1893,T,260803,045555,60.930336N,24.530090E,92,21.2,152
1894,T,260803,045556,60.930286N,24.530140E,92,21.2,152
1895,T,260803,045557,60.930241N,24.530188E,92,21.2,152
1896,T,260803,045558,60.930191N,24.530235E,92,21.2,153
1897,T,260803,045559,60.930145N,24.530285E,92,21.1,153
1898,T,260803,045600,60.930096N,24.530336E,92,21.1,153
1899,T,260803,045601,60.930050N,24.530384E,92,21.6,153
1900,T,260803,045602,60.930000N,24.530436E,92,21.5,153
1901,T,260803,045603,60.929951N,24.530483E,91,21.6,153
1902,T,260803,045604,60.929901N,24.530537E,91,21.6,153
1903,T,260803,045605,60.929852N,24.530586E,91,21.6,153
1904,T,260803,045606,60.929806N,24.530636E,91,21.5,153
1905,T,260803,045607,60.929756N,24.530684E,91,21.5,153
1906,T,260803,045608,60.929707N,24.530733E,91,21.4,153
1907,T,260803,045609,60.929661N,24.530785E,91,21.4,152
1908,T,260803,045610,60.929611N,24.530836E,91,21.4,152
1909,T,260803,045611,60.929565N,24.530882E,91,21.3,152
1910,T,260803,045612,60.929516N,24.530928E,91,21.3,153
1911,T,260803,045613,60.929466N,24.530979E,91,21.6,153
1912,T,260803,045614,60.929420N,24.531029E,91,21.3,153
1913,T,260803,045615,60.929371N,24.531080E,91,21.4,153
1914,T,260803,045616,60.929325N,24.531126E,91,21.5,153
1915,T,260803,045617,60.929276N,24.531176E,91,21.1,152
1916,T,260803,045618,60.929234N,24.531223E,91,21.1,153
1917,T,260803,045619,60.929180N,24.531275E,91,21.2,152
1918,T,260803,045620,60.929131N,24.531322E,91,21.7,153
1919,T,260803,045621,60.929089N,24.531376E,92,21.7,152
1920,T,260803,045622,60.929035N,24.531429E,92,22.3,153
1921,T,260803,045623,60.928989N,24.531485E,92,22.0,153
1922,T,260803,045624,60.928936N,24.531536E,92,22.0,153
1923,T,260803,045625,60.928886N,24.531588E,93,21.9,153
1924,T,260803,045626,60.928837N,24.531645E,93,22.3,152
1925,T,260803,045627,60.928787N,24.531700E,93,22.0,152
1926,T,260803,045628,60.928741N,24.531752E,93,22.0,152
1927,T,260803,045629,60.928688N,24.531801E,93,21.9,152
1928,T,260803,045630,60.928638N,24.531855E,94,22.0,153
1929,T,260803,045631,60.928589N,24.531904E,94,22.1,153
1930,T,260803,045632,60.928535N,24.531956E,94,22.2,153
1931,T,260803,045633,60.928490N,24.532007E,94,22.2,153
1932,T,260803,045634,60.928436N,24.532059E,94,22.1,153
1933,T,260803,045635,60.928387N,24.532112E,94,22.1,153
1934,T,260803,045636,60.928341N,24.532166E,94,22.0,152
1935,T,260803,045637,60.928288N,24.532221E,94,22.5,152
1936,T,260803,045638,60.928242N,24.532276E,94,22.4,152
1937,T,260803,045639,60.928188N,24.532328E,94,22.8,152
1938,T,260803,045640,60.928135N,24.532377E,95,22.8,153
1939,T,260803,045641,60.928085N,24.532433E,95,22.8,153
1940,T,260803,045642,60.928032N,24.532482E,94,23.3,153
1941,T,260803,045643,60.927975N,24.532524E,94,23.3,154
1942,T,260803,045644,60.927925N,24.532574E,94,23.2,154
1943,T,260803,045645,60.927872N,24.532623E,95,22.9,153
1944,T,260803,045646,60.927818N,24.532679E,95,23.0,153
1945,T,260803,045647,60.927769N,24.532734E,95,23.5,153
1946,T,260803,045648,60.927715N,24.532787E,95,23.4,153
1947,T,260803,045649,60.927666N,24.532843E,95,23.3,153
1948,T,260803,045650,60.927612N,24.532896E,95,23.3,153
1949,T,260803,045651,60.927559N,24.532951E,95,23.2,153
1950,T,260803,045652,60.927509N,24.533005E,95,23.2,153
1951,T,260803,045653,60.927456N,24.533060E,95,23.3,153
1952,T,260803,045654,60.927402N,24.533113E,96,23.3,153
1953,T,260803,045655,60.927353N,24.533171E,95,23.3,152
1954,T,260803,045656,60.927299N,24.533224E,95,22.1,153
1955,T,260803,045657,60.927246N,24.533278E,95,22.9,152
1956,T,260803,045658,60.927197N,24.533333E,95,22.9,153
1957,T,260803,045659,60.927143N,24.533384E,95,22.9,153
1958,T,260803,045700,60.927094N,24.533436E,95,22.8,154
1959,T,260803,045701,60.927040N,24.533487E,95,23.1,153
1960,T,260803,045702,60.926987N,24.533539E,95,23.1,153
1961,T,260803,045703,60.926937N,24.533590E,95,23.0,153
1962,T,260803,045704,60.926884N,24.533642E,95,23.0,153
1963,T,260803,045705,60.926830N,24.533693E,95,23.3,153
1964,T,260803,045706,60.926781N,24.533749E,95,23.3,153
1965,T,260803,045707,60.926727N,24.533802E,95,23.3,153
1966,T,260803,045708,60.926678N,24.533855E,95,23.5,153
1967,T,260803,045709,60.926624N,24.533909E,95,23.5,153
1968,T,260803,045710,60.926571N,24.533962E,95,23.4,153
1969,T,260803,045711,60.926521N,24.534016E,95,23.5,153
1970,T,260803,045712,60.926472N,24.534069E,95,23.4,153
1971,T,260803,045713,60.926418N,24.534122E,95,23.4,153
1972,T,260803,045714,60.926369N,24.534174E,95,23.4,153
1973,T,260803,045715,60.926315N,24.534224E,95,23.5,153
1974,T,260803,045716,60.926262N,24.534275E,95,23.5,153
1975,T,260803,045717,60.926208N,24.534332E,95,23.5,153
1976,T,260803,045718,60.926155N,24.534386E,95,23.1,153
1977,T,260803,045719,60.926105N,24.534443E,95,23.1,153
1978,T,260803,045720,60.926056N,24.534496E,95,23.2,153
1979,T,260803,045721,60.926003N,24.534548E,95,23.2,153
1980,T,260803,045722,60.925953N,24.534601E,95,23.1,153
1981,T,260803,045723,60.925900N,24.534658E,95,23.2,153
1982,T,260803,045724,60.925846N,24.534714E,95,23.6,153
1983,T,260803,045725,60.925797N,24.534767E,95,23.7,153
1984,T,260803,045726,60.925743N,24.534824E,96,23.7,153
1985,T,260803,045727,60.925690N,24.534878E,96,23.9,153
1986,T,260803,045728,60.925636N,24.534933E,96,24.0,153
1987,T,260803,045729,60.925579N,24.534988E,96,24.0,153
1988,T,260803,045730,60.925529N,24.535044E,96,24.1,153
1989,T,260803,045731,60.925472N,24.535101E,96,24.1,153
1990,T,260803,045732,60.925419N,24.535154E,95,24.2,153
1991,T,260803,045733,60.925365N,24.535208E,95,24.2,153
1992,T,260803,045734,60.925312N,24.535263E,95,23.8,153
1993,T,260803,045735,60.925259N,24.535320E,95,23.8,153
1994,T,260803,045736,60.925205N,24.535374E,95,23.4,153
1995,T,260803,045737,60.925152N,24.535425E,95,23.4,153
1996,T,260803,045738,60.925098N,24.535482E,95,23.5,152
1997,T,260803,045739,60.925049N,24.535536E,95,23.5,152
1998,T,260803,045740,60.924995N,24.535591E,95,23.6,152
1999,T,260803,045741,60.924946N,24.535648E,95,23.8,152
2000,T,260803,045742,60.924889N,24.535704E,95,23.8,152
2001,T,260803,045743,60.924839N,24.535763E,96,23.8,152
2002,T,260803,045744,60.924789N,24.535818E,96,23.8,152
2003,T,260803,045745,60.924736N,24.535873E,96,23.7,152
2004,T,260803,045746,60.924679N,24.535927E,96,23.7,152
2005,T,260803,045747,60.924633N,24.535980E,96,23.6,152
2006,T,260803,045748,60.924576N,24.536036E,96,23.6,152
2007,T,260803,045749,60.924522N,24.536093E,96,23.9,153
2008,T,260803,045750,60.924473N,24.536148E,96,23.9,153
2009,T,260803,045751,60.924416N,24.536203E,96,23.8,152
2010,T,260803,045752,60.924362N,24.536264E,96,23.8,152
2011,T,260803,045753,60.924313N,24.536324E,96,23.8,152
2012,T,260803,045754,60.924259N,24.536383E,97,23.8,151
2013,T,260803,045755,60.924210N,24.536438E,97,23.7,151
2014,T,260803,045756,60.924160N,24.536495E,97,23.7,151
2015,T,260803,045757,60.924103N,24.536554E,97,23.7,151
2016,T,260803,045758,60.924053N,24.536610E,97,23.6,151
2017,T,260803,045759,60.924000N,24.536671E,97,23.6,151
2018,T,260803,045800,60.923950N,24.536726E,97,23.5,151
2019,T,260803,045801,60.923901N,24.536783E,98,23.5,151
2020,T,260803,045802,60.923847N,24.536844E,98,23.5,151
2021,T,260803,045803,60.923798N,24.536903E,98,23.5,151
2022,T,260803,045804,60.923744N,24.536963E,98,23.6,151
2023,T,260803,045805,60.923691N,24.537024E,98,23.6,150
2024,T,260803,045806,60.923641N,24.537083E,99,23.6,150
2025,T,260803,045807,60.923588N,24.537140E,99,23.5,150
2026,T,260803,045808,60.923538N,24.537201E,99,23.5,150
2027,T,260803,045809,60.923489N,24.537260E,99,23.5,150
2028,T,260803,045810,60.923435N,24.537317E,99,23.5,150
2029,T,260803,045811,60.923386N,24.537378E,99,23.5,150
2030,T,260803,045812,60.923332N,24.537437E,99,23.5,149
2031,T,260803,045813,60.923279N,24.537498E,99,23.8,149
2032,T,260803,045814,60.923233N,24.537560E,99,23.7,149
2033,T,260803,045815,60.923180N,24.537624E,99,23.8,149
2034,T,260803,045816,60.923126N,24.537683E,99,23.8,149
2035,T,260803,045817,60.923077N,24.537745E,99,23.5,149
2036,T,260803,045818,60.923023N,24.537809E,99,23.9,150
2037,T,260803,045819,60.922974N,24.537872E,99,23.9,149
2038,T,260803,045820,60.922920N,24.537933E,99,23.8,149
2039,T,260803,045821,60.922871N,24.537996E,99,23.4,149
2040,T,260803,045822,60.922821N,24.538059E,99,24.0,148
2041,T,260803,045823,60.922768N,24.538124E,99,23.8,148
2042,T,260803,045824,60.922722N,24.538183E,99,23.5,148
2043,T,260803,045825,60.922672N,24.538244E,99,23.5,148
2044,T,260803,045826,60.922619N,24.538307E,99,23.5,148
2045,T,260803,045827,60.922569N,24.538372E,99,23.5,148
2046,T,260803,045828,60.922520N,24.538437E,99,23.1,148
2047,T,260803,045829,60.922470N,24.538496E,99,22.5,148
2048,T,260803,045830,60.922424N,24.538555E,99,22.2,148
2049,T,260803,045831,60.922379N,24.538616E,99,21.5,148
2050,T,260803,045832,60.922337N,24.538675E,99,21.0,147
2051,T,260803,045833,60.922287N,24.538733E,99,21.0,147
2052,T,260803,045834,60.922249N,24.538790E,99,20.3,147
2053,T,260803,045835,60.922203N,24.538843E,99,20.2,147
2054,T,260803,045836,60.922161N,24.538900E,99,19.7,147
2055,T,260803,045837,60.922119N,24.538956E,99,19.3,147
2056,T,260803,045838,60.922081N,24.539007E,99,19.3,147
2057,T,260803,045839,60.922039N,24.539064E,99,18.8,146
2058,T,260803,045840,60.922001N,24.539114E,99,19.2,147
2059,T,260803,045841,60.921959N,24.539165E,99,18.7,147
2060,T,260803,045842,60.921921N,24.539219E,99,18.1,146
2061,T,260803,045843,60.921883N,24.539270E,99,17.6,147
2062,T,260803,045844,60.921844N,24.539318E,99,17.2,147
2063,T,260803,045845,60.921806N,24.539366E,99,17.3,146
2064,T,260803,045846,60.921772N,24.539415E,99,17.3,147
2065,T,260803,045847,60.921738N,24.539457E,99,17.3,147
2066,T,260803,045848,60.921700N,24.539503E,99,17.3,147
2067,T,260803,045849,60.921665N,24.539557E,99,17.4,147
2068,T,260803,045850,60.921627N,24.539604E,99,17.3,147
2069,T,260803,045851,60.921593N,24.539650E,99,17.4,146
2070,T,260803,045852,60.921555N,24.539698E,99,17.4,147
2071,T,260803,045853,60.921520N,24.539745E,99,17.7,147
2072,T,260803,045854,60.921486N,24.539797E,99,17.3,147
2073,T,260803,045855,60.921448N,24.539846E,99,17.6,147
2074,T,260803,045856,60.921413N,24.539898E,99,17.2,147
2075,T,260803,045857,60.921375N,24.539948E,100,17.2,147
2076,T,260803,045858,60.921341N,24.539995E,99,17.2,147
2077,T,260803,045859,60.921303N,24.540047E,100,17.2,147
2078,T,260803,045900,60.921268N,24.540096E,100,17.1,146
2079,T,260803,045901,60.921230N,24.540142E,100,17.0,147
2080,T,260803,045902,60.921196N,24.540188E,99,17.4,146
2081,T,260803,045903,60.921162N,24.540237E,99,16.7,146
2082,T,260803,045904,60.921124N,24.540289E,99,16.7,145
2083,T,260803,045905,60.921093N,24.540342E,99,16.7,144
2084,T,260803,045906,60.921059N,24.540394E,99,16.6,144
2085,T,260803,045907,60.921024N,24.540442E,100,16.6,144
2086,T,260803,045908,60.920986N,24.540487E,99,16.5,145
2087,T,260803,045909,60.920952N,24.540537E,99,16.2,146
2088,T,260803,045910,60.920921N,24.540581E,99,15.5,148
2089,T,260803,045911,60.920887N,24.540630E,100,16.0,142
2090,T,260803,045912,60.920853N,24.540684E,100,17.1,144
2091,T,260803,045913,60.920815N,24.540733E,100,17.3,144
2092,T,260803,045914,60.920780N,24.540779E,101,16.9,145
2093,T,260803,045915,60.920746N,24.540831E,101,17.3,145
2094,T,260803,045916,60.920704N,24.540878E,101,17.3,146
2095,T,260803,045917,60.920670N,24.540924E,101,17.2,147
2096,T,260803,045918,60.920624N,24.540972E,101,16.6,148
2097,T,260803,045919,60.920589N,24.541019E,101,17.1,143
2098,T,260803,045920,60.920551N,24.541075E,102,17.7,143
2099,T,260803,045921,60.920517N,24.541119E,103,16.7,144
2100,T,260803,045922,60.920479N,24.541162E,103,17.3,143
2101,T,260803,045923,60.920444N,24.541216E,104,16.9,143
2102,T,260803,045924,60.920406N,24.541264E,104,16.5,146
2103,T,260803,045925,60.920372N,24.541313E,104,17.0,146
2104,T,260803,045926,60.920341N,24.541363E,105,17.4,145
2105,T,260803,045927,60.920300N,24.541414E,105,16.9,146
2106,T,260803,045928,60.920261N,24.541466E,105,17.0,145
2107,T,260803,045929,60.920227N,24.541517E,105,16.6,145
2108,T,260803,045930,60.920193N,24.541573E,106,16.5,144
2109,T,260803,045931,60.920151N,24.541628E,105,17.6,143
2110,T,260803,045932,60.920116N,24.541683E,105,17.6,143
2111,T,260803,045933,60.920074N,24.541733E,105,17.6,143
2112,T,260803,045934,60.920036N,24.541782E,105,18.4,144
2113,T,260803,045935,60.919998N,24.541836E,105,17.6,144
2114,T,260803,045936,60.919960N,24.541889E,105,17.6,144
2115,T,260803,045937,60.919926N,24.541945E,105,17.6,144
2116,T,260803,045938,60.919888N,24.541994E,105,17.8,145
2117,T,260803,045939,60.919849N,24.542046E,105,18.9,146
2118,T,260803,045940,60.919811N,24.542101E,105,18.3,146
2119,T,260803,045941,60.919773N,24.542152E,105,18.2,147
2120,T,260803,045942,60.919731N,24.542202E,105,18.1,145
2121,T,260803,045943,60.919693N,24.542253E,106,17.6,145
2122,T,260803,045944,60.919651N,24.542292E,106,17.5,145
2123,T,260803,045945,60.919613N,24.542337E,107,17.6,145
2124,T,260803,045946,60.919571N,24.542385E,107,17.5,146
2125,T,260803,045947,60.919529N,24.542437E,107,18.2,147
2126,T,260803,045948,60.919487N,24.542490E,107,17.8,146
2127,T,260803,045949,60.919445N,24.542557E,107,17.8,146
2128,T,260803,045950,60.919395N,24.542591E,107,17.9,145
2129,T,260803,045951,60.919353N,24.542643E,107,18.2,151
2130,T,260803,045952,60.919308N,24.542694E,107,18.7,148
2131,T,260803,045953,60.919270N,24.542749E,107,18.9,147
2132,T,260803,045954,60.919228N,24.542805E,107,19.0,147
2133,T,260803,045955,60.919182N,24.542866E,107,20.1,146
2134,T,260803,045956,60.919140N,24.542933E,107,20.6,147
2135,T,260803,045957,60.919090N,24.542994E,107,21.3,147
2136,T,260803,045958,60.919048N,24.543049E,107,20.4,147
2137,T,260803,045959,60.919006N,24.543102E,107,19.9,147
2138,T,260803,050000,60.918964N,24.543161E,107,20.0,146
2139,T,260803,050001,60.918922N,24.543226E,108,20.0,144
2140,T,260803,050002,60.918880N,24.543283E,109,20.9,144
2141,T,260803,050003,60.918835N,24.543348E,108,21.4,145
2142,T,260803,050004,60.918793N,24.543409E,108,21.3,146
2143,T,260803,050005,60.918743N,24.543468E,109,21.3,147
2144,T,260803,050006,60.918697N,24.543530E,109,21.3,146
2145,T,260803,050007,60.918652N,24.543596E,109,21.4,145
2146,T,260803,050008,60.918610N,24.543659E,109,21.2,145
2147,T,260803,050009,60.918564N,24.543722E,109,21.5,146
2148,T,260803,050010,60.918514N,24.543783E,109,21.5,146
2149,T,260803,050011,60.918472N,24.543848E,110,22.0,146
2150,T,260803,050012,60.918419N,24.543913E,110,22.0,147
2151,T,260803,050013,60.918377N,24.543972E,110,21.8,147
2152,T,260803,050014,60.918327N,24.544031E,110,21.7,146
2153,T,260803,050015,60.918285N,24.544096E,110,21.7,146
2154,T,260803,050016,60.918236N,24.544155E,109,21.8,146
2155,T,260803,050017,60.918186N,24.544218E,109,22.7,146
2156,T,260803,050018,60.918140N,24.544283E,109,22.6,147
2157,T,260803,050019,60.918087N,24.544346E,109,22.8,147
2158,T,260803,050020,60.918037N,24.544418E,108,23.1,146
2159,T,260803,050021,60.917984N,24.544483E,108,23.1,146
2160,T,260803,050022,60.917934N,24.544552E,108,23.5,145
2161,T,260803,050023,60.917885N,24.544619E,108,24.0,146
2162,T,260803,050024,60.917831N,24.544683E,107,24.7,147
2163,T,260803,050025,60.917782N,24.544754E,107,25.4,147
2164,T,260803,050026,60.917725N,24.544821E,106,24.0,148
2165,T,260803,050027,60.917671N,24.544888E,106,24.6,147
2166,T,260803,050028,60.917622N,24.544958E,106,24.7,147
2167,T,260803,050029,60.917568N,24.545033E,105,25.6,147
2168,T,260803,050030,60.917511N,24.545107E,104,26.2,147
2169,T,260803,050031,60.917458N,24.545181E,104,26.6,146
2170,T,260803,050032,60.917400N,24.545258E,104,26.7,147
2171,T,260803,050033,60.917343N,24.545334E,103,26.1,147
2172,T,260803,050034,60.917294N,24.545406E,103,26.1,147
2173,T,260803,050035,60.917236N,24.545483E,103,26.2,147
2174,T,260803,050036,60.917183N,24.545555E,102,26.2,147
2175,T,260803,050037,60.917130N,24.545628E,102,26.2,147
2176,T,260803,050038,60.917076N,24.545704E,103,25.6,146
2177,T,260803,050039,60.917023N,24.545776E,103,25.0,146
2178,T,260803,050040,60.916973N,24.545851E,103,25.2,146
2179,T,260803,050041,60.916924N,24.545921E,102,24.7,146
2180,T,260803,050042,60.916870N,24.545992E,102,25.2,146
2181,T,260803,050043,60.916817N,24.546064E,102,25.8,146
2182,T,260803,050044,60.916759N,24.546139E,102,25.3,146
2183,T,260803,050045,60.916710N,24.546211E,102,25.0,146
2184,T,260803,050046,60.916656N,24.546284E,101,25.1,147
2185,T,260803,050047,60.916599N,24.546358E,101,25.2,146
2186,T,260803,050048,60.916550N,24.546436E,101,25.6,145
2187,T,260803,050049,60.916492N,24.546518E,101,26.0,144
2188,T,260803,050050,60.916435N,24.546597E,101,26.3,145
2189,T,260803,050051,60.916374N,24.546677E,101,27.5,145
2190,T,260803,050052,60.916321N,24.546757E,101,28.1,146
2191,T,260803,050053,60.916260N,24.546839E,100,28.2,146
2192,T,260803,050054,60.916199N,24.546921E,100,28.1,146
2193,T,260803,050055,60.916142N,24.547001E,100,28.2,146
2194,T,260803,050056,60.916080N,24.547075E,100,28.5,147
2195,T,260803,050057,60.916019N,24.547155E,99,28.7,147
2196,T,260803,050058,60.915955N,24.547235E,99,28.3,147
2197,T,260803,050059,60.915901N,24.547316E,99,28.4,147
2198,T,260803,050100,60.915840N,24.547398E,99,28.4,147
2199,T,260803,050101,60.915775N,24.547483E,99,28.4,147
2200,T,260803,050102,60.915722N,24.547567E,99,28.0,146
2201,T,260803,050103,60.915661N,24.547649E,99,27.9,146
2202,T,260803,050104,60.915604N,24.547726E,98,27.3,146
2203,T,260803,050105,60.915546N,24.547804E,99,26.8,147
2204,T,260803,050106,60.915489N,24.547876E,99,26.8,148
2205,T,260803,050107,60.915432N,24.547953E,99,27.4,147
2206,T,260803,050108,60.915371N,24.548029E,99,27.5,148
2207,T,260803,050109,60.915318N,24.548105E,99,27.5,147
2208,T,260803,050110,60.915257N,24.548178E,100,27.0,147
2209,T,260803,050111,60.915195N,24.548246E,100,26.7,148
2210,T,260803,050112,60.915134N,24.548309E,100,26.3,149
2211,T,260803,050113,60.915077N,24.548374E,100,26.3,149
2212,T,260803,050114,60.915020N,24.548441E,100,25.8,150
2213,T,260803,050115,60.914963N,24.548504E,100,25.2,150
2214,T,260803,050116,60.914909N,24.548567E,100,24.8,150
2215,T,260803,050117,60.914852N,24.548630E,100,24.4,150
2216,T,260803,050118,60.914799N,24.548691E,100,24.3,150
2217,T,260803,050119,60.914749N,24.548752E,100,24.3,150
2218,T,260803,050120,60.914696N,24.548817E,100,24.3,149
2219,T,260803,050121,60.914642N,24.548882E,100,24.3,149
2220,T,260803,050122,60.914597N,24.548946E,101,24.0,149
2221,T,260803,050123,60.914551N,24.549009E,101,23.2,149
2222,T,260803,050124,60.914501N,24.549065E,101,22.8,150
2223,T,260803,050125,60.914452N,24.549122E,101,22.4,150
2224,T,260803,050126,60.914410N,24.549183E,102,21.7,150
2225,T,260803,050127,60.914364N,24.549238E,102,20.9,150
2226,T,260803,050128,60.914322N,24.549286E,103,20.8,151
2227,T,260803,050129,60.914276N,24.549335E,103,20.8,151
2228,T,260803,050130,60.914230N,24.549389E,103,20.3,151
2229,T,260803,050131,60.914188N,24.549438E,104,19.8,151
2230,T,260803,050132,60.914143N,24.549488E,104,19.8,150
2231,T,260803,050133,60.914104N,24.549534E,104,19.7,151
2232,T,260803,050134,60.914059N,24.549576E,103,19.6,151
2233,T,260803,050135,60.914017N,24.549616E,103,19.7,152
2234,T,260803,050136,60.913967N,24.549660E,103,19.7,153
2235,T,260803,050137,60.913925N,24.549702E,103,19.7,153
2236,T,260803,050138,60.913879N,24.549744E,102,19.7,153
2237,T,260803,050139,60.913837N,24.549784E,102,20.2,152
2238,T,260803,050140,60.913788N,24.549831E,102,20.3,153
2239,T,260803,050141,60.913746N,24.549879E,103,20.5,153
2240,T,260803,050142,60.913696N,24.549931E,103,20.8,152
2241,T,260803,050143,60.913647N,24.549978E,102,21.2,152
2242,T,260803,050144,60.913601N,24.550026E,102,21.2,153
2243,T,260803,050145,60.913551N,24.550076E,102,20.5,153
2244,T,260803,050146,60.913506N,24.550121E,103,20.6,153
2245,T,260803,050147,60.913460N,24.550167E,102,20.5,154
2246,T,260803,050148,60.913406N,24.550215E,102,20.8,154
2247,T,260803,050149,60.913361N,24.550259E,102,20.7,154
2248,T,260803,050150,60.913311N,24.550303E,102,20.7,155
2249,T,260803,050151,60.913265N,24.550346E,102,21.2,155
2250,T,260803,050152,60.913216N,24.550394E,102,20.9,155
2251,T,260803,050153,60.913162N,24.550442E,102,21.4,155
2252,T,260803,050154,60.913113N,24.550486E,102,21.3,155
2253,T,260803,050155,60.913063N,24.550531E,102,21.3,155
2254,T,260803,050156,60.913017N,24.550577E,102,21.3,156
2255,T,260803,050157,60.912968N,24.550623E,102,21.3,156
2256,T,260803,050158,60.912922N,24.550665E,102,21.3,157
2257,T,260803,050159,60.912872N,24.550703E,102,21.2,157
2258,T,260803,050200,60.912819N,24.550751E,102,21.3,157
2259,T,260803,050201,60.912769N,24.550795E,102,21.7,157
2260,T,260803,050202,60.912720N,24.550837E,102,21.7,158
2261,T,260803,050203,60.912666N,24.550880E,102,21.8,158
2262,T,260803,050204,60.912621N,24.550926E,101,21.9,157
2263,T,260803,050205,60.912567N,24.550972E,101,22.3,157
2264,T,260803,050206,60.912518N,24.551016E,101,22.5,157
2265,T,260803,050207,60.912460N,24.551058E,101,23.0,157
2266,T,260803,050208,60.912407N,24.551100E,101,23.1,158
2267,T,260803,050209,60.912354N,24.551140E,101,23.2,158
2268,T,260803,050210,60.912300N,24.551182E,101,23.2,159
2269,T,260803,050211,60.912243N,24.551220E,101,23.3,159
2270,T,260803,050212,60.912189N,24.551264E,100,23.8,159
2271,T,260803,050213,60.912132N,24.551308E,100,23.7,159
2272,T,260803,050214,60.912079N,24.551352E,100,23.8,159
2273,T,260803,050215,60.912022N,24.551395E,100,24.4,159
2274,T,260803,050216,60.911964N,24.551437E,100,24.3,159
2275,T,260803,050217,60.911907N,24.551481E,100,24.5,159
2276,T,260803,050218,60.911846N,24.551523E,99,24.5,160
2277,T,260803,050219,60.911793N,24.551565E,99,24.0,160
2278,T,260803,050220,60.911736N,24.551603E,99,23.3,160
2279,T,260803,050221,60.911678N,24.551643E,98,23.2,160
2280,T,260803,050222,60.911625N,24.551683E,98,23.5,161
2281,T,260803,050223,60.911568N,24.551723E,98,23.5,160
2282,T,260803,050224,60.911510N,24.551769E,97,24.5,160
2283,T,260803,050225,60.911453N,24.551817E,97,25.0,160
2284,T,260803,050226,60.911388N,24.551861E,97,25.9,161
2285,T,260803,050227,60.911324N,24.551905E,96,26.6,161
2286,T,260803,050228,60.911251N,24.551945E,96,26.3,161
2287,T,260803,050229,60.911186N,24.551987E,96,26.2,162
2288,T,260803,050230,60.911121N,24.552029E,96,26.2,162
2289,T,260803,050231,60.911060N,24.552073E,96,26.0,162
2290,T,260803,050232,60.910995N,24.552114E,96,25.6,162
2291,T,260803,050233,60.910934N,24.552153E,95,25.1,162
2292,T,260803,050234,60.910877N,24.552195E,95,24.5,162
2293,T,260803,050235,60.910820N,24.552233E,95,24.4,163
2294,T,260803,050236,60.910759N,24.552263E,95,23.8,163
2295,T,260803,050237,60.910706N,24.552294E,95,23.3,163
2296,T,260803,050238,60.910648N,24.552319E,96,23.4,164
2297,T,260803,050239,60.910583N,24.552341E,96,24.2,166
2298,T,260803,050240,60.910522N,24.552366E,96,25.5,166
2299,T,260803,050241,60.910461N,24.552402E,96,26.7,166
2300,T,260803,050242,60.910389N,24.552443E,96,27.3,165
2301,T,260803,050243,60.910320N,24.552479E,96,27.3,165
2302,T,260803,050244,60.910255N,24.552517E,97,27.6,164
2303,T,260803,050245,60.910187N,24.552546E,97,27.5,165
2304,T,260803,050246,60.910118N,24.552582E,97,28.2,166
2305,T,260803,050247,60.910049N,24.552620E,97,28.3,166
2306,T,260803,050248,60.909981N,24.552660E,97,27.5,166
2307,T,260803,050249,60.909916N,24.552700E,97,27.6,165
2308,T,260803,050250,60.909847N,24.552736E,97,27.7,165
2309,T,260803,050251,60.909779N,24.552771E,97,27.6,166
2310,T,260803,050252,60.909714N,24.552805E,97,27.5,166
2311,T,260803,050253,60.909649N,24.552837E,98,27.2,166
2312,T,260803,050254,60.909580N,24.552874E,98,27.3,166
2313,T,260803,050255,60.909512N,24.552893E,97,26.8,167
2314,T,260803,050256,60.909439N,24.552921E,98,26.7,167
2315,T,260803,050257,60.909374N,24.552956E,98,26.4,168
2316,T,260803,050258,60.909309N,24.552984E,98,26.4,168
2317,T,260803,050259,60.909245N,24.553015E,97,25.8,168
2318,T,260803,050300,60.909180N,24.553040E,97,25.4,168
2319,T,260803,050301,60.909119N,24.553066E,97,24.8,168
2320,T,260803,050302,60.909058N,24.553097E,97,24.9,168
2321,T,260803,050303,60.908993N,24.553123E,97,25.3,168
2322,T,260803,050304,60.908928N,24.553148E,97,24.6,167
2323,T,260803,050305,60.908871N,24.553177E,97,23.8,167
2324,T,260803,050306,60.908813N,24.553200E,96,23.8,168
2325,T,260803,050307,60.908756N,24.553225E,96,23.0,168
2326,T,260803,050308,60.908699N,24.553246E,95,23.3,169
2327,T,260803,050309,60.908642N,24.553267E,95,23.2,169
2328,T,260803,050310,60.908585N,24.553286E,95,23.1,170
2329,T,260803,050311,60.908524N,24.553310E,95,23.0,170
2330,T,260803,050312,60.908466N,24.553335E,95,22.6,169
2331,T,260803,050313,60.908409N,24.553358E,95,22.6,169
2332,T,260803,050314,60.908352N,24.553385E,94,22.5,168
2333,T,260803,050315,60.908298N,24.553404E,94,21.6,168
2334,T,260803,050316,60.908245N,24.553425E,94,21.0,169
2335,T,260803,050317,60.908192N,24.553444E,94,20.9,168
2336,T,260803,050318,60.908138N,24.553465E,94,20.6,168
2337,T,260803,050319,60.908089N,24.553484E,94,20.5,168
2338,T,260803,050320,60.908035N,24.553497E,94,21.2,169
2339,T,260803,050321,60.907982N,24.553514E,95,21.2,169
2340,T,260803,050322,60.907928N,24.553534E,95,21.6,169
2341,T,260803,050323,60.907871N,24.553556E,95,21.5,169
2342,T,260803,050324,60.907822N,24.553576E,95,21.5,169
2343,T,260803,050325,60.907764N,24.553595E,96,22.1,169
2344,T,260803,050326,60.907703N,24.553619E,96,22.0,169
2345,T,260803,050327,60.907646N,24.553640E,96,21.6,169
2346,T,260803,050328,60.907597N,24.553661E,96,21.6,169
2347,T,260803,050329,60.907543N,24.553684E,96,21.7,168
2348,T,260803,050330,60.907490N,24.553703E,96,21.9,168
2349,T,260803,050331,60.907436N,24.553724E,96,22.2,169
2350,T,260803,050332,60.907379N,24.553743E,96,22.4,168
2351,T,260803,050333,60.907326N,24.553766E,96,22.8,168
2352,T,260803,050334,60.907269N,24.553789E,96,23.1,168
2353,T,260803,050335,60.907211N,24.553814E,95,23.2,168
2354,T,260803,050336,60.907150N,24.553837E,95,23.5,168
2355,T,260803,050337,60.907097N,24.553862E,95,23.4,168
2356,T,260803,050338,60.907040N,24.553886E,95,23.5,167
2357,T,260803,050339,60.906979N,24.553913E,95,23.6,168
2358,T,260803,050340,60.906921N,24.553940E,95,24.0,167
2359,T,260803,050341,60.906864N,24.553967E,95,24.0,167
2360,T,260803,050342,60.906803N,24.553993E,95,24.1,167
2361,T,260803,050343,60.906742N,24.554020E,94,24.2,167
2362,T,260803,050344,60.906685N,24.554049E,94,24.5,167
2363,T,260803,050345,60.906624N,24.554075E,94,24.6,167
2364,T,260803,050346,60.906563N,24.554102E,94,25.0,167
2365,T,260803,050347,60.906506N,24.554131E,94,25.0,166
2366,T,260803,050348,60.906441N,24.554161E,94,25.4,166
2367,T,260803,050349,60.906380N,24.554193E,94,25.5,166
2368,T,260803,050350,60.906315N,24.554224E,94,25.8,166
2369,T,260803,050351,60.906258N,24.554253E,94,25.8,166
2370,T,260803,050352,60.906193N,24.554279E,94,26.2,166
2371,T,260803,050353,60.906128N,24.554312E,94,26.1,166
2372,T,260803,050354,60.906063N,24.554342E,94,26.2,166
2373,T,260803,050355,60.905998N,24.554377E,93,26.2,165
2374,T,260803,050356,60.905941N,24.554407E,93,26.2,165
2375,T,260803,050357,60.905876N,24.554440E,93,26.1,165
2376,T,260803,050358,60.905811N,24.554472E,93,26.1,165
2377,T,260803,050359,60.905750N,24.554504E,93,26.1,165
2378,T,260803,050400,60.905689N,24.554537E,93,26.1,165
2379,T,260803,050401,60.905624N,24.554571E,93,26.2,165
2380,T,260803,050402,60.905560N,24.554605E,93,26.2,165
2381,T,260803,050403,60.905495N,24.554644E,93,26.2,165
2382,T,260803,050404,60.905434N,24.554678E,92,26.6,165
2383,T,260803,050405,60.905369N,24.554716E,92,26.5,164
2384,T,260803,050406,60.905304N,24.554752E,92,26.4,164
2385,T,260803,050407,60.905239N,24.554789E,92,26.4,164
2386,T,260803,050408,60.905174N,24.554825E,92,26.4,164
2387,T,260803,050409,60.905113N,24.554859E,92,26.7,164
2388,T,260803,050410,60.905048N,24.554895E,91,26.7,164
2389,T,260803,050411,60.904984N,24.554932E,91,26.7,164
2390,T,260803,050412,60.904919N,24.554966E,91,26.7,164
2391,T,260803,050413,60.904858N,24.555002E,91,26.7,164
2392,T,260803,050414,60.904793N,24.555040E,91,26.7,164
2393,T,260803,050415,60.904728N,24.555079E,91,26.6,164
2394,T,260803,050416,60.904663N,24.555117E,91,26.2,164
2395,T,260803,050417,60.904598N,24.555149E,91,26.3,164
2396,T,260803,050418,60.904537N,24.555185E,90,26.3,164
2397,T,260803,050419,60.904472N,24.555223E,90,26.4,164
2398,T,260803,050420,60.904408N,24.555260E,90,26.5,164
2399,T,260803,050421,60.904346N,24.555296E,90,26.6,164
2400,T,260803,050422,60.904282N,24.555330E,90,26.7,164
2401,T,260803,050423,60.904217N,24.555365E,90,27.1,165
2402,T,260803,050424,60.904152N,24.555403E,89,27.0,165
2403,T,260803,050425,60.904083N,24.555437E,89,27.1,164
2404,T,260803,050426,60.904018N,24.555475E,89,27.0,164
2405,T,260803,050427,60.903957N,24.555511E,89,26.8,164
2406,T,260803,050428,60.903889N,24.555550E,89,26.7,163
2407,T,260803,050429,60.903828N,24.555584E,89,26.4,164
2408,T,260803,050430,60.903763N,24.555622E,89,26.4,164
2409,T,260803,050431,60.903702N,24.555656E,88,26.4,164
2410,T,260803,050432,60.903637N,24.555693E,88,26.4,164
2411,T,260803,050433,60.903572N,24.555723E,88,26.8,164
2412,T,260803,050434,60.903507N,24.555759E,88,26.9,164
2413,T,260803,050435,60.903439N,24.555798E,88,27.0,164
2414,T,260803,050436,60.903378N,24.555836E,88,27.2,164
2415,T,260803,050437,60.903313N,24.555876E,88,27.5,164
2416,T,260803,050438,60.903244N,24.555914E,88,27.5,164
2417,T,260803,050439,60.903179N,24.555952E,88,27.5,164
2418,T,260803,050440,60.903111N,24.555990E,88,27.5,164
2419,T,260803,050441,60.903049N,24.556026E,87,27.3,164
2420,T,260803,050442,60.902981N,24.556065E,87,27.2,164
2421,T,260803,050443,60.902916N,24.556105E,87,27.1,164
2422,T,260803,050444,60.902851N,24.556137E,87,26.5,164
2423,T,260803,050445,60.902786N,24.556173E,87,26.4,164
2424,T,260803,050446,60.902725N,24.556208E,87,26.3,164
2425,T,260803,050447,60.902660N,24.556244E,87,25.9,164
2426,T,260803,050448,60.902599N,24.556278E,87,25.9,164
2427,T,260803,050449,60.902534N,24.556314E,87,25.7,164
2428,T,260803,050450,60.902473N,24.556349E,87,25.8,164
2429,T,260803,050451,60.902412N,24.556381E,87,25.7,164
2430,T,260803,050452,60.902351N,24.556417E,87,25.7,164
2431,T,260803,050453,60.902287N,24.556454E,87,25.3,164
2432,T,260803,050454,60.902229N,24.556486E,87,25.3,164
2433,T,260803,050455,60.902168N,24.556522E,87,25.3,164
2434,T,260803,050456,60.902107N,24.556557E,86,25.4,164
2435,T,260803,050457,60.902042N,24.556589E,86,25.5,164
2436,T,260803,050458,60.901981N,24.556623E,86,25.8,164
2437,T,260803,050459,60.901917N,24.556658E,86,26.0,164
2438,T,260803,050500,60.901855N,24.556694E,86,26.1,164
2439,T,260803,050501,60.901791N,24.556732E,86,26.6,163
2440,T,260803,050502,60.901730N,24.556768E,86,26.6,164
2441,T,260803,050503,60.901669N,24.556807E,86,26.7,164
2442,T,260803,050504,60.901604N,24.556845E,86,27.2,164
2443,T,260803,050505,60.901539N,24.556881E,86,27.2,164
2444,T,260803,050506,60.901470N,24.556917E,86,27.3,164
2445,T,260803,050507,60.901409N,24.556953E,85,27.3,164
2446,T,260803,050508,60.901340N,24.556990E,85,27.4,164
2447,T,260803,050509,60.901276N,24.557026E,85,27.5,164
2448,T,260803,050510,60.901207N,24.557064E,85,27.6,164
2449,T,260803,050511,60.901142N,24.557102E,85,27.6,164
2450,T,260803,050512,60.901081N,24.557140E,85,27.6,164
2451,T,260803,050513,60.901012N,24.557177E,85,27.5,164
2452,T,260803,050514,60.900948N,24.557215E,85,27.5,164
2453,T,260803,050515,60.900879N,24.557253E,85,27.4,164
2454,T,260803,050516,60.900818N,24.557289E,85,27.4,164
2455,T,260803,050517,60.900753N,24.557327E,84,27.7,164
2456,T,260803,050518,60.900684N,24.557364E,84,27.8,164
2457,T,260803,050519,60.900616N,24.557404E,84,27.8,164
2458,T,260803,050520,60.900551N,24.557440E,84,27.8,164
2459,T,260803,050521,60.900478N,24.557478E,84,28.0,164
2460,T,260803,050522,60.900417N,24.557516E,84,28.0,164
2461,T,260803,050523,60.900349N,24.557556E,84,28.0,164
2462,T,260803,050524,60.900280N,24.557592E,83,28.0,164
2463,T,260803,050525,60.900211N,24.557632E,83,28.0,164
2464,T,260803,050526,60.900143N,24.557673E,83,28.0,164
2465,T,260803,050527,60.900078N,24.557713E,83,27.9,164
2466,T,260803,050528,60.900009N,24.557749E,83,27.6,164
2467,T,260803,050529,60.899944N,24.557783E,83,27.6,164
2468,T,260803,050530,60.899876N,24.557817E,83,27.2,165
2469,T,260803,050531,60.899807N,24.557856E,83,26.9,164
2470,T,260803,050532,60.899742N,24.557894E,83,26.8,164
2471,T,260803,050533,60.899681N,24.557930E,83,26.5,165
2472,T,260803,050534,60.899620N,24.557964E,83,26.1,164
2473,T,260803,050535,60.899555N,24.558002E,83,25.7,164
2474,T,260803,050536,60.899494N,24.558039E,83,25.5,164
2475,T,260803,050537,60.899437N,24.558075E,83,25.0,164
2476,T,260803,050538,60.899376N,24.558107E,83,24.6,163
2477,T,260803,050539,60.899315N,24.558144E,83,24.2,163
2478,T,260803,050540,60.899261N,24.558176E,83,23.8,164
2479,T,260803,050541,60.899204N,24.558210E,83,23.7,163
2480,T,260803,050542,60.899147N,24.558245E,83,23.6,163
2481,T,260803,050543,60.899090N,24.558277E,83,23.6,163
2482,T,260803,050544,60.899033N,24.558313E,83,23.5,163
2483,T,260803,050545,60.898975N,24.558348E,82,23.5,163
2484,T,260803,050546,60.898918N,24.558382E,82,23.5,163
2485,T,260803,050547,60.898865N,24.558416E,82,23.5,163
2486,T,260803,050548,60.898808N,24.558453E,82,23.6,163
2487,T,260803,050549,60.898750N,24.558487E,82,23.7,163
2488,T,260803,050550,60.898693N,24.558523E,82,23.7,163
2489,T,260803,050551,60.898636N,24.558559E,82,23.8,163
2490,T,260803,050552,60.898579N,24.558596E,82,23.9,163
2491,T,260803,050553,60.898521N,24.558636E,82,23.9,162
2492,T,260803,050554,60.898464N,24.558676E,82,24.0,162
2493,T,260803,050555,60.898407N,24.558714E,82,24.1,161
2494,T,260803,050556,60.898354N,24.558750E,81,24.1,161
2495,T,260803,050557,60.898296N,24.558788E,81,24.1,161
2496,T,260803,050558,60.898239N,24.558828E,81,23.6,161
2497,T,260803,050559,60.898186N,24.558868E,81,23.6,161
2498,T,260803,050600,60.898129N,24.558910E,81,23.7,160
2499,T,260803,050601,60.898071N,24.558954E,81,23.7,160
2500,T,260803,050602,60.898018N,24.558992E,81,23.6,160
2501,T,260803,050603,60.897964N,24.559036E,81,23.7,160
2502,T,260803,050604,60.897907N,24.559076E,81,24.0,160
2503,T,260803,050605,60.897846N,24.559120E,81,24.1,160
2504,T,260803,050606,60.897793N,24.559162E,81,24.2,160
2505,T,260803,050607,60.897736N,24.559204E,81,24.3,159
2506,T,260803,050608,60.897678N,24.559246E,81,24.3,159
2507,T,260803,050609,60.897621N,24.559290E,80,24.4,159
2508,T,260803,050610,60.897564N,24.559336E,80,24.4,159
2509,T,260803,050611,60.897503N,24.559380E,80,24.4,159
2510,T,260803,050612,60.897449N,24.559425E,80,24.4,158
2511,T,260803,050613,60.897392N,24.559477E,80,24.4,158
2512,T,260803,050614,60.897335N,24.559525E,80,24.4,157
2513,T,260803,050615,60.897282N,24.559572E,80,24.4,157
2514,T,260803,050616,60.897221N,24.559618E,80,24.4,157
2515,T,260803,050617,60.897163N,24.559664E,80,24.7,157
2516,T,260803,050618,60.897102N,24.559713E,80,24.7,157
2517,T,260803,050619,60.897049N,24.559761E,79,24.7,157
2518,T,260803,050620,60.896992N,24.559813E,79,24.8,157
2519,T,260803,050621,60.896931N,24.559862E,79,24.9,157
2520,T,260803,050622,60.896877N,24.559912E,79,24.9,156
2521,T,260803,050623,60.896820N,24.559961E,79,24.9,156
2522,T,260803,050624,60.896763N,24.560013E,79,24.9,156
2523,T,260803,050625,60.896709N,24.560064E,79,24.9,156
2524,T,260803,050626,60.896652N,24.560116E,79,24.5,155
2525,T,260803,050627,60.896595N,24.560169E,79,24.7,155
2526,T,260803,050628,60.896542N,24.560223E,79,25.0,155
2527,T,260803,050629,60.896481N,24.560274E,79,25.4,155
2528,T,260803,050630,60.896423N,24.560324E,79,25.5,156
2529,T,260803,050631,60.896362N,24.560377E,79,25.5,156
2530,T,260803,050632,60.896309N,24.560434E,79,25.6,156
2531,T,260803,050633,60.896248N,24.560486E,79,25.6,156
2532,T,260803,050634,60.896191N,24.560539E,78,25.6,156
2533,T,260803,050635,60.896133N,24.560596E,79,25.6,156
2534,T,260803,050636,60.896076N,24.560650E,78,25.6,155
2535,T,260803,050637,60.896019N,24.560701E,78,25.5,155
2536,T,260803,050638,60.895962N,24.560757E,78,25.5,155
2537,T,260803,050639,60.895905N,24.560814E,78,25.5,155
2538,T,260803,050640,60.895847N,24.560867E,78,25.5,155
2539,T,260803,050641,60.895786N,24.560923E,78,25.4,155
2540,T,260803,050642,60.895729N,24.560976E,78,25.4,155
2541,T,260803,050643,60.895672N,24.561031E,78,26.0,155
2542,T,260803,050644,60.895611N,24.561089E,78,26.3,155
2543,T,260803,050645,60.895554N,24.561144E,78,26.4,155
2544,T,260803,050646,60.895493N,24.561201E,78,26.3,155
2545,T,260803,050647,60.895432N,24.561256E,78,25.4,156
2546,T,260803,050648,60.895374N,24.561308E,78,25.4,156
2547,T,260803,050649,60.895321N,24.561363E,78,25.9,156
2548,T,260803,050650,60.895260N,24.561420E,78,25.8,155
2549,T,260803,050651,60.895199N,24.561476E,78,25.7,155
2550,T,260803,050652,60.895145N,24.561525E,78,25.6,155
2551,T,260803,050653,60.895088N,24.561581E,79,25.1,155
2552,T,260803,050654,60.895031N,24.561632E,79,25.0,155
2553,T,260803,050655,60.894978N,24.561682E,79,24.6,156
2554,T,260803,050656,60.894920N,24.561731E,80,24.5,156
2555,T,260803,050657,60.894863N,24.561783E,80,24.2,156
2556,T,260803,050658,60.894810N,24.561831E,80,24.2,156
2557,T,260803,050659,60.894753N,24.561880E,81,24.2,156
2558,T,260803,050700,60.894699N,24.561930E,81,24.1,156
2559,T,260803,050701,60.894646N,24.561981E,81,23.7,156
2560,T,260803,050702,60.894592N,24.562033E,82,23.5,155
2561,T,260803,050703,60.894539N,24.562086E,82,23.0,155
2562,T,260803,050704,60.894485N,24.562138E,82,23.0,155
2563,T,260803,050705,60.894432N,24.562185E,81,22.9,155
2564,T,260803,050706,60.894375N,24.562237E,82,22.9,155
2565,T,260803,050707,60.894325N,24.562277E,81,22.7,155
2566,T,260803,050708,60.894272N,24.562319E,81,22.7,155
2567,T,260803,050709,60.894218N,24.562365E,81,22.7,155
2568,T,260803,050710,60.894169N,24.562412E,81,23.1,155
2569,T,260803,050711,60.894115N,24.562456E,81,23.5,155
2570,T,260803,050712,60.894058N,24.562506E,81,23.6,155
2571,T,260803,050713,60.894009N,24.562555E,81,23.6,155
2572,T,260803,050714,60.893951N,24.562607E,81,23.5,155
2573,T,260803,050715,60.893902N,24.562656E,81,23.6,155
2574,T,260803,050716,60.893848N,24.562708E,81,23.7,155
2575,T,260803,050717,60.893791N,24.562757E,81,23.7,155
2576,T,260803,050718,60.893738N,24.562813E,81,24.5,155
2577,T,260803,050719,60.893681N,24.562864E,81,24.5,155
2578,T,260803,050720,60.893627N,24.562916E,81,24.4,155
2579,T,260803,050721,60.893574N,24.562965E,81,23.4,155
2580,T,260803,050722,60.893520N,24.563017E,81,23.3,156
2581,T,260803,050723,60.893463N,24.563063E,81,22.9,156
2582,T,260803,050724,60.893414N,24.563110E,81,22.9,156
2583,T,260803,050725,60.893360N,24.563158E,81,23.0,156
2584,T,260803,050726,60.893307N,24.563206E,81,22.9,155
2585,T,260803,050727,60.893257N,24.563253E,81,22.4,156
2586,T,260803,050728,60.893208N,24.563297E,81,21.6,155
2587,T,260803,050729,60.893162N,24.563343E,81,20.9,155
2588,T,260803,050730,60.893112N,24.563391E,81,20.6,155
2589,T,260803,050731,60.893063N,24.563435E,81,20.4,155
2590,T,260803,050732,60.893017N,24.563477E,81,20.3,155
2591,T,260803,050733,60.892967N,24.563517E,80,20.2,155
2592,T,260803,050734,60.892925N,24.563557E,80,20.2,155
2593,T,260803,050735,60.892876N,24.563601E,81,20.3,155
2594,T,260803,050736,60.892830N,24.563641E,81,20.3,154
2595,T,260803,050737,60.892780N,24.563684E,81,20.6,154
2596,T,260803,050738,60.892731N,24.563726E,81,20.2,154
2597,T,260803,050739,60.892685N,24.563768E,81,20.7,155
2598,T,260803,050740,60.892639N,24.563810E,81,20.2,155
2599,T,260803,050741,60.892593N,24.563852E,81,20.6,155
2600,T,260803,050742,60.892544N,24.563894E,81,20.5,155
2601,T,260803,050743,60.892494N,24.563936E,81,20.6,155
2602,T,260803,050744,60.892448N,24.563976E,81,20.6,155
2603,T,260803,050745,60.892403N,24.564018E,81,20.3,155
2604,T,260803,050746,60.892361N,24.564060E,81,20.3,155
2605,T,260803,050747,60.892311N,24.564104E,81,19.9,155
2606,T,260803,050748,60.892269N,24.564144E,81,19.8,155
2607,T,260803,050749,60.892223N,24.564186E,81,19.5,155
2608,T,260803,050750,60.892181N,24.564228E,82,19.5,155
2609,T,260803,050751,60.892136N,24.564270E,82,19.4,155
2610,T,260803,050752,60.892090N,24.564312E,82,19.4,155
2611,T,260803,050753,60.892048N,24.564354E,82,19.3,155
2612,T,260803,050754,60.891998N,24.564396E,82,19.3,155
2613,T,260803,050755,60.891960N,24.564438E,82,19.2,155
2614,T,260803,050756,60.891914N,24.564478E,82,19.2,155
2615,T,260803,050757,60.891872N,24.564520E,82,19.1,155
2616,T,260803,050758,60.891827N,24.564560E,83,19.0,155
2617,T,260803,050759,60.891785N,24.564600E,83,19.0,156
2618,T,260803,050800,60.891739N,24.564640E,83,19.1,155
2619,T,260803,050801,60.891697N,24.564682E,83,19.1,155
2620,T,260803,050802,60.891651N,24.564722E,83,19.1,155
2621,T,260803,050803,60.891609N,24.564762E,83,19.1,155
2622,T,260803,050804,60.891567N,24.564804E,83,19.1,155
2623,T,260803,050805,60.891529N,24.564837E,84,18.5,155
2624,T,260803,050806,60.891487N,24.564873E,84,18.5,155
2625,T,260803,050807,60.891445N,24.564913E,84,18.6,155
2626,T,260803,050808,60.891403N,24.564957E,84,18.8,155
2627,T,260803,050809,60.891361N,24.564999E,84,18.8,155
2628,T,260803,050810,60.891319N,24.565044E,85,18.9,154
2629,T,260803,050811,60.891277N,24.565084E,85,19.0,155
2630,T,260803,050812,60.891232N,24.565128E,85,19.3,155
2631,T,260803,050813,60.891190N,24.565168E,85,19.3,155
2632,T,260803,050814,60.891144N,24.565212E,85,19.3,155
2633,T,260803,050815,60.891102N,24.565256E,85,19.3,155
2634,T,260803,050816,60.891056N,24.565296E,86,19.4,155
2635,T,260803,050817,60.891010N,24.565336E,86,19.3,155
2636,T,260803,050818,60.890968N,24.565374E,86,19.3,155
2637,T,260803,050819,60.890923N,24.565413E,86,19.3,156
2638,T,260803,050820,60.890881N,24.565451E,86,19.3,155
2639,T,260803,050821,60.890839N,24.565491E,86,19.2,155
2640,T,260803,050822,60.890797N,24.565531E,86,19.2,154
2641,T,260803,050823,60.890751N,24.565569E,86,18.8,154
2642,T,260803,050824,60.890713N,24.565607E,87,18.8,155
2643,T,260803,050825,60.890667N,24.565651E,87,19.0,155
2644,T,260803,050826,60.890625N,24.565693E,87,19.3,155
2645,T,260803,050827,60.890579N,24.565731E,87,19.4,155
2646,T,260803,050828,60.890537N,24.565777E,87,19.8,155
2647,T,260803,050829,60.890488N,24.565817E,87,19.8,155
2648,T,260803,050830,60.890450N,24.565861E,87,19.8,155
2649,T,260803,050831,60.890400N,24.565905E,88,19.7,154
2650,T,260803,050832,60.890354N,24.565945E,88,19.7,155
2651,T,260803,050833,60.890312N,24.565985E,88,19.7,155
2652,T,260803,050834,60.890266N,24.566027E,88,19.6,155
2653,T,260803,050835,60.890224N,24.566069E,88,19.6,155
2654,T,260803,050836,60.890179N,24.566105E,88,19.6,155
2655,T,260803,050837,60.890137N,24.566147E,88,19.6,155
2656,T,260803,050838,60.890091N,24.566191E,88,19.6,155
2657,T,260803,050839,60.890049N,24.566233E,89,19.6,155
2658,T,260803,050840,60.889999N,24.566277E,89,19.6,155
2659,T,260803,050841,60.889957N,24.566319E,89,19.7,155
2660,T,260803,050842,60.889912N,24.566362E,89,19.7,155
2661,T,260803,050843,60.889870N,24.566404E,89,19.8,155
2662,T,260803,050844,60.889820N,24.566444E,89,19.9,155
2663,T,260803,050845,60.889774N,24.566486E,89,20.0,156
2664,T,260803,050846,60.889729N,24.566528E,90,20.0,156
2665,T,260803,050847,60.889683N,24.566570E,90,20.1,155
2666,T,260803,050848,60.889637N,24.566614E,90,20.1,155
2667,T,260803,050849,60.889591N,24.566656E,90,20.1,155
2668,T,260803,050850,60.889545N,24.566700E,90,20.0,154
2669,T,260803,050851,60.889500N,24.566744E,90,20.1,154
2670,T,260803,050852,60.889454N,24.566786E,90,20.0,155
2671,T,260803,050853,60.889408N,24.566828E,90,20.1,155
2672,T,260803,050854,60.889359N,24.566872E,90,20.1,155
2673,T,260803,050855,60.889317N,24.566916E,90,20.1,155
2674,T,260803,050856,60.889271N,24.566957E,91,20.2,155
2675,T,260803,050857,60.889225N,24.567003E,91,20.5,155
2676,T,260803,050858,60.889175N,24.567045E,91,20.4,155
2677,T,260803,050859,60.889130N,24.567089E,91,20.5,155
2678,T,260803,050900,60.889084N,24.567137E,91,20.5,155
2679,T,260803,050901,60.889034N,24.567181E,91,20.5,155
2680,T,260803,050902,60.888988N,24.567223E,92,20.5,155
2681,T,260803,050903,60.888939N,24.567266E,92,20.4,155
2682,T,260803,050904,60.888897N,24.567310E,92,20.4,155
2683,T,260803,050905,60.888847N,24.567354E,92,20.5,155
2684,T,260803,050906,60.888802N,24.567396E,92,20.5,155
2685,T,260803,050907,60.888752N,24.567444E,92,20.5,155
2686,T,260803,050908,60.888706N,24.567488E,92,20.6,155
2687,T,260803,050909,60.888660N,24.567533E,92,20.6,155
2688,T,260803,050910,60.888611N,24.567575E,92,20.6,155
2689,T,260803,050911,60.888569N,24.567617E,93,20.3,155
2690,T,260803,050912,60.888519N,24.567663E,93,20.3,155
2691,T,260803,050913,60.888477N,24.567707E,93,20.2,155
2692,T,260803,050914,60.888428N,24.567753E,93,20.2,155
2693,T,260803,050915,60.888386N,24.567797E,93,20.3,155
2694,T,260803,050916,60.888336N,24.567842E,93,20.2,155
2695,T,260803,050917,60.888287N,24.567884E,93,20.2,155
2696,T,260803,050918,60.888245N,24.567928E,93,19.7,155
2697,T,260803,050919,60.888199N,24.567972E,94,19.7,155
2698,T,260803,050920,60.888157N,24.568014E,94,19.7,154
2699,T,260803,050921,60.888111N,24.568058E,94,19.3,154
2700,T,260803,050922,60.888073N,24.568102E,94,19.7,153
2701,T,260803,050923,60.888027N,24.568144E,94,19.6,154
2702,T,260803,050924,60.887981N,24.568184E,94,20.3,155
2703,T,260803,050925,60.887936N,24.568226E,95,19.8,155
2704,T,260803,050926,60.887894N,24.568270E,95,20.0,155
2705,T,260803,050927,60.887848N,24.568316E,95,19.9,154
2706,T,260803,050928,60.887802N,24.568363E,96,19.4,152
2707,T,260803,050929,60.887760N,24.568407E,96,19.8,153
2708,T,260803,050930,60.887711N,24.568447E,96,20.6,154
2709,T,260803,050931,60.887669N,24.568493E,96,20.7,154
2710,T,260803,050932,60.887619N,24.568537E,96,19.9,154
2711,T,260803,050933,60.887581N,24.568584E,96,19.8,153
2712,T,260803,050934,60.887531N,24.568628E,96,20.0,153
2713,T,260803,050935,60.887489N,24.568674E,97,20.1,153
2714,T,260803,050936,60.887440N,24.568716E,97,20.1,155
2715,T,260803,050937,60.887398N,24.568756E,97,20.1,156
2716,T,260803,050938,60.887348N,24.568796E,98,20.2,156
2717,T,260803,050939,60.887299N,24.568842E,98,20.2,155
2718,T,260803,050940,60.887257N,24.568886E,98,20.3,155
2719,T,260803,050941,60.887207N,24.568932E,99,20.4,155
2720,T,260803,050942,60.887161N,24.568977E,99,20.5,155
2721,T,260803,050943,60.887115N,24.569023E,99,20.5,156
2722,T,260803,050944,60.887074N,24.569063E,100,19.6,156
2723,T,260803,050945,60.887024N,24.569111E,100,20.3,155
2724,T,260803,050946,60.886974N,24.569157E,100,20.7,154
2725,T,260803,050947,60.886929N,24.569201E,101,20.7,155
2726,T,260803,050948,60.886879N,24.569242E,101,21.1,155
2727,T,260803,050949,60.886837N,24.569286E,102,21.1,156
2728,T,260803,050950,60.886787N,24.569334E,102,20.6,156
2729,T,260803,050951,60.886742N,24.569376E,103,20.7,156
2730,T,260803,050952,60.886696N,24.569420E,103,20.7,156
2731,T,260803,050953,60.886642N,24.569464E,104,20.8,156
2732,T,260803,050954,60.886597N,24.569506E,104,21.2,156
2733,T,260803,050955,60.886547N,24.569553E,104,21.2,156
2734,T,260803,050956,60.886501N,24.569595E,105,21.2,156
2735,T,260803,050957,60.886448N,24.569635E,105,20.4,157
2736,T,260803,050958,60.886398N,24.569677E,105,21.2,156
2737,T,260803,050959,60.886353N,24.569719E,105,20.5,157
2738,T,260803,051000,60.886303N,24.569759E,106,20.4,158
2739,T,260803,051001,60.886253N,24.569801E,105,21.5,157
2740,T,260803,051002,60.886200N,24.569843E,105,21.5,157
2741,T,260803,051003,60.886150N,24.569885E,105,21.5,158
2742,T,260803,051004,60.886101N,24.569925E,105,21.9,158
2743,T,260803,051005,60.886047N,24.569963E,105,21.8,158
2744,T,260803,051006,60.885998N,24.570004E,105,21.8,159
2745,T,260803,051007,60.885941N,24.570047E,105,22.7,159
2746,T,260803,051008,60.885887N,24.570089E,105,22.0,159
2747,T,260803,051009,60.885834N,24.570131E,105,22.0,159
2748,T,260803,051010,60.885780N,24.570177E,105,21.7,158
2749,T,260803,051011,60.885727N,24.570225E,105,21.7,158
2750,T,260803,051012,60.885681N,24.570269E,106,21.8,158
2751,T,260803,051013,60.885628N,24.570309E,106,22.4,158
2752,T,260803,051014,60.885571N,24.570351E,106,22.4,159
2753,T,260803,051015,60.885517N,24.570393E,106,23.2,160
2754,T,260803,051016,60.885464N,24.570431E,107,22.7,161
2755,T,260803,051017,60.885406N,24.570478E,108,23.2,160
2756,T,260803,051018,60.885353N,24.570522E,108,23.3,160
2757,T,260803,051019,60.885296N,24.570568E,108,23.0,159
2758,T,260803,051020,60.885239N,24.570610E,107,22.9,159
2759,T,260803,051021,60.885181N,24.570650E,107,22.5,160
2760,T,260803,051022,60.885120N,24.570686E,106,22.8,160
2761,T,260803,051023,60.885063N,24.570724E,106,22.9,160
2762,T,260803,051024,60.885010N,24.570765E,105,23.7,160
2763,T,260803,051025,60.884949N,24.570805E,105,24.4,161
2764,T,260803,051026,60.884884N,24.570847E,105,24.4,160
2765,T,260803,051027,60.884823N,24.570890E,104,24.9,161
2766,T,260803,051028,60.884762N,24.570938E,104,24.9,161
2767,T,260803,051029,60.884701N,24.570984E,103,25.0,160
2768,T,260803,051030,60.884640N,24.571028E,103,25.0,160
2769,T,260803,051031,60.884579N,24.571075E,103,25.1,160
2770,T,260803,051032,60.884521N,24.571121E,102,25.1,160
2771,T,260803,051033,60.884460N,24.571163E,102,24.5,160
2772,T,260803,051034,60.884399N,24.571203E,101,24.5,161
2773,T,260803,051035,60.884338N,24.571243E,101,24.0,161
2774,T,260803,051036,60.884281N,24.571287E,100,23.9,161
2775,T,260803,051037,60.884220N,24.571333E,99,24.0,162
2776,T,260803,051038,60.884159N,24.571377E,99,24.0,161
2777,T,260803,051039,60.884102N,24.571421E,98,24.3,161
2778,T,260803,051040,60.884041N,24.571457E,98,24.7,162
2779,T,260803,051041,60.883976N,24.571495E,97,25.2,162
2780,T,260803,051042,60.883911N,24.571541E,96,24.9,162
2781,T,260803,051043,60.883846N,24.571585E,96,24.9,161
2782,T,260803,051044,60.883793N,24.571629E,95,24.9,160
2783,T,260803,051045,60.883736N,24.571672E,95,24.7,160
2784,T,260803,051046,60.883678N,24.571714E,95,24.6,160
2785,T,260803,051047,60.883621N,24.571756E,94,24.6,161
2786,T,260803,051048,60.883560N,24.571793E,94,24.5,162
2787,T,260803,051049,60.883499N,24.571829E,93,25.0,162
2788,T,260803,051050,60.883438N,24.571871E,93,25.2,162
2789,T,260803,051051,60.883373N,24.571911E,92,26.8,161
2790,T,260803,051052,60.883308N,24.571945E,93,26.8,161
2791,T,260803,051053,60.883244N,24.571985E,93,27.2,161
2792,T,260803,051054,60.883179N,24.572033E,93,27.7,161
2793,T,260803,051055,60.883121N,24.572077E,92,26.2,160
2794,T,260803,051056,60.883053N,24.572121E,92,27.3,161
2795,T,260803,051057,60.882984N,24.572166E,92,27.7,161
2796,T,260803,051058,60.882919N,24.572214E,92,27.6,161
2797,T,260803,051059,60.882851N,24.572260E,92,27.6,160
2798,T,260803,051100,60.882786N,24.572308E,92,28.5,161
2799,T,260803,051101,60.882713N,24.572357E,92,29.2,161
2800,T,260803,051102,60.882641N,24.572407E,92,29.4,162
2801,T,260803,051103,60.882568N,24.572454E,91,29.8,162
2802,T,260803,051104,60.882500N,24.572502E,92,28.9,161
2803,T,260803,051105,60.882431N,24.572552E,92,29.0,161
2804,T,260803,051106,60.882362N,24.572599E,92,28.7,161
2805,T,260803,051107,60.882298N,24.572647E,91,28.7,160
2806,T,260803,051108,60.882229N,24.572695E,91,28.3,161
2807,T,260803,051109,60.882160N,24.572737E,91,27.7,161
2808,T,260803,051110,60.882092N,24.572779E,91,27.6,161
2809,T,260803,051111,60.882030N,24.572823E,91,27.2,161
2810,T,260803,051112,60.881966N,24.572866E,91,27.7,161
2811,T,260803,051113,60.881901N,24.572912E,91,27.6,161
2812,T,260803,051114,60.881832N,24.572956E,91,27.6,161
2813,T,260803,051115,60.881767N,24.573002E,91,27.7,161
2814,T,260803,051116,60.881699N,24.573051E,91,27.2,161
2815,T,260803,051117,60.881641N,24.573093E,91,26.6,161
2816,T,260803,051118,60.881577N,24.573133E,91,26.5,161
2817,T,260803,051119,60.881512N,24.573175E,91,26.5,161
2818,T,260803,051120,60.881447N,24.573217E,91,26.3,161
2819,T,260803,051121,60.881390N,24.573261E,91,26.0,161
2820,T,260803,051122,60.881325N,24.573303E,91,25.9,161
2821,T,260803,051123,60.881264N,24.573347E,91,25.9,161
2822,T,260803,051124,60.881199N,24.573393E,91,25.9,161
2823,T,260803,051125,60.881142N,24.573437E,91,25.9,160
2824,T,260803,051126,60.881081N,24.573477E,91,25.3,161
2825,T,260803,051127,60.881020N,24.573519E,91,25.0,161
2826,T,260803,051128,60.880962N,24.573559E,91,25.0,161
2827,T,260803,051129,60.880905N,24.573599E,91,25.0,161
2828,T,260803,051130,60.880848N,24.573635E,91,25.0,161
2829,T,260803,051131,60.880787N,24.573675E,92,25.0,161
2830,T,260803,051132,60.880730N,24.573715E,92,25.1,161
2831,T,260803,051133,60.880672N,24.573757E,92,25.0,161
2832,T,260803,051134,60.880608N,24.573795E,92,25.0,162
2833,T,260803,051135,60.880547N,24.573837E,92,25.3,161
2834,T,260803,051136,60.880486N,24.573879E,91,25.3,161
2835,T,260803,051137,60.880424N,24.573921E,91,25.4,161
2836,T,260803,051138,60.880360N,24.573961E,90,25.3,161
2837,T,260803,051139,60.880299N,24.574001E,90,25.0,161
2838,T,260803,051140,60.880241N,24.574041E,90,24.9,161
2839,T,260803,051141,60.880184N,24.574080E,90,24.5,161
2840,T,260803,051142,60.880127N,24.574112E,90,24.5,161
2841,T,260803,051143,60.880074N,24.574150E,90,24.4,161
2842,T,260803,051144,60.880013N,24.574186E,90,24.4,161
2843,T,260803,051145,60.879955N,24.574224E,90,24.4,161
2844,T,260803,051146,60.879902N,24.574266E,90,24.5,161
2845,T,260803,051147,60.879841N,24.574308E,90,24.5,161
2846,T,260803,051148,60.879784N,24.574352E,90,24.6,161
2847,T,260803,051149,60.879723N,24.574396E,90,24.7,161
2848,T,260803,051150,60.879669N,24.574436E,90,24.7,161
2849,T,260803,051151,60.879608N,24.574476E,90,24.8,161
2850,T,260803,051152,60.879551N,24.574516E,90,24.9,161
2851,T,260803,051153,60.879494N,24.574558E,90,24.9,161
2852,T,260803,051154,60.879433N,24.574598E,90,24.8,161
2853,T,260803,051155,60.879372N,24.574642E,90,24.8,161
2854,T,260803,051156,60.879314N,24.574684E,90,24.7,161
2855,T,260803,051157,60.879257N,24.574724E,90,24.7,161
2856,T,260803,051158,60.879200N,24.574766E,90,24.7,161
2857,T,260803,051159,60.879139N,24.574806E,90,24.6,161
2858,T,260803,051200,60.879082N,24.574848E,89,24.6,161
2859,T,260803,051201,60.879025N,24.574890E,89,24.6,161
2860,T,260803,051202,60.878963N,24.574930E,90,24.7,161
2861,T,260803,051203,60.878906N,24.574970E,90,24.7,161
2862,T,260803,051204,60.878849N,24.575006E,89,24.7,161
2863,T,260803,051205,60.878792N,24.575047E,89,24.7,161
2864,T,260803,051206,60.878731N,24.575085E,89,24.7,161
2865,T,260803,051207,60.878674N,24.575125E,89,24.7,161
2866,T,260803,051208,60.878616N,24.575165E,90,24.7,161
2867,T,260803,051209,60.878555N,24.575205E,89,24.8,161
2868,T,260803,051210,60.878494N,24.575245E,89,24.9,161
2869,T,260803,051211,60.878437N,24.575283E,89,24.9,161
2870,T,260803,051212,60.878380N,24.575323E,89,24.9,161
2871,T,260803,051213,60.878319N,24.575365E,90,24.4,161
2872,T,260803,051214,60.878262N,24.575405E,90,24.3,161
2873,T,260803,051215,60.878201N,24.575443E,90,24.2,161
2874,T,260803,051216,60.878143N,24.575481E,90,24.2,161
2875,T,260803,051217,60.878082N,24.575521E,90,24.3,161
2876,T,260803,051218,60.878029N,24.575563E,90,24.4,161
2877,T,260803,051219,60.877968N,24.575603E,90,24.4,161
2878,T,260803,051220,60.877907N,24.575644E,90,24.5,161
2879,T,260803,051221,60.877853N,24.575682E,90,24.5,162
2880,T,260803,051222,60.877792N,24.575724E,90,24.6,162
2881,T,260803,051223,60.877735N,24.575762E,90,24.9,162
2882,T,260803,051224,60.877674N,24.575802E,90,24.9,161
2883,T,260803,051225,60.877617N,24.575840E,90,24.7,162
2884,T,260803,051226,60.877560N,24.575876E,90,24.4,162
2885,T,260803,051227,60.877499N,24.575914E,91,25.0,162
2886,T,260803,051228,60.877441N,24.575953E,91,25.0,162
2887,T,260803,051229,60.877380N,24.575987E,91,24.7,162
2888,T,260803,051230,60.877319N,24.576023E,91,24.7,162
2889,T,260803,051231,60.877262N,24.576059E,91,24.4,162
2890,T,260803,051232,60.877205N,24.576096E,91,24.5,162
2891,T,260803,051233,60.877148N,24.576134E,91,24.5,163
2892,T,260803,051234,60.877087N,24.576168E,91,24.5,163
2893,T,260803,051235,60.877033N,24.576206E,91,24.6,162
2894,T,260803,051236,60.876968N,24.576244E,91,24.7,162
2895,T,260803,051237,60.876911N,24.576281E,91,24.7,163
2896,T,260803,051238,60.876846N,24.576319E,91,24.7,163
2897,T,260803,051239,60.876793N,24.576357E,91,24.4,162
2898,T,260803,051240,60.876732N,24.576397E,91,24.7,163
2899,T,260803,051241,60.876667N,24.576433E,91,25.4,163
2900,T,260803,051242,60.876610N,24.576471E,91,25.7,163
2901,T,260803,051243,60.876545N,24.576513E,90,25.7,162
2902,T,260803,051244,60.876484N,24.576548E,90,25.9,162
2903,T,260803,051245,60.876419N,24.576588E,90,26.4,162
2904,T,260803,051246,60.876354N,24.576635E,90,26.8,161
2905,T,260803,051247,60.876289N,24.576681E,90,27.2,162
2906,T,260803,051248,60.876221N,24.576723E,90,27.6,162
2907,T,260803,051249,60.876156N,24.576765E,90,27.1,162
2908,T,260803,051250,60.876087N,24.576811E,89,27.2,162
2909,T,260803,051251,60.876022N,24.576853E,89,27.7,162
2910,T,260803,051252,60.875957N,24.576897E,89,27.7,162
2911,T,260803,051253,60.875889N,24.576939E,89,27.8,162
2912,T,260803,051254,60.875820N,24.576984E,88,27.9,162
2913,T,260803,051255,60.875751N,24.577028E,88,28.4,162
2914,T,260803,051256,60.875683N,24.577074E,88,28.5,163
2915,T,260803,051257,60.875610N,24.577116E,88,28.4,162
2916,T,260803,051258,60.875546N,24.577160E,87,28.4,162
2917,T,260803,051259,60.875477N,24.577204E,87,28.4,162
2918,T,260803,051300,60.875408N,24.577248E,87,28.2,162
2919,T,260803,051301,60.875340N,24.577291E,88,28.2,162
2920,T,260803,051302,60.875271N,24.577335E,88,28.1,162
2921,T,260803,051303,60.875202N,24.577375E,87,28.1,162
2922,T,260803,051304,60.875137N,24.577419E,87,28.1,162
2923,T,260803,051305,60.875069N,24.577461E,87,28.0,162
2924,T,260803,051306,60.875000N,24.577503E,86,28.0,162
2925,T,260803,051307,60.874931N,24.577543E,86,27.9,162
2926,T,260803,051308,60.874866N,24.577585E,86,27.8,162
2927,T,260803,051309,60.874802N,24.577627E,85,27.8,162
2928,T,260803,051310,60.874733N,24.577671E,85,27.7,162
2929,T,260803,051311,60.874664N,24.577711E,85,27.3,162
2930,T,260803,051312,60.874599N,24.577753E,84,27.3,162
2931,T,260803,051313,60.874531N,24.577797E,84,27.2,162
2932,T,260803,051314,60.874470N,24.577835E,84,26.8,162
2933,T,260803,051315,60.874401N,24.577871E,84,26.7,162
2934,T,260803,051316,60.874336N,24.577908E,84,26.3,162
2935,T,260803,051317,60.874271N,24.577948E,83,26.2,163
2936,T,260803,051318,60.874207N,24.577988E,83,26.2,163
2937,T,260803,051319,60.874149N,24.578028E,83,26.2,163
2938,T,260803,051320,60.874084N,24.578068E,83,26.3,163
2939,T,260803,051321,60.874023N,24.578106E,83,26.3,163
2940,T,260803,051322,60.873959N,24.578146E,82,26.4,163
2941,T,260803,051323,60.873898N,24.578184E,82,26.5,163
2942,T,260803,051324,60.873833N,24.578224E,82,26.5,163
2943,T,260803,051325,60.873772N,24.578264E,82,26.4,163
2944,T,260803,051326,60.873711N,24.578304E,82,26.1,162
2945,T,260803,051327,60.873650N,24.578342E,82,26.1,162
2946,T,260803,051328,60.873589N,24.578382E,82,26.0,163
2947,T,260803,051329,60.873524N,24.578419E,82,26.0,163
2948,T,260803,051330,60.873463N,24.578457E,81,25.8,163
2949,T,260803,051331,60.873405N,24.578497E,81,25.5,163
2950,T,260803,051332,60.873341N,24.578531E,81,25.2,163
2951,T,260803,051333,60.873280N,24.578569E,81,25.1,162
2952,T,260803,051334,60.873222N,24.578606E,81,24.8,163
2953,T,260803,051335,60.873165N,24.578642E,81,24.7,163
2954,T,260803,051336,60.873108N,24.578680E,81,24.3,163
2955,T,260803,051337,60.873047N,24.578716E,82,24.2,162
2956,T,260803,051338,60.872993N,24.578754E,82,24.3,162
2957,T,260803,051339,60.872936N,24.578793E,82,24.3,162
2958,T,260803,051340,60.872875N,24.578829E,81,24.4,162
2959,T,260803,051341,60.872814N,24.578865E,81,24.4,163
2960,T,260803,051342,60.872761N,24.578901E,81,24.5,163
2961,T,260803,051343,60.872700N,24.578941E,81,24.6,162
2962,T,260803,051344,60.872639N,24.578979E,81,24.6,162
2963,T,260803,051345,60.872581N,24.579018E,81,24.6,162
2964,T,260803,051346,60.872524N,24.579058E,81,24.7,162
2965,T,260803,051347,60.872467N,24.579096E,81,24.7,162
2966,T,260803,051348,60.872410N,24.579134E,82,24.7,162
2967,T,260803,051349,60.872353N,24.579170E,82,24.7,162
2968,T,260803,051350,60.872295N,24.579210E,82,24.7,162
2969,T,260803,051351,60.872234N,24.579247E,82,24.6,162
2970,T,260803,051352,60.872177N,24.579285E,82,24.6,162
2971,T,260803,051353,60.872116N,24.579315E,82,24.5,163
2972,T,260803,051354,60.872059N,24.579351E,82,24.5,162
2973,T,260803,051355,60.872002N,24.579384E,82,23.9,162
2974,T,260803,051356,60.871944N,24.579418E,82,24.0,163
2975,T,260803,051357,60.871887N,24.579453E,82,23.8,163
2976,T,260803,051358,60.871834N,24.579489E,82,24.4,162
2977,T,260803,051359,60.871773N,24.579527E,83,24.4,162
2978,T,260803,051400,60.871716N,24.579563E,83,24.5,162
2979,T,260803,051401,60.871655N,24.579599E,83,24.9,162
2980,T,260803,051402,60.871597N,24.579638E,83,25.0,162
2981,T,260803,051403,60.871536N,24.579676E,83,25.4,162
2982,T,260803,051404,60.871471N,24.579716E,83,25.5,162
2983,T,260803,051405,60.871410N,24.579754E,83,25.6,162
2984,T,260803,051406,60.871349N,24.579792E,82,25.7,162
2985,T,260803,051407,60.871288N,24.579832E,82,25.8,162
2986,T,260803,051408,60.871223N,24.579870E,82,25.9,162
2987,T,260803,051409,60.871159N,24.579912E,82,25.9,162
2988,T,260803,051410,60.871101N,24.579954E,82,26.0,162
2989,T,260803,051411,60.871040N,24.579996E,82,26.0,162
2990,T,260803,051412,60.870975N,24.580036E,82,26.1,162
2991,T,260803,051413,60.870911N,24.580076E,82,26.1,162
2992,T,260803,051414,60.870850N,24.580116E,82,26.1,162
2993,T,260803,051415,60.870789N,24.580156E,82,26.2,162
2994,T,260803,051416,60.870724N,24.580196E,82,26.2,162
2995,T,260803,051417,60.870659N,24.580240E,81,26.3,162
2996,T,260803,051418,60.870598N,24.580284E,81,26.3,163
2997,T,260803,051419,60.870533N,24.580322E,81,26.3,162
2998,T,260803,051420,60.870468N,24.580362E,81,26.3,163
2999,T,260803,051421,60.870403N,24.580400E,81,26.3,163
3000,T,260803,051422,60.870338N,24.580437E,80,26.0,163
3001,T,260803,051423,60.870277N,24.580477E,80,26.0,163
3002,T,260803,051424,60.870216N,24.580517E,80,26.0,162
3003,T,260803,051425,60.870155N,24.580557E,80,25.9,162
3004,T,260803,051426,60.870090N,24.580597E,81,25.8,162
3005,T,260803,051427,60.870033N,24.580631E,81,25.7,162
3006,T,260803,051428,60.869968N,24.580669E,81,25.3,162
3007,T,260803,051429,60.869911N,24.580706E,80,25.3,162
3008,T,260803,051430,60.869846N,24.580744E,80,25.2,162
3009,T,260803,051431,60.869789N,24.580784E,80,25.2,162
3010,T,260803,051432,60.869728N,24.580824E,80,25.1,162
3011,T,260803,051433,60.869671N,24.580858E,80,25.0,162
3012,T,260803,051434,60.869610N,24.580896E,80,24.9,162
3013,T,260803,051435,60.869553N,24.580935E,80,24.9,162
3014,T,260803,051436,60.869492N,24.580973E,80,24.8,162
3015,T,260803,051437,60.869431N,24.581009E,80,24.8,163
3016,T,260803,051438,60.869373N,24.581043E,80,24.7,163
3017,T,260803,051439,60.869316N,24.581081E,80,24.5,162
3018,T,260803,051440,60.869255N,24.581120E,80,24.4,162
3019,T,260803,051441,60.869198N,24.581156E,80,24.4,162
3020,T,260803,051442,60.869141N,24.581194E,80,24.4,162
3021,T,260803,051443,60.869080N,24.581230E,80,24.5,162
3022,T,260803,051444,60.869019N,24.581266E,79,24.5,162
3023,T,260803,051445,60.868961N,24.581305E,79,24.6,163
3024,T,260803,051446,60.868900N,24.581345E,79,24.6,162
3025,T,260803,051447,60.868843N,24.581383E,79,24.6,162
3026,T,260803,051448,60.868786N,24.581423E,79,24.3,162
3027,T,260803,051449,60.868729N,24.581461E,79,24.2,162
3028,T,260803,051450,60.868671N,24.581497E,79,23.8,162
3029,T,260803,051451,60.868614N,24.581532E,79,23.8,162
3030,T,260803,051452,60.868561N,24.581570E,79,23.8,162
3031,T,260803,051453,60.868500N,24.581606E,79,23.8,162
3032,T,260803,051454,60.868443N,24.581640E,79,23.9,162
3033,T,260803,051455,60.868389N,24.581676E,79,24.2,162
3034,T,260803,051456,60.868328N,24.581715E,79,24.5,162
3035,T,260803,051457,60.868271N,24.581753E,79,24.5,162
3036,T,260803,051458,60.868217N,24.581787E,79,24.5,162
3037,T,260803,051459,60.868156N,24.581823E,78,24.6,163
3038,T,260803,051500,60.868095N,24.581861E,78,24.6,162
3039,T,260803,051501,60.868038N,24.581900E,78,24.3,162
3040,T,260803,051502,60.867981N,24.581938E,79,24.3,162
3041,T,260803,051503,60.867924N,24.581976E,79,23.8,162
3042,T,260803,051504,60.867867N,24.582008E,79,23.3,162
3043,T,260803,051505,60.867813N,24.582041E,80,23.4,163
3044,T,260803,051506,60.867760N,24.582071E,80,23.0,163
3045,T,260803,051507,60.867702N,24.582106E,81,23.1,163
3046,T,260803,051508,60.867649N,24.582140E,81,23.4,163
3047,T,260803,051509,60.867592N,24.582176E,81,23.8,163
3048,T,260803,051510,60.867535N,24.582211E,81,23.8,163
3049,T,260803,051511,60.867477N,24.582245E,81,23.7,163
3050,T,260803,051512,60.867420N,24.582281E,81,24.2,163
3051,T,260803,051513,60.867359N,24.582315E,81,23.9,163
3052,T,260803,051514,60.867306N,24.582350E,81,24.0,163
3053,T,260803,051515,60.867249N,24.582388E,81,23.9,163
3054,T,260803,051516,60.867191N,24.582424E,81,23.9,163
3055,T,260803,051517,60.867126N,24.582462E,81,23.9,162
3056,T,260803,051518,60.867073N,24.582500E,80,23.9,162
3057,T,260803,051519,60.867016N,24.582533E,80,23.9,162
3058,T,260803,051520,60.866959N,24.582567E,80,23.9,162
3059,T,260803,051521,60.866901N,24.582607E,80,23.9,162
3060,T,260803,051522,60.866840N,24.582644E,79,24.2,162
3061,T,260803,051523,60.866783N,24.582676E,79,24.3,163
3062,T,260803,051524,60.866730N,24.582714E,78,24.4,163
3063,T,260803,051525,60.866669N,24.582754E,78,24.4,162
3064,T,260803,051526,60.866608N,24.582794E,78,24.4,162
3065,T,260803,051527,60.866550N,24.582832E,78,24.4,161
3066,T,260803,051528,60.866493N,24.582872E,78,24.4,161
3067,T,260803,051529,60.866436N,24.582911E,78,24.3,162
3068,T,260803,051530,60.866379N,24.582949E,78,24.0,162
3069,T,260803,051531,60.866322N,24.582989E,78,23.9,161
3070,T,260803,051532,60.866264N,24.583029E,78,24.0,161
3071,T,260803,051533,60.866207N,24.583067E,78,24.0,161
3072,T,260803,051534,60.866154N,24.583105E,78,24.1,161
3073,T,260803,051535,60.866096N,24.583147E,78,24.2,160
3074,T,260803,051536,60.866039N,24.583195E,78,24.2,160
3075,T,260803,051537,60.865978N,24.583239E,78,24.3,159
3076,T,260803,051538,60.865925N,24.583284E,78,24.3,159
3077,T,260803,051539,60.865868N,24.583324E,78,24.3,160
3078,T,260803,051540,60.865807N,24.583366E,78,24.2,160
3079,T,260803,051541,60.865753N,24.583408E,78,23.6,160
3080,T,260803,051542,60.865696N,24.583452E,78,23.3,160
3081,T,260803,051543,60.865639N,24.583492E,78,23.2,160
3082,T,260803,051544,60.865585N,24.583532E,78,23.1,159
3083,T,260803,051545,60.865532N,24.583574E,78,22.6,159
3084,T,260803,051546,60.865479N,24.583616E,78,22.3,159
3085,T,260803,051547,60.865429N,24.583654E,78,22.0,159
3086,T,260803,051548,60.865376N,24.583694E,78,21.9,159
3087,T,260803,051549,60.865330N,24.583735E,78,21.8,159
3088,T,260803,051550,60.865276N,24.583773E,78,21.7,158
3089,T,260803,051551,60.865223N,24.583815E,78,21.7,158
3090,T,260803,051552,60.865173N,24.583857E,78,21.7,158
3091,T,260803,051553,60.865124N,24.583899E,78,21.6,158
3092,T,260803,051554,60.865070N,24.583941E,79,21.7,158
3093,T,260803,051555,60.865025N,24.583982E,79,21.8,158
3094,T,260803,051556,60.864971N,24.584023E,79,21.9,158
3095,T,260803,051557,60.864922N,24.584064E,79,22.0,158
3096,T,260803,051558,60.864868N,24.584108E,79,22.0,157
3097,T,260803,051559,60.864819N,24.584154E,79,22.0,157
3098,T,260803,051600,60.864769N,24.584196E,79,22.1,157
3099,T,260803,051601,60.864716N,24.584238E,79,22.4,157
3100,T,260803,051602,60.864662N,24.584284E,79,22.4,157
3101,T,260803,051603,60.864613N,24.584330E,79,22.4,157
3102,T,260803,051604,60.864559N,24.584372E,79,22.4,157
3103,T,260803,051605,60.864510N,24.584414E,79,22.3,157
3104,T,260803,051606,60.864456N,24.584457E,79,22.0,157
3105,T,260803,051607,60.864407N,24.584503E,79,22.0,156
3106,T,260803,051608,60.864357N,24.584553E,79,22.0,156
3107,T,260803,051609,60.864304N,24.584595E,79,22.0,157
3108,T,260803,051610,60.864250N,24.584637E,79,22.1,157
3109,T,260803,051611,60.864201N,24.584684E,79,22.1,156
3110,T,260803,051612,60.864151N,24.584730E,79,22.1,156
3111,T,260803,051613,60.864101N,24.584776E,79,22.1,155
3112,T,260803,051614,60.864048N,24.584820E,79,22.1,155
3113,T,260803,051615,60.863998N,24.584866E,79,22.0,155
3114,T,260803,051616,60.863949N,24.584909E,79,22.0,156
3115,T,260803,051617,60.863899N,24.584955E,79,21.6,156
3116,T,260803,051618,60.863850N,24.584999E,79,21.7,156
3117,T,260803,051619,60.863800N,24.585047E,79,21.7,155
3118,T,260803,051620,60.863750N,24.585094E,79,21.7,155
3119,T,260803,051621,60.863701N,24.585136E,79,21.7,155
3120,T,260803,051622,60.863647N,24.585184E,79,21.7,155
3121,T,260803,051623,60.863602N,24.585232E,79,21.7,155
3122,T,260803,051624,60.863548N,24.585276E,79,21.7,155
3123,T,260803,051625,60.863499N,24.585321E,79,21.3,155
3124,T,260803,051626,60.863449N,24.585367E,79,21.3,154
3125,T,260803,051627,60.863400N,24.585417E,79,21.3,154
3126,T,260803,051628,60.863354N,24.585463E,79,21.1,154
3127,T,260803,051629,60.863308N,24.585506E,80,21.0,154
3128,T,260803,051630,60.863258N,24.585554E,80,20.7,154
3129,T,260803,051631,60.863213N,24.585600E,80,20.6,154
3130,T,260803,051632,60.863167N,24.585644E,80,20.3,154
3131,T,260803,051633,60.863121N,24.585690E,80,20.3,154
3132,T,260803,051634,60.863075N,24.585735E,80,20.2,154
3133,T,260803,051635,60.863033N,24.585781E,80,20.1,153
3134,T,260803,051636,60.862988N,24.585829E,80,19.8,153
3135,T,260803,051637,60.862942N,24.585875E,81,19.8,153
3136,T,260803,051638,60.862900N,24.585920E,81,19.9,152
3137,T,260803,051639,60.862850N,24.585964E,81,20.0,153
3138,T,260803,051640,60.862808N,24.586010E,81,20.3,153
3139,T,260803,051641,60.862762N,24.586056E,81,20.3,153
3140,T,260803,051642,60.862720N,24.586100E,81,20.4,153
3141,T,260803,051643,60.862671N,24.586147E,81,20.5,152
3142,T,260803,051644,60.862629N,24.586197E,82,20.5,152
3143,T,260803,051645,60.862583N,24.586245E,82,20.7,152
3144,T,260803,051646,60.862537N,24.586292E,82,20.7,152
3145,T,260803,051647,60.862492N,24.586340E,82,20.7,152
3146,T,260803,051648,60.862450N,24.586390E,82,20.7,152
3147,T,260803,051649,60.862400N,24.586437E,83,20.7,151
3148,T,260803,051650,60.862354N,24.586487E,83,20.7,152
3149,T,260803,051651,60.862312N,24.586536E,83,20.7,152
3150,T,260803,051652,60.862263N,24.586580E,83,20.7,152
3151,T,260803,051653,60.862221N,24.586632E,83,20.7,151
3152,T,260803,051654,60.862175N,24.586679E,83,20.6,152
3153,T,260803,051655,60.862133N,24.586727E,83,20.2,152
3154,T,260803,051656,60.862087N,24.586782E,84,19.7,151
3155,T,260803,051657,60.862045N,24.586834E,84,19.6,151
3156,T,260803,051658,60.862000N,24.586880E,83,19.5,151
3157,T,260803,051659,60.861958N,24.586927E,83,19.9,150
3158,T,260803,051700,60.861912N,24.586979E,84,20.0,150
3159,T,260803,051701,60.861870N,24.587027E,84,20.4,150
3160,T,260803,051702,60.861824N,24.587076E,84,20.5,150
3161,T,260803,051703,60.861778N,24.587124E,84,20.5,151
3162,T,260803,051704,60.861732N,24.587175E,84,20.6,150
3163,T,260803,051705,60.861687N,24.587223E,84,20.6,150
3164,T,260803,051706,60.861649N,24.587276E,84,20.7,150
3165,T,260803,051707,60.861599N,24.587324E,84,20.7,150
3166,T,260803,051708,60.861557N,24.587376E,84,20.7,150
3167,T,260803,051709,60.861511N,24.587427E,85,21.3,150
3168,T,260803,051710,60.861465N,24.587482E,85,21.2,150
3169,T,260803,051711,60.861416N,24.587536E,85,21.1,150
3170,T,260803,051712,60.861374N,24.587589E,85,21.2,149
3171,T,260803,051713,60.861324N,24.587645E,85,21.2,150
3172,T,260803,051714,60.861279N,24.587696E,85,21.1,150
3173,T,260803,051715,60.861233N,24.587748E,85,21.1,150
3174,T,260803,051716,60.861187N,24.587799E,85,21.1,150
3175,T,260803,051717,60.861145N,24.587852E,86,21.0,150
3176,T,260803,051718,60.861099N,24.587904E,86,20.9,150
3177,T,260803,051719,60.861053N,24.587955E,86,20.5,150
3178,T,260803,051720,60.861008N,24.588009E,86,20.5,149
3179,T,260803,051721,60.860970N,24.588062E,86,20.5,149
3180,T,260803,051722,60.860924N,24.588116E,86,20.1,148
3181,T,260803,051723,60.860882N,24.588165E,86,20.0,148
3182,T,260803,051724,60.860840N,24.588221E,87,19.5,148
3183,T,260803,051725,60.860802N,24.588276E,87,19.9,148
3184,T,260803,051726,60.860760N,24.588331E,87,19.6,148
3185,T,260803,051727,60.860722N,24.588387E,87,20.0,148
3186,T,260803,051728,60.860676N,24.588444E,87,20.2,147
3187,T,260803,051729,60.860634N,24.588505E,87,20.8,147
3188,T,260803,051730,60.860588N,24.588560E,87,20.2,146
3189,T,260803,051731,60.860542N,24.588615E,87,20.5,146
3190,T,260803,051732,60.860504N,24.588669E,87,20.2,145
3191,T,260803,051733,60.860462N,24.588724E,88,20.3,145
3192,T,260803,051734,60.860420N,24.588783E,88,21.0,144
3193,T,260803,051735,60.860378N,24.588848E,88,20.9,144
3194,T,260803,051736,60.860336N,24.588911E,88,21.0,143
3195,T,260803,051737,60.860294N,24.588976E,88,20.9,142
3196,T,260803,051738,60.860256N,24.589045E,89,20.8,142
3197,T,260803,051739,60.860210N,24.589108E,89,21.4,142
3198,T,260803,051740,60.860168N,24.589176E,89,21.4,142
3199,T,260803,051741,60.860126N,24.589243E,89,21.0,141
3200,T,260803,051742,60.860088N,24.589312E,89,21.6,141
3201,T,260803,051743,60.860046N,24.589384E,89,21.4,140
3202,T,260803,051744,60.860008N,24.589453E,89,20.4,139
3203,T,260803,051745,60.859966N,24.589523E,89,21.5,139
3204,T,260803,051746,60.859924N,24.589596E,89,21.5,138
3205,T,260803,051747,60.859882N,24.589668E,89,21.9,139
3206,T,260803,051748,60.859840N,24.589741E,90,21.3,138
3207,T,260803,051749,60.859802N,24.589813E,89,20.7,137
3208,T,260803,051750,60.859768N,24.589884E,89,20.3,136
3209,T,260803,051751,60.859730N,24.589960E,90,20.9,136
3210,T,260803,051752,60.859688N,24.590034E,89,20.9,135
3211,T,260803,051753,60.859653N,24.590103E,89,20.9,135
3212,T,260803,051754,60.859612N,24.590176E,89,20.9,135
3213,T,260803,051755,60.859577N,24.590244E,89,20.9,135
3214,T,260803,051756,60.859539N,24.590319E,90,20.4,134
3215,T,260803,051757,60.859505N,24.590391E,90,20.2,134
3216,T,260803,051758,60.859470N,24.590464E,90,19.9,133
3217,T,260803,051759,60.859440N,24.590542E,90,19.9,132
3218,T,260803,051800,60.859406N,24.590618E,90,20.0,131
3219,T,260803,051801,60.859371N,24.590696E,90,20.6,131
3220,T,260803,051802,60.859337N,24.590775E,90,20.6,131
3221,T,260803,051803,60.859303N,24.590851E,91,20.2,131
3222,T,260803,051804,60.859268N,24.590933E,90,20.7,131
3223,T,260803,051805,60.859238N,24.591015E,90,20.4,130
3224,T,260803,051806,60.859200N,24.591097E,90,20.4,130
3225,T,260803,051807,60.859169N,24.591175E,90,20.3,130
3226,T,260803,051808,60.859135N,24.591255E,90,20.7,130
3227,T,260803,051809,60.859104N,24.591335E,91,20.7,129
3228,T,260803,051810,60.859074N,24.591419E,91,20.3,129
3229,T,260803,051811,60.859039N,24.591501E,90,20.3,128
3230,T,260803,051812,60.859013N,24.591585E,90,20.3,127
3231,T,260803,051813,60.858978N,24.591669E,90,20.2,126
3232,T,260803,051814,60.858952N,24.591751E,90,19.7,126
3233,T,260803,051815,60.858925N,24.591833E,91,19.3,125
3234,T,260803,051816,60.858894N,24.591909E,90,18.7,126
3235,T,260803,051817,60.858868N,24.591984E,90,18.2,127
3236,T,260803,051818,60.858841N,24.592056E,90,18.2,127
3237,T,260803,051819,60.858814N,24.592134E,91,18.2,125
3238,T,260803,051820,60.858791N,24.592211E,91,18.1,125
3239,T,260803,051821,60.858765N,24.592283E,91,18.1,124
3240,T,260803,051822,60.858742N,24.592363E,91,18.1,123
3241,T,260803,051823,60.858715N,24.592440E,91,18.0,124
3242,T,260803,051824,60.858688N,24.592516E,91,18.6,124
3243,T,260803,051825,60.858665N,24.592592E,91,18.2,124
3244,T,260803,051826,60.858639N,24.592667E,91,18.2,123
3245,T,260803,051827,60.858612N,24.592749E,91,18.2,123
3246,T,260803,051828,60.858593N,24.592825E,91,18.3,122
3247,T,260803,051829,60.858562N,24.592903E,91,18.2,121
3248,T,260803,051830,60.858540N,24.592983E,91,18.2,122
3249,T,260803,051831,60.858517N,24.593061E,91,17.9,122
3250,T,260803,051832,60.858494N,24.593142E,92,18.0,121
3251,T,260803,051833,60.858467N,24.593222E,92,18.0,120
3252,T,260803,051834,60.858448N,24.593300E,92,18.1,120
3253,T,260803,051835,60.858425N,24.593378E,92,17.7,120
3254,T,260803,051836,60.858398N,24.593456E,92,17.8,120
3255,T,260803,051837,60.858379N,24.593536E,92,17.8,119
3256,T,260803,051838,60.858356N,24.593616E,92,17.8,118
3257,T,260803,051839,60.858337N,24.593697E,93,17.9,119
3258,T,260803,051840,60.858311N,24.593775E,93,18.2,119
3259,T,260803,051841,60.858288N,24.593855E,93,18.3,119
3260,T,260803,051842,60.858265N,24.593937E,93,18.4,120
3261,T,260803,051843,60.858238N,24.594019E,93,18.4,119
3262,T,260803,051844,60.858219N,24.594101E,93,18.6,119
3263,T,260803,051845,60.858196N,24.594185E,93,18.6,119
3264,T,260803,051846,60.858173N,24.594267E,93,18.9,120
3265,T,260803,051847,60.858150N,24.594351E,94,18.9,119
3266,T,260803,051848,60.858128N,24.594437E,94,18.9,119
3267,T,260803,051849,60.858105N,24.594519E,94,18.9,119
3268,T,260803,051850,60.858082N,24.594603E,94,18.8,119
3269,T,260803,051851,60.858055N,24.594687E,94,19.3,120
3270,T,260803,051852,60.858032N,24.594772E,94,19.2,120
3271,T,260803,051853,60.858009N,24.594856E,94,19.1,120
3272,T,260803,051854,60.857983N,24.594936E,95,19.0,120
3273,T,260803,051855,60.857960N,24.595020E,95,18.9,120
3274,T,260803,051856,60.857941N,24.595104E,95,18.9,121
3275,T,260803,051857,60.857918N,24.595188E,96,18.8,121
3276,T,260803,051858,60.857891N,24.595272E,96,18.8,121
3277,T,260803,051859,60.857868N,24.595354E,96,18.9,121
3278,T,260803,051900,60.857841N,24.595436E,96,18.9,122
3279,T,260803,051901,60.857815N,24.595516E,97,18.9,122
3280,T,260803,051902,60.857792N,24.595596E,97,18.9,123
3281,T,260803,051903,60.857769N,24.595676E,97,19.0,123
3282,T,260803,051904,60.857738N,24.595757E,97,18.9,123
3283,T,260803,051905,60.857712N,24.595837E,97,18.9,123
3284,T,260803,051906,60.857689N,24.595915E,98,18.6,124
3285,T,260803,051907,60.857658N,24.595997E,98,18.6,124
3286,T,260803,051908,60.857632N,24.596073E,98,18.5,124
3287,T,260803,051909,60.857609N,24.596149E,98,18.5,125
3288,T,260803,051910,60.857578N,24.596224E,98,18.5,126
3289,T,260803,051911,60.857552N,24.596302E,99,18.4,126
3290,T,260803,051912,60.857525N,24.596376E,99,18.4,127
3291,T,260803,051913,60.857494N,24.596455E,99,18.3,127
3292,T,260803,051914,60.857468N,24.596531E,99,18.7,127
3293,T,260803,051915,60.857441N,24.596605E,99,18.3,127
3294,T,260803,051916,60.857407N,24.596680E,99,18.4,128
3295,T,260803,051917,60.857380N,24.596754E,100,18.3,128
3296,T,260803,051918,60.857353N,24.596827E,100,18.3,129
3297,T,260803,051919,60.857319N,24.596897E,100,18.4,130
3298,T,260803,051920,60.857288N,24.596970E,100,18.4,130
3299,T,260803,051921,60.857262N,24.597042E,100,17.9,130
3300,T,260803,051922,60.857231N,24.597111E,101,18.0,131
3301,T,260803,051923,60.857201N,24.597179E,101,18.5,131
3302,T,260803,051924,60.857166N,24.597250E,101,18.5,132
3303,T,260803,051925,60.857140N,24.597319E,101,18.0,133
3304,T,260803,051926,60.857109N,24.597383E,101,18.2,134
3305,T,260803,051927,60.857075N,24.597456E,102,18.2,134
3306,T,260803,051928,60.857040N,24.597527E,101,18.3,135
3307,T,260803,051929,60.857010N,24.597591E,101,18.8,135
3308,T,260803,051930,60.856976N,24.597658E,102,18.5,135
3309,T,260803,051931,60.856941N,24.597725E,102,18.4,135
3310,T,260803,051932,60.856911N,24.597790E,102,18.3,135
3311,T,260803,051933,60.856880N,24.597857E,102,18.3,135
3312,T,260803,051934,60.856850N,24.597923E,102,18.3,135
3313,T,260803,051935,60.856812N,24.597988E,102,18.4,136
3314,T,260803,051936,60.856781N,24.598055E,102,18.4,136
3315,T,260803,051937,60.856747N,24.598122E,103,18.4,136
3316,T,260803,051938,60.856712N,24.598185E,103,18.3,136
3317,T,260803,051939,60.856682N,24.598248E,103,18.4,136
3318,T,260803,051940,60.856647N,24.598310E,103,17.3,136
3319,T,260803,051941,60.856617N,24.598375E,104,17.9,136
3320,T,260803,051942,60.856579N,24.598438E,104,17.9,136
3321,T,260803,051943,60.856552N,24.598499E,104,17.9,136
3322,T,260803,051944,60.856518N,24.598564E,104,18.0,137
3323,T,260803,051945,60.856483N,24.598623E,104,17.9,138
3324,T,260803,051946,60.856449N,24.598684E,104,17.9,137
3325,T,260803,051947,60.856415N,24.598749E,104,18.2,137
3326,T,260803,051948,60.856380N,24.598814E,105,18.2,138
3327,T,260803,051949,60.856346N,24.598873E,105,17.1,138
3328,T,260803,051950,60.856316N,24.598928E,105,17.1,139
3329,T,260803,051951,60.856285N,24.598984E,105,17.1,139
3330,T,260803,051952,60.856247N,24.599043E,105,17.1,140
3331,T,260803,051953,60.856220N,24.599096E,105,16.8,140
3332,T,260803,051954,60.856182N,24.599152E,106,16.7,141
3333,T,260803,051955,60.856152N,24.599203E,106,16.7,141
3334,T,260803,051956,60.856121N,24.599257E,106,16.5,142
3335,T,260803,051957,60.856083N,24.599306E,107,16.6,143
3336,T,260803,051958,60.856049N,24.599356E,107,16.5,144
3337,T,260803,051959,60.856010N,24.599405E,107,16.5,144
3338,T,260803,052000,60.855980N,24.599455E,107,16.6,145
3339,T,260803,052001,60.855946N,24.599499E,107,17.0,146
3340,T,260803,052002,60.855907N,24.599545E,107,17.0,146
3341,T,260803,052003,60.855877N,24.599594E,108,16.5,146
3342,T,260803,052004,60.855839N,24.599642E,108,16.8,146
3343,T,260803,052005,60.855804N,24.599689E,108,16.3,146
3344,T,260803,052006,60.855766N,24.599735E,108,16.4,146
3345,T,260803,052007,60.855736N,24.599783E,108,16.4,146
3346,T,260803,052008,60.855701N,24.599827E,109,16.4,147
3347,T,260803,052009,60.855667N,24.599871E,109,16.4,147
3348,T,260803,052010,60.855633N,24.599916E,109,16.5,148
3349,T,260803,052011,60.855595N,24.599960E,109,16.6,148
3350,T,260803,052012,60.855560N,24.600004E,109,16.7,149
3351,T,260803,052013,60.855518N,24.600048E,109,17.1,149
3352,T,260803,052014,60.855484N,24.600094E,110,17.0,149
3353,T,260803,052015,60.855450N,24.600136E,110,17.0,150
3354,T,260803,052016,60.855408N,24.600180E,110,17.1,151
3355,T,260803,052017,60.855373N,24.600224E,110,17.2,151
3356,T,260803,052018,60.855335N,24.600266E,110,17.3,151
3357,T,260803,052019,60.855297N,24.600307E,110,17.4,152
3358,T,260803,052020,60.855255N,24.600346E,110,17.5,153
3359,T,260803,052021,60.855217N,24.600388E,110,17.9,153
3360,T,260803,052022,60.855175N,24.600428E,110,18.0,153
3361,T,260803,052023,60.855137N,24.600470E,110,18.4,154
3362,T,260803,052024,60.855095N,24.600512E,110,18.4,153
3363,T,260803,052025,60.855053N,24.600554E,110,18.8,153
3364,T,260803,052026,60.855007N,24.600595E,110,18.9,154
3365,T,260803,052027,60.854969N,24.600636E,110,18.9,154
3366,T,260803,052028,60.854923N,24.600676E,110,18.9,155
3367,T,260803,052029,60.854885N,24.600718E,110,18.9,155
3368,T,260803,052030,60.854839N,24.600760E,111,19.0,155
3369,T,260803,052031,60.854801N,24.600798E,111,19.0,156
3370,T,260803,052032,60.854755N,24.600836E,111,19.0,156
3371,T,260803,052033,60.854713N,24.600876E,111,19.1,156
3372,T,260803,052034,60.854664N,24.600916E,111,19.2,157
3373,T,260803,052035,60.854622N,24.600950E,111,19.1,158
3374,T,260803,052036,60.854576N,24.600985E,111,19.1,158
3375,T,260803,052037,60.854527N,24.601021E,111,19.1,159
3376,T,260803,052038,60.854485N,24.601053E,111,19.1,159
3377,T,260803,052039,60.854439N,24.601088E,111,19.2,159
3378,T,260803,052040,60.854397N,24.601122E,111,19.2,160
3379,T,260803,052041,60.854347N,24.601152E,111,19.3,161
3380,T,260803,052042,60.854301N,24.601185E,111,19.3,161
3381,T,260803,052043,60.854256N,24.601215E,111,19.4,161
3382,T,260803,052044,60.854210N,24.601248E,111,19.9,161
3383,T,260803,052045,60.854160N,24.601282E,111,20.0,161
3384,T,260803,052046,60.854111N,24.601311E,110,20.3,162
3385,T,260803,052047,60.854065N,24.601337E,110,20.5,163
3386,T,260803,052048,60.854015N,24.601368E,111,20.6,164
3387,T,260803,052049,60.853966N,24.601397E,111,21.0,164
3388,T,260803,052050,60.853916N,24.601423E,111,21.0,164
3389,T,260803,052051,60.853863N,24.601452E,111,21.1,165
3390,T,260803,052052,60.853813N,24.601479E,111,21.1,165
3391,T,260803,052053,60.853760N,24.601505E,111,21.4,165
3392,T,260803,052054,60.853710N,24.601536E,111,21.5,165
3393,T,260803,052055,60.853657N,24.601561E,110,21.5,166
3394,T,260803,052056,60.853607N,24.601583E,110,21.2,166
3395,T,260803,052057,60.853558N,24.601610E,110,21.0,166
3396,T,260803,052058,60.853504N,24.601637E,110,21.3,167
3397,T,260803,052059,60.853451N,24.601660E,110,21.3,167
3398,T,260803,052100,60.853401N,24.601685E,110,20.6,167
3399,T,260803,052101,60.853352N,24.601706E,110,20.7,167
3400,T,260803,052102,60.853298N,24.601728E,110,21.2,167
3401,T,260803,052103,60.853249N,24.601751E,110,21.9,168
3402,T,260803,052104,60.853195N,24.601776E,110,21.8,167
3403,T,260803,052105,60.853142N,24.601803E,110,22.0,167
3404,T,260803,052106,60.853088N,24.601826E,110,22.1,167
3405,T,260803,052107,60.853031N,24.601851E,110,22.4,167
3406,T,260803,052108,60.852982N,24.601873E,110,22.8,167
3407,T,260803,052109,60.852924N,24.601896E,109,23.5,168
3408,T,260803,052110,60.852867N,24.601919E,109,23.7,167
3409,T,260803,052111,60.852810N,24.601942E,109,23.8,168
3410,T,260803,052112,60.852753N,24.601967E,109,24.1,167
3411,T,260803,052113,60.852688N,24.601995E,109,24.2,167
3412,T,260803,052114,60.852631N,24.602024E,109,24.3,166
3413,T,260803,052115,60.852570N,24.602055E,109,24.4,166
3414,T,260803,052116,60.852509N,24.602083E,109,25.0,165
3415,T,260803,052117,60.852448N,24.602119E,108,24.6,165
3416,T,260803,052118,60.852390N,24.602156E,108,24.7,164
3417,T,260803,052119,60.852329N,24.602190E,108,24.7,164
3418,T,260803,052120,60.852272N,24.602226E,108,24.8,163
3419,T,260803,052121,60.852207N,24.602264E,108,24.9,163
3420,T,260803,052122,60.852154N,24.602301E,108,25.0,163
3421,T,260803,052123,60.852089N,24.602339E,107,25.0,162
3422,T,260803,052124,60.852032N,24.602381E,107,25.0,162
3423,T,260803,052125,60.851971N,24.602423E,107,25.0,161
3424,T,260803,052126,60.851913N,24.602465E,107,25.1,161
3425,T,260803,052127,60.851852N,24.602509E,107,25.5,160
3426,T,260803,052128,60.851791N,24.602552E,106,25.5,160
3427,T,260803,052129,60.851730N,24.602596E,106,25.6,159
3428,T,260803,052130,60.851677N,24.602644E,106,25.6,158
3429,T,260803,052131,60.851616N,24.602695E,106,26.0,158
3430,T,260803,052132,60.851555N,24.602749E,105,26.4,157
3431,T,260803,052133,60.851494N,24.602802E,105,26.5,156
3432,T,260803,052134,60.851433N,24.602856E,105,26.9,155
3433,T,260803,052135,60.851368N,24.602909E,105,27.0,155
3434,T,260803,052136,60.851311N,24.602970E,104,27.4,154
3435,T,260803,052137,60.851250N,24.603033E,104,27.5,153
3436,T,260803,052138,60.851189N,24.603098E,104,27.8,153
3437,T,260803,052139,60.851128N,24.603168E,104,27.8,151
3438,T,260803,052140,60.851063N,24.603237E,103,28.2,151
3439,T,260803,052141,60.851006N,24.603310E,103,28.3,150
3440,T,260803,052142,60.850941N,24.603382E,103,28.4,150
3441,T,260803,052143,60.850880N,24.603456E,102,28.7,149
3442,T,260803,052144,60.850819N,24.603533E,102,29.1,149
3443,T,260803,052145,60.850758N,24.603607E,102,29.0,148
3444,T,260803,052146,60.850697N,24.603687E,101,29.6,148
3445,T,260803,052147,60.850632N,24.603769E,101,29.5,147
3446,T,260803,052148,60.850571N,24.603855E,101,30.0,146
3447,T,260803,052149,60.850513N,24.603939E,100,29.9,145
3448,T,260803,052150,60.850449N,24.604029E,100,30.0,145
3449,T,260803,052151,60.850384N,24.604118E,99,30.5,144
3450,T,260803,052152,60.850323N,24.604210E,99,30.5,144
3451,T,260803,052153,60.850262N,24.604301E,99,30.5,143
3452,T,260803,052154,60.850201N,24.604395E,98,30.6,143
3453,T,260803,052155,60.850136N,24.604485E,98,31.3,144
3454,T,260803,052156,60.850075N,24.604576E,98,31.4,144
3455,T,260803,052157,60.850014N,24.604673E,97,31.4,143
3456,T,260803,052158,60.849949N,24.604773E,97,31.9,143
3457,T,260803,052159,60.849884N,24.604870E,97,32.0,143
3458,T,260803,052200,60.849819N,24.604967E,96,32.4,142
3459,T,260803,052201,60.849754N,24.605068E,96,32.5,142
3460,T,260803,052202,60.849689N,24.605169E,95,32.5,142
3461,T,260803,052203,60.849625N,24.605272E,95,32.9,142
3462,T,260803,052204,60.849560N,24.605371E,95,32.5,142
3463,T,260803,052205,60.849495N,24.605473E,95,32.5,142
3464,T,260803,052206,60.849434N,24.605572E,94,32.4,142
3465,T,260803,052207,60.849365N,24.605671E,94,32.3,142
3466,T,260803,052208,60.849300N,24.605772E,94,32.2,143
3467,T,260803,052209,60.849239N,24.605867E,93,31.9,143
3468,T,260803,052210,60.849178N,24.605967E,93,31.5,142
3469,T,260803,052211,60.849117N,24.606064E,93,31.1,143
3470,T,260803,052212,60.849056N,24.606157E,93,30.5,143
3471,T,260803,052213,60.848995N,24.606251E,92,29.5,143
3472,T,260803,052214,60.848942N,24.606339E,92,28.4,143
3473,T,260803,052215,60.848885N,24.606424E,92,27.5,143
3474,T,260803,052216,60.848831N,24.606504E,92,26.9,143
3475,T,260803,052217,60.848778N,24.606583E,92,26.5,144
3476,T,260803,052218,60.848724N,24.606663E,92,26.0,143
3477,T,260803,052219,60.848671N,24.606743E,92,25.9,143
3478,T,260803,052220,60.848625N,24.606821E,92,25.8,142
3479,T,260803,052221,60.848572N,24.606899E,92,25.7,142
3480,T,260803,052222,60.848518N,24.606977E,91,25.6,142
3481,T,260803,052223,60.848473N,24.607056E,91,25.6,142
3482,T,260803,052224,60.848419N,24.607132E,91,25.5,143
3483,T,260803,052225,60.848370N,24.607208E,91,25.2,142
3484,T,260803,052226,60.848320N,24.607285E,91,25.1,142
3485,T,260803,052227,60.848270N,24.607363E,91,24.6,142
3486,T,260803,052228,60.848225N,24.607435E,91,24.4,142
3487,T,260803,052229,60.848175N,24.607510E,91,23.9,142
3488,T,260803,052230,60.848129N,24.607584E,91,23.5,142
3489,T,260803,052231,60.848080N,24.607656E,90,23.5,142
3490,T,260803,052232,60.848038N,24.607725E,90,23.5,143
3491,T,260803,052233,60.847988N,24.607798E,90,23.7,143
3492,T,260803,052234,60.847939N,24.607872E,90,24.0,143
3493,T,260803,052235,60.847893N,24.607944E,90,24.0,143
3494,T,260803,052236,60.847843N,24.608019E,90,23.9,143
3495,T,260803,052237,60.847797N,24.608091E,90,23.9,143
3496,T,260803,052238,60.847752N,24.608164E,90,23.9,143
3497,T,260803,052239,60.847698N,24.608238E,90,24.0,143
3498,T,260803,052240,60.847652N,24.608313E,90,24.5,143
3499,T,260803,052241,60.847603N,24.608385E,90,24.6,143
3500,T,260803,052242,60.847557N,24.608463E,90,24.7,143
3501,T,260803,052243,60.847507N,24.608540E,90,24.8,143
3502,T,260803,052244,60.847462N,24.608616E,89,24.8,142
3503,T,260803,052245,60.847408N,24.608694E,90,24.5,142
3504,T,260803,052246,60.847359N,24.608770E,90,24.5,142
3505,T,260803,052247,60.847313N,24.608845E,90,24.5,143
3506,T,260803,052248,60.847263N,24.608915E,90,24.4,143
3507,T,260803,052249,60.847218N,24.608994E,90,24.4,142
3508,T,260803,052250,60.847168N,24.609068E,90,24.3,142
3509,T,260803,052251,60.847115N,24.609144E,90,24.3,142
3510,T,260803,052252,60.847069N,24.609219E,90,24.3,143
3511,T,260803,052253,60.847019N,24.609291E,90,24.4,143
3512,T,260803,052254,60.846970N,24.609365E,90,24.4,143
3513,T,260803,052255,60.846920N,24.609444E,89,24.5,143
3514,T,260803,052256,60.846870N,24.609518E,89,24.2,142
3515,T,260803,052257,60.846825N,24.609594E,89,24.1,142
3516,T,260803,052258,60.846775N,24.609667E,89,24.1,143
3517,T,260803,052259,60.846729N,24.609737E,89,24.1,143
3518,T,260803,052300,60.846680N,24.609814E,89,24.0,142
3519,T,260803,052301,60.846630N,24.609886E,89,23.9,142
3520,T,260803,052302,60.846588N,24.609961E,89,23.9,142
3521,T,260803,052303,60.846539N,24.610035E,89,23.9,143
3522,T,260803,052304,60.846489N,24.610106E,89,23.9,143
3523,T,260803,052305,60.846443N,24.610180E,89,23.9,143
3524,T,260803,052306,60.846397N,24.610254E,89,24.0,143
3525,T,260803,052307,60.846348N,24.610329E,89,24.1,143
3526,T,260803,052308,60.846298N,24.610401E,89,24.1,143
3527,T,260803,052309,60.846249N,24.610476E,89,24.2,142
3528,T,260803,052310,60.846203N,24.610554E,89,24.3,142
3529,T,260803,052311,60.846157N,24.610630E,89,24.3,142
3530,T,260803,052312,60.846107N,24.610706E,89,24.4,142
3531,T,260803,052313,60.846062N,24.610783E,89,24.4,142
3532,T,260803,052314,60.846012N,24.610855E,89,24.4,142
3533,T,260803,052315,60.845963N,24.610935E,89,24.5,142
3534,T,260803,052316,60.845917N,24.611010E,89,24.4,142
3535,T,260803,052317,60.845867N,24.611084E,89,24.4,143
3536,T,260803,052318,60.845821N,24.611160E,89,24.4,142
3537,T,260803,052319,60.845768N,24.611237E,89,24.4,142
3538,T,260803,052320,60.845718N,24.611315E,89,24.5,142
3539,T,260803,052321,60.845673N,24.611387E,89,24.5,143
3540,T,260803,052322,60.845623N,24.611464E,89,24.4,143
3541,T,260803,052323,60.845577N,24.611538E,89,24.4,142
3542,T,260803,052324,60.845528N,24.611614E,89,24.3,142
3543,T,260803,052325,60.845482N,24.611687E,89,24.3,142
3544,T,260803,052326,60.845432N,24.611761E,89,24.2,142
3545,T,260803,052327,60.845379N,24.611835E,89,24.2,143
3546,T,260803,052328,60.845337N,24.611910E,89,23.9,143
3547,T,260803,052329,60.845287N,24.611984E,89,23.8,142
3548,T,260803,052330,60.845242N,24.612061E,89,23.8,142
3549,T,260803,052331,60.845192N,24.612137E,89,24.0,142
3550,T,260803,052332,60.845142N,24.612209E,89,24.0,142
3551,T,260803,052333,60.845097N,24.612286E,89,24.2,142
3552,T,260803,052334,60.845043N,24.612364E,89,24.2,142
3553,T,260803,052335,60.844997N,24.612440E,89,24.3,142
3554,T,260803,052336,60.844948N,24.612516E,89,24.3,142
3555,T,260803,052337,60.844898N,24.612589E,89,23.6,142
3556,T,260803,052338,60.844852N,24.612663E,89,23.7,142
3557,T,260803,052339,60.844803N,24.612743E,89,24.2,142
3558,T,260803,052340,60.844757N,24.612820E,89,24.3,142
3559,T,260803,052341,60.844700N,24.612896E,89,24.4,142
3560,T,260803,052342,60.844646N,24.612976E,89,24.0,143
3561,T,260803,052343,60.844601N,24.613050E,89,23.8,143
3562,T,260803,052344,60.844551N,24.613127E,89,23.2,142
3563,T,260803,052345,60.844505N,24.613199E,89,22.8,141
3564,T,260803,052346,60.844460N,24.613270E,89,22.7,142
3565,T,260803,052347,60.844414N,24.613338E,90,22.3,142
3566,T,260803,052348,60.844368N,24.613400E,90,21.6,144
3567,T,260803,052349,60.844318N,24.613466E,90,22.5,144
3568,T,260803,052350,60.844273N,24.613541E,90,23.2,144
3569,T,260803,052351,60.844223N,24.613611E,90,23.8,143
3570,T,260803,052352,60.844177N,24.613684E,90,23.3,143
3571,T,260803,052353,60.844128N,24.613750E,90,23.2,143
3572,T,260803,052354,60.844082N,24.613817E,90,23.2,144
3573,T,260803,052355,60.844032N,24.613892E,91,23.7,144
3574,T,260803,052356,60.843979N,24.613964E,91,23.8,144
3575,T,260803,052357,60.843929N,24.614038E,91,23.6,144
3576,T,260803,052358,60.843880N,24.614107E,91,23.1,144
3577,T,260803,052359,60.843830N,24.614176E,91,23.1,145
3578,T,260803,052400,60.843784N,24.614244E,91,23.2,145
3579,T,260803,052401,60.843739N,24.614317E,92,23.3,145
3580,T,260803,052402,60.843693N,24.614384E,92,23.4,145
3581,T,260803,052403,60.843639N,24.614452E,92,23.4,145
3582,T,260803,052404,60.843594N,24.614517E,93,23.5,146
3583,T,260803,052405,60.843544N,24.614588E,93,24.0,146
3584,T,260803,052406,60.843494N,24.614656E,93,23.9,146
3585,T,260803,052407,60.843449N,24.614723E,94,24.3,146
3586,T,260803,052408,60.843395N,24.614796E,94,24.2,145
3587,T,260803,052409,60.843342N,24.614866E,94,24.2,146
3588,T,260803,052410,60.843288N,24.614939E,94,24.1,146
3589,T,260803,052411,60.843239N,24.615007E,94,24.1,146
3590,T,260803,052412,60.843189N,24.615084E,94,24.1,146
3591,T,260803,052413,60.843140N,24.615156E,94,23.6,146
3592,T,260803,052414,60.843086N,24.615229E,94,23.5,146
3593,T,260803,052415,60.843037N,24.615301E,94,24.3,147
3594,T,260803,052416,60.842983N,24.615372E,94,24.1,147
3595,T,260803,052417,60.842930N,24.615444E,94,24.0,147
3596,T,260803,052418,60.842880N,24.615513E,93,23.9,147
3597,T,260803,052419,60.842827N,24.615582E,93,23.9,147
3598,T,260803,052420,60.842777N,24.615650E,93,23.9,147
3599,T,260803,052421,60.842724N,24.615717E,93,23.9,148
3600,T,260803,052422,60.842670N,24.615782E,93,24.0,148
3601,T,260803,052423,60.842621N,24.615845E,93,24.0,148
3602,T,260803,052424,60.842571N,24.615908E,93,24.0,147
3603,T,260803,052425,60.842522N,24.615973E,93,24.0,148
3604,T,260803,052426,60.842468N,24.616035E,93,24.0,148
3605,T,260803,052427,60.842415N,24.616096E,93,24.0,149
3606,T,260803,052428,60.842365N,24.616156E,93,24.5,149
3607,T,260803,052429,60.842312N,24.616220E,92,24.4,149
3608,T,260803,052430,60.842258N,24.616283E,92,24.4,149
3609,T,260803,052431,60.842209N,24.616346E,92,24.3,149
3610,T,260803,052432,60.842155N,24.616409E,92,24.3,149
3611,T,260803,052433,60.842106N,24.616474E,92,24.3,149
3612,T,260803,052434,60.842052N,24.616535E,92,24.3,150
3613,T,260803,052435,60.841999N,24.616600E,92,24.3,150
3614,T,260803,052436,60.841953N,24.616665E,92,24.3,150
3615,T,260803,052437,60.841896N,24.616726E,92,24.2,150
3616,T,260803,052438,60.841839N,24.616800E,92,24.3,149
3617,T,260803,052439,60.841789N,24.616863E,92,24.7,149
3618,T,260803,052440,60.841736N,24.616926E,92,24.8,150
3619,T,260803,052441,60.841679N,24.616989E,92,24.9,150
3620,T,260803,052442,60.841629N,24.617052E,92,25.0,150
3621,T,260803,052443,60.841576N,24.617117E,92,25.0,150
3622,T,260803,052444,60.841522N,24.617182E,92,24.6,150
3623,T,260803,052445,60.841473N,24.617247E,92,24.6,150
3624,T,260803,052446,60.841419N,24.617310E,91,24.7,150
3625,T,260803,052447,60.841366N,24.617373E,91,25.0,150
3626,T,260803,052448,60.841309N,24.617435E,91,25.1,150
3627,T,260803,052449,60.841251N,24.617498E,91,25.1,151
3628,T,260803,052450,60.841202N,24.617559E,91,25.1,151
3629,T,260803,052451,60.841145N,24.617624E,91,25.0,150
3630,T,260803,052452,60.841091N,24.617689E,91,25.0,150
3631,T,260803,052453,60.841038N,24.617754E,91,25.0,150
3632,T,260803,052454,60.840981N,24.617819E,91,25.0,149
3633,T,260803,052455,60.840927N,24.617884E,91,24.5,149
3634,T,260803,052456,60.840874N,24.617945E,91,24.5,150
3635,T,260803,052457,60.840820N,24.618004E,91,24.6,150
3636,T,260803,052458,60.840763N,24.618069E,91,24.6,151
3637,T,260803,052459,60.840714N,24.618128E,91,24.3,151
3638,T,260803,052500,60.840656N,24.618189E,91,24.8,151
3639,T,260803,052501,60.840599N,24.618246E,91,24.8,151
3640,T,260803,052502,60.840549N,24.618303E,91,24.7,151
3641,T,260803,052503,60.840492N,24.618364E,91,24.7,152
3642,T,260803,052504,60.840439N,24.618423E,91,24.7,152
3643,T,260803,052505,60.840385N,24.618484E,91,24.3,151
3644,T,260803,052506,60.840328N,24.618542E,92,24.2,151
3645,T,260803,052507,60.840271N,24.618603E,92,24.1,151
3646,T,260803,052508,60.840221N,24.618660E,92,24.1,151
3647,T,260803,052509,60.840164N,24.618723E,92,24.2,151
3648,T,260803,052510,60.840111N,24.618784E,92,24.5,150
3649,T,260803,052511,60.840057N,24.618843E,92,24.5,151
3650,T,260803,052512,60.840000N,24.618902E,92,24.5,151
3651,T,260803,052513,60.839947N,24.618961E,92,24.6,151
3652,T,260803,052514,60.839897N,24.619019E,93,24.6,151
3653,T,260803,052515,60.839844N,24.619080E,93,24.6,151
3654,T,260803,052516,60.839790N,24.619141E,93,24.6,151
3655,T,260803,052517,60.839737N,24.619198E,93,24.6,151
3656,T,260803,052518,60.839680N,24.619253E,93,24.6,151
3657,T,260803,052519,60.839626N,24.619316E,93,24.6,151
3658,T,260803,052520,60.839573N,24.619375E,93,24.5,151
3659,T,260803,052521,60.839520N,24.619436E,93,24.1,151
3660,T,260803,052522,60.839466N,24.619495E,93,23.7,150
3661,T,260803,052523,60.839417N,24.619555E,93,23.2,150
3662,T,260803,052524,60.839363N,24.619606E,93,22.6,150
3663,T,260803,052525,60.839317N,24.619661E,93,22.4,151
3664,T,260803,052526,60.839264N,24.619717E,93,22.5,151
3665,T,260803,052527,60.839214N,24.619770E,93,22.9,151
3666,T,260803,052528,60.839165N,24.619823E,93,23.0,151
3667,T,260803,052529,60.839111N,24.619883E,93,23.1,151
3668,T,260803,052530,60.839062N,24.619938E,94,23.4,151
3669,T,260803,052531,60.839012N,24.619993E,93,23.5,151
3670,T,260803,052532,60.838959N,24.620049E,93,23.5,151
3671,T,260803,052533,60.838909N,24.620104E,93,23.7,151
3672,T,260803,052534,60.838856N,24.620159E,93,24.0,151
3673,T,260803,052535,60.838802N,24.620220E,93,24.0,151
3674,T,260803,052536,60.838753N,24.620281E,93,24.1,150
3675,T,260803,052537,60.838699N,24.620344E,93,24.4,149
3676,T,260803,052538,60.838650N,24.620411E,93,24.7,148
3677,T,260803,052539,60.838593N,24.620472E,93,25.4,150
3678,T,260803,052540,60.838535N,24.620527E,93,25.5,151
3679,T,260803,052541,60.838482N,24.620584E,93,25.8,151
3680,T,260803,052542,60.838421N,24.620646E,93,26.2,151
3681,T,260803,052543,60.838360N,24.620714E,93,26.8,151
3682,T,260803,052544,60.838299N,24.620777E,93,27.1,150
3683,T,260803,052545,60.838242N,24.620846E,92,26.6,150
3684,T,260803,052546,60.838184N,24.620914E,92,26.6,151
3685,T,260803,052547,60.838123N,24.620981E,92,26.2,150
3686,T,260803,052548,60.838066N,24.621052E,92,26.0,150
3687,T,260803,052549,60.838013N,24.621119E,92,25.6,150
3688,T,260803,052550,60.837955N,24.621181E,92,25.6,151
3689,T,260803,052551,60.837894N,24.621244E,91,25.6,151
3690,T,260803,052552,60.837841N,24.621305E,91,25.0,152
3691,T,260803,052553,60.837788N,24.621365E,91,24.9,151
3692,T,260803,052554,60.837734N,24.621426E,91,25.0,151
3693,T,260803,052555,60.837681N,24.621489E,91,25.8,151
3694,T,260803,052556,60.837624N,24.621552E,90,26.4,151
3695,T,260803,052557,60.837566N,24.621616E,90,26.5,151
3696,T,260803,052558,60.837509N,24.621681E,90,26.6,151
3697,T,260803,052559,60.837452N,24.621748E,90,26.7,151
3698,T,260803,052600,60.837391N,24.621815E,89,26.7,151
3699,T,260803,052601,60.837334N,24.621880E,89,26.9,151
3700,T,260803,052602,60.837273N,24.621944E,89,27.2,151
3701,T,260803,052603,60.837212N,24.622009E,89,27.2,151
3702,T,260803,052604,60.837151N,24.622076E,89,27.1,151
3703,T,260803,052605,60.837093N,24.622143E,89,27.1,151
3704,T,260803,052606,60.837032N,24.622206E,89,27.1,151
3705,T,260803,052607,60.836967N,24.622274E,89,27.1,151
3706,T,260803,052608,60.836910N,24.622339E,89,26.8,151
3707,T,260803,052609,60.836849N,24.622404E,89,26.4,152
3708,T,260803,052610,60.836792N,24.622465E,89,26.1,152
3709,T,260803,052611,60.836731N,24.622528E,89,25.6,152
3710,T,260803,052612,60.836678N,24.622593E,89,25.5,152
3711,T,260803,052613,60.836620N,24.622654E,89,24.8,151
3712,T,260803,052614,60.836563N,24.622711E,89,24.2,152
3713,T,260803,052615,60.836514N,24.622768E,89,23.9,152
3714,T,260803,052616,60.836452N,24.622831E,89,23.7,152
3715,T,260803,052617,60.836399N,24.622890E,89,23.6,152
3716,T,260803,052618,60.836346N,24.622948E,89,23.5,152
3717,T,260803,052619,60.836292N,24.623005E,89,23.4,153
3718,T,260803,052620,60.836239N,24.623058E,89,23.1,153
3719,T,260803,052621,60.836193N,24.623112E,89,23.0,153
3720,T,260803,052622,60.836140N,24.623163E,89,22.5,153
3721,T,260803,052623,60.836086N,24.623215E,89,22.3,153
3722,T,260803,052624,60.836037N,24.623264E,89,22.0,153
3723,T,260803,052625,60.835987N,24.623316E,89,22.0,152
3724,T,260803,052626,60.835941N,24.623365E,90,22.0,153
3725,T,260803,052627,60.835888N,24.623419E,90,22.0,152
3726,T,260803,052628,60.835838N,24.623470E,90,22.0,153
3727,T,260803,052629,60.835793N,24.623518E,90,22.1,153
3728,T,260803,052630,60.835739N,24.623568E,90,22.2,154
3729,T,260803,052631,60.835690N,24.623617E,90,22.2,153
3730,T,260803,052632,60.835640N,24.623669E,90,22.2,153
3731,T,260803,052633,60.835590N,24.623720E,90,22.2,154
3732,T,260803,052634,60.835545N,24.623770E,90,22.2,153
3733,T,260803,052635,60.835491N,24.623817E,90,22.1,154
3734,T,260803,052636,60.835445N,24.623869E,90,22.1,154
3735,T,260803,052637,60.835396N,24.623917E,90,22.0,154
3736,T,260803,052638,60.835342N,24.623964E,90,21.7,154
3737,T,260803,052639,60.835297N,24.624014E,90,21.6,154
3738,T,260803,052640,60.835247N,24.624062E,90,21.5,154
3739,T,260803,052641,60.835201N,24.624109E,91,21.2,154
3740,T,260803,052642,60.835152N,24.624157E,91,21.2,154
3741,T,260803,052643,60.835106N,24.624205E,91,21.2,154
3742,T,260803,052644,60.835056N,24.624250E,91,21.1,154
3743,T,260803,052645,60.835007N,24.624294E,91,21.1,155
3744,T,260803,052646,60.834961N,24.624338E,91,21.3,155
3745,T,260803,052647,60.834908N,24.624386E,91,21.3,155
3746,T,260803,052648,60.834862N,24.624435E,91,21.4,155
3747,T,260803,052649,60.834808N,24.624481E,91,21.5,155
3748,T,260803,052650,60.834759N,24.624525E,91,21.5,154
3749,T,260803,052651,60.834713N,24.624575E,91,21.5,155
3750,T,260803,052652,60.834663N,24.624617E,91,21.4,155
3751,T,260803,052653,60.834618N,24.624664E,91,21.4,155
3752,T,260803,052654,60.834568N,24.624710E,92,21.3,155
3753,T,260803,052655,60.834518N,24.624756E,92,21.2,155
3754,T,260803,052656,60.834473N,24.624802E,92,21.1,155
3755,T,260803,052657,60.834423N,24.624847E,92,21.0,155
3756,T,260803,052658,60.834377N,24.624893E,92,20.9,155
3757,T,260803,052659,60.834328N,24.624937E,92,20.8,155
3758,T,260803,052700,60.834286N,24.624985E,92,20.9,154
3759,T,260803,052701,60.834236N,24.625031E,92,20.9,155
3760,T,260803,052702,60.834187N,24.625076E,92,21.3,155
3761,T,260803,052703,60.834141N,24.625122E,92,21.3,155
3762,T,260803,052704,60.834091N,24.625166E,92,21.2,155
3763,T,260803,052705,60.834045N,24.625214E,92,21.2,155
3764,T,260803,052706,60.833996N,24.625257E,92,21.3,155
3765,T,260803,052707,60.833946N,24.625303E,92,21.3,155
3766,T,260803,052708,60.833900N,24.625353E,92,21.3,155
3767,T,260803,052709,60.833851N,24.625399E,92,21.3,155
3768,T,260803,052710,60.833805N,24.625444E,92,21.3,155
3769,T,260803,052711,60.833752N,24.625492E,92,21.4,155
3770,T,260803,052712,60.833706N,24.625538E,92,21.7,155
3771,T,260803,052713,60.833656N,24.625584E,92,21.8,155
3772,T,260803,052714,60.833603N,24.625633E,92,21.8,155
3773,T,260803,052715,60.833557N,24.625681E,92,22.2,155
3774,T,260803,052716,60.833504N,24.625729E,92,22.3,155
3775,T,260803,052717,60.833450N,24.625776E,93,22.4,155
3776,T,260803,052718,60.833401N,24.625822E,93,22.7,155
3777,T,260803,052719,60.833347N,24.625872E,93,23.0,155
3778,T,260803,052720,60.833298N,24.625916E,93,23.1,155
3779,T,260803,052721,60.833241N,24.625965E,93,23.2,155
3780,T,260803,052722,60.833187N,24.626017E,93,23.1,156
3781,T,260803,052723,60.833134N,24.626064E,93,23.0,155
3782,T,260803,052724,60.833080N,24.626112E,93,22.9,155
3783,T,260803,052725,60.833031N,24.626162E,93,22.8,155
3784,T,260803,052726,60.832981N,24.626209E,93,22.7,155
3785,T,260803,052727,60.832928N,24.626261E,92,22.7,155
3786,T,260803,052728,60.832878N,24.626308E,92,22.7,155
3787,T,260803,052729,60.832825N,24.626356E,92,22.7,155
3788,T,260803,052730,60.832771N,24.626402E,92,22.7,155
3789,T,260803,052731,60.832722N,24.626450E,92,22.7,155
3790,T,260803,052732,60.832672N,24.626497E,92,22.6,155
3791,T,260803,052733,60.832615N,24.626545E,92,22.6,155
3792,T,260803,052734,60.832569N,24.626595E,92,22.6,155
3793,T,260803,052735,60.832516N,24.626642E,92,22.5,155
3794,T,260803,052736,60.832462N,24.626688E,92,22.1,155
3795,T,260803,052737,60.832413N,24.626736E,92,22.2,154
3796,T,260803,052738,60.832363N,24.626785E,92,22.3,154
3797,T,260803,052739,60.832314N,24.626837E,92,22.4,154
3798,T,260803,052740,60.832260N,24.626883E,92,22.8,154
3799,T,260803,052741,60.832207N,24.626932E,92,23.4,155
3800,T,260803,052742,60.832157N,24.626980E,92,23.7,155
3801,T,260803,052743,60.832100N,24.627029E,92,24.1,155
3802,T,260803,052744,60.832047N,24.627083E,92,24.5,155
3803,T,260803,052745,60.831993N,24.627136E,92,25.1,155
3804,T,260803,052746,60.831932N,24.627186E,92,25.1,155
3805,T,260803,052747,60.831875N,24.627237E,92,25.2,155
3806,T,260803,052748,60.831821N,24.627296E,92,25.5,155
3807,T,260803,052749,60.831760N,24.627352E,92,25.5,155
3808,T,260803,052750,60.831703N,24.627403E,92,25.5,155
3809,T,260803,052751,60.831650N,24.627457E,92,25.5,155
3810,T,260803,052752,60.831593N,24.627508E,91,25.5,155
3811,T,260803,052753,60.831532N,24.627563E,91,25.6,155
3812,T,260803,052754,60.831474N,24.627617E,91,25.6,155
3813,T,260803,052755,60.831417N,24.627674E,91,25.6,155
3814,T,260803,052756,60.831360N,24.627728E,91,25.6,155
3815,T,260803,052757,60.831299N,24.627785E,91,25.6,155
3816,T,260803,052758,60.831245N,24.627838E,91,25.6,155
3817,T,260803,052759,60.831184N,24.627893E,91,25.9,155
3818,T,260803,052800,60.831123N,24.627949E,91,25.9,155
3819,T,260803,052801,60.831062N,24.628004E,91,26.0,155
3820,T,260803,052802,60.831009N,24.628059E,91,25.8,155
3821,T,260803,052803,60.830952N,24.628117E,90,25.7,155
3822,T,260803,052804,60.830887N,24.628168E,90,25.7,155
3823,T,260803,052805,60.830833N,24.628223E,90,25.7,155
3824,T,260803,052806,60.830772N,24.628277E,90,25.6,155
3825,T,260803,052807,60.830715N,24.628332E,90,25.7,155
3826,T,260803,052808,60.830654N,24.628386E,90,25.7,155
3827,T,260803,052809,60.830601N,24.628443E,90,25.7,155
3828,T,260803,052810,60.830540N,24.628496E,90,25.0,155
3829,T,260803,052811,60.830482N,24.628551E,90,25.0,155
3830,T,260803,052812,60.830429N,24.628605E,90,25.0,155
3831,T,260803,052813,60.830368N,24.628662E,90,25.0,155
3832,T,260803,052814,60.830311N,24.628716E,90,25.0,155
3833,T,260803,052815,60.830257N,24.628769E,90,25.0,155
3834,T,260803,052816,60.830200N,24.628820E,90,25.0,155
3835,T,260803,052817,60.830139N,24.628874E,90,25.0,155
3836,T,260803,052818,60.830086N,24.628925E,90,24.6,155
3837,T,260803,052819,60.830029N,24.628981E,89,24.6,155
3838,T,260803,052820,60.829971N,24.629032E,89,24.7,155
3839,T,260803,052821,60.829914N,24.629086E,89,25.1,155
3840,T,260803,052822,60.829861N,24.629141E,89,25.1,155
3841,T,260803,052823,60.829800N,24.629198E,89,25.0,155
3842,T,260803,052824,60.829742N,24.629251E,89,25.0,155
3843,T,260803,052825,60.829689N,24.629309E,89,25.0,155
3844,T,260803,052826,60.829632N,24.629364E,89,25.0,155
3845,T,260803,052827,60.829575N,24.629417E,89,24.9,155
3846,T,260803,052828,60.829521N,24.629473E,89,24.9,155
3847,T,260803,052829,60.829460N,24.629524E,88,25.0,154
3848,T,260803,052830,60.829399N,24.629576E,88,25.3,155
3849,T,260803,052831,60.829346N,24.629627E,88,25.4,155
3850,T,260803,052832,60.829288N,24.629681E,88,25.4,155
3851,T,260803,052833,60.829231N,24.629734E,88,25.3,155
3852,T,260803,052834,60.829170N,24.629784E,88,25.2,155
3853,T,260803,052835,60.829117N,24.629841E,88,25.1,155
3854,T,260803,052836,60.829060N,24.629894E,88,25.0,155
3855,T,260803,052837,60.829002N,24.629944E,88,24.7,155
3856,T,260803,052838,60.828949N,24.629997E,88,24.6,155
3857,T,260803,052839,60.828892N,24.630051E,88,24.3,155
3858,T,260803,052840,60.828835N,24.630102E,88,24.4,155
3859,T,260803,052841,60.828781N,24.630156E,88,24.5,155
3860,T,260803,052842,60.828724N,24.630207E,88,24.6,155
3861,T,260803,052843,60.828667N,24.630262E,88,24.7,155
3862,T,260803,052844,60.828613N,24.630316E,88,24.8,155
3863,T,260803,052845,60.828556N,24.630365E,88,24.9,155
3864,T,260803,052846,60.828499N,24.630419E,88,24.9,155
3865,T,260803,052847,60.828445N,24.630470E,88,24.8,155
3866,T,260803,052848,60.828388N,24.630524E,88,24.5,155
3867,T,260803,052849,60.828331N,24.630575E,89,24.4,155
3868,T,260803,052850,60.828281N,24.630627E,89,24.2,155
3869,T,260803,052851,60.828224N,24.630676E,89,24.2,155
3870,T,260803,052852,60.828167N,24.630724E,89,24.2,155
3871,T,260803,052853,60.828114N,24.630775E,89,24.2,155
3872,T,260803,052854,60.828056N,24.630823E,89,24.2,155
3873,T,260803,052855,60.827999N,24.630877E,89,24.2,155
3874,T,260803,052856,60.827950N,24.630930E,89,24.2,155
3875,T,260803,052857,60.827892N,24.630980E,89,24.1,155
3876,T,260803,052858,60.827839N,24.631033E,89,24.1,155
3877,T,260803,052859,60.827785N,24.631083E,89,24.0,155
3878,T,260803,052900,60.827728N,24.631134E,89,24.0,155
3879,T,260803,052901,60.827675N,24.631184E,89,24.1,155
3880,T,260803,052902,60.827621N,24.631235E,89,24.1,155
3881,T,260803,052903,60.827564N,24.631287E,89,24.1,155
3882,T,260803,052904,60.827511N,24.631338E,89,24.1,155
3883,T,260803,052905,60.827457N,24.631388E,89,24.1,155
3884,T,260803,052906,60.827400N,24.631439E,89,24.0,155
3885,T,260803,052907,60.827347N,24.631493E,89,23.9,155
3886,T,260803,052908,60.827293N,24.631544E,89,23.9,155
3887,T,260803,052909,60.827240N,24.631594E,89,24.2,155
3888,T,260803,052910,60.827179N,24.631645E,89,24.5,155
3889,T,260803,052911,60.827129N,24.631699E,89,24.5,155
3890,T,260803,052912,60.827072N,24.631748E,89,24.5,155
3891,T,260803,052913,60.827015N,24.631800E,88,24.5,155
3892,T,260803,052914,60.826962N,24.631851E,88,24.5,155
3893,T,260803,052915,60.826904N,24.631905E,88,24.5,155
3894,T,260803,052916,60.826847N,24.631956E,88,24.5,155
3895,T,260803,052917,60.826794N,24.632010E,88,24.6,155
3896,T,260803,052918,60.826736N,24.632065E,88,24.9,155
3897,T,260803,052919,60.826679N,24.632118E,88,25.0,155
3898,T,260803,052920,60.826618N,24.632174E,88,25.0,155
3899,T,260803,052921,60.826565N,24.632229E,88,25.2,155
3900,T,260803,052922,60.826504N,24.632294E,87,25.8,155
3901,T,260803,052923,60.826443N,24.632353E,88,26.1,156
3902,T,260803,052924,60.826385N,24.632412E,88,26.2,156
3903,T,260803,052925,60.826324N,24.632477E,88,26.1,155
3904,T,260803,052926,60.826267N,24.632538E,88,26.2,153
3905,T,260803,052927,60.826206N,24.632603E,88,26.9,153
3906,T,260803,052928,60.826145N,24.632658E,88,26.2,154
3907,T,260803,052929,60.826088N,24.632715E,88,25.6,154
3908,T,260803,052930,60.826031N,24.632776E,88,26.4,154
3909,T,260803,052931,60.825970N,24.632833E,88,27.1,154
3910,T,260803,052932,60.825909N,24.632895E,88,27.9,155
3911,T,260803,052933,60.825844N,24.632954E,88,28.4,155
3912,T,260803,052934,60.825779N,24.633013E,88,27.6,155
3913,T,260803,052935,60.825722N,24.633070E,88,27.5,156
3914,T,260803,052936,60.825657N,24.633125E,88,26.6,156
3915,T,260803,052937,60.825596N,24.633184E,88,27.5,156
3916,T,260803,052938,60.825531N,24.633244E,88,28.1,156
3917,T,260803,052939,60.825466N,24.633299E,88,28.2,156
3918,T,260803,052940,60.825401N,24.633348E,88,28.2,155
3919,T,260803,052941,60.825336N,24.633408E,87,28.3,155
3920,T,260803,052942,60.825272N,24.633469E,87,28.4,155
3921,T,260803,052943,60.825207N,24.633530E,87,27.9,154
3922,T,260803,052944,60.825146N,24.633579E,86,27.2,155
3923,T,260803,052945,60.825081N,24.633629E,86,26.8,155
3924,T,260803,052946,60.825020N,24.633682E,86,26.7,155
3925,T,260803,052947,60.824959N,24.633734E,85,26.3,155
3926,T,260803,052948,60.824902N,24.633783E,85,26.2,155
3927,T,260803,052949,60.824841N,24.633839E,85,26.2,155
3928,T,260803,052950,60.824780N,24.633894E,85,26.3,155
3929,T,260803,052951,60.824718N,24.633945E,85,26.3,155
3930,T,260803,052952,60.824661N,24.634001E,84,26.2,155
3931,T,260803,052953,60.824604N,24.634048E,84,26.2,155
3932,T,260803,052954,60.824543N,24.634104E,84,25.8,155
3933,T,260803,052955,60.824490N,24.634159E,84,25.5,155
3934,T,260803,052956,60.824432N,24.634216E,84,25.1,155
3935,T,260803,052957,60.824371N,24.634270E,84,24.3,155
3936,T,260803,052958,60.824322N,24.634319E,84,23.8,155
3937,T,260803,052959,60.824268N,24.634371E,84,23.0,155
3938,T,260803,053000,60.824215N,24.634418E,84,22.5,155
3939,T,260803,053001,60.824169N,24.634464E,84,21.9,155
3940,T,260803,053002,60.824120N,24.634506E,84,21.5,155
3941,T,260803,053003,60.824074N,24.634552E,84,21.1,155
3942,T,260803,053004,60.824020N,24.634596E,84,21.1,155
3943,T,260803,053005,60.823975N,24.634636E,84,20.9,156
3944,T,260803,053006,60.823929N,24.634678E,84,20.5,155
3945,T,260803,053007,60.823883N,24.634722E,84,20.3,155
3946,T,260803,053008,60.823837N,24.634764E,84,20.0,155
3947,T,260803,053009,60.823792N,24.634804E,84,20.0,154
3948,T,260803,053010,60.823746N,24.634846E,84,20.1,155
3949,T,260803,053011,60.823700N,24.634886E,84,20.0,156
3950,T,260803,053012,60.823650N,24.634926E,84,20.1,156
3951,T,260803,053013,60.823608N,24.634970E,84,20.1,155
3952,T,260803,053014,60.823563N,24.635014E,84,20.1,155
3953,T,260803,053015,60.823517N,24.635056E,84,20.2,155
3954,T,260803,053016,60.823471N,24.635098E,85,20.5,155
3955,T,260803,053017,60.823421N,24.635139E,85,20.6,155
3956,T,260803,053018,60.823372N,24.635183E,85,20.7,155
3957,T,260803,053019,60.823322N,24.635227E,85,21.2,154
3958,T,260803,053020,60.823277N,24.635275E,85,21.4,154
3959,T,260803,053021,60.823227N,24.635319E,85,21.5,155
3960,T,260803,053022,60.823177N,24.635365E,85,21.5,155
3961,T,260803,053023,60.823128N,24.635412E,85,21.9,155
3962,T,260803,053024,60.823074N,24.635464E,85,22.0,155
3963,T,260803,053025,60.823025N,24.635511E,85,22.1,155
3964,T,260803,053026,60.822971N,24.635557E,85,22.1,155
3965,T,260803,053027,60.822922N,24.635607E,85,22.2,155
3966,T,260803,053028,60.822872N,24.635656E,85,22.2,154
3967,T,260803,053029,60.822819N,24.635704E,85,22.5,155
3968,T,260803,053030,60.822769N,24.635754E,85,22.5,155
3969,T,260803,053031,60.822720N,24.635799E,85,22.6,156
3970,T,260803,053032,60.822662N,24.635847E,85,22.9,156
3971,T,260803,053033,60.822613N,24.635900E,85,23.2,155
3972,T,260803,053034,60.822559N,24.635954E,85,23.1,155
3973,T,260803,053035,60.822514N,24.636002E,85,23.0,155
3974,T,260803,053036,60.822460N,24.636049E,85,23.0,155
3975,T,260803,053037,60.822403N,24.636101E,85,23.5,155
3976,T,260803,053038,60.822353N,24.636148E,84,23.6,156
3977,T,260803,053039,60.822296N,24.636198E,84,23.7,155
3978,T,260803,053040,60.822239N,24.636250E,84,23.9,155
3979,T,260803,053041,60.822189N,24.636305E,84,24.4,154
3980,T,260803,053042,60.822132N,24.636356E,83,24.8,155
3981,T,260803,053043,60.822075N,24.636410E,83,25.1,155
3982,T,260803,053044,60.822018N,24.636463E,83,25.4,155
3983,T,260803,053045,60.821960N,24.636520E,83,25.5,155
3984,T,260803,053046,60.821899N,24.636576E,83,25.5,155
3985,T,260803,053047,60.821842N,24.636627E,83,25.5,155
3986,T,260803,053048,60.821785N,24.636681E,83,25.4,155
3987,T,260803,053049,60.821728N,24.636732E,82,25.4,155
3988,T,260803,053050,60.821667N,24.636786E,82,25.4,155
3989,T,260803,053051,60.821609N,24.636841E,82,25.4,155
3990,T,260803,053052,60.821552N,24.636894E,82,25.4,155
3991,T,260803,053053,60.821495N,24.636950E,82,25.4,155
3992,T,260803,053054,60.821438N,24.637005E,82,25.5,155
3993,T,260803,053055,60.821377N,24.637062E,82,25.5,155
3994,T,260803,053056,60.821320N,24.637115E,82,25.5,155
3995,T,260803,053057,60.821259N,24.637175E,82,25.5,155
3996,T,260803,053058,60.821205N,24.637228E,82,25.6,155
3997,T,260803,053059,60.821144N,24.637280E,82,25.6,155
3998,T,260803,053100,60.821087N,24.637337E,82,25.6,155
3999,T,260803,053101,60.821033N,24.637390E,82,25.6,155
4000,T,260803,053102,60.820972N,24.637445E,82,25.3,155
4001,T,260803,053103,60.820915N,24.637503E,82,25.3,155
4002,T,260803,053104,60.820862N,24.637558E,82,25.2,155
4003,T,260803,053105,60.820801N,24.637613E,82,24.9,154
4004,T,260803,053106,60.820747N,24.637669E,82,24.5,155
4005,T,260803,053107,60.820690N,24.637718E,82,23.8,155
4006,T,260803,053108,60.820637N,24.637770E,82,24.0,155
4007,T,260803,053109,60.820583N,24.637817E,82,24.3,155
4008,T,260803,053110,60.820526N,24.637871E,82,24.2,155
4009,T,260803,053111,60.820473N,24.637920E,83,24.1,155
4010,T,260803,053112,60.820419N,24.637972E,83,24.1,155
4011,T,260803,053113,60.820366N,24.638023E,83,24.0,155
4012,T,260803,053114,60.820313N,24.638077E,83,23.9,155
4013,T,260803,053115,60.820255N,24.638128E,83,23.8,155
4014,T,260803,053116,60.820202N,24.638180E,83,23.7,155
4015,T,260803,053117,60.820148N,24.638235E,83,23.7,155
4016,T,260803,053118,60.820091N,24.638287E,83,23.6,155
4017,T,260803,053119,60.820042N,24.638336E,83,23.5,155
4018,T,260803,053120,60.819988N,24.638386E,83,23.2,155
4019,T,260803,053121,60.819931N,24.638435E,83,23.2,155
4020,T,260803,053122,60.819881N,24.638487E,83,23.2,155
4021,T,260803,053123,60.819828N,24.638536E,83,23.2,155
4022,T,260803,053124,60.819775N,24.638586E,83,23.0,155
4023,T,260803,053125,60.819725N,24.638636E,83,22.9,155
4024,T,260803,053126,60.819675N,24.638691E,83,22.8,154
4025,T,260803,053127,60.819626N,24.638737E,83,22.8,155
4026,T,260803,053128,60.819572N,24.638779E,83,22.7,155
4027,T,260803,053129,60.819519N,24.638830E,83,22.7,154
4028,T,260803,053130,60.819469N,24.638882E,82,22.7,154
4029,T,260803,053131,60.819416N,24.638933E,83,22.8,154
4030,T,260803,053132,60.819363N,24.638985E,83,22.8,154
4031,T,260803,053133,60.819313N,24.639034E,82,22.9,155
4032,T,260803,053134,60.819260N,24.639084E,83,23.0,155
4033,T,260803,053135,60.819202N,24.639133E,83,23.3,155
4034,T,260803,053136,60.819153N,24.639185E,83,23.2,155
4035,T,260803,053137,60.819099N,24.639236E,83,23.3,155
4036,T,260803,053138,60.819042N,24.639286E,83,23.4,155
4037,T,260803,053139,60.818993N,24.639338E,83,23.5,154
4038,T,260803,053140,60.818939N,24.639393E,83,23.5,154
4039,T,260803,053141,60.818886N,24.639444E,82,23.5,154
4040,T,260803,053142,60.818832N,24.639496E,82,23.4,154
4041,T,260803,053143,60.818779N,24.639544E,82,23.3,154
4042,T,260803,053144,60.818729N,24.639597E,82,23.3,154
4043,T,260803,053145,60.818676N,24.639648E,82,23.2,153
4044,T,260803,053146,60.818623N,24.639698E,82,22.7,154
4045,T,260803,053147,60.818573N,24.639746E,82,22.8,154
4046,T,260803,053148,60.818520N,24.639795E,82,22.8,154
4047,T,260803,053149,60.818466N,24.639849E,82,22.8,154
4048,T,260803,053150,60.818417N,24.639900E,82,22.8,154
4049,T,260803,053151,60.818363N,24.639950E,82,22.9,154
4050,T,260803,053152,60.818314N,24.640001E,82,22.9,153
4051,T,260803,053153,60.818260N,24.640057E,82,22.9,154
4052,T,260803,053154,60.818207N,24.640104E,82,22.9,154
4053,T,260803,053155,60.818157N,24.640156E,82,24.0,154
4054,T,260803,053156,60.818104N,24.640203E,83,23.2,155
4055,T,260803,053157,60.818054N,24.640259E,83,23.1,155
4056,T,260803,053158,60.818005N,24.640308E,83,21.7,150
4057,T,260803,053159,60.817955N,24.640364E,83,21.8,153
4058,T,260803,053200,60.817909N,24.640415E,83,21.5,155
4059,T,260803,053201,60.817860N,24.640457E,83,20.6,155
4060,T,260803,053202,60.817814N,24.640505E,83,20.4,155
4061,T,260803,053203,60.817768N,24.640547E,83,20.0,153
4062,T,260803,053204,60.817719N,24.640593E,83,19.9,153
4063,T,260803,053205,60.817677N,24.640636E,83,19.5,153
4064,T,260803,053206,60.817631N,24.640682E,83,19.5,153
4065,T,260803,053207,60.817593N,24.640724E,83,19.9,153
4066,T,260803,053208,60.817543N,24.640768E,83,19.9,153
4067,T,260803,053209,60.817501N,24.640816E,83,20.3,153
4068,T,260803,053210,60.817455N,24.640862E,83,20.4,153
4069,T,260803,053211,60.817410N,24.640909E,83,20.0,153
4070,T,260803,053212,60.817368N,24.640953E,83,19.9,154
4071,T,260803,053213,60.817322N,24.640997E,83,19.6,154
4072,T,260803,053214,60.817280N,24.641041E,83,19.0,154
4073,T,260803,053215,60.817238N,24.641085E,83,19.1,153
4074,T,260803,053216,60.817196N,24.641132E,83,19.0,152
4075,T,260803,053217,60.817150N,24.641174E,83,18.5,152
4076,T,260803,053218,60.817112N,24.641216E,83,18.5,152
4077,T,260803,053219,60.817074N,24.641258E,83,18.4,152
4078,T,260803,053220,60.817032N,24.641300E,83,18.5,152
4079,T,260803,053221,60.816994N,24.641342E,83,18.7,153
4080,T,260803,053222,60.816952N,24.641384E,83,19.0,153
4081,T,260803,053223,60.816910N,24.641428E,83,19.0,154
4082,T,260803,053224,60.816864N,24.641472E,83,19.1,154
4083,T,260803,053225,60.816818N,24.641516E,83,19.2,154
4084,T,260803,053226,60.816776N,24.641560E,83,19.3,154
4085,T,260803,053227,60.816730N,24.641603E,83,19.3,153
4086,T,260803,053228,60.816689N,24.641644E,83,19.4,153
4087,T,260803,053229,60.816643N,24.641689E,83,19.4,153
4088,T,260803,053230,60.816601N,24.641735E,83,19.4,153
4089,T,260803,053231,60.816559N,24.641785E,83,19.5,153
4090,T,260803,053232,60.816513N,24.641827E,83,19.5,153
4091,T,260803,053233,60.816471N,24.641870E,83,19.5,153
4092,T,260803,053234,60.816429N,24.641914E,83,19.9,154
4093,T,260803,053235,60.816380N,24.641956E,83,20.2,153
4094,T,260803,053236,60.816338N,24.642004E,83,20.4,153
4095,T,260803,053237,60.816288N,24.642052E,83,20.8,153
4096,T,260803,053238,60.816242N,24.642099E,83,20.9,153
4097,T,260803,053239,60.816196N,24.642147E,83,21.0,153
4098,T,260803,053240,60.816151N,24.642197E,84,21.0,153
4099,T,260803,053241,60.816101N,24.642244E,84,21.0,153
4100,T,260803,053242,60.816051N,24.642294E,84,21.4,153
4101,T,260803,053243,60.816010N,24.642344E,84,21.4,153
4102,T,260803,053244,60.815960N,24.642393E,84,21.3,152
4103,T,260803,053245,60.815910N,24.642443E,84,21.3,152
4104,T,260803,053246,60.815865N,24.642492E,84,21.3,152
4105,T,260803,053247,60.815815N,24.642538E,84,21.3,153
4106,T,260803,053248,60.815769N,24.642586E,84,21.3,153
4107,T,260803,053249,60.815720N,24.642635E,84,21.3,154
4108,T,260803,053250,60.815674N,24.642685E,84,21.3,154
4109,T,260803,053251,60.815628N,24.642733E,84,20.9,153
4110,T,260803,053252,60.815578N,24.642784E,84,21.1,153
4111,T,260803,053253,60.815533N,24.642832E,84,21.0,153
4112,T,260803,053254,60.815483N,24.642879E,84,20.9,153
4113,T,260803,053255,60.815441N,24.642927E,84,20.9,152
4114,T,260803,053256,60.815392N,24.642977E,84,20.7,152
4115,T,260803,053257,60.815350N,24.643024E,84,20.5,153
4116,T,260803,053258,60.815300N,24.643076E,84,20.4,152
4117,T,260803,053259,60.815254N,24.643131E,84,20.3,152
4118,T,260803,053300,60.815212N,24.643175E,84,20.2,153
4119,T,260803,053301,60.815166N,24.643223E,85,20.2,153
4120,T,260803,053302,60.815121N,24.643267E,85,20.2,152
4121,T,260803,053303,60.815075N,24.643312E,85,20.2,153
4122,T,260803,053304,60.815033N,24.643356E,85,20.1,153
4123,T,260803,053305,60.814983N,24.643404E,85,20.1,152
4124,T,260803,053306,60.814941N,24.643454E,85,20.2,153
4125,T,260803,053307,60.814896N,24.643499E,85,20.6,153
4126,T,260803,053308,60.814854N,24.643547E,85,20.7,152
4127,T,260803,053309,60.814804N,24.643597E,85,20.8,153
4128,T,260803,053310,60.814754N,24.643644E,85,20.9,154
4129,T,260803,053311,60.814709N,24.643690E,84,21.3,154
4130,T,260803,053312,60.814659N,24.643736E,84,21.4,154
4131,T,260803,053313,60.814613N,24.643785E,84,21.6,153
4132,T,260803,053314,60.814564N,24.643839E,85,21.6,153
4133,T,260803,053315,60.814514N,24.643887E,85,21.6,153
4134,T,260803,053316,60.814465N,24.643934E,85,21.6,153
4135,T,260803,053317,60.814415N,24.643984E,85,21.6,153
4136,T,260803,053318,60.814369N,24.644033E,84,21.1,153
4137,T,260803,053319,60.814323N,24.644085E,84,21.0,152
4138,T,260803,053320,60.814278N,24.644133E,85,20.7,152
4139,T,260803,053321,60.814232N,24.644178E,85,21.0,152
4140,T,260803,053322,60.814182N,24.644224E,85,21.1,153
4141,T,260803,053323,60.814137N,24.644272E,85,21.2,154
4142,T,260803,053324,60.814087N,24.644318E,85,21.6,154
4143,T,260803,053325,60.814041N,24.644367E,85,21.6,153
4144,T,260803,053326,60.813992N,24.644417E,85,21.9,154
4145,T,260803,053327,60.813938N,24.644464E,85,21.9,154
4146,T,260803,053328,60.813892N,24.644516E,85,21.9,153
4147,T,260803,053329,60.813843N,24.644564E,85,21.5,153
4148,T,260803,053330,60.813797N,24.644615E,85,21.4,153
4149,T,260803,053331,60.813747N,24.644667E,85,21.1,152
4150,T,260803,053332,60.813702N,24.644712E,85,21.1,153
4151,T,260803,053333,60.813656N,24.644756E,85,20.7,153
4152,T,260803,053334,60.813606N,24.644802E,85,20.7,154
4153,T,260803,053335,60.813564N,24.644846E,85,20.7,153
4154,T,260803,053336,60.813519N,24.644896E,86,20.3,153
4155,T,260803,053337,60.813473N,24.644941E,86,20.2,153
4156,T,260803,053338,60.813427N,24.644983E,85,20.1,153
4157,T,260803,053339,60.813385N,24.645027E,85,20.1,153
4158,T,260803,053340,60.813339N,24.645077E,85,20.2,153
4159,T,260803,053341,60.813293N,24.645123E,86,20.1,153
4160,T,260803,053342,60.813248N,24.645166E,86,20.2,153
4161,T,260803,053343,60.813206N,24.645210E,86,20.2,153
4162,T,260803,053344,60.813160N,24.645256E,85,20.2,153
4163,T,260803,053345,60.813114N,24.645302E,85,20.3,153
4164,T,260803,053346,60.813068N,24.645344E,86,20.4,153
4165,T,260803,053347,60.813023N,24.645388E,86,20.4,154
4166,T,260803,053348,60.812977N,24.645435E,86,20.4,154
4167,T,260803,053349,60.812931N,24.645481E,86,20.7,153
4168,T,260803,053350,60.812885N,24.645531E,86,20.3,153
4169,T,260803,053351,60.812840N,24.645578E,86,20.0,152
4170,T,260803,053352,60.812798N,24.645624E,86,20.3,152
4171,T,260803,053353,60.812752N,24.645674E,86,20.4,152
4172,T,260803,053354,60.812702N,24.645720E,86,20.2,152
4173,T,260803,053355,60.812660N,24.645765E,87,20.2,153
4174,T,260803,053356,60.812614N,24.645811E,87,20.2,153
4175,T,260803,053357,60.812569N,24.645859E,87,19.9,153
4176,T,260803,053358,60.812527N,24.645905E,87,20.0,153
4177,T,260803,053359,60.812481N,24.645950E,87,20.0,153
4178,T,260803,053400,60.812435N,24.645996E,87,19.9,153
4179,T,260803,053401,60.812393N,24.646036E,87,19.9,153
4180,T,260803,053402,60.812347N,24.646078E,87,19.9,153
4181,T,260803,053403,60.812305N,24.646124E,87,19.8,153
4182,T,260803,053404,60.812260N,24.646172E,87,19.8,153
4183,T,260803,053405,60.812214N,24.646215E,87,19.8,153
4184,T,260803,053406,60.812168N,24.646263E,87,20.1,153
4185,T,260803,053407,60.812122N,24.646309E,87,20.1,154
4186,T,260803,053408,60.812080N,24.646355E,87,20.0,153
4187,T,260803,053409,60.812035N,24.646397E,87,20.0,154
4188,T,260803,053410,60.811993N,24.646442E,87,20.3,153
4189,T,260803,053411,60.811947N,24.646492E,87,20.4,153
4190,T,260803,053412,60.811901N,24.646540E,87,20.9,153
4191,T,260803,053413,60.811855N,24.646585E,87,21.0,153
4192,T,260803,053414,60.811810N,24.646635E,87,21.1,153
4193,T,260803,053415,60.811760N,24.646685E,87,21.2,154
4194,T,260803,053416,60.811710N,24.646736E,87,21.3,153
4195,T,260803,053417,60.811665N,24.646784E,87,21.4,153
4196,T,260803,053418,60.811615N,24.646835E,87,21.5,153
4197,T,260803,053419,60.811569N,24.646885E,88,21.5,152
4198,T,260803,053420,60.811520N,24.646935E,88,21.5,152
4199,T,260803,053421,60.811478N,24.646984E,88,21.1,153
4200,T,260803,053422,60.811428N,24.647030E,88,21.0,153
4201,T,260803,053423,60.811378N,24.647076E,88,20.9,153
4202,T,260803,053424,60.811333N,24.647123E,88,20.8,153
4203,T,260803,053425,60.811287N,24.647169E,88,20.8,154
4204,T,260803,053426,60.811241N,24.647217E,88,20.7,153
4205,T,260803,053427,60.811195N,24.647264E,88,20.6,153
4206,T,260803,053428,60.811153N,24.647312E,88,20.6,153
4207,T,260803,053429,60.811104N,24.647358E,88,20.2,153
4208,T,260803,053430,60.811062N,24.647404E,88,20.2,153
4209,T,260803,053431,60.811012N,24.647449E,88,20.2,153
4210,T,260803,053432,60.810963N,24.647495E,88,20.0,153
4211,T,260803,053433,60.810921N,24.647545E,88,20.0,153
4212,T,260803,053434,60.810871N,24.647591E,88,20.0,153
4213,T,260803,053435,60.810833N,24.647636E,88,19.9,153
4214,T,260803,053436,60.810787N,24.647682E,88,19.9,153
4215,T,260803,053437,60.810745N,24.647728E,88,19.9,153
4216,T,260803,053438,60.810699N,24.647774E,88,19.9,153
4217,T,260803,053439,60.810658N,24.647818E,88,19.9,153
4218,T,260803,053440,60.810608N,24.647863E,88,20.0,153
4219,T,260803,053441,60.810562N,24.647911E,88,20.0,153
4220,T,260803,053442,60.810520N,24.647959E,88,20.0,153
4221,T,260803,053443,60.810474N,24.648005E,88,20.1,153
4222,T,260803,053444,60.810432N,24.648050E,88,20.0,153
4223,T,260803,053445,60.810387N,24.648096E,88,20.1,153
4224,T,260803,053446,60.810341N,24.648142E,88,20.1,153
4225,T,260803,053447,60.810295N,24.648188E,88,20.1,153
4226,T,260803,053448,60.810249N,24.648233E,88,20.1,153
4227,T,260803,053449,60.810207N,24.648279E,88,20.4,152
4228,T,260803,053450,60.810162N,24.648327E,88,20.5,153
4229,T,260803,053451,60.810116N,24.648376E,88,20.4,152
4230,T,260803,053452,60.810066N,24.648422E,89,20.4,153
4231,T,260803,053453,60.810024N,24.648470E,88,20.3,153
4232,T,260803,053454,60.809978N,24.648516E,89,20.2,152
4233,T,260803,053455,60.809937N,24.648563E,89,20.2,152
4234,T,260803,053456,60.809887N,24.648609E,89,20.2,153
4235,T,260803,053457,60.809845N,24.648659E,89,20.6,153
4236,T,260803,053458,60.809799N,24.648706E,89,20.6,152
4237,T,260803,053459,60.809753N,24.648756E,89,20.5,152
4238,T,260803,053500,60.809708N,24.648804E,89,20.5,152
4239,T,260803,053501,60.809662N,24.648853E,89,20.5,152
4240,T,260803,053502,60.809616N,24.648899E,89,20.6,152
4241,T,260803,053503,60.809566N,24.648954E,89,20.6,152
4242,T,260803,053504,60.809521N,24.649004E,89,20.7,152
4243,T,260803,053505,60.809479N,24.649054E,89,20.7,152
4244,T,260803,053506,60.809433N,24.649103E,89,20.6,152
4245,T,260803,053507,60.809383N,24.649155E,89,20.7,152
4246,T,260803,053508,60.809338N,24.649204E,90,20.6,151
4247,T,260803,053509,60.809288N,24.649256E,90,20.6,151
4248,T,260803,053510,60.809242N,24.649305E,90,20.6,151
4249,T,260803,053511,60.809200N,24.649359E,90,20.5,151
4250,T,260803,053512,60.809151N,24.649406E,90,20.5,152
4251,T,260803,053513,60.809109N,24.649456E,90,20.5,152
4252,T,260803,053514,60.809059N,24.649504E,90,20.4,151
4253,T,260803,053515,60.809017N,24.649551E,90,20.4,150
4254,T,260803,053516,60.808971N,24.649599E,90,20.1,150
4255,T,260803,053517,60.808929N,24.649649E,90,20.0,150
4256,T,260803,053518,60.808887N,24.649698E,91,19.6,150
4257,T,260803,053519,60.808846N,24.649746E,91,19.5,150
4258,T,260803,053520,60.808804N,24.649796E,91,19.0,150
4259,T,260803,053521,60.808765N,24.649841E,91,18.9,150
4260,T,260803,053522,60.808720N,24.649887E,91,18.7,150
4261,T,260803,053523,60.808681N,24.649937E,91,18.8,151
4262,T,260803,053524,60.808640N,24.649981E,91,18.9,151
4263,T,260803,053525,60.808601N,24.650024E,91,18.8,150
4264,T,260803,053526,60.808559N,24.650072E,91,18.8,150
4265,T,260803,053527,60.808521N,24.650116E,91,18.4,150
4266,T,260803,053528,60.808475N,24.650162E,92,18.3,150
4267,T,260803,053529,60.808437N,24.650198E,92,17.2,159
4268,T,260803,053530,60.808395N,24.650227E,92,16.3,158
4269,T,260803,053531,60.808361N,24.650255E,92,15.3,156
4270,T,260803,053532,60.808327N,24.650286E,92,14.2,156
4271,T,260803,053533,60.808292N,24.650316E,92,14.2,155
4272,T,260803,053534,60.808270N,24.650337E,92,13.0,153
4273,T,260803,053535,60.808239N,24.650366E,92,12.2,152
4274,T,260803,053536,60.808220N,24.650396E,92,7.8,151
4275,T,260803,053537,60.808212N,24.650415E,92,0.0,151
4276,T,260803,053538,60.808212N,24.650415E,92,0.0,151
4277,T,260803,053539,60.808212N,24.650423E,92,0.0,151
4278,T,260803,053540,60.808216N,24.650423E,92,0.0,151
4279,T,260803,053541,60.808216N,24.650423E,92,0.0,151
4280,T,260803,053542,60.808216N,24.650421E,92,0.0,151
4281,T,260803,053543,60.808216N,24.650421E,92,0.0,151
4282,T,260803,053544,60.808216N,24.650421E,92,0.0,151
4283,T,260803,053545,60.808216N,24.650421E,92,0.0,151
4284,T,260803,053546,60.808216N,24.650421E,92,0.0,151
4285,T,260803,053547,60.808216N,24.650421E,92,0.0,151
4286,T,260803,053548,60.808216N,24.650421E,92,0.0,151
4287,T,260803,053549,60.808216N,24.650421E,92,0.0,151
4288,T,260803,053550,60.808216N,24.650421E,92,0.0,151
4289,T,260803,053551,60.808216N,24.650421E,92,0.0,151
4290,T,260803,053552,60.808216N,24.650421E,92,0.0,151
4291,T,260803,053553,60.808216N,24.650421E,92,0.0,151
4292,T,260803,053554,60.808216N,24.650419E,92,0.0,151
4293,T,260803,053555,60.808216N,24.650419E,92,0.0,151
4294,T,260803,053556,60.808216N,24.650419E,92,0.0,151
4295,T,260803,053557,60.808216N,24.650419E,92,0.0,151
4296,T,260803,053558,60.808216N,24.650419E,92,0.0,151
4297,T,260803,053559,60.808216N,24.650419E,92,0.0,151
4298,T,260803,053600,60.808216N,24.650419E,92,0.0,151
4299,T,260803,053601,60.808216N,24.650417E,92,0.0,151
4300,T,260803,053602,60.808216N,24.650417E,92,0.0,151
4301,T,260803,053603,60.808216N,24.650417E,92,0.0,151
4302,T,260803,053604,60.808216N,24.650417E,92,0.0,151
4303,T,260803,053605,60.808216N,24.650417E,92,0.0,151
4304,T,260803,053606,60.808216N,24.650415E,92,0.0,151
4305,T,260803,053607,60.808216N,24.650415E,92,0.0,151
4306,T,260803,053608,60.808216N,24.650415E,92,0.0,151
4307,T,260803,053609,60.808216N,24.650415E,93,0.0,151
4308,T,260803,053610,60.808216N,24.650415E,93,0.0,151
4309,T,260803,053611,60.808216N,24.650415E,93,0.0,151
4310,T,260803,053612,60.808216N,24.650415E,93,0.0,151
4311,T,260803,053613,60.808220N,24.650415E,93,0.0,151
4312,T,260803,053614,60.808220N,24.650415E,93,0.0,151
4313,T,260803,053615,60.808220N,24.650415E,93,0.0,151
4314,T,260803,053616,60.808220N,24.650415E,93,0.0,151
4315,T,260803,053617,60.808220N,24.650415E,93,0.0,151
4316,T,260803,053618,60.808220N,24.650415E,93,0.0,151
4317,T,260803,053619,60.808220N,24.650415E,93,0.0,151
4318,T,260803,053620,60.808220N,24.650415E,93,0.0,151
4319,T,260803,053621,60.808220N,24.650415E,93,0.0,151
4320,T,260803,053622,60.808220N,24.650415E,93,0.0,151
4321,T,260803,053623,60.808220N,24.650415E,93,0.0,151
4322,T,260803,053624,60.808220N,24.650415E,93,0.0,151
4323,T,260803,053625,60.808220N,24.650415E,93,0.0,151
4324,T,260803,053626,60.808220N,24.650415E,93,0.0,151
4325,T,260803,053627,60.808220N,24.650415E,93,0.0,151
4326,T,260803,053628,60.808220N,24.650415E,93,0.0,151
4327,T,260803,053629,60.808220N,24.650415E,93,0.0,151
4328,T,260803,053630,60.808220N,24.650415E,93,0.0,151
4329,T,260803,053631,60.808220N,24.650415E,93,0.0,151
4330,T,260803,053632,60.808220N,24.650415E,93,0.0,151
4331,T,260803,053633,60.808220N,24.650415E,93,0.0,151
4332,T,260803,053634,60.808220N,24.650415E,93,0.0,151
4333,T,260803,053635,60.808220N,24.650415E,93,0.0,151
4334,T,260803,053636,60.808220N,24.650415E,93,0.0,151
4335,T,260803,053637,60.808220N,24.650415E,93,0.0,151
4336,T,260803,053638,60.808216N,24.650419E,93,0.0,151
4337,T,260803,053639,60.808208N,24.650427E,93,4.8,150
4338,T,260803,053640,60.808201N,24.650442E,93,4.9,140
4339,T,260803,053641,60.808182N,24.650455E,93,6.1,139
4340,T,260803,053642,60.808163N,24.650480E,93,8.7,142
4341,T,260803,053643,60.808140N,24.650513E,93,11.7,141
4342,T,260803,053644,60.808113N,24.650549E,93,13.9,142
4343,T,260803,053645,60.808083N,24.650597E,93,15.7,141
4344,T,260803,053646,60.808052N,24.650646E,93,16.8,141
4345,T,260803,053647,60.808018N,24.650696E,93,17.2,146
4346,T,260803,053648,60.807980N,24.650743E,93,17.3,147
4347,T,260803,053649,60.807941N,24.650797E,93,17.4,147
4348,T,260803,053650,60.807903N,24.650846E,93,18.0,148
4349,T,260803,053651,60.807865N,24.650896E,93,18.8,148
4350,T,260803,053652,60.807819N,24.650948E,93,19.5,147
4351,T,260803,053653,60.807781N,24.651003E,93,19.8,148
4352,T,260803,053654,60.807739N,24.651056E,93,19.9,148
4353,T,260803,053655,60.807697N,24.651112E,94,20.0,148
4354,T,260803,053656,60.807652N,24.651167E,94,20.0,147
4355,T,260803,053657,60.807610N,24.651220E,94,20.5,148
4356,T,260803,053658,60.807564N,24.651276E,94,20.8,148
4357,T,260803,053659,60.807522N,24.651333E,94,21.2,148
4358,T,260803,053700,60.807476N,24.651392E,94,21.2,148
4359,T,260803,053701,60.807430N,24.651449E,94,21.4,148
4360,T,260803,053702,60.807384N,24.651506E,94,21.5,147
4361,T,260803,053703,60.807339N,24.651567E,94,21.6,147
4362,T,260803,053704,60.807293N,24.651628E,94,22.0,147
4363,T,260803,053705,60.807247N,24.651688E,94,22.0,147
4364,T,260803,053706,60.807201N,24.651751E,94,22.1,147
4365,T,260803,053707,60.807152N,24.651815E,94,22.3,147
4366,T,260803,053708,60.807102N,24.651878E,94,22.4,146
4367,T,260803,053709,60.807060N,24.651941E,94,22.5,146
4368,T,260803,053710,60.807007N,24.652006E,94,22.6,146
4369,T,260803,053711,60.806965N,24.652073E,94,22.6,146
4370,T,260803,053712,60.806915N,24.652136E,94,22.7,146
4371,T,260803,053713,60.806866N,24.652203E,94,22.7,146
4372,T,260803,053714,60.806820N,24.652266E,94,22.7,146
4373,T,260803,053715,60.806767N,24.652336E,94,22.8,146
4374,T,260803,053716,60.806721N,24.652405E,94,23.1,146
4375,T,260803,053717,60.806671N,24.652472E,94,23.0,145
4376,T,260803,053718,60.806625N,24.652542E,94,23.1,145
4377,T,260803,053719,60.806576N,24.652613E,94,23.6,145
4378,T,260803,053720,60.806526N,24.652681E,94,23.9,145
4379,T,260803,053721,60.806480N,24.652752E,94,24.0,145
4380,T,260803,053722,60.806427N,24.652824E,94,24.3,144
4381,T,260803,053723,60.806381N,24.652893E,94,24.4,145
4382,T,260803,053724,60.806328N,24.652964E,94,24.4,144
4383,T,260803,053725,60.806278N,24.653036E,94,24.9,144
4384,T,260803,053726,60.806232N,24.653109E,94,24.7,145
4385,T,260803,053727,60.806179N,24.653177E,94,24.8,145
4386,T,260803,053728,60.806129N,24.653254E,93,25.1,145
4387,T,260803,053729,60.806080N,24.653324E,93,25.0,144
4388,T,260803,053730,60.806030N,24.653400E,93,25.0,144
4389,T,260803,053731,60.805981N,24.653475E,93,25.1,144
4390,T,260803,053732,60.805927N,24.653543E,93,25.2,144
4391,T,260803,053733,60.805878N,24.653616E,93,25.6,145
4392,T,260803,053734,60.805824N,24.653690E,93,25.7,144
4393,T,260803,053735,60.805767N,24.653767E,92,26.2,144
4394,T,260803,053736,60.805717N,24.653845E,92,26.2,144
4395,T,260803,053737,60.805664N,24.653921E,92,26.7,144
4396,T,260803,053738,60.805607N,24.654001E,92,26.8,144
4397,T,260803,053739,60.805553N,24.654078E,92,26.9,144
4398,T,260803,053740,60.805496N,24.654156E,92,27.2,145
4399,T,260803,053741,60.805439N,24.654236E,92,27.2,144
4400,T,260803,053742,60.805386N,24.654316E,91,27.1,145
4401,T,260803,053743,60.805328N,24.654392E,91,27.0,145
4402,T,260803,053744,60.805271N,24.654470E,91,27.0,145
4403,T,260803,053745,60.805222N,24.654549E,91,27.0,145
4404,T,260803,053746,60.805164N,24.654627E,90,27.0,144
4405,T,260803,053747,60.805103N,24.654709E,90,27.6,144
4406,T,260803,053748,60.805050N,24.654791E,90,27.9,144
4407,T,260803,053749,60.804993N,24.654875E,90,27.9,144
4408,T,260803,053750,60.804932N,24.654957E,89,28.0,144
4409,T,260803,053751,60.804871N,24.655043E,89,28.1,144
4410,T,260803,053752,60.804817N,24.655125E,89,28.4,145
4411,T,260803,053753,60.804756N,24.655209E,89,28.5,145
4412,T,260803,053754,60.804699N,24.655294E,88,28.6,145
4413,T,260803,053755,60.804642N,24.655378E,88,28.7,144
4414,T,260803,053756,60.804581N,24.655464E,88,28.8,144
4415,T,260803,053757,60.804520N,24.655550E,88,28.9,144
4416,T,260803,053758,60.804459N,24.655636E,88,28.9,144
4417,T,260803,053759,60.804401N,24.655720E,87,29.0,144
4418,T,260803,053800,60.804344N,24.655804E,87,29.0,144
4419,T,260803,053801,60.804283N,24.655890E,87,29.0,144
4420,T,260803,053802,60.804222N,24.655973E,87,28.9,145
4421,T,260803,053803,60.804165N,24.656055E,87,28.6,144
4422,T,260803,053804,60.804108N,24.656141E,87,28.4,144
4423,T,260803,053805,60.804047N,24.656223E,87,27.9,145
4424,T,260803,053806,60.803993N,24.656303E,87,27.6,144
4425,T,260803,053807,60.803936N,24.656385E,87,27.2,144
4426,T,260803,053808,60.803883N,24.656466E,87,26.7,145
4427,T,260803,053809,60.803829N,24.656544E,87,26.2,145
4428,T,260803,053810,60.803776N,24.656622E,87,25.8,144
4429,T,260803,053811,60.803722N,24.656698E,87,25.5,144
4430,T,260803,053812,60.803673N,24.656773E,87,25.0,145
4431,T,260803,053813,60.803619N,24.656843E,87,24.9,144
4432,T,260803,053814,60.803570N,24.656916E,87,24.5,144
4433,T,260803,053815,60.803520N,24.656986E,87,24.5,145
4434,T,260803,053816,60.803471N,24.657063E,87,24.6,144
4435,T,260803,053817,60.803421N,24.657131E,87,24.6,144
4436,T,260803,053818,60.803368N,24.657204E,87,24.7,144
4437,T,260803,053819,60.803322N,24.657276E,87,25.1,145
4438,T,260803,053820,60.803268N,24.657349E,87,25.0,145
4439,T,260803,053821,60.803215N,24.657417E,86,24.6,145
4440,T,260803,053822,60.803169N,24.657488E,86,24.3,145
4441,T,260803,053823,60.803116N,24.657558E,86,24.2,145
4442,T,260803,053824,60.803066N,24.657625E,87,24.1,144
4443,T,260803,053825,60.803020N,24.657696E,87,24.0,144
4444,T,260803,053826,60.802971N,24.657768E,86,24.0,144
4445,T,260803,053827,60.802921N,24.657841E,86,23.9,144
4446,T,260803,053828,60.802876N,24.657909E,86,23.9,144
4447,T,260803,053829,60.802830N,24.657982E,86,23.9,144
4448,T,260803,053830,60.802780N,24.658054E,86,23.9,144
4449,T,260803,053831,60.802727N,24.658125E,86,23.9,145
4450,T,260803,053832,60.802681N,24.658195E,86,24.0,145
4451,T,260803,053833,60.802631N,24.658264E,86,24.0,144
4452,T,260803,053834,60.802586N,24.658337E,86,24.0,145
4453,T,260803,053835,60.802536N,24.658403E,86,23.7,145
4454,T,260803,053836,60.802486N,24.658474E,86,23.6,144
4455,T,260803,053837,60.802441N,24.658543E,86,23.2,144
4456,T,260803,053838,60.802391N,24.658607E,86,23.1,145
4457,T,260803,053839,60.802345N,24.658676E,86,23.1,145
4458,T,260803,053840,60.802299N,24.658745E,86,23.1,144
4459,T,260803,053841,60.802254N,24.658810E,86,23.0,145
4460,T,260803,053842,60.802204N,24.658876E,86,23.0,144
4461,T,260803,053843,60.802158N,24.658943E,86,23.0,144
4462,T,260803,053844,60.802113N,24.659012E,86,23.0,144
4463,T,260803,053845,60.802063N,24.659081E,86,23.0,144
4464,T,260803,053846,60.802021N,24.659145E,86,23.0,144
4465,T,260803,053847,60.801971N,24.659212E,86,22.9,144
4466,T,260803,053848,60.801929N,24.659275E,86,22.9,144
4467,T,260803,053849,60.801880N,24.659344E,86,22.9,144
4468,T,260803,053850,60.801830N,24.659416E,86,22.9,145
4469,T,260803,053851,60.801788N,24.659485E,86,23.0,145
4470,T,260803,053852,60.801739N,24.659554E,86,23.0,144
4471,T,260803,053853,60.801693N,24.659622E,86,23.0,144
4472,T,260803,053854,60.801647N,24.659689E,86,22.9,144
4473,T,260803,053855,60.801601N,24.659756E,86,22.9,145
4474,T,260803,053856,60.801552N,24.659824E,86,22.8,145
4475,T,260803,053857,60.801510N,24.659889E,86,22.8,144
4476,T,260803,053858,60.801460N,24.659958E,86,22.7,144
4477,T,260803,053859,60.801414N,24.660027E,86,22.7,144
4478,T,260803,053900,60.801369N,24.660095E,86,22.8,143
4479,T,260803,053901,60.801323N,24.660166E,86,22.8,143
4480,T,260803,053902,60.801277N,24.660234E,86,22.9,144
4481,T,260803,053903,60.801228N,24.660297E,86,22.9,145
4482,T,260803,053904,60.801182N,24.660364E,86,23.0,145
4483,T,260803,053905,60.801132N,24.660433E,86,23.1,146
4484,T,260803,053906,60.801083N,24.660498E,87,23.1,145
4485,T,260803,053907,60.801037N,24.660566E,87,23.1,145
4486,T,260803,053908,60.800991N,24.660633E,87,23.1,145
4487,T,260803,053909,60.800945N,24.660700E,87,23.1,144
4488,T,260803,053910,60.800896N,24.660769E,87,23.1,144
4489,T,260803,053911,60.800846N,24.660835E,87,23.2,144
4490,T,260803,053912,60.800800N,24.660904E,87,23.2,144
4491,T,260803,053913,60.800751N,24.660971E,87,23.2,144
4492,T,260803,053914,60.800709N,24.661036E,87,23.2,145
4493,T,260803,053915,60.800659N,24.661104E,87,22.8,145
4494,T,260803,053916,60.800610N,24.661169E,87,22.7,145
4495,T,260803,053917,60.800564N,24.661234E,87,22.6,145
4496,T,260803,053918,60.800514N,24.661301E,87,22.3,144
4497,T,260803,053919,60.800472N,24.661364E,87,22.3,144
4498,T,260803,053920,60.800423N,24.661430E,87,22.2,144
4499,T,260803,053921,60.800381N,24.661495E,87,22.1,144
4500,T,260803,053922,60.800331N,24.661560E,87,22.1,144
4501,T,260803,053923,60.800289N,24.661627E,87,22.2,144
4502,T,260803,053924,60.800240N,24.661692E,88,22.1,144
4503,T,260803,053925,60.800198N,24.661757E,88,22.1,145
4504,T,260803,053926,60.800152N,24.661819E,88,22.2,145
4505,T,260803,053927,60.800102N,24.661886E,88,22.2,144
4506,T,260803,053928,60.800060N,24.661951E,88,22.3,145
4507,T,260803,053929,60.800014N,24.662016E,88,22.3,144
4508,T,260803,053930,60.799969N,24.662085E,88,22.3,144
4509,T,260803,053931,60.799923N,24.662146E,88,22.3,145
4510,T,260803,053932,60.799877N,24.662210E,88,22.3,145
4511,T,260803,053933,60.799831N,24.662275E,88,22.2,144
4512,T,260803,053934,60.799789N,24.662340E,88,22.2,145
4513,T,260803,053935,60.799744N,24.662403E,88,22.1,144
4514,T,260803,053936,60.799702N,24.662472E,88,22.1,144
4515,T,260803,053937,60.799652N,24.662537E,88,22.0,145
4516,T,260803,053938,60.799606N,24.662600E,88,22.0,145
4517,T,260803,053939,60.799561N,24.662664E,88,22.0,145
4518,T,260803,053940,60.799515N,24.662731E,89,22.0,144
4519,T,260803,053941,60.799473N,24.662796E,89,22.1,144
4520,T,260803,053942,60.799427N,24.662863E,89,22.1,144
4521,T,260803,053943,60.799381N,24.662928E,89,22.4,144
4522,T,260803,053944,60.799335N,24.662994E,89,22.5,144
4523,T,260803,053945,60.799290N,24.663061E,89,22.6,144
4524,T,260803,053946,60.799244N,24.663128E,89,22.7,144
4525,T,260803,053947,60.799194N,24.663193E,89,22.7,144
4526,T,260803,053948,60.799152N,24.663254E,88,22.7,145
4527,T,260803,053949,60.799107N,24.663321E,88,22.7,144
4528,T,260803,053950,60.799061N,24.663383E,88,22.4,145
4529,T,260803,053951,60.799011N,24.663450E,88,22.4,145
4530,T,260803,053952,60.798969N,24.663515E,88,22.4,144
4531,T,260803,053953,60.798920N,24.663584E,88,22.5,145
4532,T,260803,053954,60.798878N,24.663651E,88,22.6,144
4533,T,260803,053955,60.798832N,24.663715E,88,22.7,144
4534,T,260803,053956,60.798782N,24.663784E,88,23.0,145
4535,T,260803,053957,60.798737N,24.663855E,88,23.1,144
4536,T,260803,053958,60.798687N,24.663921E,88,23.2,144
4537,T,260803,053959,60.798645N,24.663992E,88,23.5,144
4538,T,260803,054000,60.798595N,24.664063E,88,23.9,144
4539,T,260803,054001,60.798550N,24.664129E,87,23.9,144
4540,T,260803,054002,60.798496N,24.664202E,87,24.0,144
4541,T,260803,054003,60.798447N,24.664272E,87,24.1,144
4542,T,260803,054004,60.798401N,24.664345E,87,24.2,144
4543,T,260803,054005,60.798347N,24.664415E,87,24.6,144
4544,T,260803,054006,60.798302N,24.664488E,87,24.7,144
4545,T,260803,054007,60.798248N,24.664560E,87,24.9,144
4546,T,260803,054008,60.798195N,24.664635E,87,25.0,145
4547,T,260803,054009,60.798145N,24.664705E,87,25.1,144
4548,T,260803,054010,60.798092N,24.664782E,87,25.1,144
4549,T,260803,054011,60.798038N,24.664856E,87,25.2,144
4550,T,260803,054012,60.797989N,24.664932E,87,25.3,144
4551,T,260803,054013,60.797935N,24.665007E,86,25.4,144
4552,T,260803,054014,60.797886N,24.665083E,86,25.5,145
4553,T,260803,054015,60.797832N,24.665155E,86,25.5,144
4554,T,260803,054016,60.797779N,24.665232E,86,25.2,144
4555,T,260803,054017,60.797729N,24.665304E,86,25.2,144
4556,T,260803,054018,60.797680N,24.665380E,86,24.8,144
4557,T,260803,054019,60.797626N,24.665447E,86,24.8,144
4558,T,260803,054020,60.797581N,24.665520E,86,24.8,145
4559,T,260803,054021,60.797527N,24.665594E,86,24.8,145
4560,T,260803,054022,60.797482N,24.665665E,86,24.8,145
4561,T,260803,054023,60.797428N,24.665737E,86,24.8,145
4562,T,260803,054024,60.797379N,24.665813E,86,24.4,144
4563,T,260803,054025,60.797329N,24.665884E,86,24.0,144
4564,T,260803,054026,60.797279N,24.665955E,86,23.6,144
4565,T,260803,054027,60.797234N,24.666023E,86,23.5,145
4566,T,260803,054028,60.797184N,24.666092E,86,23.1,144
4567,T,260803,054029,60.797138N,24.666161E,86,23.0,144
4568,T,260803,054030,60.797092N,24.666225E,86,23.0,145
4569,T,260803,054031,60.797043N,24.666294E,86,22.9,145
4570,T,260803,054032,60.797001N,24.666359E,86,22.8,145
4571,T,260803,054033,60.796951N,24.666428E,86,22.7,145
4572,T,260803,054034,60.796909N,24.666496E,86,22.7,145
4573,T,260803,054035,60.796860N,24.666561E,86,22.7,144
4574,T,260803,054036,60.796818N,24.666632E,86,23.0,144
4575,T,260803,054037,60.796768N,24.666702E,86,23.0,144
4576,T,260803,054038,60.796722N,24.666767E,86,23.1,144
4577,T,260803,054039,60.796677N,24.666836E,86,23.2,144
4578,T,260803,054040,60.796627N,24.666904E,86,23.1,145
4579,T,260803,054041,60.796581N,24.666971E,86,23.1,145
4580,T,260803,054042,60.796535N,24.667038E,86,23.1,145
4581,T,260803,054043,60.796490N,24.667107E,86,23.1,145
4582,T,260803,054044,60.796440N,24.667175E,86,23.0,144
4583,T,260803,054045,60.796394N,24.667242E,86,22.9,145
4584,T,260803,054046,60.796349N,24.667307E,86,22.6,145
4585,T,260803,054047,60.796303N,24.667374E,86,22.6,144
4586,T,260803,054048,60.796261N,24.667440E,86,22.5,144
4587,T,260803,054049,60.796207N,24.667503E,86,22.5,145
4588,T,260803,054050,60.796169N,24.667570E,86,22.5,144
4589,T,260803,054051,60.796120N,24.667637E,86,22.5,144
4590,T,260803,054052,60.796078N,24.667704E,86,22.5,144
4591,T,260803,054053,60.796032N,24.667768E,86,22.5,144
4592,T,260803,054054,60.795982N,24.667833E,86,22.5,144
4593,T,260803,054055,60.795937N,24.667900E,86,22.5,145
4594,T,260803,054056,60.795891N,24.667965E,86,22.5,144
4595,T,260803,054057,60.795849N,24.668034E,86,22.6,144
4596,T,260803,054058,60.795799N,24.668102E,86,23.0,144
4597,T,260803,054059,60.795753N,24.668167E,86,23.1,145
4598,T,260803,054100,60.795704N,24.668236E,86,23.2,145
4599,T,260803,054101,60.795654N,24.668304E,86,23.3,145
4600,T,260803,054102,60.795609N,24.668377E,86,23.3,144
4601,T,260803,054103,60.795559N,24.668446E,86,23.5,144
4602,T,260803,054104,60.795513N,24.668516E,86,23.5,144
4603,T,260803,054105,60.795464N,24.668585E,87,23.6,144
4604,T,260803,054106,60.795422N,24.668655E,87,23.5,144
4605,T,260803,054107,60.795368N,24.668724E,87,23.5,144
4606,T,260803,054108,60.795322N,24.668795E,86,23.4,144
4607,T,260803,054109,60.795277N,24.668863E,87,23.8,144
4608,T,260803,054110,60.795227N,24.668934E,87,23.8,145
4609,T,260803,054111,60.795181N,24.669003E,86,23.9,145
4610,T,260803,054112,60.795128N,24.669069E,86,23.9,145
4611,T,260803,054113,60.795078N,24.669140E,87,23.9,144
4612,T,260803,054114,60.795033N,24.669210E,87,23.9,145
4613,T,260803,054115,60.794979N,24.669277E,86,23.9,145
4614,T,260803,054116,60.794933N,24.669348E,86,23.9,145
4615,T,260803,054117,60.794884N,24.669420E,86,23.8,144
4616,T,260803,054118,60.794834N,24.669489E,87,23.8,144
4617,T,260803,054119,60.794788N,24.669558E,86,23.8,144
4618,T,260803,054120,60.794739N,24.669630E,86,23.8,144
4619,T,260803,054121,60.794689N,24.669703E,87,23.8,144
4620,T,260803,054122,60.794643N,24.669767E,87,23.5,144
4621,T,260803,054123,60.794598N,24.669836E,87,23.4,145
4622,T,260803,054124,60.794548N,24.669905E,86,23.4,145
4623,T,260803,054125,60.794498N,24.669975E,87,23.3,145
4624,T,260803,054126,60.794453N,24.670044E,86,23.2,144
4625,T,260803,054127,60.794403N,24.670111E,86,23.3,144
4626,T,260803,054128,60.794357N,24.670179E,86,23.2,144
4627,T,260803,054129,60.794312N,24.670250E,86,23.2,144
4628,T,260803,054130,60.794258N,24.670317E,86,23.3,145
4629,T,260803,054131,60.794216N,24.670383E,86,23.3,145
4630,T,260803,054132,60.794167N,24.670452E,86,23.3,144
4631,T,260803,054133,60.794121N,24.670523E,86,23.4,144
4632,T,260803,054134,60.794071N,24.670591E,86,23.4,144
4633,T,260803,054135,60.794025N,24.670660E,86,23.4,144
4634,T,260803,054136,60.793980N,24.670729E,86,23.1,145
4635,T,260803,054137,60.793926N,24.670794E,87,23.0,145
4636,T,260803,054138,60.793884N,24.670860E,87,22.6,144
4637,T,260803,054139,60.793839N,24.670923E,87,22.5,145
4638,T,260803,054140,60.793793N,24.670992E,87,22.1,145
4639,T,260803,054141,60.793747N,24.671057E,87,22.2,145
4640,T,260803,054142,60.793701N,24.671122E,87,22.2,145
4641,T,260803,054143,60.793655N,24.671188E,87,22.1,144
4642,T,260803,054144,60.793613N,24.671253E,87,22.1,144
4643,T,260803,054145,60.793568N,24.671318E,87,22.1,144
4644,T,260803,054146,60.793522N,24.671385E,87,22.0,144
4645,T,260803,054147,60.793480N,24.671448E,87,22.0,144
4646,T,260803,054148,60.793434N,24.671513E,87,21.6,144
4647,T,260803,054149,60.793392N,24.671574E,87,21.2,144
4648,T,260803,054150,60.793346N,24.671637E,87,21.1,145
4649,T,260803,054151,60.793304N,24.671701E,87,21.0,145
4650,T,260803,054152,60.793262N,24.671764E,87,20.7,145
4651,T,260803,054153,60.793224N,24.671822E,87,20.7,145
4652,T,260803,054154,60.793182N,24.671879E,87,20.6,145
4653,T,260803,054155,60.793140N,24.671938E,88,20.7,144
4654,T,260803,054156,60.793098N,24.672003E,88,20.7,144
4655,T,260803,054157,60.793060N,24.672062E,88,20.7,144
4656,T,260803,054158,60.793015N,24.672125E,88,20.7,144
4657,T,260803,054159,60.792973N,24.672184E,88,20.4,145
4658,T,260803,054200,60.792931N,24.672243E,88,20.4,144
4659,T,260803,054201,60.792889N,24.672302E,88,20.3,145
4660,T,260803,054202,60.792847N,24.672359E,89,20.2,145
4661,T,260803,054203,60.792809N,24.672419E,89,20.2,144
4662,T,260803,054204,60.792767N,24.672476E,89,20.1,144
4663,T,260803,054205,60.792728N,24.672537E,89,20.0,144
4664,T,260803,054206,60.792683N,24.672598E,89,19.9,144
4665,T,260803,054207,60.792645N,24.672655E,89,19.8,145
4666,T,260803,054208,60.792603N,24.672712E,90,19.5,144
4667,T,260803,054209,60.792564N,24.672766E,90,19.4,145
4668,T,260803,054210,60.792522N,24.672825E,90,19.3,145
4669,T,260803,054211,60.792484N,24.672882E,90,18.8,144
4670,T,260803,054212,60.792446N,24.672941E,91,18.7,143
4671,T,260803,054213,60.792408N,24.672998E,91,18.7,144
4672,T,260803,054214,60.792370N,24.673054E,91,18.6,144
4673,T,260803,054215,60.792332N,24.673103E,91,18.5,144
4674,T,260803,054216,60.792294N,24.673157E,91,18.4,145
4675,T,260803,054217,60.792255N,24.673210E,92,18.3,145
4676,T,260803,054218,60.792221N,24.673264E,92,18.3,145
4677,T,260803,054219,60.792179N,24.673321E,92,18.2,145
4678,T,260803,054220,60.792141N,24.673376E,92,18.3,145
4679,T,260803,054221,60.792103N,24.673429E,92,18.3,144
4680,T,260803,054222,60.792065N,24.673485E,92,18.3,144
4681,T,260803,054223,60.792023N,24.673536E,93,18.3,145
4682,T,260803,054224,60.791988N,24.673590E,93,18.3,144
4683,T,260803,054225,60.791950N,24.673639E,93,18.3,144
4684,T,260803,054226,60.791912N,24.673697E,93,18.3,144
4685,T,260803,054227,60.791878N,24.673750E,93,18.3,144
4686,T,260803,054228,60.791836N,24.673805E,94,18.3,144
4687,T,260803,054229,60.791801N,24.673864E,94,18.4,144
4688,T,260803,054230,60.791759N,24.673920E,94,18.4,144
4689,T,260803,054231,60.791725N,24.673973E,94,18.3,144
4690,T,260803,054232,60.791683N,24.674025E,94,18.3,145
4691,T,260803,054233,60.791649N,24.674076E,94,18.4,144
4692,T,260803,054234,60.791611N,24.674128E,94,18.4,144
4693,T,260803,054235,60.791573N,24.674183E,95,18.5,144
4694,T,260803,054236,60.791534N,24.674236E,95,18.5,144
4695,T,260803,054237,60.791496N,24.674294E,95,18.5,145
4696,T,260803,054238,60.791458N,24.674353E,95,18.5,145
4697,T,260803,054239,60.791420N,24.674406E,95,18.5,144
4698,T,260803,054240,60.791386N,24.674461E,95,18.5,144
4699,T,260803,054241,60.791348N,24.674517E,95,18.2,144
4700,T,260803,054242,60.791313N,24.674566E,95,17.8,145
4701,T,260803,054243,60.791271N,24.674618E,95,18.1,145
4702,T,260803,054244,60.791237N,24.674667E,96,17.5,145
4703,T,260803,054245,60.791199N,24.674719E,96,17.5,145
4704,T,260803,054246,60.791168N,24.674765E,96,17.2,145
4705,T,260803,054247,60.791126N,24.674816E,96,17.8,145
4706,T,260803,054248,60.791096N,24.674864E,97,17.5,145
4707,T,260803,054249,60.791061N,24.674913E,97,17.4,145
4708,T,260803,054250,60.791019N,24.674965E,97,17.4,145
4709,T,260803,054251,60.790985N,24.675014E,97,17.5,146
4710,T,260803,054252,60.790943N,24.675068E,97,18.8,146
4711,T,260803,054253,60.790901N,24.675135E,97,18.3,146
4712,T,260803,054254,60.790855N,24.675194E,98,17.8,145
4713,T,260803,054255,60.790817N,24.675249E,98,18.8,145
4714,T,260803,054256,60.790775N,24.675304E,98,19.4,145
4715,T,260803,054257,60.790741N,24.675362E,98,18.4,145
4716,T,260803,054258,60.790699N,24.675425E,98,19.8,145
4717,T,260803,054259,60.790661N,24.675482E,98,20.0,145
4718,T,260803,054300,60.790615N,24.675541E,98,20.0,145
4719,T,260803,054301,60.790573N,24.675596E,98,20.0,145
4720,T,260803,054302,60.790527N,24.675650E,98,20.0,145
4721,T,260803,054303,60.790489N,24.675703E,99,19.9,146
4722,T,260803,054304,60.790443N,24.675758E,99,20.3,146
4723,T,260803,054305,60.790401N,24.675816E,99,20.2,146
4724,T,260803,054306,60.790359N,24.675879E,100,20.2,145
4725,T,260803,054307,60.790321N,24.675941E,100,20.6,145
4726,T,260803,054308,60.790276N,24.676008E,100,20.9,144
4727,T,260803,054309,60.790234N,24.676081E,100,20.8,144
4728,T,260803,054310,60.790188N,24.676153E,99,21.3,143
4729,T,260803,054311,60.790138N,24.676224E,99,21.7,144
4730,T,260803,054312,60.790096N,24.676296E,99,21.6,144
4731,T,260803,054313,60.790047N,24.676367E,99,21.6,144
4732,T,260803,054314,60.790005N,24.676441E,99,21.6,144
4733,T,260803,054315,60.789959N,24.676512E,99,21.6,144
4734,T,260803,054316,60.789917N,24.676584E,99,21.2,144
4735,T,260803,054317,60.789871N,24.676653E,99,21.3,144
4736,T,260803,054318,60.789825N,24.676716E,99,21.3,144
4737,T,260803,054319,60.789780N,24.676783E,99,21.4,145
4738,T,260803,054320,60.789742N,24.676844E,99,21.0,144
4739,T,260803,054321,60.789692N,24.676907E,98,21.0,144
4740,T,260803,054322,60.789654N,24.676968E,98,20.9,144
4741,T,260803,054323,60.789608N,24.677031E,98,21.0,144
4742,T,260803,054324,60.789562N,24.677094E,98,21.1,144
4743,T,260803,054325,60.789520N,24.677166E,98,21.4,145
4744,T,260803,054326,60.789471N,24.677242E,98,21.4,144
4745,T,260803,054327,60.789429N,24.677311E,98,21.5,145
4746,T,260803,054328,60.789379N,24.677382E,98,21.6,144
4747,T,260803,054329,60.789333N,24.677452E,98,21.6,144
4748,T,260803,054330,60.789288N,24.677523E,98,21.6,144
4749,T,260803,054331,60.789246N,24.677584E,98,21.2,145
4750,T,260803,054332,60.789200N,24.677649E,98,21.3,145
4751,T,260803,054333,60.789158N,24.677713E,98,21.2,145
4752,T,260803,054334,60.789116N,24.677776E,98,21.2,145
4753,T,260803,054335,60.789070N,24.677835E,97,21.3,144
4754,T,260803,054336,60.789032N,24.677898E,97,21.6,143
4755,T,260803,054337,60.788994N,24.677958E,97,21.7,144
4756,T,260803,054338,60.788948N,24.678020E,97,21.7,144
4757,T,260803,054339,60.788902N,24.678083E,96,21.8,144
4758,T,260803,054340,60.788860N,24.678148E,96,22.3,144
4759,T,260803,054341,60.788815N,24.678211E,96,22.2,145
4760,T,260803,054342,60.788769N,24.678276E,96,22.2,144
4761,T,260803,054343,60.788723N,24.678341E,95,22.3,145
4762,T,260803,054344,60.788677N,24.678406E,95,22.4,145
4763,T,260803,054345,60.788628N,24.678471E,96,22.5,144
4764,T,260803,054346,60.788586N,24.678535E,96,22.6,144
4765,T,260803,054347,60.788536N,24.678602E,96,23.0,144
4766,T,260803,054348,60.788486N,24.678663E,96,23.4,145
4767,T,260803,054349,60.788441N,24.678730E,97,23.8,145
4768,T,260803,054350,60.788391N,24.678801E,97,24.3,144
4769,T,260803,054351,60.788342N,24.678869E,97,24.5,145
4770,T,260803,054352,60.788288N,24.678936E,98,25.0,145
4771,T,260803,054353,60.788235N,24.679008E,98,25.3,145
4772,T,260803,054354,60.788181N,24.679079E,99,25.4,145
4773,T,260803,054355,60.788124N,24.679155E,99,25.6,145
4774,T,260803,054356,60.788067N,24.679235E,100,25.7,144
4775,T,260803,054357,60.788013N,24.679314E,100,25.6,144
4776,T,260803,054358,60.787960N,24.679390E,100,25.6,144
4777,T,260803,054359,60.787903N,24.679468E,100,25.0,145
4778,T,260803,054400,60.787853N,24.679546E,101,25.1,145
4779,T,260803,054401,60.787800N,24.679625E,101,25.1,145
4780,T,260803,054402,60.787746N,24.679703E,101,25.2,145
4781,T,260803,054403,60.787697N,24.679777E,101,25.2,145
4782,T,260803,054404,60.787643N,24.679852E,101,25.1,144
4783,T,260803,054405,60.787594N,24.679924E,102,25.2,144
4784,T,260803,054406,60.787540N,24.679998E,102,25.2,144
4785,T,260803,054407,60.787487N,24.680071E,102,25.5,145
4786,T,260803,054408,60.787437N,24.680141E,102,26.1,145
4787,T,260803,054409,60.787384N,24.680214E,103,26.0,145
4788,T,260803,054410,60.787331N,24.680285E,103,25.9,145
4789,T,260803,054411,60.787281N,24.680355E,103,25.8,145
4790,T,260803,054412,60.787228N,24.680431E,103,26.0,144
4791,T,260803,054413,60.787170N,24.680510E,104,26.2,144
4792,T,260803,054414,60.787121N,24.680588E,104,26.2,145
4793,T,260803,054415,60.787067N,24.680664E,104,26.2,145
4794,T,260803,054416,60.787010N,24.680744E,104,26.4,144
4795,T,260803,054417,60.786961N,24.680824E,104,26.4,144
4796,T,260803,054418,60.786903N,24.680902E,104,26.1,144
4797,T,260803,054419,60.786854N,24.680977E,104,25.8,144
4798,T,260803,054420,60.786800N,24.681051E,105,25.5,144
4799,T,260803,054421,60.786747N,24.681124E,105,25.5,145
4800,T,260803,054422,60.786697N,24.681196E,105,25.6,145
4801,T,260803,054423,60.786644N,24.681273E,105,25.6,144
4802,T,260803,054424,60.786591N,24.681347E,105,25.5,144
4803,T,260803,054425,60.786541N,24.681421E,105,25.3,144
4804,T,260803,054426,60.786488N,24.681498E,105,24.9,144
4805,T,260803,054427,60.786442N,24.681574E,104,24.9,144
4806,T,260803,054428,60.786388N,24.681644E,104,24.9,145
4807,T,260803,054429,60.786339N,24.681717E,104,25.0,145
4808,T,260803,054430,60.786289N,24.681784E,104,25.0,145
4809,T,260803,054431,60.786240N,24.681858E,104,25.0,144
4810,T,260803,054432,60.786186N,24.681932E,104,25.1,144
4811,T,260803,054433,60.786140N,24.682005E,103,25.1,144
4812,T,260803,054434,60.786087N,24.682077E,103,25.2,145
4813,T,260803,054435,60.786037N,24.682152E,103,25.3,145
4814,T,260803,054436,60.785984N,24.682230E,102,25.3,144
4815,T,260803,054437,60.785931N,24.682304E,102,25.3,144
4816,T,260803,054438,60.785881N,24.682377E,102,25.4,144
4817,T,260803,054439,60.785824N,24.682447E,101,25.4,144
4818,T,260803,054440,60.785770N,24.682522E,101,25.4,145
4819,T,260803,054441,60.785721N,24.682594E,101,25.3,145
4820,T,260803,054442,60.785667N,24.682671E,101,25.0,144
4821,T,260803,054443,60.785618N,24.682747E,100,25.0,144
4822,T,260803,054444,60.785564N,24.682821E,100,25.0,145
4823,T,260803,054445,60.785511N,24.682896E,100,25.0,145
4824,T,260803,054446,60.785461N,24.682970E,101,25.0,144
4825,T,260803,054447,60.785408N,24.683044E,101,25.0,145
4826,T,260803,054448,60.785355N,24.683119E,101,25.0,145
4827,T,260803,054449,60.785305N,24.683193E,101,25.0,144
4828,T,260803,054450,60.785252N,24.683266E,101,24.9,145
4829,T,260803,054451,60.785198N,24.683342E,101,24.9,144
4830,T,260803,054452,60.785152N,24.683414E,101,24.8,144
4831,T,260803,054453,60.785099N,24.683483E,101,24.7,144
4832,T,260803,054454,60.785049N,24.683556E,100,24.7,145
4833,T,260803,054455,60.785000N,24.683624E,100,24.4,144
4834,T,260803,054456,60.784950N,24.683697E,100,24.4,144
4835,T,260803,054457,60.784908N,24.683771E,100,24.4,144
4836,T,260803,054458,60.784855N,24.683844E,100,24.4,144
4837,T,260803,054459,60.784801N,24.683920E,100,24.5,144
4838,T,260803,054500,60.784752N,24.683994E,100,24.5,144
4839,T,260803,054501,60.784698N,24.684065E,100,24.5,144
4840,T,260803,054502,60.784649N,24.684139E,100,24.5,145
4841,T,260803,054503,60.784595N,24.684214E,100,23.9,144
4842,T,260803,054504,60.784550N,24.684284E,100,24.0,145
4843,T,260803,054505,60.784500N,24.684355E,100,24.0,145
4844,T,260803,054506,60.784447N,24.684422E,100,23.7,144
4845,T,260803,054507,60.784401N,24.684490E,100,23.7,145
4846,T,260803,054508,60.784355N,24.684563E,100,24.0,144
4847,T,260803,054509,60.784309N,24.684633E,99,24.0,144
4848,T,260803,054510,60.784256N,24.684704E,99,24.1,144
4849,T,260803,054511,60.784206N,24.684776E,100,24.2,145
4850,T,260803,054512,60.784157N,24.684843E,100,24.2,145
4851,T,260803,054513,60.784103N,24.684919E,100,24.3,145
4852,T,260803,054514,60.784058N,24.684996E,100,24.4,144
4853,T,260803,054515,60.784004N,24.685072E,99,24.3,144
4854,T,260803,054516,60.783951N,24.685144E,99,24.8,144
4855,T,260803,054517,60.783901N,24.685213E,99,24.3,145
4856,T,260803,054518,60.783852N,24.685284E,99,24.2,145
4857,T,260803,054519,60.783806N,24.685356E,99,23.9,145
4858,T,260803,054520,60.783756N,24.685429E,99,24.0,145
4859,T,260803,054521,60.783703N,24.685499E,98,24.0,144
4860,T,260803,054522,60.783653N,24.685572E,98,24.3,145
4861,T,260803,054523,60.783604N,24.685642E,98,23.8,145
4862,T,260803,054524,60.783550N,24.685713E,98,23.8,146
4863,T,260803,054525,60.783504N,24.685783E,98,23.9,145
4864,T,260803,054526,60.783455N,24.685854E,98,23.4,145
4865,T,260803,054527,60.783409N,24.685923E,98,23.9,145
4866,T,260803,054528,60.783356N,24.685991E,97,23.3,145
4867,T,260803,054529,60.783306N,24.686066E,97,23.3,145
4868,T,260803,054530,60.783257N,24.686144E,97,23.3,146
4869,T,260803,054531,60.783203N,24.686216E,97,23.4,146
4870,T,260803,054532,60.783154N,24.686283E,97,23.5,145
4871,T,260803,054533,60.783108N,24.686354E,97,23.5,145
4872,T,260803,054534,60.783058N,24.686426E,97,23.8,145
4873,T,260803,054535,60.783012N,24.686497E,96,23.8,145
4874,T,260803,054536,60.782963N,24.686563E,96,23.9,145
4875,T,260803,054537,60.782913N,24.686636E,96,23.8,145
4876,T,260803,054538,60.782864N,24.686712E,97,23.7,145
4877,T,260803,054539,60.782818N,24.686785E,96,24.0,144
4878,T,260803,054540,60.782764N,24.686855E,97,24.4,144
4879,T,260803,054541,60.782715N,24.686926E,96,24.5,144
4880,T,260803,054542,60.782665N,24.686998E,96,24.6,144
4881,T,260803,054543,60.782612N,24.687073E,95,24.6,144
4882,T,260803,054544,60.782562N,24.687143E,95,24.7,144
4883,T,260803,054545,60.782513N,24.687216E,95,24.7,144
4884,T,260803,054546,60.782459N,24.687290E,95,24.7,144
4885,T,260803,054547,60.782413N,24.687365E,95,24.7,145
4886,T,260803,054548,60.782360N,24.687433E,95,24.7,145
4887,T,260803,054549,60.782310N,24.687504E,95,24.6,145
4888,T,260803,054550,60.782261N,24.687576E,95,24.6,144
4889,T,260803,054551,60.782207N,24.687651E,94,24.6,144
4890,T,260803,054552,60.782162N,24.687719E,95,24.6,144
4891,T,260803,054553,60.782108N,24.687792E,95,24.6,144
4892,T,260803,054554,60.782055N,24.687864E,94,25.1,145
4893,T,260803,054555,60.782005N,24.687937E,94,25.2,145
4894,T,260803,054556,60.781952N,24.688009E,94,25.3,145
4895,T,260803,054557,60.781898N,24.688084E,94,25.4,145
4896,T,260803,054558,60.781849N,24.688158E,94,25.4,145
4897,T,260803,054559,60.781792N,24.688236E,94,25.3,145
4898,T,260803,054600,60.781742N,24.688305E,94,25.0,144
4899,T,260803,054601,60.781696N,24.688375E,94,25.0,144
4900,T,260803,054602,60.781643N,24.688448E,94,24.9,144
4901,T,260803,054603,60.781593N,24.688522E,94,24.6,144
4902,T,260803,054604,60.781540N,24.688595E,94,24.7,144
4903,T,260803,054605,60.781490N,24.688663E,94,24.6,144
4904,T,260803,054606,60.781441N,24.688736E,94,24.5,144
4905,T,260803,054607,60.781391N,24.688807E,94,24.4,144
4906,T,260803,054608,60.781342N,24.688875E,94,24.3,144
4907,T,260803,054609,60.781288N,24.688944E,94,24.3,145
4908,T,260803,054610,60.781239N,24.689016E,94,24.2,145
4909,T,260803,054611,60.781193N,24.689087E,94,24.2,145
4910,T,260803,054612,60.781139N,24.689157E,94,24.1,144
4911,T,260803,054613,60.781094N,24.689232E,94,24.1,144
4912,T,260803,054614,60.781044N,24.689304E,95,24.0,144
4913,T,260803,054615,60.780994N,24.689375E,95,23.9,144
4914,T,260803,054616,60.780949N,24.689444E,95,23.8,144
4915,T,260803,054617,60.780899N,24.689516E,95,23.7,144
4916,T,260803,054618,60.780853N,24.689585E,95,23.7,144
4917,T,260803,054619,60.780804N,24.689653E,95,23.7,144
4918,T,260803,054620,60.780758N,24.689724E,95,23.7,145
4919,T,260803,054621,60.780704N,24.689793E,95,23.7,145
4920,T,260803,054622,60.780655N,24.689859E,95,23.8,145
4921,T,260803,054623,60.780609N,24.689930E,95,23.8,145
4922,T,260803,054624,60.780560N,24.690002E,95,23.8,144
4923,T,260803,054625,60.780514N,24.690071E,95,23.9,144
4924,T,260803,054626,60.780460N,24.690142E,95,23.9,144
4925,T,260803,054627,60.780411N,24.690212E,95,24.0,145
4926,T,260803,054628,60.780361N,24.690283E,95,24.0,145
4927,T,260803,054629,60.780312N,24.690353E,95,24.0,145
4928,T,260803,054630,60.780266N,24.690426E,95,23.6,144
4929,T,260803,054631,60.780216N,24.690496E,95,23.9,144
4930,T,260803,054632,60.780167N,24.690563E,95,23.9,144
4931,T,260803,054633,60.780121N,24.690636E,95,23.9,144
4932,T,260803,054634,60.780071N,24.690708E,95,23.4,144
4933,T,260803,054635,60.780022N,24.690777E,95,23.4,144
4934,T,260803,054636,60.779976N,24.690844E,95,23.4,144
4935,T,260803,054637,60.779926N,24.690916E,95,23.4,144
4936,T,260803,054638,60.779881N,24.690985E,96,23.4,145
4937,T,260803,054639,60.779831N,24.691051E,96,23.4,145
4938,T,260803,054640,60.779785N,24.691118E,96,23.3,144
4939,T,260803,054641,60.779739N,24.691187E,96,23.3,144
4940,T,260803,054642,60.779694N,24.691256E,96,23.2,145
4941,T,260803,054643,60.779644N,24.691324E,96,23.2,144
4942,T,260803,054644,60.779594N,24.691389E,96,23.2,144
4943,T,260803,054645,60.779549N,24.691458E,96,23.5,145
4944,T,260803,054646,60.779499N,24.691526E,96,23.5,145
4945,T,260803,054647,60.779453N,24.691595E,96,23.6,145
4946,T,260803,054648,60.779404N,24.691666E,96,23.7,145
4947,T,260803,054649,60.779354N,24.691736E,96,23.8,144
4948,T,260803,054650,60.779305N,24.691809E,96,23.8,144
4949,T,260803,054651,60.779255N,24.691875E,96,23.8,145
4950,T,260803,054652,60.779209N,24.691944E,95,23.8,145
4951,T,260803,054653,60.779160N,24.692017E,95,23.7,144
4952,T,260803,054654,60.779114N,24.692083E,95,23.7,144
4953,T,260803,054655,60.779060N,24.692156E,95,23.7,144
4954,T,260803,054656,60.779011N,24.692225E,95,23.7,144
4955,T,260803,054657,60.778965N,24.692295E,95,23.8,144
4956,T,260803,054658,60.778915N,24.692366E,95,23.8,144
4957,T,260803,054659,60.778870N,24.692438E,95,23.9,144
4958,T,260803,054700,60.778820N,24.692509E,95,24.0,144
4959,T,260803,054701,60.778767N,24.692575E,95,24.0,145
4960,T,260803,054702,60.778721N,24.692646E,95,23.9,145
4961,T,260803,054703,60.778671N,24.692715E,95,23.8,145
4962,T,260803,054704,60.778622N,24.692781E,95,23.8,144
4963,T,260803,054705,60.778572N,24.692856E,95,23.7,144
4964,T,260803,054706,60.778522N,24.692924E,95,23.7,144
4965,T,260803,054707,60.778477N,24.692993E,95,23.7,144
4966,T,260803,054708,60.778427N,24.693064E,95,23.7,144
4967,T,260803,054709,60.778381N,24.693134E,95,23.7,144
4968,T,260803,054710,60.778332N,24.693205E,95,23.8,144
4969,T,260803,054711,60.778282N,24.693275E,95,23.8,144
4970,T,260803,054712,60.778236N,24.693344E,95,23.8,144
4971,T,260803,054713,60.778183N,24.693417E,95,23.8,144
4972,T,260803,054714,60.778137N,24.693483E,95,23.9,144
4973,T,260803,054715,60.778088N,24.693556E,95,23.9,144
4974,T,260803,054716,60.778042N,24.693624E,95,23.9,144
4975,T,260803,054717,60.777988N,24.693695E,95,24.0,144
4976,T,260803,054718,60.777939N,24.693768E,95,24.5,144
4977,T,260803,054719,60.777889N,24.693838E,95,24.1,145
4978,T,260803,054720,60.777840N,24.693909E,95,24.2,145
4979,T,260803,054721,60.777794N,24.693979E,95,24.2,145
4980,T,260803,054722,60.777740N,24.694052E,95,24.3,145
4981,T,260803,054723,60.777691N,24.694124E,95,24.3,144
4982,T,260803,054724,60.777641N,24.694197E,95,24.6,145
4983,T,260803,054725,60.777592N,24.694267E,95,24.3,145
4984,T,260803,054726,60.777538N,24.694340E,95,24.3,145
4985,T,260803,054727,60.777489N,24.694412E,95,24.0,145
4986,T,260803,054728,60.777439N,24.694483E,95,24.0,145
4987,T,260803,054729,60.777393N,24.694551E,95,23.8,144
4988,T,260803,054730,60.777344N,24.694622E,95,23.5,145
4989,T,260803,054731,60.777294N,24.694691E,95,23.8,145
4990,T,260803,054732,60.777248N,24.694763E,95,23.3,144
4991,T,260803,054733,60.777195N,24.694836E,95,23.8,145
4992,T,260803,054734,60.777149N,24.694904E,95,23.8,145
4993,T,260803,054735,60.777100N,24.694977E,95,24.2,145
4994,T,260803,054736,60.777046N,24.695044E,95,24.1,145
4995,T,260803,054737,60.777000N,24.695116E,95,24.0,145
4996,T,260803,054738,60.776951N,24.695185E,95,24.3,145
4997,T,260803,054739,60.776901N,24.695255E,95,24.2,145
4998,T,260803,054740,60.776852N,24.695326E,95,24.3,145
4999,T,260803,054741,60.776798N,24.695398E,95,24.4,145
5000,T,260803,054742,60.776752N,24.695473E,94,24.4,145
5001,T,260803,054743,60.776703N,24.695543E,94,24.5,144
5002,T,260803,054744,60.776653N,24.695618E,94,24.6,144
5003,T,260803,054745,60.776604N,24.695692E,94,24.6,144
5004,T,260803,054746,60.776550N,24.695763E,94,24.6,145
5005,T,260803,054747,60.776505N,24.695833E,94,24.7,145
5006,T,260803,054748,60.776451N,24.695906E,94,25.0,145
5007,T,260803,054749,60.776402N,24.695982E,94,25.0,145
5008,T,260803,054750,60.776352N,24.696056E,94,25.1,144
5009,T,260803,054751,60.776299N,24.696131E,94,25.2,144
5010,T,260803,054752,60.776249N,24.696203E,94,25.2,144
5011,T,260803,054753,60.776196N,24.696281E,93,25.3,144
5012,T,260803,054754,60.776142N,24.696354E,93,25.4,145
5013,T,260803,054755,60.776093N,24.696428E,93,25.7,145
5014,T,260803,054756,60.776039N,24.696505E,93,25.7,145
5015,T,260803,054757,60.775990N,24.696585E,93,25.8,144
5016,T,260803,054758,60.775936N,24.696665E,93,25.9,143
5017,T,260803,054759,60.775879N,24.696739E,93,25.9,143
5018,T,260803,054800,60.775833N,24.696815E,93,25.9,144
5019,T,260803,054801,60.775776N,24.696892E,93,25.9,145
5020,T,260803,054802,60.775723N,24.696964E,92,25.9,145
5021,T,260803,054803,60.775669N,24.697039E,92,25.9,145
5022,T,260803,054804,60.775616N,24.697117E,92,25.8,145
5023,T,260803,054805,60.775558N,24.697191E,92,25.8,145
5024,T,260803,054806,60.775509N,24.697268E,92,25.7,144
5025,T,260803,054807,60.775455N,24.697344E,92,25.4,145
5026,T,260803,054808,60.775406N,24.697420E,92,25.5,144
5027,T,260803,054809,60.775352N,24.697496E,92,25.3,144
5028,T,260803,054810,60.775299N,24.697573E,92,25.3,144
5029,T,260803,054811,60.775249N,24.697645E,92,25.4,144
5030,T,260803,054812,60.775200N,24.697721E,92,25.4,144
5031,T,260803,054813,60.775146N,24.697796E,92,25.4,144
5032,T,260803,054814,60.775097N,24.697874E,92,25.4,144
5033,T,260803,054815,60.775047N,24.697948E,92,25.5,144
5034,T,260803,054816,60.774998N,24.698027E,92,25.8,144
5035,T,260803,054817,60.774940N,24.698103E,91,25.8,144
5036,T,260803,054818,60.774887N,24.698175E,91,25.9,144
5037,T,260803,054819,60.774837N,24.698252E,91,26.2,145
5038,T,260803,054820,60.774784N,24.698326E,91,26.2,145
5039,T,260803,054821,60.774727N,24.698404E,91,26.2,145
5040,T,260803,054822,60.774681N,24.698484E,91,26.1,144
5041,T,260803,054823,60.774624N,24.698559E,91,26.5,144
5042,T,260803,054824,60.774567N,24.698635E,91,26.4,144
5043,T,260803,054825,60.774517N,24.698713E,91,26.8,144
5044,T,260803,054826,60.774460N,24.698793E,90,26.9,144
5045,T,260803,054827,60.774403N,24.698875E,90,27.0,144
5046,T,260803,054828,60.774353N,24.698954E,90,27.0,144
5047,T,260803,054829,60.774296N,24.699030E,90,26.9,145
5048,T,260803,054830,60.774239N,24.699108E,90,26.8,145
5049,T,260803,054831,60.774185N,24.699186E,90,26.9,145
5050,T,260803,054832,60.774128N,24.699266E,89,26.9,145
5051,T,260803,054833,60.774071N,24.699347E,89,26.8,145
5052,T,260803,054834,60.774017N,24.699429E,89,26.9,144
5053,T,260803,054835,60.773964N,24.699511E,89,26.9,144
5054,T,260803,054836,60.773907N,24.699593E,89,27.2,144
5055,T,260803,054837,60.773849N,24.699671E,89,27.7,145
5056,T,260803,054838,60.773792N,24.699751E,89,28.2,145
5057,T,260803,054839,60.773731N,24.699839E,89,28.5,145
5058,T,260803,054840,60.773678N,24.699924E,88,28.6,145
5059,T,260803,054841,60.773617N,24.700010E,88,28.6,145
5060,T,260803,054842,60.773556N,24.700094E,88,28.7,145
5061,T,260803,054843,60.773495N,24.700180E,88,28.8,146
5062,T,260803,054844,60.773438N,24.700264E,88,28.9,146
5063,T,260803,054845,60.773376N,24.700354E,88,28.9,145
5064,T,260803,054846,60.773315N,24.700441E,89,29.0,145
5065,T,260803,054847,60.773254N,24.700529E,89,29.0,144
5066,T,260803,054848,60.773197N,24.700619E,89,29.0,144
5067,T,260803,054849,60.773140N,24.700708E,89,29.0,144
5068,T,260803,054850,60.773079N,24.700796E,89,28.6,144
5069,T,260803,054851,60.773022N,24.700878E,89,28.5,144
5070,T,260803,054852,60.772961N,24.700964E,89,28.6,144
5071,T,260803,054853,60.772903N,24.701048E,89,28.5,144
5072,T,260803,054854,60.772846N,24.701130E,89,28.4,144
5073,T,260803,054855,60.772793N,24.701212E,89,28.1,144
5074,T,260803,054856,60.772732N,24.701294E,89,27.9,144
5075,T,260803,054857,60.772675N,24.701376E,89,27.5,144
5076,T,260803,054858,60.772621N,24.701454E,89,27.4,144
5077,T,260803,054859,60.772564N,24.701534E,89,27.4,144
5078,T,260803,054900,60.772507N,24.701614E,89,27.7,144
5079,T,260803,054901,60.772449N,24.701696E,89,27.7,144
5080,T,260803,054902,60.772392N,24.701777E,89,27.8,144
5081,T,260803,054903,60.772335N,24.701857E,89,27.7,144
5082,T,260803,054904,60.772282N,24.701937E,89,27.7,145
5083,T,260803,054905,60.772224N,24.702011E,89,27.2,145
5084,T,260803,054906,60.772167N,24.702091E,89,27.2,145
5085,T,260803,054907,60.772114N,24.702171E,89,27.2,145
5086,T,260803,054908,60.772057N,24.702250E,89,27.1,145
5087,T,260803,054909,60.771999N,24.702328E,89,26.8,145
5088,T,260803,054910,60.771942N,24.702404E,89,26.7,145
5089,T,260803,054911,60.771889N,24.702482E,89,26.5,145
5090,T,260803,054912,60.771835N,24.702559E,89,26.5,145
5091,T,260803,054913,60.771786N,24.702637E,89,26.4,145
5092,T,260803,054914,60.771729N,24.702711E,89,26.4,145
5093,T,260803,054915,60.771675N,24.702785E,89,26.3,145
5094,T,260803,054916,60.771622N,24.702864E,89,26.3,145
5095,T,260803,054917,60.771568N,24.702942E,89,26.3,145
5096,T,260803,054918,60.771511N,24.703018E,89,26.3,145
5097,T,260803,054919,60.771458N,24.703096E,89,26.3,145
5098,T,260803,054920,60.771400N,24.703171E,89,26.4,146
5099,T,260803,054921,60.771343N,24.703245E,89,26.5,146
5100,T,260803,054922,60.771290N,24.703323E,89,26.5,146
5101,T,260803,054923,60.771236N,24.703400E,89,26.9,146
5102,T,260803,054924,60.771175N,24.703476E,89,27.0,146
5103,T,260803,054925,60.771118N,24.703552E,89,27.0,146
5104,T,260803,054926,60.771065N,24.703627E,89,27.0,146
5105,T,260803,054927,60.771008N,24.703705E,88,27.0,146
5106,T,260803,054928,60.770950N,24.703779E,88,26.9,146
5107,T,260803,054929,60.770897N,24.703854E,88,26.9,146
5108,T,260803,054930,60.770840N,24.703926E,88,26.8,147
5109,T,260803,054931,60.770782N,24.704000E,88,26.7,147
5110,T,260803,054932,60.770729N,24.704075E,88,26.4,147
5111,T,260803,054933,60.770672N,24.704144E,88,26.3,147
5112,T,260803,054934,60.770618N,24.704216E,88,26.2,147
5113,T,260803,054935,60.770565N,24.704287E,88,26.2,147
5114,T,260803,054936,60.770508N,24.704359E,88,26.1,147
5115,T,260803,054937,60.770451N,24.704432E,88,26.0,147
5116,T,260803,054938,60.770401N,24.704502E,88,25.9,147
5117,T,260803,054939,60.770344N,24.704571E,88,25.8,147
5118,T,260803,054940,60.770287N,24.704639E,88,25.7,147
5119,T,260803,054941,60.770237N,24.704710E,88,25.6,147
5120,T,260803,054942,60.770180N,24.704779E,88,25.7,147
5121,T,260803,054943,60.770126N,24.704847E,88,25.7,148
5122,T,260803,054944,60.770073N,24.704918E,88,26.0,148
5123,T,260803,054945,60.770016N,24.704990E,88,26.0,148
5124,T,260803,054946,60.769958N,24.705063E,88,26.0,148
5125,T,260803,054947,60.769905N,24.705133E,88,25.9,148
5126,T,260803,054948,60.769852N,24.705204E,87,25.4,147
5127,T,260803,054949,60.769798N,24.705275E,87,25.4,147
5128,T,260803,054950,60.769745N,24.705341E,87,25.1,147
5129,T,260803,054951,60.769691N,24.705410E,87,25.1,148
5130,T,260803,054952,60.769642N,24.705477E,87,25.1,148
5131,T,260803,054953,60.769588N,24.705544E,87,25.0,148
5132,T,260803,054954,60.769531N,24.705612E,87,24.8,148
5133,T,260803,054955,60.769482N,24.705679E,87,24.4,148
5134,T,260803,054956,60.769428N,24.705744E,87,24.3,148
5135,T,260803,054957,60.769375N,24.705811E,88,24.3,148
5136,T,260803,054958,60.769325N,24.705875E,88,24.2,148
5137,T,260803,054959,60.769272N,24.705938E,88,24.0,148
5138,T,260803,055000,60.769218N,24.706003E,88,23.7,147
5139,T,260803,055001,60.769173N,24.706068E,88,23.7,147
5140,T,260803,055002,60.769119N,24.706127E,88,23.6,147
5141,T,260803,055003,60.769073N,24.706192E,88,23.6,148
5142,T,260803,055004,60.769020N,24.706257E,88,23.7,148
5143,T,260803,055005,60.768967N,24.706316E,88,23.8,148
5144,T,260803,055006,60.768921N,24.706381E,88,23.9,148
5145,T,260803,055007,60.768864N,24.706442E,88,24.0,148
5146,T,260803,055008,60.768810N,24.706505E,89,24.0,148
5147,T,260803,055009,60.768761N,24.706568E,89,24.1,147
5148,T,260803,055010,60.768711N,24.706636E,89,24.0,147
5149,T,260803,055011,60.768661N,24.706701E,89,24.0,147
5150,T,260803,055012,60.768608N,24.706764E,89,24.0,147
5151,T,260803,055013,60.768559N,24.706827E,89,23.9,147
5152,T,260803,055014,60.768509N,24.706890E,89,23.8,147
5153,T,260803,055015,60.768459N,24.706951E,89,23.7,147
5154,T,260803,055016,60.768410N,24.707016E,89,23.6,148
5155,T,260803,055017,60.768360N,24.707079E,89,23.1,147
5156,T,260803,055018,60.768311N,24.707138E,89,23.0,148
5157,T,260803,055019,60.768261N,24.707197E,89,22.9,148
5158,T,260803,055020,60.768211N,24.707260E,89,22.5,148
5159,T,260803,055021,60.768169N,24.707317E,90,22.3,148
5160,T,260803,055022,60.768120N,24.707376E,90,21.9,148
5161,T,260803,055023,60.768070N,24.707434E,90,21.5,148
5162,T,260803,055024,60.768028N,24.707493E,90,21.3,148
5163,T,260803,055025,60.767982N,24.707546E,90,20.8,148
5164,T,260803,055026,60.767941N,24.707600E,90,20.4,148
5165,T,260803,055027,60.767895N,24.707655E,90,20.3,148
5166,T,260803,055028,60.767853N,24.707706E,90,19.5,148
5167,T,260803,055029,60.767811N,24.707758E,91,19.2,148
5168,T,260803,055030,60.767773N,24.707809E,91,19.1,148
5169,T,260803,055031,60.767731N,24.707861E,91,18.5,147
5170,T,260803,055032,60.767693N,24.707911E,91,17.9,148
5171,T,260803,055033,60.767654N,24.707956E,91,17.4,148
5172,T,260803,055034,60.767620N,24.708002E,91,17.3,148
5173,T,260803,055035,60.767586N,24.708048E,91,16.9,148
5174,T,260803,055036,60.767548N,24.708092E,91,17.0,149
5175,T,260803,055037,60.767513N,24.708136E,91,16.9,148
5176,T,260803,055038,60.767479N,24.708185E,92,16.8,147
5177,T,260803,055039,60.767448N,24.708233E,92,16.7,148
5178,T,260803,055040,60.767410N,24.708277E,92,16.6,148
5179,T,260803,055041,60.767376N,24.708319E,92,16.5,147
5180,T,260803,055042,60.767342N,24.708364E,92,16.5,148
5181,T,260803,055043,60.767307N,24.708410E,92,16.4,148
5182,T,260803,055044,60.767273N,24.708456E,93,16.4,148
5183,T,260803,055045,60.767235N,24.708504E,93,16.4,147
5184,T,260803,055046,60.767204N,24.708546E,93,16.3,148
5185,T,260803,055047,60.767166N,24.708588E,93,16.2,148
5186,T,260803,055048,60.767136N,24.708630E,93,15.7,148
5187,T,260803,055049,60.767105N,24.708672E,93,15.4,148
5188,T,260803,055050,60.767071N,24.708714E,93,15.1,148
5189,T,260803,055051,60.767040N,24.708754E,93,15.0,148
5190,T,260803,055052,60.767014N,24.708794E,93,14.4,147
5191,T,260803,055053,60.766983N,24.708834E,93,13.8,147
5192,T,260803,055054,60.766956N,24.708872E,94,13.8,147
5193,T,260803,055055,60.766930N,24.708910E,94,13.2,147
5194,T,260803,055056,60.766899N,24.708946E,94,13.3,147
5195,T,260803,055057,60.766872N,24.708984E,94,13.5,147
5196,T,260803,055058,60.766842N,24.709021E,94,13.5,147
5197,T,260803,055059,60.766811N,24.709057E,94,13.5,148
5198,T,260803,055100,60.766785N,24.709093E,94,13.4,148
5199,T,260803,055101,60.766754N,24.709127E,94,13.5,148
5200,T,260803,055102,60.766727N,24.709164E,95,13.4,148
5201,T,260803,055103,60.766701N,24.709198E,95,13.5,148
5202,T,260803,055104,60.766666N,24.709236E,95,13.5,147
5203,T,260803,055105,60.766640N,24.709272E,95,13.5,147
5204,T,260803,055106,60.766609N,24.709311E,96,13.6,147
5205,T,260803,055107,60.766579N,24.709347E,96,13.6,147
5206,T,260803,055108,60.766552N,24.709385E,96,13.6,147
5207,T,260803,055109,60.766521N,24.709421E,96,13.6,147
5208,T,260803,055110,60.766487N,24.709455E,96,13.6,147
5209,T,260803,055111,60.766460N,24.709492E,96,13.5,147
5210,T,260803,055112,60.766434N,24.709532E,96,13.5,147
5211,T,260803,055113,60.766403N,24.709570E,96,13.4,147
5212,T,260803,055114,60.766376N,24.709606E,96,13.4,147
5213,T,260803,055115,60.766342N,24.709644E,97,13.4,148
5214,T,260803,055116,60.766315N,24.709682E,97,13.4,147
5215,T,260803,055117,60.766289N,24.709717E,97,13.4,148
5216,T,260803,055118,60.766258N,24.709751E,97,13.3,148
5217,T,260803,055119,60.766232N,24.709785E,97,13.2,148
5218,T,260803,055120,60.766201N,24.709820E,97,13.2,148
5219,T,260803,055121,60.766171N,24.709856E,97,13.2,148
5220,T,260803,055122,60.766144N,24.709896E,97,13.2,147
5221,T,260803,055123,60.766121N,24.709932E,97,13.2,147
5222,T,260803,055124,60.766087N,24.709969E,98,13.2,146
5223,T,260803,055125,60.766060N,24.710005E,98,12.6,145
5224,T,260803,055126,60.766037N,24.710045E,98,12.8,145
5225,T,260803,055127,60.766006N,24.710075E,98,12.7,147
5226,T,260803,055128,60.765984N,24.710110E,98,12.7,147
5227,T,260803,055129,60.765957N,24.710144E,98,12.7,148
5228,T,260803,055130,60.765926N,24.710180E,98,12.8,148
5229,T,260803,055131,60.765903N,24.710217E,98,12.7,148
5230,T,260803,055132,60.765877N,24.710255E,98,12.8,147
5231,T,260803,055133,60.765846N,24.710293E,98,12.9,146
5232,T,260803,055134,60.765820N,24.710333E,98,12.9,146
5233,T,260803,055135,60.765797N,24.710367E,98,13.0,146
5234,T,260803,055136,60.765766N,24.710403E,98,12.5,145
5235,T,260803,055137,60.765743N,24.710442E,98,12.3,146
5236,T,260803,055138,60.765717N,24.710478E,98,12.4,146
5237,T,260803,055139,60.765690N,24.710510E,99,12.7,146
5238,T,260803,055140,60.765656N,24.710543E,100,13.0,147
5239,T,260803,055141,60.765625N,24.710575E,100,13.0,147
5240,T,260803,055142,60.765594N,24.710613E,100,13.1,147
5241,T,260803,055143,60.765564N,24.710644E,101,13.2,148
5242,T,260803,055144,60.765537N,24.710680E,101,13.6,148
5243,T,260803,055145,60.765507N,24.710716E,102,13.5,148
5244,T,260803,055146,60.765476N,24.710752E,102,13.5,148
5245,T,260803,055147,60.765450N,24.710789E,102,13.4,148
5246,T,260803,055148,60.765419N,24.710823E,103,13.4,147
5247,T,260803,055149,60.765392N,24.710863E,103,13.4,147
5248,T,260803,055150,60.765362N,24.710899E,103,13.4,147
5249,T,260803,055151,60.765331N,24.710936E,103,13.4,148
5250,T,260803,055152,60.765305N,24.710972E,103,13.4,148
5251,T,260803,055153,60.765278N,24.711008E,103,12.8,147
5252,T,260803,055154,60.765251N,24.711044E,104,12.4,146
5253,T,260803,055155,60.765224N,24.711077E,104,11.9,147
5254,T,260803,055156,60.765202N,24.711105E,104,11.8,147
5255,T,260803,055157,60.765171N,24.711138E,104,11.9,147
5256,T,260803,055158,60.765148N,24.711174E,104,12.2,147
5257,T,260803,055159,60.765121N,24.711206E,104,12.3,147
5258,T,260803,055200,60.765095N,24.711241E,104,12.3,147
5259,T,260803,055201,60.765068N,24.711273E,104,12.4,148
5260,T,260803,055202,60.765041N,24.711308E,104,12.5,148
5261,T,260803,055203,60.765015N,24.711344E,105,12.8,147
5262,T,260803,055204,60.764988N,24.711380E,105,12.7,147
5263,T,260803,055205,60.764961N,24.711414E,105,12.6,147
5264,T,260803,055206,60.764931N,24.711451E,106,12.6,147
5265,T,260803,055207,60.764908N,24.711485E,106,12.6,148
5266,T,260803,055208,60.764881N,24.711521E,106,13.0,148
5267,T,260803,055209,60.764851N,24.711557E,106,12.5,147
5268,T,260803,055210,60.764824N,24.711596E,106,12.4,147
5269,T,260803,055211,60.764801N,24.711624E,107,11.8,147
5270,T,260803,055212,60.764771N,24.711657E,107,11.5,148
5271,T,260803,055213,60.764748N,24.711687E,107,12.2,148
5272,T,260803,055214,60.764721N,24.711716E,107,12.0,148
5273,T,260803,055215,60.764690N,24.711750E,107,12.1,147
5274,T,260803,055216,60.764668N,24.711779E,107,12.1,147
5275,T,260803,055217,60.764641N,24.711811E,108,12.6,148
5276,T,260803,055218,60.764610N,24.711847E,108,12.7,143
5277,T,260803,055219,60.764584N,24.711884E,108,12.6,146
5278,T,260803,055220,60.764561N,24.711918E,108,12.6,147
5279,T,260803,055221,60.764530N,24.711952E,108,13.0,147
5280,T,260803,055222,60.764500N,24.711987E,109,13.0,148
5281,T,260803,055223,60.764473N,24.712025E,109,13.5,147
5282,T,260803,055224,60.764442N,24.712061E,109,13.5,148
5283,T,260803,055225,60.764412N,24.712095E,109,13.6,149
5284,T,260803,055226,60.764381N,24.712130E,110,13.7,149
5285,T,260803,055227,60.764351N,24.712170E,110,13.7,148
5286,T,260803,055228,60.764324N,24.712210E,110,13.8,147
5287,T,260803,055229,60.764294N,24.712246E,110,13.9,147
5288,T,260803,055230,60.764259N,24.712284E,110,14.0,147
5289,T,260803,055231,60.764233N,24.712324E,111,14.1,147
5290,T,260803,055232,60.764198N,24.712364E,111,14.1,148
5291,T,260803,055233,60.764172N,24.712404E,111,14.2,148
5292,T,260803,055234,60.764141N,24.712444E,111,14.2,147
5293,T,260803,055235,60.764111N,24.712484E,111,14.2,147
5294,T,260803,055236,60.764080N,24.712524E,112,14.2,147
5295,T,260803,055237,60.764050N,24.712563E,112,13.8,147
5296,T,260803,055238,60.764019N,24.712599E,112,13.7,147
5297,T,260803,055239,60.763992N,24.712637E,112,13.6,148
5298,T,260803,055240,60.763966N,24.712671E,112,13.6,148
5299,T,260803,055241,60.763935N,24.712709E,113,13.7,147
5300,T,260803,055242,60.763908N,24.712748E,113,13.8,147
5301,T,260803,055243,60.763882N,24.712784E,113,13.8,146
5302,T,260803,055244,60.763847N,24.712826E,113,13.9,147
5303,T,260803,055245,60.763821N,24.712866E,113,14.0,147
5304,T,260803,055246,60.763786N,24.712904E,113,14.3,148
5305,T,260803,055247,60.763756N,24.712946E,113,14.4,147
5306,T,260803,055248,60.763725N,24.712988E,113,14.4,147
5307,T,260803,055249,60.763695N,24.713028E,114,14.2,148
5308,T,260803,055250,60.763664N,24.713066E,114,14.1,148
5309,T,260803,055251,60.763638N,24.713106E,114,14.1,147
5310,T,260803,055252,60.763603N,24.713150E,114,14.2,148
5311,T,260803,055253,60.763573N,24.713188E,115,14.6,148
5312,T,260803,055254,60.763538N,24.713226E,115,14.7,149
5313,T,260803,055255,60.763512N,24.713266E,115,14.8,149
5314,T,260803,055256,60.763481N,24.713308E,115,14.9,149
5315,T,260803,055257,60.763447N,24.713348E,115,14.9,148
5316,T,260803,055258,60.763412N,24.713390E,115,15.0,149
5317,T,260803,055259,60.763378N,24.713428E,115,15.0,149
5318,T,260803,055300,60.763348N,24.713469E,115,15.1,148
5319,T,260803,055301,60.763317N,24.713512E,116,15.7,148
5320,T,260803,055302,60.763279N,24.713556E,116,16.1,147
5321,T,260803,055303,60.763248N,24.713596E,116,16.0,148
5322,T,260803,055304,60.763210N,24.713636E,116,16.0,149
5323,T,260803,055305,60.763176N,24.713675E,116,16.3,151
5324,T,260803,055306,60.763142N,24.713717E,116,16.7,150
5325,T,260803,055307,60.763103N,24.713758E,116,16.7,150
5326,T,260803,055308,60.763065N,24.713800E,116,17.1,151
5327,T,260803,055309,60.763027N,24.713842E,116,17.5,151
5328,T,260803,055310,60.762989N,24.713884E,117,17.5,151
5329,T,260803,055311,60.762947N,24.713928E,117,17.7,151
5330,T,260803,055312,60.762909N,24.713972E,117,17.7,150
5331,T,260803,055313,60.762867N,24.714016E,117,17.8,150
5332,T,260803,055314,60.762829N,24.714058E,117,17.9,150
5333,T,260803,055315,60.762787N,24.714100E,117,18.0,151
5334,T,260803,055316,60.762749N,24.714144E,117,18.0,151
5335,T,260803,055317,60.762707N,24.714188E,117,18.0,151
5336,T,260803,055318,60.762669N,24.714233E,117,18.0,151
5337,T,260803,055319,60.762623N,24.714275E,117,18.1,152
5338,T,260803,055320,60.762585N,24.714315E,118,18.2,152
5339,T,260803,055321,60.762543N,24.714363E,118,18.2,151
5340,T,260803,055322,60.762505N,24.714409E,118,18.2,151
5341,T,260803,055323,60.762459N,24.714449E,118,18.2,151
5342,T,260803,055324,60.762421N,24.714485E,118,18.3,152
5343,T,260803,055325,60.762379N,24.714527E,118,18.3,152
5344,T,260803,055326,60.762341N,24.714573E,118,18.4,152
5345,T,260803,055327,60.762299N,24.714619E,118,18.5,152
5346,T,260803,055328,60.762257N,24.714663E,118,18.8,152
5347,T,260803,055329,60.762215N,24.714705E,118,18.8,153
5348,T,260803,055330,60.762173N,24.714745E,118,18.8,154
5349,T,260803,055331,60.762127N,24.714792E,118,18.8,153
5350,T,260803,055332,60.762089N,24.714836E,118,18.9,153
5351,T,260803,055333,60.762043N,24.714878E,118,19.3,153
5352,T,260803,055334,60.762001N,24.714924E,119,19.4,153
5353,T,260803,055335,60.761955N,24.714968E,119,19.5,154
5354,T,260803,055336,60.761913N,24.715012E,119,19.8,154
5355,T,260803,055337,60.761864N,24.715055E,119,19.8,154
5356,T,260803,055338,60.761822N,24.715099E,119,19.8,154
5357,T,260803,055339,60.761772N,24.715143E,119,19.9,155
5358,T,260803,055340,60.761726N,24.715183E,119,20.0,155
5359,T,260803,055341,60.761684N,24.715231E,119,20.0,155
5360,T,260803,055342,60.761635N,24.715275E,119,20.0,154
5361,T,260803,055343,60.761593N,24.715317E,119,20.0,154
5362,T,260803,055344,60.761543N,24.715359E,120,20.1,154
5363,T,260803,055345,60.761501N,24.715399E,120,20.1,155
5364,T,260803,055346,60.761452N,24.715445E,120,20.1,155
5365,T,260803,055347,60.761410N,24.715490E,120,20.2,155
5366,T,260803,055348,60.761360N,24.715534E,120,20.3,156
5367,T,260803,055349,60.761314N,24.715578E,120,20.7,156
5368,T,260803,055350,60.761269N,24.715622E,120,20.7,156
5369,T,260803,055351,60.761219N,24.715664E,119,20.8,156
5370,T,260803,055352,60.761173N,24.715704E,119,20.9,156
5371,T,260803,055353,60.761124N,24.715748E,119,21.0,156
5372,T,260803,055354,60.761078N,24.715792E,119,21.3,156
5373,T,260803,055355,60.761028N,24.715834E,119,21.3,156
5374,T,260803,055356,60.760975N,24.715876E,119,21.7,157
5375,T,260803,055357,60.760929N,24.715916E,119,21.7,158
5376,T,260803,055358,60.760876N,24.715956E,119,21.7,158
5377,T,260803,055359,60.760822N,24.715996E,119,22.1,158
5378,T,260803,055400,60.760773N,24.716038E,119,22.4,158
5379,T,260803,055401,60.760719N,24.716082E,119,22.9,158
5380,T,260803,055402,60.760666N,24.716124E,119,22.9,158
5381,T,260803,055403,60.760609N,24.716166E,119,22.9,159
5382,T,260803,055404,60.760555N,24.716208E,119,22.9,158
5383,T,260803,055405,60.760506N,24.716251E,119,22.5,158
5384,T,260803,055406,60.760448N,24.716295E,119,22.5,158
5385,T,260803,055407,60.760395N,24.716337E,119,22.0,158
5386,T,260803,055408,60.760349N,24.716379E,119,21.5,158
5387,T,260803,055409,60.760296N,24.716419E,119,21.2,158
5388,T,260803,055410,60.760246N,24.716459E,119,21.6,158
5389,T,260803,055411,60.760197N,24.716501E,119,21.6,158
5390,T,260803,055412,60.760147N,24.716539E,119,21.1,158
5391,T,260803,055413,60.760098N,24.716579E,118,21.5,158
5392,T,260803,055414,60.760044N,24.716618E,118,22.2,158
5393,T,260803,055415,60.759991N,24.716660E,118,22.8,158
5394,T,260803,055416,60.759941N,24.716700E,118,22.8,158
5395,T,260803,055417,60.759884N,24.716743E,118,22.9,158
5396,T,260803,055418,60.759830N,24.716784E,118,23.2,158
5397,T,260803,055419,60.759777N,24.716825E,118,23.8,158
5398,T,260803,055420,60.759720N,24.716869E,118,23.7,159
5399,T,260803,055421,60.759659N,24.716915E,118,23.8,159
5400,T,260803,055422,60.759609N,24.716965E,118,24.2,159
5401,T,260803,055423,60.759548N,24.717010E,118,24.7,158
5402,T,260803,055424,60.759487N,24.717056E,118,25.0,159
5403,T,260803,055425,60.759434N,24.717104E,118,25.1,158
5404,T,260803,055426,60.759373N,24.717152E,118,25.5,158
5405,T,260803,055427,60.759312N,24.717199E,118,25.4,158
5406,T,260803,055428,60.759251N,24.717249E,118,25.2,157
5407,T,260803,055429,60.759197N,24.717295E,118,25.1,158
5408,T,260803,055430,60.759136N,24.717339E,118,25.2,158
5409,T,260803,055431,60.759079N,24.717386E,118,25.3,158
5410,T,260803,055432,60.759022N,24.717434E,118,25.3,158
5411,T,260803,055433,60.758961N,24.717480E,118,25.4,158
5412,T,260803,055434,60.758900N,24.717525E,118,25.5,158
5413,T,260803,055435,60.758839N,24.717573E,118,25.6,158
5414,T,260803,055436,60.758781N,24.717621E,117,25.7,158
5415,T,260803,055437,60.758720N,24.717669E,117,25.8,158
5416,T,260803,055438,60.758659N,24.717716E,117,25.9,158
5417,T,260803,055439,60.758598N,24.717764E,117,26.2,158
5418,T,260803,055440,60.758541N,24.717812E,117,25.8,158
5419,T,260803,055441,60.758480N,24.717857E,117,25.4,158
5420,T,260803,055442,60.758419N,24.717901E,116,25.0,159
5421,T,260803,055443,60.758362N,24.717949E,116,24.9,159
5422,T,260803,055444,60.758305N,24.717995E,116,24.5,158
5423,T,260803,055445,60.758244N,24.718021E,114,24.4,158
5424,T,260803,055446,60.758186N,24.718077E,114,24.3,158
5425,T,260803,055447,60.758129N,24.718122E,114,24.4,158
5426,T,260803,055448,60.758072N,24.718172E,114,24.4,159
5427,T,260803,055449,60.758018N,24.718216E,113,24.4,159
5428,T,260803,055450,60.757961N,24.718262E,113,24.4,159
5429,T,260803,055451,60.757904N,24.718309E,113,24.8,158
5430,T,260803,055452,60.757847N,24.718355E,113,25.2,158
5431,T,260803,055453,60.757790N,24.718405E,113,25.3,158
5432,T,260803,055454,60.757729N,24.718449E,113,25.7,158
5433,T,260803,055455,60.757668N,24.718496E,112,26.1,158
5434,T,260803,055456,60.757607N,24.718546E,112,26.2,158
5435,T,260803,055457,60.757549N,24.718596E,112,26.7,159
5436,T,260803,055458,60.757484N,24.718645E,112,27.0,158
5437,T,260803,055459,60.757420N,24.718699E,111,27.6,158
5438,T,260803,055500,60.757355N,24.718750E,111,28.0,158
5439,T,260803,055501,60.757290N,24.718801E,110,28.5,159
5440,T,260803,055502,60.757225N,24.718857E,110,29.1,158
5441,T,260803,055503,60.757156N,24.718912E,110,29.5,158
5442,T,260803,055504,60.757084N,24.718966E,109,29.9,158
5443,T,260803,055505,60.757015N,24.719025E,109,30.4,158
5444,T,260803,055506,60.756943N,24.719080E,109,30.9,158
5445,T,260803,055507,60.756870N,24.719137E,108,31.5,158
5446,T,260803,055508,60.756802N,24.719196E,108,31.9,158
5447,T,260803,055509,60.756721N,24.719254E,107,32.4,158
5448,T,260803,055510,60.756649N,24.719315E,107,32.7,159
5449,T,260803,055511,60.756569N,24.719374E,107,32.8,158
5450,T,260803,055512,60.756493N,24.719437E,106,32.9,158
5451,T,260803,055513,60.756416N,24.719496E,106,33.5,158
5452,T,260803,055514,60.756336N,24.719559E,105,33.8,158
5453,T,260803,055515,60.756256N,24.719622E,105,34.1,158
5454,T,260803,055516,60.756176N,24.719685E,104,34.5,158
5455,T,260803,055517,60.756096N,24.719749E,104,34.6,158
5456,T,260803,055518,60.756012N,24.719814E,104,34.6,158
5457,T,260803,055519,60.755932N,24.719875E,103,34.6,158
5458,T,260803,055520,60.755852N,24.719940E,103,34.3,158
5459,T,260803,055521,60.755772N,24.720003E,103,33.6,158
5460,T,260803,055522,60.755695N,24.720068E,102,32.9,158
5461,T,260803,055523,60.755619N,24.720127E,102,32.3,158
5462,T,260803,055524,60.755543N,24.720188E,102,31.6,158
5463,T,260803,055525,60.755470N,24.720243E,102,31.0,158
5464,T,260803,055526,60.755402N,24.720304E,102,30.6,158
5465,T,260803,055527,60.755329N,24.720360E,101,29.9,159
5466,T,260803,055528,60.755260N,24.720415E,101,29.4,158
5467,T,260803,055529,60.755196N,24.720469E,101,28.4,158
5468,T,260803,055530,60.755131N,24.720520E,101,27.9,159
5469,T,260803,055531,60.755070N,24.720570E,101,27.8,158
5470,T,260803,055532,60.755005N,24.720621E,101,27.5,158
5471,T,260803,055533,60.754940N,24.720676E,100,27.6,158
5472,T,260803,055534,60.754875N,24.720730E,100,27.7,157
5473,T,260803,055535,60.754807N,24.720781E,100,28.0,157
5474,T,260803,055536,60.754745N,24.720835E,100,28.1,158
5475,T,260803,055537,60.754681N,24.720884E,100,28.1,158
5476,T,260803,055538,60.754612N,24.720936E,100,28.0,158
5477,T,260803,055539,60.754543N,24.720987E,100,28.0,159
5478,T,260803,055540,60.754478N,24.721037E,99,27.9,159
5479,T,260803,055541,60.754417N,24.721088E,99,27.5,159
5480,T,260803,055542,60.754353N,24.721140E,99,27.6,158
5481,T,260803,055543,60.754284N,24.721193E,99,27.7,158
5482,T,260803,055544,60.754219N,24.721245E,100,27.7,158
5483,T,260803,055545,60.754154N,24.721296E,100,27.6,158
5484,T,260803,055546,60.754093N,24.721350E,100,27.5,158
5485,T,260803,055547,60.754028N,24.721403E,100,27.5,157
5486,T,260803,055548,60.753963N,24.721457E,100,27.0,157
5487,T,260803,055549,60.753899N,24.721504E,100,27.0,158
5488,T,260803,055550,60.753841N,24.721550E,100,26.5,159
5489,T,260803,055551,60.753780N,24.721598E,100,26.1,159
5490,T,260803,055552,60.753719N,24.721645E,100,25.7,159
5491,T,260803,055553,60.753658N,24.721691E,99,25.3,159
5492,T,260803,055554,60.753601N,24.721737E,99,25.2,159
5493,T,260803,055555,60.753540N,24.721781E,99,24.8,159
5494,T,260803,055556,60.753483N,24.721825E,99,24.7,159
5495,T,260803,055557,60.753429N,24.721869E,99,24.4,158
5496,T,260803,055558,60.753372N,24.721909E,99,24.4,158
5497,T,260803,055559,60.753315N,24.721956E,99,24.4,158
5498,T,260803,055600,60.753262N,24.722000E,99,24.0,158
5499,T,260803,055601,60.753204N,24.722042E,99,23.9,158
5500,T,260803,055602,60.753147N,24.722084E,99,23.3,158
5501,T,260803,055603,60.753094N,24.722124E,99,23.0,159
5502,T,260803,055604,60.753040N,24.722164E,99,22.5,158
5503,T,260803,055605,60.752991N,24.722206E,99,22.2,158
5504,T,260803,055606,60.752941N,24.722244E,99,22.2,159
5505,T,260803,055607,60.752888N,24.722284E,99,22.2,159
5506,T,260803,055608,60.752834N,24.722328E,99,22.2,159
5507,T,260803,055609,60.752785N,24.722370E,99,21.9,159
5508,T,260803,055610,60.752735N,24.722412E,99,21.8,158
5509,T,260803,055611,60.752686N,24.722454E,99,21.8,158
5510,T,260803,055612,60.752632N,24.722492E,99,21.8,159
5511,T,260803,055613,60.752583N,24.722536E,99,21.8,157
5512,T,260803,055614,60.752533N,24.722578E,99,21.9,157
5513,T,260803,055615,60.752480N,24.722616E,99,21.9,158
5514,T,260803,055616,60.752434N,24.722656E,99,21.9,158
5515,T,260803,055617,60.752380N,24.722694E,99,21.5,159
5516,T,260803,055618,60.752331N,24.722733E,99,21.5,159
5517,T,260803,055619,60.752281N,24.722775E,99,21.1,158
5518,T,260803,055620,60.752235N,24.722815E,99,20.7,158
5519,T,260803,055621,60.752190N,24.722853E,99,20.7,158
5520,T,260803,055622,60.752140N,24.722889E,99,20.1,158
5521,T,260803,055623,60.752090N,24.722923E,100,20.0,159
5522,T,260803,055624,60.752048N,24.722961E,100,19.7,159
5523,T,260803,055625,60.751999N,24.723000E,100,19.6,158
5524,T,260803,055626,60.751957N,24.723036E,100,19.5,158
5525,T,260803,055627,60.751911N,24.723074E,100,19.9,158
5526,T,260803,055628,60.751865N,24.723112E,100,20.3,158
5527,T,260803,055629,60.751820N,24.723150E,100,20.0,158
5528,T,260803,055630,60.751778N,24.723186E,100,20.0,158
5529,T,260803,055631,60.751728N,24.723225E,100,19.9,158
5530,T,260803,055632,60.751682N,24.723263E,100,19.8,158
5531,T,260803,055633,60.751640N,24.723295E,101,19.3,159
5532,T,260803,055634,60.751591N,24.723331E,101,19.2,159
5533,T,260803,055635,60.751549N,24.723364E,101,18.7,159
5534,T,260803,055636,60.751503N,24.723398E,101,18.7,159
5535,T,260803,055637,60.751461N,24.723433E,101,18.7,158
5536,T,260803,055638,60.751415N,24.723467E,101,18.6,158
5537,T,260803,055639,60.751373N,24.723499E,101,18.7,158
5538,T,260803,055640,60.751328N,24.723536E,101,18.7,158
5539,T,260803,055641,60.751289N,24.723572E,101,18.7,158
5540,T,260803,055642,60.751244N,24.723606E,101,18.7,158
5541,T,260803,055643,60.751202N,24.723642E,102,18.7,158
5542,T,260803,055644,60.751160N,24.723677E,102,18.7,158
5543,T,260803,055645,60.751118N,24.723709E,102,18.7,159
5544,T,260803,055646,60.751072N,24.723742E,102,18.8,160
5545,T,260803,055647,60.751026N,24.723776E,102,18.9,160
5546,T,260803,055648,60.750980N,24.723810E,102,18.9,159
5547,T,260803,055649,60.750938N,24.723848E,102,18.9,158
5548,T,260803,055650,60.750893N,24.723885E,102,19.0,158
5549,T,260803,055651,60.750847N,24.723919E,102,19.1,158
5550,T,260803,055652,60.750805N,24.723955E,103,19.4,158
5551,T,260803,055653,60.750759N,24.723991E,103,19.5,158
5552,T,260803,055654,60.750713N,24.724028E,103,19.6,158
5553,T,260803,055655,60.750668N,24.724064E,103,19.7,158
5554,T,260803,055656,60.750622N,24.724102E,103,19.7,158
5555,T,260803,055657,60.750572N,24.724138E,103,19.7,159
5556,T,260803,055658,60.750526N,24.724176E,103,19.7,158
5557,T,260803,055659,60.750481N,24.724213E,103,19.8,158
5558,T,260803,055700,60.750435N,24.724249E,104,19.9,159
5559,T,260803,055701,60.750389N,24.724283E,104,20.2,159
5560,T,260803,055702,60.750340N,24.724321E,104,20.3,159
5561,T,260803,055703,60.750294N,24.724361E,104,20.3,158
5562,T,260803,055704,60.750244N,24.724401E,104,20.3,158
5563,T,260803,055705,60.750195N,24.724440E,104,20.4,158
5564,T,260803,055706,60.750149N,24.724476E,105,20.4,158
5565,T,260803,055707,60.750099N,24.724516E,105,20.4,158
5566,T,260803,055708,60.750053N,24.724554E,105,20.5,158
5567,T,260803,055709,60.750004N,24.724590E,105,20.5,158
5568,T,260803,055710,60.749962N,24.724628E,105,20.5,158
5569,T,260803,055711,60.749912N,24.724665E,105,20.5,158
5570,T,260803,055712,60.749859N,24.724701E,105,20.4,159
5571,T,260803,055713,60.749813N,24.724735E,105,20.3,159
5572,T,260803,055714,60.749763N,24.724773E,105,20.2,159
5573,T,260803,055715,60.749722N,24.724810E,105,20.1,158
5574,T,260803,055716,60.749672N,24.724848E,105,20.1,158
5575,T,260803,055717,60.749622N,24.724884E,105,20.0,158
5576,T,260803,055718,60.749580N,24.724922E,105,20.0,158
5577,T,260803,055719,60.749531N,24.724960E,105,19.9,158
5578,T,260803,055720,60.749489N,24.724997E,105,19.5,159
5579,T,260803,055721,60.749439N,24.725033E,105,19.9,159
5580,T,260803,055722,60.749397N,24.725067E,105,19.7,159
5581,T,260803,055723,60.749352N,24.725103E,105,19.6,159
5582,T,260803,055724,60.749306N,24.725142E,105,19.6,158
5583,T,260803,055725,60.749260N,24.725178E,106,19.5,158
5584,T,260803,055726,60.749210N,24.725216E,106,19.5,158
5585,T,260803,055727,60.749168N,24.725252E,106,19.5,158
5586,T,260803,055728,60.749119N,24.725290E,106,19.6,158
5587,T,260803,055729,60.749077N,24.725327E,106,19.6,158
5588,T,260803,055730,60.749027N,24.725363E,106,19.6,158
5589,T,260803,055731,60.748981N,24.725395E,106,19.7,159
5590,T,260803,055732,60.748936N,24.725430E,106,19.7,159
5591,T,260803,055733,60.748886N,24.725466E,106,19.2,158
5592,T,260803,055734,60.748848N,24.725504E,106,19.1,158
5593,T,260803,055735,60.748798N,24.725542E,106,18.7,157
5594,T,260803,055736,60.748760N,24.725578E,106,18.7,157
5595,T,260803,055737,60.748714N,24.725613E,107,18.5,158
5596,T,260803,055738,60.748672N,24.725643E,107,18.4,158
5597,T,260803,055739,60.748627N,24.725679E,107,18.1,158
5598,T,260803,055740,60.748589N,24.725714E,107,18.0,158
5599,T,260803,055741,60.748543N,24.725744E,107,18.0,158
5600,T,260803,055742,60.748505N,24.725780E,107,17.9,158
5601,T,260803,055743,60.748459N,24.725815E,107,18.0,158
5602,T,260803,055744,60.748421N,24.725845E,107,18.4,159
5603,T,260803,055745,60.748375N,24.725882E,107,18.5,158
5604,T,260803,055746,60.748333N,24.725916E,107,18.5,159
5605,T,260803,055747,60.748287N,24.725950E,107,18.5,158
5606,T,260803,055748,60.748249N,24.725985E,107,18.5,158
5607,T,260803,055749,60.748203N,24.726015E,107,18.1,158
5608,T,260803,055750,60.748165N,24.726049E,107,18.0,158
5609,T,260803,055751,60.748119N,24.726080E,108,18.0,159
5610,T,260803,055752,60.748081N,24.726112E,108,18.0,159
5611,T,260803,055753,60.748035N,24.726145E,108,18.1,159
5612,T,260803,055754,60.747997N,24.726175E,108,18.1,159
5613,T,260803,055755,60.747952N,24.726212E,108,18.0,158
5614,T,260803,055756,60.747913N,24.726244E,108,18.0,158
5615,T,260803,055757,60.747871N,24.726278E,108,17.9,158
5616,T,260803,055758,60.747829N,24.726315E,108,17.9,158
5617,T,260803,055759,60.747787N,24.726345E,108,17.9,158
5618,T,260803,055800,60.747746N,24.726381E,109,18.3,158
5619,T,260803,055801,60.747704N,24.726416E,109,18.3,158
5620,T,260803,055802,60.747662N,24.726450E,109,18.2,158
5621,T,260803,055803,60.747620N,24.726484E,109,18.1,158
5622,T,260803,055804,60.747578N,24.726522E,109,18.0,158
5623,T,260803,055805,60.747536N,24.726551E,109,17.9,159
5624,T,260803,055806,60.747494N,24.726583E,109,17.8,159
5625,T,260803,055807,60.747448N,24.726616E,110,17.8,159
5626,T,260803,055808,60.747410N,24.726646E,110,17.7,159
5627,T,260803,055809,60.747368N,24.726679E,110,17.7,159
5628,T,260803,055810,60.747330N,24.726711E,110,17.7,159
5629,T,260803,055811,60.747284N,24.726744E,110,17.8,158
5630,T,260803,055812,60.747246N,24.726778E,110,17.8,158
5631,T,260803,055813,60.747204N,24.726810E,110,17.9,158
5632,T,260803,055814,60.747162N,24.726843E,110,17.9,158
5633,T,260803,055815,60.747120N,24.726873E,111,18.0,159
5634,T,260803,055816,60.747074N,24.726906E,111,18.0,159
5635,T,260803,055817,60.747036N,24.726942E,111,18.0,158
5636,T,260803,055818,60.746998N,24.726978E,111,18.1,157
5637,T,260803,055819,60.746952N,24.727016E,111,18.2,158
5638,T,260803,055820,60.746910N,24.727049E,111,18.2,158
5639,T,260803,055821,60.746868N,24.727081E,111,18.3,159
5640,T,260803,055822,60.746826N,24.727118E,111,18.7,159
5641,T,260803,055823,60.746784N,24.727154E,111,19.0,158
5642,T,260803,055824,60.746738N,24.727186E,111,18.9,159
5643,T,260803,055825,60.746696N,24.727222E,111,18.9,159
5644,T,260803,055826,60.746651N,24.727257E,111,18.8,159
5645,T,260803,055827,60.746609N,24.727295E,111,18.9,158
5646,T,260803,055828,60.746563N,24.727329E,111,19.0,158
5647,T,260803,055829,60.746521N,24.727364E,111,19.3,158
5648,T,260803,055830,60.746475N,24.727398E,111,19.3,159
5649,T,260803,055831,60.746433N,24.727434E,111,19.3,160
5650,T,260803,055832,60.746387N,24.727470E,111,19.3,160
5651,T,260803,055833,60.746342N,24.727509E,111,19.3,159
5652,T,260803,055834,60.746296N,24.727547E,110,19.2,158
5653,T,260803,055835,60.746250N,24.727585E,110,19.3,158
5654,T,260803,055836,60.746208N,24.727625E,110,19.4,158
5655,T,260803,055837,60.746159N,24.727659E,110,19.8,158
5656,T,260803,055838,60.746113N,24.727699E,110,19.9,158
5657,T,260803,055839,60.746067N,24.727736E,110,20.2,158
5658,T,260803,055840,60.746021N,24.727776E,110,20.4,158
5659,T,260803,055841,60.745972N,24.727816E,110,20.5,158
5660,T,260803,055842,60.745926N,24.727854E,110,20.6,158
5661,T,260803,055843,60.745876N,24.727892E,110,21.0,158
5662,T,260803,055844,60.745823N,24.727930E,110,21.0,158
5663,T,260803,055845,60.745777N,24.727968E,110,21.4,158
5664,T,260803,055846,60.745724N,24.728006E,110,21.4,159
5665,T,260803,055847,60.745670N,24.728045E,110,21.5,159
5666,T,260803,055848,60.745625N,24.728086E,110,21.6,158
5667,T,260803,055849,60.745571N,24.728127E,110,21.9,158
5668,T,260803,055850,60.745522N,24.728167E,110,21.9,159
5669,T,260803,055851,60.745468N,24.728205E,110,22.2,159
5670,T,260803,055852,60.745415N,24.728245E,110,22.7,159
5671,T,260803,055853,60.745361N,24.728287E,110,22.6,158
5672,T,260803,055854,60.745308N,24.728331E,110,22.6,158
5673,T,260803,055855,60.745255N,24.728373E,110,22.7,158
5674,T,260803,055856,60.745201N,24.728416E,110,22.8,157
5675,T,260803,055857,60.745148N,24.728460E,110,22.9,157
5676,T,260803,055858,60.745094N,24.728504E,110,23.0,157
5677,T,260803,055859,60.745041N,24.728550E,110,23.1,157
5678,T,260803,055900,60.744987N,24.728592E,110,23.1,158
5679,T,260803,055901,60.744930N,24.728636E,110,23.2,158
5680,T,260803,055902,60.744881N,24.728678E,110,23.2,159
5681,T,260803,055903,60.744831N,24.728722E,109,23.2,159
5682,T,260803,055904,60.744781N,24.728764E,109,23.2,159
5683,T,260803,055905,60.744728N,24.728807E,109,23.2,158
5684,T,260803,055906,60.744671N,24.728849E,109,23.1,158
5685,T,260803,055907,60.744621N,24.728891E,109,23.1,158
5686,T,260803,055908,60.744564N,24.728931E,109,23.2,158
5687,T,260803,055909,60.744507N,24.728973E,109,23.2,158
5688,T,260803,055910,60.744453N,24.729015E,108,23.5,158
5689,T,260803,055911,60.744396N,24.729059E,108,23.9,158
5690,T,260803,055912,60.744339N,24.729107E,108,24.0,158
5691,T,260803,055913,60.744286N,24.729155E,108,24.0,158
5692,T,260803,055914,60.744228N,24.729200E,108,24.0,158
5693,T,260803,055915,60.744167N,24.729246E,108,24.0,159
5694,T,260803,055916,60.744110N,24.729290E,108,24.1,159
5695,T,260803,055917,60.744057N,24.729340E,108,24.1,158
5696,T,260803,055918,60.743999N,24.729385E,108,24.2,158
5697,T,260803,055919,60.743942N,24.729433E,108,24.5,158
5698,T,260803,055920,60.743885N,24.729479E,108,24.6,158
5699,T,260803,055921,60.743828N,24.729525E,108,25.2,159
5700,T,260803,055922,60.743767N,24.729570E,108,25.9,159
5701,T,260803,055923,60.743710N,24.729620E,108,25.8,158
5702,T,260803,055924,60.743649N,24.729666E,108,25.7,158
5703,T,260803,055925,60.743587N,24.729713E,108,25.2,158
5704,T,260803,055926,60.743526N,24.729761E,107,25.2,158
5705,T,260803,055927,60.743473N,24.729807E,107,25.2,158
5706,T,260803,055928,60.743412N,24.729853E,107,25.0,159
5707,T,260803,055929,60.743351N,24.729897E,106,25.1,159
5708,T,260803,055930,60.743298N,24.729944E,106,25.0,159
5709,T,260803,055931,60.743237N,24.729990E,106,25.5,158
5710,T,260803,055932,60.743176N,24.730036E,106,26.2,159
5711,T,260803,055933,60.743111N,24.730080E,105,26.6,159
5712,T,260803,055934,60.743053N,24.730124E,105,26.9,160
5713,T,260803,055935,60.742989N,24.730164E,105,26.9,161
5714,T,260803,055936,60.742920N,24.730206E,105,27.3,162
5715,T,260803,055937,60.742855N,24.730247E,104,27.4,163
5716,T,260803,055938,60.742790N,24.730291E,104,27.4,162
5717,T,260803,055939,60.742725N,24.730331E,104,27.4,163
5718,T,260803,055940,60.742661N,24.730373E,103,27.5,163
5719,T,260803,055941,60.742592N,24.730412E,103,28.0,164
5720,T,260803,055942,60.742523N,24.730452E,103,27.9,164
5721,T,260803,055943,60.742458N,24.730492E,102,27.6,164
5722,T,260803,055944,60.742393N,24.730532E,102,27.6,164
5723,T,260803,055945,60.742325N,24.730570E,102,27.5,164
5724,T,260803,055946,60.742260N,24.730604E,101,27.6,165
5725,T,260803,055947,60.742191N,24.730642E,101,27.5,165
5726,T,260803,055948,60.742123N,24.730677E,101,27.6,165
5727,T,260803,055949,60.742058N,24.730713E,100,27.6,166
5728,T,260803,055950,60.741989N,24.730743E,100,27.9,166
5729,T,260803,055951,60.741920N,24.730776E,100,28.0,167
5730,T,260803,055952,60.741848N,24.730806E,100,28.1,168
5731,T,260803,055953,60.741779N,24.730837E,99,28.2,169
5732,T,260803,055954,60.741711N,24.730865E,99,28.5,168
5733,T,260803,055955,60.741638N,24.730896E,99,28.4,169
5734,T,260803,055956,60.741570N,24.730925E,99,28.4,169
5735,T,260803,055957,60.741501N,24.730947E,99,28.3,169
5736,T,260803,055958,60.741428N,24.730972E,98,28.2,170
5737,T,260803,055959,60.741356N,24.730995E,98,28.1,170
5738,T,260803,060000,60.741287N,24.731018E,98,28.0,171
5739,T,260803,060001,60.741215N,24.731037E,98,27.6,171
5740,T,260803,060002,60.741150N,24.731060E,98,27.5,171
5741,T,260803,060003,60.741081N,24.731079E,98,27.8,172
5742,T,260803,060004,60.741009N,24.731098E,98,27.9,172
5743,T,260803,060005,60.740936N,24.731115E,98,27.9,172
5744,T,260803,060006,60.740868N,24.731134E,97,27.8,173
5745,T,260803,060007,60.740795N,24.731150E,97,27.7,173
5746,T,260803,060008,60.740726N,24.731171E,97,27.5,173
5747,T,260803,060009,60.740658N,24.731188E,97,27.2,172
5748,T,260803,060010,60.740589N,24.731207E,97,27.2,173
5749,T,260803,060011,60.740520N,24.731224E,97,27.1,173
5750,T,260803,060012,60.740452N,24.731239E,97,26.8,173
5751,T,260803,060013,60.740387N,24.731256E,97,26.5,173
5752,T,260803,060014,60.740322N,24.731270E,96,26.4,174
5753,T,260803,060015,60.740261N,24.731283E,96,26.3,173
5754,T,260803,060016,60.740192N,24.731300E,96,26.3,173
5755,T,260803,060017,60.740128N,24.731312E,96,26.2,173
5756,T,260803,060018,60.740063N,24.731327E,96,26.2,173
5757,T,260803,060019,60.740002N,24.731344E,95,25.9,172
5758,T,260803,060020,60.739937N,24.731361E,95,26.0,172
5759,T,260803,060021,60.739872N,24.731380E,95,26.1,172
5760,T,260803,060022,60.739807N,24.731398E,95,26.0,172
5761,T,260803,060023,60.739746N,24.731417E,95,25.9,171
5762,T,260803,060024,60.739685N,24.731434E,94,25.4,171
5763,T,260803,060025,60.739620N,24.731453E,94,25.4,171
5764,T,260803,060026,60.739559N,24.731468E,94,24.9,171
5765,T,260803,060027,60.739498N,24.731483E,93,24.4,171
5766,T,260803,060028,60.739437N,24.731503E,93,24.3,172
5767,T,260803,060029,60.739372N,24.731522E,94,24.2,172
5768,T,260803,060030,60.739307N,24.731544E,95,24.2,171
5769,T,260803,060031,60.739246N,24.731562E,95,24.1,171
5770,T,260803,060032,60.739189N,24.731579E,95,23.8,171
5771,T,260803,060033,60.739128N,24.731596E,95,23.8,170
5772,T,260803,060034,60.739071N,24.731615E,95,23.8,170
5773,T,260803,060035,60.739014N,24.731636E,95,23.4,170
5774,T,260803,060036,60.738960N,24.731651E,95,23.2,169
5775,T,260803,060037,60.738899N,24.731670E,95,23.1,169
5776,T,260803,060038,60.738850N,24.731686E,95,22.8,169
5777,T,260803,060039,60.738792N,24.731705E,95,22.8,169
5778,T,260803,060040,60.738735N,24.731724E,95,22.8,169
5779,T,260803,060041,60.738682N,24.731745E,95,22.9,169
5780,T,260803,060042,60.738625N,24.731766E,95,22.9,168
5781,T,260803,060043,60.738567N,24.731791E,95,22.8,168
5782,T,260803,060044,60.738518N,24.731813E,95,23.2,168
5783,T,260803,060045,60.738461N,24.731836E,95,23.2,168
5784,T,260803,060046,60.738400N,24.731861E,95,23.3,167
5785,T,260803,060047,60.738342N,24.731888E,95,23.4,167
5786,T,260803,060048,60.738289N,24.731916E,95,23.3,166
5787,T,260803,060049,60.738232N,24.731941E,95,22.8,166
5788,T,260803,060050,60.738178N,24.731968E,95,22.7,166
5789,T,260803,060051,60.738125N,24.731998E,94,22.7,165
5790,T,260803,060052,60.738068N,24.732025E,94,22.6,165
5791,T,260803,060053,60.738010N,24.732054E,94,22.3,165
5792,T,260803,060054,60.737961N,24.732080E,95,22.2,165
5793,T,260803,060055,60.737904N,24.732105E,95,22.0,165
5794,T,260803,060056,60.737850N,24.732134E,95,21.7,165
5795,T,260803,060057,60.737801N,24.732162E,95,21.7,165
5796,T,260803,060058,60.737747N,24.732189E,95,21.0,165
5797,T,260803,060059,60.737698N,24.732216E,95,20.6,165
5798,T,260803,060100,60.737644N,24.732244E,95,20.6,164
5799,T,260803,060101,60.737591N,24.732271E,95,21.0,164
5800,T,260803,060102,60.737545N,24.732300E,95,21.0,164
5801,T,260803,060103,60.737492N,24.732330E,95,21.0,163
5802,T,260803,060104,60.737438N,24.732361E,95,21.0,163
5803,T,260803,060105,60.737392N,24.732391E,95,20.9,162
5804,T,260803,060106,60.737339N,24.732424E,95,20.9,161
5805,T,260803,060107,60.737293N,24.732450E,95,20.9,161
5806,T,260803,060108,60.737240N,24.732475E,95,21.2,168
5807,T,260803,060109,60.737190N,24.732483E,95,21.5,182
5808,T,260803,060110,60.737141N,24.732464E,95,21.4,195
5809,T,260803,060111,60.737087N,24.732431E,95,21.4,199
5810,T,260803,060112,60.737038N,24.732401E,95,21.4,199
5811,T,260803,060113,60.736984N,24.732389E,95,21.5,197
5812,T,260803,060114,60.736927N,24.732405E,95,21.9,194
5813,T,260803,060115,60.736881N,24.732447E,95,22.2,190
5814,T,260803,060116,60.736832N,24.732506E,95,22.4,185
5815,T,260803,060117,60.736790N,24.732582E,95,22.8,181
5816,T,260803,060118,60.736744N,24.732656E,95,22.9,177
5817,T,260803,060119,60.736694N,24.732723E,95,23.0,173
5818,T,260803,060120,60.736649N,24.732792E,95,23.1,170
5819,T,260803,060121,60.736599N,24.732855E,95,23.1,167
5820,T,260803,060122,60.736549N,24.732908E,95,23.2,165
5821,T,260803,060123,60.736492N,24.732956E,95,23.3,164
5822,T,260803,060124,60.736439N,24.732996E,95,23.4,162
5823,T,260803,060125,60.736385N,24.733032E,95,23.5,161
5824,T,260803,060126,60.736328N,24.733068E,95,23.6,161
5825,T,260803,060127,60.736267N,24.733105E,95,24.0,162
5826,T,260803,060128,60.736214N,24.733137E,95,24.1,162
5827,T,260803,060129,60.736153N,24.733173E,95,24.1,163
5828,T,260803,060130,60.736095N,24.733204E,95,24.1,164
5829,T,260803,060131,60.736034N,24.733231E,95,24.2,166
5830,T,260803,060132,60.735981N,24.733257E,95,24.3,167
5831,T,260803,060133,60.735920N,24.733286E,95,24.3,167
5832,T,260803,060134,60.735859N,24.733313E,95,24.3,168
5833,T,260803,060135,60.735802N,24.733335E,95,24.2,168
5834,T,260803,060136,60.735741N,24.733360E,95,24.2,168
5835,T,260803,060137,60.735680N,24.733383E,95,24.1,168
5836,T,260803,060138,60.735622N,24.733408E,95,24.1,169
5837,T,260803,060139,60.735565N,24.733431E,95,24.0,169
5838,T,260803,060140,60.735504N,24.733448E,95,24.0,170
5839,T,260803,060141,60.735439N,24.733465E,95,24.4,170
5840,T,260803,060142,60.735378N,24.733486E,95,24.7,171
5841,T,260803,060143,60.735321N,24.733505E,95,25.0,171
5842,T,260803,060144,60.735260N,24.733528E,95,25.1,170
5843,T,260803,060145,60.735195N,24.733553E,95,25.2,170
5844,T,260803,060146,60.735130N,24.733572E,95,25.2,170
5845,T,260803,060147,60.735073N,24.733597E,95,25.3,170
5846,T,260803,060148,60.735008N,24.733618E,95,25.4,170
5847,T,260803,060149,60.734947N,24.733643E,95,25.7,170
5848,T,260803,060150,60.734882N,24.733664E,94,25.8,169
5849,T,260803,060151,60.734821N,24.733688E,94,26.2,169
5850,T,260803,060152,60.734756N,24.733715E,94,26.1,168
5851,T,260803,060153,60.734692N,24.733740E,94,26.1,168
5852,T,260803,060154,60.734627N,24.733767E,94,26.1,168
5853,T,260803,060155,60.734566N,24.733788E,94,26.5,168
5854,T,260803,060156,60.734501N,24.733814E,93,26.0,168
5855,T,260803,060157,60.734436N,24.733841E,93,26.0,168
5856,T,260803,060158,60.734371N,24.733866E,93,25.6,168
5857,T,260803,060159,60.734310N,24.733892E,93,25.4,167
5858,T,260803,060200,60.734249N,24.733915E,93,25.1,168
5859,T,260803,060201,60.734188N,24.733940E,93,25.4,168
5860,T,260803,060202,60.734123N,24.733965E,93,25.5,169
5861,T,260803,060203,60.734058N,24.733988E,92,25.6,169
5862,T,260803,060204,60.734001N,24.734016E,92,25.6,169
5863,T,260803,060205,60.733936N,24.734043E,92,25.6,169
5864,T,260803,060206,60.733871N,24.734068E,92,25.7,168
5865,T,260803,060207,60.733807N,24.734095E,92,25.7,169
5866,T,260803,060208,60.733746N,24.734116E,92,25.8,169
5867,T,260803,060209,60.733681N,24.734142E,92,26.1,169
5868,T,260803,060210,60.733616N,24.734163E,92,26.2,169
5869,T,260803,060211,60.733551N,24.734184E,91,26.2,169
5870,T,260803,060212,60.733482N,24.734207E,91,26.3,170
5871,T,260803,060213,60.733421N,24.734232E,91,26.3,170
5872,T,260803,060214,60.733353N,24.734255E,91,26.3,170
5873,T,260803,060215,60.733288N,24.734276E,91,26.4,170
5874,T,260803,060216,60.733219N,24.734301E,91,26.4,170
5875,T,260803,060217,60.733154N,24.734322E,91,26.4,170
5876,T,260803,060218,60.733093N,24.734344E,91,26.4,170
5877,T,260803,060219,60.733028N,24.734367E,91,26.4,170
5878,T,260803,060220,60.732964N,24.734392E,91,26.3,170
5879,T,260803,060221,60.732899N,24.734415E,91,26.2,170
5880,T,260803,060222,60.732838N,24.734436E,91,25.9,170
5881,T,260803,060223,60.732769N,24.734459E,91,25.8,170
5882,T,260803,060224,60.732708N,24.734478E,90,25.7,170
5883,T,260803,060225,60.732643N,24.734501E,90,25.6,170
5884,T,260803,060226,60.732578N,24.734522E,90,25.5,170
5885,T,260803,060227,60.732521N,24.734541E,90,25.5,170
5886,T,260803,060228,60.732456N,24.734556E,90,25.4,171
5887,T,260803,060229,60.732391N,24.734575E,90,25.4,171
5888,T,260803,060230,60.732330N,24.734596E,90,25.4,171
5889,T,260803,060231,60.732269N,24.734615E,90,25.4,170
5890,T,260803,060232,60.732208N,24.734638E,90,25.4,170
5891,T,260803,060233,60.732143N,24.734655E,90,25.4,171
5892,T,260803,060234,60.732079N,24.734676E,90,25.3,171
5893,T,260803,060235,60.732021N,24.734695E,90,25.3,171
5894,T,260803,060236,60.731960N,24.734716E,90,25.2,171
5895,T,260803,060237,60.731895N,24.734735E,90,25.1,171
5896,T,260803,060238,60.731834N,24.734756E,90,25.0,171
5897,T,260803,060239,60.731773N,24.734772E,90,25.0,171
5898,T,260803,060240,60.731712N,24.734785E,90,25.0,172
5899,T,260803,060241,60.731651N,24.734802E,90,24.9,171
5900,T,260803,060242,60.731590N,24.734818E,90,24.8,171
5901,T,260803,060243,60.731533N,24.734837E,90,24.4,172
5902,T,260803,060244,60.731472N,24.734852E,90,24.0,172
5903,T,260803,060245,60.731411N,24.734863E,90,24.0,172
5904,T,260803,060246,60.731354N,24.734879E,90,23.6,173
5905,T,260803,060247,60.731297N,24.734894E,90,23.5,173
5906,T,260803,060248,60.731239N,24.734909E,90,23.4,172
5907,T,260803,060249,60.731178N,24.734926E,90,23.4,172
5908,T,260803,060250,60.731121N,24.734943E,90,23.3,172
5909,T,260803,060251,60.731064N,24.734959E,90,23.3,171
5910,T,260803,060252,60.731007N,24.734974E,90,23.2,172
5911,T,260803,060253,60.730953N,24.734983E,90,22.8,173
5912,T,260803,060254,60.730892N,24.735001E,90,22.8,173
5913,T,260803,060255,60.730835N,24.735014E,90,22.7,173
5914,T,260803,060256,60.730782N,24.735027E,90,22.6,173
5915,T,260803,060257,60.730724N,24.735044E,91,22.2,172
5916,T,260803,060258,60.730671N,24.735056E,91,22.2,173
5917,T,260803,060259,60.730618N,24.735069E,91,21.8,173
5918,T,260803,060300,60.730564N,24.735085E,91,21.4,173
5919,T,260803,060301,60.730511N,24.735096E,91,20.9,172
5920,T,260803,060302,60.730461N,24.735109E,91,20.3,173
5921,T,260803,060303,60.730408N,24.735123E,91,20.0,173
5922,T,260803,060304,60.730358N,24.735134E,91,19.8,173
5923,T,260803,060305,60.730312N,24.735144E,91,19.5,173
5924,T,260803,060306,60.730263N,24.735155E,91,19.6,173
5925,T,260803,060307,60.730217N,24.735165E,91,19.7,173
5926,T,260803,060308,60.730167N,24.735176E,91,19.8,174
5927,T,260803,060309,60.730118N,24.735184E,92,20.1,173
5928,T,260803,060310,60.730068N,24.735193E,92,20.1,174
5929,T,260803,060311,60.730019N,24.735201E,92,20.1,174
5930,T,260803,060312,60.729969N,24.735212E,92,20.1,174
5931,T,260803,060313,60.729919N,24.735224E,92,20.0,174
5932,T,260803,060314,60.729874N,24.735235E,92,19.7,173
5933,T,260803,060315,60.729824N,24.735245E,92,19.8,173
5934,T,260803,060316,60.729774N,24.735256E,92,19.7,174
5935,T,260803,060317,60.729729N,24.735262E,92,19.6,175
5936,T,260803,060318,60.729675N,24.735270E,92,19.6,176
5937,T,260803,060319,60.729630N,24.735283E,92,20.2,175
5938,T,260803,060320,60.729576N,24.735289E,92,19.9,176
5939,T,260803,060321,60.729527N,24.735296E,92,19.8,175
5940,T,260803,060322,60.729481N,24.735304E,92,19.8,175
5941,T,260803,060323,60.729431N,24.735304E,92,19.4,176
5942,T,260803,060324,60.729382N,24.735312E,92,19.4,176
5943,T,260803,060325,60.729332N,24.735317E,92,19.3,176
5944,T,260803,060326,60.729282N,24.735332E,92,19.7,176
5945,T,260803,060327,60.729237N,24.735340E,91,19.6,176
5946,T,260803,060328,60.729187N,24.735346E,91,19.5,176
5947,T,260803,060329,60.729137N,24.735353E,91,19.6,175
5948,T,260803,060330,60.729088N,24.735359E,91,19.2,176
5949,T,260803,060331,60.729038N,24.735367E,91,19.3,177
5950,T,260803,060332,60.728989N,24.735378E,90,19.9,176
5951,T,260803,060333,60.728939N,24.735390E,90,19.3,175
5952,T,260803,060334,60.728889N,24.735397E,90,19.3,176
5953,T,260803,060335,60.728840N,24.735407E,90,19.7,175
5954,T,260803,060336,60.728790N,24.735420E,90,19.9,175
5955,T,260803,060337,60.728741N,24.735434E,90,20.2,175
5956,T,260803,060338,60.728687N,24.735443E,91,20.3,175
5957,T,260803,060339,60.728638N,24.735455E,91,20.4,175
5958,T,260803,060340,60.728584N,24.735462E,91,20.0,175
5959,T,260803,060341,60.728535N,24.735468E,91,19.8,176
5960,T,260803,060342,60.728485N,24.735476E,91,19.7,175
5961,T,260803,060343,60.728436N,24.735483E,91,19.8,176
5962,T,260803,060344,60.728378N,24.735497E,91,20.4,176
5963,T,260803,060345,60.728329N,24.735506E,91,20.7,175
5964,T,260803,060346,60.728279N,24.735516E,91,20.8,175
5965,T,260803,060347,60.728226N,24.735525E,91,20.9,175
5966,T,260803,060348,60.728172N,24.735537E,91,21.0,175
5967,T,260803,060349,60.728119N,24.735544E,91,21.1,175
5968,T,260803,060350,60.728065N,24.735556E,91,21.1,175
5969,T,260803,060351,60.728012N,24.735561E,91,21.2,175
5970,T,260803,060352,60.727959N,24.735563E,91,21.6,175
5971,T,260803,060353,60.727909N,24.735573E,91,21.7,175
5972,T,260803,060354,60.727852N,24.735579E,91,21.8,176
5973,T,260803,060355,60.727795N,24.735584E,91,21.9,175
5974,T,260803,060356,60.727741N,24.735596E,91,22.2,175
5975,T,260803,060357,60.727688N,24.735603E,91,22.3,175
5976,T,260803,060358,60.727631N,24.735607E,91,22.7,176
5977,T,260803,060359,60.727577N,24.735617E,91,22.7,176
5978,T,260803,060400,60.727520N,24.735626E,90,23.2,175
5979,T,260803,060401,60.727459N,24.735636E,90,23.3,175
5980,T,260803,060402,60.727406N,24.735643E,90,23.4,175
5981,T,260803,060403,60.727341N,24.735653E,90,23.9,176
5982,T,260803,060404,60.727283N,24.735661E,90,24.0,176
5983,T,260803,060405,60.727222N,24.735666E,90,24.5,176
5984,T,260803,060406,60.727161N,24.735676E,90,25.0,175
5985,T,260803,060407,60.727100N,24.735683E,90,25.0,175
5986,T,260803,060408,60.727039N,24.735697E,89,25.1,175
5987,T,260803,060409,60.726974N,24.735704E,89,25.2,175
5988,T,260803,060410,60.726913N,24.735712E,89,25.4,175
5989,T,260803,060411,60.726849N,24.735720E,89,25.8,176
5990,T,260803,060412,60.726780N,24.735725E,89,25.8,176
5991,T,260803,060413,60.726715N,24.735729E,89,25.9,177
5992,T,260803,060414,60.726650N,24.735737E,89,26.2,177
5993,T,260803,060415,60.726589N,24.735744E,89,26.2,177
5994,T,260803,060416,60.726524N,24.735752E,89,26.2,177
5995,T,260803,060417,60.726460N,24.735760E,88,26.3,177
5996,T,260803,060418,60.726391N,24.735769E,88,26.2,177
5997,T,260803,060419,60.726330N,24.735781E,88,25.8,176
5998,T,260803,060420,60.726265N,24.735790E,88,25.2,176
5999,T,260803,060421,60.726200N,24.735798E,88,24.8,176
6000,T,260803,060422,60.726139N,24.735806E,88,24.7,176
6001,T,260803,060423,60.726082N,24.735813E,88,24.3,176
6002,T,260803,060424,60.726021N,24.735821E,88,24.6,176
6003,T,260803,060425,60.725960N,24.735826E,88,24.7,176
6004,T,260803,060426,60.725895N,24.735834E,88,24.8,176
6005,T,260803,060427,60.725838N,24.735838E,88,24.8,176
6006,T,260803,060428,60.725777N,24.735844E,88,24.4,176
6007,T,260803,060429,60.725716N,24.735847E,88,24.0,177
6008,T,260803,060430,60.725655N,24.735855E,88,23.7,176
6009,T,260803,060431,60.725597N,24.735865E,88,23.8,176
6010,T,260803,060432,60.725536N,24.735876E,88,23.9,176
6011,T,260803,060433,60.725471N,24.735884E,88,24.4,176
6012,T,260803,060434,60.725410N,24.735893E,88,24.5,176
6013,T,260803,060435,60.725353N,24.735903E,88,24.6,176
6014,T,260803,060436,60.725288N,24.735912E,88,24.9,175
6015,T,260803,060437,60.725224N,24.735924E,88,24.9,174
6016,T,260803,060438,60.725159N,24.735935E,88,24.9,174
6017,T,260803,060439,60.725101N,24.735949E,88,25.0,174
6018,T,260803,060440,60.725037N,24.735956E,88,25.4,175
6019,T,260803,060441,60.724968N,24.735968E,88,25.5,175
6020,T,260803,060442,60.724903N,24.735983E,88,25.7,175
6021,T,260803,060443,60.724838N,24.735996E,88,25.7,174
6022,T,260803,060444,60.724773N,24.736008E,88,25.8,174
6023,T,260803,060445,60.724705N,24.736029E,88,25.8,173
6024,T,260803,060446,60.724640N,24.736042E,87,25.5,174
6025,T,260803,060447,60.724575N,24.736055E,87,25.1,174
6026,T,260803,060448,60.724510N,24.736073E,87,24.9,173
6027,T,260803,060449,60.724453N,24.736084E,87,24.8,173
6028,T,260803,060450,60.724392N,24.736097E,87,25.0,173
6029,T,260803,060451,60.724327N,24.736115E,87,25.2,172
6030,T,260803,060452,60.724262N,24.736132E,87,25.3,172
6031,T,260803,060453,60.724201N,24.736151E,87,25.4,172
6032,T,260803,060454,60.724136N,24.736166E,87,25.5,172
6033,T,260803,060455,60.724072N,24.736181E,87,25.6,172
6034,T,260803,060456,60.724007N,24.736200E,87,25.7,171
6035,T,260803,060457,60.723946N,24.736217E,87,25.7,172
6036,T,260803,060458,60.723881N,24.736237E,87,25.7,171
6037,T,260803,060459,60.723816N,24.736256E,87,25.7,171
6038,T,260803,060500,60.723751N,24.736277E,87,25.7,171
6039,T,260803,060501,60.723686N,24.736294E,87,25.6,171
6040,T,260803,060502,60.723629N,24.736313E,87,25.6,172
6041,T,260803,060503,60.723564N,24.736328E,87,25.5,172
6042,T,260803,060504,60.723499N,24.736345E,87,25.5,172
6043,T,260803,060505,60.723438N,24.736366E,87,25.5,172
6044,T,260803,060506,60.723377N,24.736383E,87,25.9,172
6045,T,260803,060507,60.723312N,24.736404E,87,26.0,172
6046,T,260803,060508,60.723244N,24.736422E,87,26.2,171
6047,T,260803,060509,60.723179N,24.736443E,87,26.3,171
6048,T,260803,060510,60.723118N,24.736464E,87,26.3,171
6049,T,260803,060511,60.723053N,24.736485E,86,26.2,171
6050,T,260803,060512,60.722988N,24.736500E,86,25.9,171
6051,T,260803,060513,60.722923N,24.736519E,87,25.5,171
6052,T,260803,060514,60.722858N,24.736536E,87,25.0,171
6053,T,260803,060515,60.722801N,24.736555E,87,24.5,171
6054,T,260803,060516,60.722740N,24.736574E,87,23.9,171
6055,T,260803,060517,60.722683N,24.736591E,87,23.3,170
6056,T,260803,060518,60.722630N,24.736607E,87,22.9,170
6057,T,260803,060519,60.722572N,24.736624E,87,22.4,170
6058,T,260803,060520,60.722515N,24.736643E,87,22.3,170
6059,T,260803,060521,60.722462N,24.736662E,88,22.2,170
6060,T,260803,060522,60.722408N,24.736679E,88,22.1,169
6061,T,260803,060523,60.722351N,24.736700E,88,21.8,169
6062,T,260803,060524,60.722301N,24.736715E,88,21.7,170
6063,T,260803,060525,60.722248N,24.736736E,88,21.3,170
6064,T,260803,060526,60.722195N,24.736753E,88,21.4,170
6065,T,260803,060527,60.722141N,24.736773E,88,21.3,171
6066,T,260803,060528,60.722088N,24.736786E,88,21.2,171
6067,T,260803,060529,60.722038N,24.736803E,88,20.8,171
6068,T,260803,060530,60.721985N,24.736820E,89,20.9,171
6069,T,260803,060531,60.721935N,24.736835E,89,20.8,171
6070,T,260803,060532,60.721882N,24.736855E,89,20.8,171
6071,T,260803,060533,60.721832N,24.736868E,89,20.6,171
6072,T,260803,060534,60.721779N,24.736883E,89,20.5,171
6073,T,260803,060535,60.721733N,24.736900E,89,20.0,171
6074,T,260803,060536,60.721680N,24.736914E,89,19.9,171
6075,T,260803,060537,60.721630N,24.736925E,89,19.8,171
6076,T,260803,060538,60.721584N,24.736940E,89,19.4,171
6077,T,260803,060539,60.721535N,24.736952E,89,19.5,171
6078,T,260803,060540,60.721489N,24.736963E,90,19.4,172
6079,T,260803,060541,60.721443N,24.736975E,89,19.1,172
6080,T,260803,060542,60.721397N,24.736986E,90,19.0,172
6081,T,260803,060543,60.721348N,24.737000E,90,18.9,172
6082,T,260803,060544,60.721298N,24.737013E,90,18.8,172
6083,T,260803,060545,60.721256N,24.737024E,90,18.9,173
6084,T,260803,060546,60.721207N,24.737036E,90,19.0,173
6085,T,260803,060547,60.721161N,24.737057E,90,19.4,173
6086,T,260803,060548,60.721111N,24.737066E,90,19.4,173
6087,T,260803,060549,60.721066N,24.737076E,90,19.9,173
6088,T,260803,060550,60.721016N,24.737085E,90,19.9,173
6089,T,260803,060551,60.720966N,24.737101E,90,20.2,173
6090,T,260803,060552,60.720917N,24.737112E,90,20.3,174
6091,T,260803,060553,60.720867N,24.737125E,91,20.3,173
6092,T,260803,060554,60.720818N,24.737141E,91,20.4,173
6093,T,260803,060555,60.720764N,24.737152E,91,20.5,172
6094,T,260803,060556,60.720711N,24.737164E,91,21.0,173
6095,T,260803,060557,60.720661N,24.737177E,91,20.9,173
6096,T,260803,060558,60.720608N,24.737186E,91,20.8,174
6097,T,260803,060559,60.720554N,24.737196E,91,20.8,174
6098,T,260803,060600,60.720505N,24.737204E,91,20.8,175
6099,T,260803,060601,60.720451N,24.737213E,91,20.8,174
6100,T,260803,060602,60.720402N,24.737225E,90,20.7,175
6101,T,260803,060603,60.720348N,24.737232E,90,20.7,175
6102,T,260803,060604,60.720295N,24.737242E,90,20.7,174
6103,T,260803,060605,60.720249N,24.737253E,90,20.7,174
6104,T,260803,060606,60.720192N,24.737265E,90,20.8,175
6105,T,260803,060607,60.720139N,24.737274E,90,20.8,175
6106,T,260803,060608,60.720089N,24.737282E,91,20.9,175
6107,T,260803,060609,60.720036N,24.737289E,91,21.0,175
6108,T,260803,060610,60.719982N,24.737301E,91,21.0,175
6109,T,260803,060611,60.719929N,24.737309E,91,21.0,175
6110,T,260803,060612,60.719879N,24.737316E,91,21.0,176
6111,T,260803,060613,60.719826N,24.737324E,91,21.0,176
6112,T,260803,060614,60.719772N,24.737329E,91,21.5,176
6113,T,260803,060615,60.719719N,24.737335E,91,21.6,176
6114,T,260803,060616,60.719666N,24.737345E,91,22.2,176
6115,T,260803,060617,60.719608N,24.737354E,91,22.6,176
6116,T,260803,060618,60.719551N,24.737360E,91,22.7,176
6117,T,260803,060619,60.719498N,24.737364E,91,23.0,176
6118,T,260803,060620,60.719440N,24.737371E,91,23.7,176
6119,T,260803,060621,60.719379N,24.737383E,90,24.1,176
6120,T,260803,060622,60.719318N,24.737389E,90,24.5,176
6121,T,260803,060623,60.719257N,24.737394E,90,25.1,176
6122,T,260803,060624,60.719193N,24.737400E,90,25.5,177
6123,T,260803,060625,60.719128N,24.737404E,90,25.9,177
6124,T,260803,060626,60.719063N,24.737411E,90,25.9,178
6125,T,260803,060627,60.718994N,24.737417E,90,26.4,178
6126,T,260803,060628,60.718933N,24.737423E,90,25.5,178
6127,T,260803,060629,60.718872N,24.737429E,90,25.4,177
6128,T,260803,060630,60.718807N,24.737434E,90,25.1,177
6129,T,260803,060631,60.718742N,24.737436E,89,25.0,178
6130,T,260803,060632,60.718685N,24.737436E,89,24.5,179
6131,T,260803,060633,60.718620N,24.737436E,89,24.0,179
6132,T,260803,060634,60.718563N,24.737436E,89,23.6,180
6133,T,260803,060635,60.718506N,24.737436E,89,23.6,180
6134,T,260803,060636,60.718449N,24.737432E,89,23.5,180
6135,T,260803,060637,60.718388N,24.737429E,88,24.1,181
6136,T,260803,060638,60.718327N,24.737427E,88,24.6,181
6137,T,260803,060639,60.718266N,24.737425E,88,24.7,181
6138,T,260803,060640,60.718204N,24.737423E,88,25.5,180
6139,T,260803,060641,60.718140N,24.737419E,87,25.4,180
6140,T,260803,060642,60.718075N,24.737423E,87,26.0,180
6141,T,260803,060643,60.718006N,24.737425E,87,26.1,179
6142,T,260803,060644,60.717945N,24.737425E,87,26.2,179
6143,T,260803,060645,60.717880N,24.737425E,87,26.6,179
6144,T,260803,060646,60.717812N,24.737425E,87,26.6,179
6145,T,260803,060647,60.717743N,24.737427E,86,26.7,179
6146,T,260803,060648,60.717674N,24.737432E,86,26.8,178
6147,T,260803,060649,60.717609N,24.737436E,86,26.7,178
6148,T,260803,060650,60.717541N,24.737440E,87,26.6,178
6149,T,260803,060651,60.717472N,24.737446E,87,26.6,178
6150,T,260803,060652,60.717403N,24.737450E,87,26.5,178
6151,T,260803,060653,60.717335N,24.737452E,87,26.2,178
6152,T,260803,060654,60.717274N,24.737452E,87,26.1,178
6153,T,260803,060655,60.717205N,24.737452E,87,26.1,179
6154,T,260803,060656,60.717140N,24.737453E,87,26.0,179
6155,T,260803,060657,60.717075N,24.737453E,87,25.6,179
6156,T,260803,060658,60.717007N,24.737453E,88,25.5,180
6157,T,260803,060659,60.716949N,24.737455E,88,25.2,179
6158,T,260803,060700,60.716885N,24.737455E,88,24.8,179
6159,T,260803,060701,60.716824N,24.737455E,88,24.0,179
6160,T,260803,060702,60.716763N,24.737457E,88,23.5,179
6161,T,260803,060703,60.716705N,24.737459E,88,23.4,179
6162,T,260803,060704,60.716648N,24.737465E,88,23.3,178
6163,T,260803,060705,60.716591N,24.737469E,88,23.0,178
6164,T,260803,060706,60.716534N,24.737473E,88,22.9,178
6165,T,260803,060707,60.716476N,24.737476E,88,22.8,178
6166,T,260803,060708,60.716419N,24.737478E,89,22.2,178
6167,T,260803,060709,60.716366N,24.737480E,89,22.1,179
6168,T,260803,060710,60.716309N,24.737480E,89,21.7,179
6169,T,260803,060711,60.716255N,24.737484E,89,21.7,178
6170,T,260803,060712,60.716202N,24.737488E,89,21.6,178
6171,T,260803,060713,60.716148N,24.737490E,89,21.3,179
6172,T,260803,060714,60.716095N,24.737494E,89,21.2,178
6173,T,260803,060715,60.716042N,24.737497E,89,21.2,178
6174,T,260803,060716,60.715988N,24.737497E,89,21.2,178
6175,T,260803,060717,60.715935N,24.737497E,89,21.2,179
6176,T,260803,060718,60.715881N,24.737499E,89,21.2,178
6177,T,260803,060719,60.715828N,24.737503E,90,21.2,178
6178,T,260803,060720,60.715775N,24.737507E,90,21.1,178
6179,T,260803,060721,60.715725N,24.737513E,90,21.0,177
6180,T,260803,060722,60.715672N,24.737516E,90,20.4,178
6181,T,260803,060723,60.715618N,24.737518E,90,20.0,178
6182,T,260803,060724,60.715569N,24.737524E,90,19.9,178
6183,T,260803,060725,60.715519N,24.737528E,90,19.6,177
6184,T,260803,060726,60.715473N,24.737534E,90,19.5,177
6185,T,260803,060727,60.715420N,24.737537E,90,19.2,177
6186,T,260803,060728,60.715370N,24.737543E,90,19.2,177
6187,T,260803,060729,60.715324N,24.737549E,91,19.1,177
6188,T,260803,060730,60.715275N,24.737555E,91,19.1,177
6189,T,260803,060731,60.715229N,24.737560E,91,19.2,176
6190,T,260803,060732,60.715179N,24.737564E,91,19.5,176
6191,T,260803,060733,60.715134N,24.737570E,91,19.5,176
6192,T,260803,060734,60.715080N,24.737574E,91,19.5,177
6193,T,260803,060735,60.715031N,24.737576E,91,19.5,177
6194,T,260803,060736,60.714981N,24.737581E,91,19.5,177
6195,T,260803,060737,60.714931N,24.737589E,91,19.7,177
6196,T,260803,060738,60.714882N,24.737597E,91,20.2,177
6197,T,260803,060739,60.714832N,24.737600E,91,20.2,176
6198,T,260803,060740,60.714779N,24.737606E,91,20.2,176
6199,T,260803,060741,60.714729N,24.737616E,91,20.4,176
6200,T,260803,060742,60.714680N,24.737621E,91,20.4,176
6201,T,260803,060743,60.714626N,24.737625E,91,20.4,176
6202,T,260803,060744,60.714577N,24.737635E,92,20.4,176
6203,T,260803,060745,60.714523N,24.737640E,92,20.4,176
6204,T,260803,060746,60.714474N,24.737646E,92,20.4,176
6205,T,260803,060747,60.714424N,24.737652E,92,20.3,176
6206,T,260803,060748,60.714371N,24.737659E,92,20.4,176
6207,T,260803,060749,60.714321N,24.737665E,92,20.4,176
6208,T,260803,060750,60.714268N,24.737677E,92,20.4,176
6209,T,260803,060751,60.714214N,24.737684E,92,20.4,176
6210,T,260803,060752,60.714169N,24.737690E,92,20.4,176
6211,T,260803,060753,60.714115N,24.737698E,92,20.0,175
6212,T,260803,060754,60.714069N,24.737705E,92,20.0,176
6213,T,260803,060755,60.714016N,24.737713E,92,19.8,176
6214,T,260803,060756,60.713966N,24.737720E,92,19.4,175
6215,T,260803,060757,60.713921N,24.737728E,92,19.1,174
6216,T,260803,060758,60.713871N,24.737736E,92,19.2,174
6217,T,260803,060759,60.713821N,24.737745E,92,19.3,174
6218,T,260803,060800,60.713772N,24.737755E,92,19.3,174
6219,T,260803,060801,60.713722N,24.737761E,92,19.3,175
6220,T,260803,060802,60.713676N,24.737768E,92,19.4,175
6221,T,260803,060803,60.713627N,24.737778E,92,19.5,174
6222,T,260803,060804,60.713577N,24.737783E,92,19.5,175
6223,T,260803,060805,60.713528N,24.737797E,92,19.6,174
6224,T,260803,060806,60.713482N,24.737804E,92,19.7,174
6225,T,260803,060807,60.713432N,24.737806E,92,19.7,175
6226,T,260803,060808,60.713379N,24.737816E,92,19.7,175
6227,T,260803,060809,60.713329N,24.737823E,92,19.7,175
6228,T,260803,060810,60.713280N,24.737831E,92,19.7,175
6229,T,260803,060811,60.713230N,24.737839E,91,19.7,175
6230,T,260803,060812,60.713184N,24.737846E,91,20.1,174
6231,T,260803,060813,60.713131N,24.737854E,91,19.8,175
6232,T,260803,060814,60.713085N,24.737860E,91,19.9,176
6233,T,260803,060815,60.713032N,24.737865E,91,19.8,176
6234,T,260803,060816,60.712982N,24.737877E,90,20.1,176
6235,T,260803,060817,60.712933N,24.737885E,90,20.2,177
6236,T,260803,060818,60.712883N,24.737888E,90,19.8,176
6237,T,260803,060819,60.712837N,24.737896E,90,19.8,177
6238,T,260803,060820,60.712784N,24.737900E,89,20.0,177
6239,T,260803,060821,60.712734N,24.737906E,89,20.1,176
6240,T,260803,060822,60.712685N,24.737913E,88,20.2,175
6241,T,260803,060823,60.712631N,24.737925E,88,20.3,174
6242,T,260803,060824,60.712582N,24.737930E,87,19.9,174
6243,T,260803,060825,60.712532N,24.737932E,87,19.8,176
6244,T,260803,060826,60.712479N,24.737938E,87,19.9,177
6245,T,260803,060827,60.712433N,24.737944E,86,20.3,177
6246,T,260803,060828,60.712379N,24.737949E,85,20.4,177
6247,T,260803,060829,60.712330N,24.737955E,85,20.4,177
6248,T,260803,060830,60.712280N,24.737961E,85,20.5,176
6249,T,260803,060831,60.712227N,24.737963E,84,19.8,177
6250,T,260803,060832,60.712181N,24.737965E,84,20.4,177
6251,T,260803,060833,60.712128N,24.737970E,84,20.1,177
6252,T,260803,060834,60.712074N,24.737976E,83,20.0,177
6253,T,260803,060835,60.712025N,24.737984E,83,20.1,177
6254,T,260803,060836,60.711971N,24.737993E,82,20.5,176
6255,T,260803,060837,60.711926N,24.738005E,81,20.5,176
6256,T,260803,060838,60.711872N,24.738016E,81,20.5,175
6257,T,260803,060839,60.711819N,24.738026E,81,20.5,174
6258,T,260803,060840,60.711769N,24.738035E,80,20.5,175
6259,T,260803,060841,60.711716N,24.738045E,80,20.6,175
6260,T,260803,060842,60.711662N,24.738052E,80,20.6,175
6261,T,260803,060843,60.711613N,24.738062E,80,20.5,175
6262,T,260803,060844,60.711559N,24.738068E,80,20.5,175
6263,T,260803,060845,60.711510N,24.738075E,79,20.5,176
6264,T,260803,060846,60.711456N,24.738089E,79,21.1,175
6265,T,260803,060847,60.711399N,24.738104E,80,21.1,175
6266,T,260803,060848,60.711342N,24.738119E,80,21.2,174
6267,T,260803,060849,60.711285N,24.738136E,80,21.2,174
6268,T,260803,060850,60.711224N,24.738155E,82,21.7,174
6269,T,260803,060851,60.711163N,24.738169E,83,22.1,174
6270,T,260803,060852,60.711102N,24.738186E,84,22.4,174
6271,T,260803,060853,60.711037N,24.738203E,84,22.5,174
6272,T,260803,060854,60.710972N,24.738224E,85,22.6,174
6273,T,260803,060855,60.710911N,24.738237E,85,23.0,174
6274,T,260803,060856,60.710854N,24.738251E,86,23.1,174
6275,T,260803,060857,60.710793N,24.738262E,86,23.1,174
6276,T,260803,060858,60.710732N,24.738274E,87,23.2,174
6277,T,260803,060859,60.710670N,24.738283E,87,23.3,174
6278,T,260803,060900,60.710609N,24.738297E,88,23.4,174
6279,T,260803,060901,60.710552N,24.738308E,88,23.5,174
6280,T,260803,060902,60.710491N,24.738317E,88,23.5,174
6281,T,260803,060903,60.710438N,24.738335E,89,23.5,174
6282,T,260803,060904,60.710377N,24.738344E,89,23.1,174
6283,T,260803,060905,60.710320N,24.738358E,90,22.8,174
6284,T,260803,060906,60.710262N,24.738371E,90,22.3,174
6285,T,260803,060907,60.710209N,24.738379E,90,22.0,175
6286,T,260803,060908,60.710152N,24.738384E,91,22.0,175
6287,T,260803,060909,60.710098N,24.738396E,91,22.0,175
6288,T,260803,060910,60.710045N,24.738407E,91,21.7,174
6289,T,260803,060911,60.709991N,24.738420E,92,21.7,174
6290,T,260803,060912,60.709934N,24.738432E,92,21.5,174
6291,T,260803,060913,60.709885N,24.738443E,92,21.0,174
6292,T,260803,060914,60.709831N,24.738453E,92,20.9,175
6293,T,260803,060915,60.709782N,24.738461E,92,20.8,175
6294,T,260803,060916,60.709728N,24.738472E,93,20.7,174
6295,T,260803,060917,60.709679N,24.738480E,93,20.7,175
6296,T,260803,060918,60.709629N,24.738487E,93,20.6,175
6297,T,260803,060919,60.709576N,24.738499E,93,20.5,174
6298,T,260803,060920,60.709522N,24.738504E,94,20.4,175
6299,T,260803,060921,60.709476N,24.738514E,94,20.1,175
6300,T,260803,060922,60.709423N,24.738522E,94,20.0,175
6301,T,260803,060923,60.709377N,24.738525E,94,19.6,175
6302,T,260803,060924,60.709328N,24.738535E,94,19.5,175
6303,T,260803,060925,60.709278N,24.738539E,95,19.6,175
6304,T,260803,060926,60.709232N,24.738544E,95,19.6,175
6305,T,260803,060927,60.709183N,24.738550E,95,19.6,176
6306,T,260803,060928,60.709137N,24.738554E,95,19.7,177
6307,T,260803,060929,60.709087N,24.738556E,95,19.8,178
6308,T,260803,060930,60.709038N,24.738560E,95,19.9,179
6309,T,260803,060931,60.708988N,24.738562E,95,20.0,179
6310,T,260803,060932,60.708935N,24.738564E,95,20.1,178
6311,T,260803,060933,60.708889N,24.738565E,95,20.2,178
6312,T,260803,060934,60.708836N,24.738573E,96,20.3,177
6313,T,260803,060935,60.708782N,24.738583E,96,20.4,176
6314,T,260803,060936,60.708733N,24.738592E,96,20.4,175
6315,T,260803,060937,60.708679N,24.738602E,96,20.1,174
6316,T,260803,060938,60.708633N,24.738611E,96,20.1,174
6317,T,260803,060939,60.708584N,24.738625E,96,20.0,174
6318,T,260803,060940,60.708530N,24.738632E,96,19.9,174
6319,T,260803,060941,60.708485N,24.738644E,96,19.9,174
6320,T,260803,060942,60.708435N,24.738653E,96,19.9,173
6321,T,260803,060943,60.708389N,24.738665E,96,19.8,173
6322,T,260803,060944,60.708340N,24.738676E,96,19.7,173
6323,T,260803,060945,60.708286N,24.738686E,96,19.7,172
6324,T,260803,060946,60.708241N,24.738701E,96,19.7,173
6325,T,260803,060947,60.708191N,24.738710E,96,19.4,173
6326,T,260803,060948,60.708145N,24.738722E,96,19.4,173
6327,T,260803,060949,60.708096N,24.738737E,97,19.4,173
6328,T,260803,060950,60.708050N,24.738752E,97,19.4,172
6329,T,260803,060951,60.708000N,24.738762E,97,19.5,173
6330,T,260803,060952,60.707951N,24.738770E,97,19.8,174
6331,T,260803,060953,60.707901N,24.738777E,97,19.8,175
6332,T,260803,060954,60.707855N,24.738785E,97,19.0,176
6333,T,260803,060955,60.707809N,24.738789E,97,19.3,177
6334,T,260803,060956,60.707760N,24.738796E,97,19.3,177
6335,T,260803,060957,60.707710N,24.738804E,96,19.7,176
6336,T,260803,060958,60.707664N,24.738815E,96,19.7,175
6337,T,260803,060959,60.707615N,24.738823E,96,19.7,175
6338,T,260803,061000,60.707569N,24.738827E,96,19.8,175
6339,T,260803,061001,60.707520N,24.738836E,95,19.9,175
6340,T,260803,061002,60.707466N,24.738844E,95,20.0,174
6341,T,260803,061003,60.707420N,24.738855E,94,20.0,174
6342,T,260803,061004,60.707367N,24.738865E,94,20.1,174
6343,T,260803,061005,60.707321N,24.738876E,93,20.1,175
6344,T,260803,061006,60.707268N,24.738884E,93,20.0,175
6345,T,260803,061007,60.707214N,24.738890E,93,20.0,176
6346,T,260803,061008,60.707169N,24.738899E,93,20.0,176
6347,T,260803,061009,60.707115N,24.738911E,93,20.3,175
6348,T,260803,061010,60.707066N,24.738918E,92,20.2,175
6349,T,260803,061011,60.707016N,24.738926E,92,20.3,175
6350,T,260803,061012,60.706963N,24.738935E,91,20.4,175
6351,T,260803,061013,60.706913N,24.738947E,91,20.8,175
6352,T,260803,061014,60.706860N,24.738955E,90,20.9,174
6353,T,260803,061015,60.706806N,24.738964E,90,20.9,174
6354,T,260803,061016,60.706753N,24.738974E,90,20.8,174
6355,T,260803,061017,60.706699N,24.738981E,90,20.7,175
6356,T,260803,061018,60.706650N,24.738991E,90,20.7,175
6357,T,260803,061019,60.706589N,24.739004E,92,21.0,175
6358,T,260803,061020,60.706532N,24.739017E,93,21.0,174
6359,T,260803,061021,60.706478N,24.739031E,93,21.2,174
6360,T,260803,061022,60.706421N,24.739044E,94,21.3,174
6361,T,260803,061023,60.706367N,24.739056E,94,21.3,173
6362,T,260803,061024,60.706310N,24.739067E,95,21.3,173
6363,T,260803,061025,60.706261N,24.739077E,95,21.3,173
6364,T,260803,061026,60.706203N,24.739092E,95,21.3,173
6365,T,260803,061027,60.706154N,24.739103E,95,21.3,173
6366,T,260803,061028,60.706097N,24.739126E,95,21.0,172
6367,T,260803,061029,60.706039N,24.739141E,95,21.8,173
6368,T,260803,061030,60.705990N,24.739155E,96,21.8,173
6369,T,260803,061031,60.705933N,24.739168E,96,21.8,173
6370,T,260803,061032,60.705879N,24.739183E,95,21.9,173
6371,T,260803,061033,60.705830N,24.739201E,95,22.0,172
6372,T,260803,061034,60.705772N,24.739218E,95,22.0,171
6373,T,260803,061035,60.705715N,24.739237E,96,22.0,172
6374,T,260803,061036,60.705662N,24.739248E,96,22.0,172
6375,T,260803,061037,60.705608N,24.739264E,96,22.0,171
6376,T,260803,061038,60.705551N,24.739281E,96,22.0,171
6377,T,260803,061039,60.705502N,24.739296E,96,21.7,171
6378,T,260803,061040,60.705444N,24.739313E,96,21.7,171
6379,T,260803,061041,60.705391N,24.739332E,96,21.7,171
6380,T,260803,061042,60.705338N,24.739349E,96,21.7,171
6381,T,260803,061043,60.705284N,24.739367E,96,21.8,171
6382,T,260803,061044,60.705227N,24.739384E,95,22.2,171
6383,T,260803,061045,60.705177N,24.739405E,95,22.1,171
6384,T,260803,061046,60.705120N,24.739418E,95,21.7,172
6385,T,260803,061047,60.705067N,24.739435E,95,21.7,172
6386,T,260803,061048,60.705013N,24.739452E,95,21.7,172
6387,T,260803,061049,60.704960N,24.739468E,95,21.8,172
6388,T,260803,061050,60.704903N,24.739487E,94,22.2,171
6389,T,260803,061051,60.704849N,24.739508E,94,22.2,170
6390,T,260803,061052,60.704792N,24.739529E,94,22.5,170
6391,T,260803,061053,60.704731N,24.739550E,95,22.9,170
6392,T,260803,061054,60.704674N,24.739576E,95,23.4,169
6393,T,260803,061055,60.704613N,24.739595E,96,23.8,170
6394,T,260803,061056,60.704552N,24.739622E,96,23.9,169
6395,T,260803,061057,60.704491N,24.739647E,96,24.0,169
6396,T,260803,061058,60.704433N,24.739670E,96,24.3,169
6397,T,260803,061059,60.704372N,24.739695E,96,24.4,169
6398,T,260803,061100,60.704311N,24.739716E,96,24.3,168
6399,T,260803,061101,60.704250N,24.739744E,96,24.3,168
6400,T,260803,061102,60.704193N,24.739773E,96,24.3,168
6401,T,260803,061103,60.704132N,24.739796E,96,24.2,167
6402,T,260803,061104,60.704071N,24.739824E,96,24.2,167
6403,T,260803,061105,60.704014N,24.739853E,96,24.2,168
6404,T,260803,061106,60.703953N,24.739882E,97,24.7,168
6405,T,260803,061107,60.703888N,24.739910E,97,24.8,167
6406,T,260803,061108,60.703823N,24.739937E,97,25.0,168
6407,T,260803,061109,60.703766N,24.739960E,96,25.3,168
6408,T,260803,061110,60.703701N,24.739986E,96,25.7,168
6409,T,260803,061111,60.703636N,24.740017E,96,25.7,168
6410,T,260803,061112,60.703571N,24.740042E,96,26.1,168
6411,T,260803,061113,60.703506N,24.740068E,96,26.0,168
6412,T,260803,061114,60.703445N,24.740101E,96,25.4,167
6413,T,260803,061115,60.703381N,24.740129E,97,25.4,166
6414,T,260803,061116,60.703320N,24.740160E,97,25.3,166
6415,T,260803,061117,60.703255N,24.740189E,97,25.3,167
6416,T,260803,061118,60.703194N,24.740215E,97,26.0,167
6417,T,260803,061119,60.703129N,24.740248E,97,26.1,167
6418,T,260803,061120,60.703064N,24.740280E,97,26.7,166
6419,T,260803,061121,60.702999N,24.740313E,97,27.0,166
6420,T,260803,061122,60.702930N,24.740343E,97,27.4,166
6421,T,260803,061123,60.702866N,24.740377E,96,27.8,166
6422,T,260803,061124,60.702797N,24.740414E,96,28.2,166
6423,T,260803,061125,60.702728N,24.740448E,96,28.3,165
6424,T,260803,061126,60.702660N,24.740484E,96,28.7,165
6425,T,260803,061127,60.702587N,24.740520E,96,28.8,165
6426,T,260803,061128,60.702518N,24.740561E,96,29.3,165
6427,T,260803,061129,60.702450N,24.740597E,96,29.4,165
6428,T,260803,061130,60.702381N,24.740637E,95,29.3,165
6429,T,260803,061131,60.702309N,24.740673E,95,28.6,165
6430,T,260803,061132,60.702240N,24.740707E,95,28.5,164
6431,T,260803,061133,60.702171N,24.740744E,95,28.2,165
6432,T,260803,061134,60.702103N,24.740782E,95,28.2,165
6433,T,260803,061135,60.702042N,24.740816E,94,28.1,165
6434,T,260803,061136,60.701969N,24.740847E,94,27.6,166
6435,T,260803,061137,60.701904N,24.740875E,94,27.1,167
6436,T,260803,061138,60.701839N,24.740904E,94,27.0,167
6437,T,260803,061139,60.701771N,24.740936E,94,27.0,167
6438,T,260803,061140,60.701702N,24.740967E,94,27.0,167
6439,T,260803,061141,60.701641N,24.740997E,94,26.9,166
6440,T,260803,061142,60.701576N,24.741032E,94,26.6,166
6441,T,260803,061143,60.701511N,24.741068E,93,26.5,165
6442,T,260803,061144,60.701447N,24.741106E,93,26.4,164
6443,T,260803,061145,60.701389N,24.741146E,93,26.4,163
6444,T,260803,061146,60.701324N,24.741186E,93,26.4,162
6445,T,260803,061147,60.701260N,24.741226E,93,26.5,162
6446,T,260803,061148,60.701195N,24.741268E,93,26.4,162
6447,T,260803,061149,60.701134N,24.741310E,93,26.4,161
6448,T,260803,061150,60.701073N,24.741356E,93,26.3,161
6449,T,260803,061151,60.701008N,24.741398E,94,26.2,161
6450,T,260803,061152,60.700947N,24.741444E,94,26.0,160
6451,T,260803,061153,60.700890N,24.741489E,94,25.9,159
6452,T,260803,061154,60.700829N,24.741541E,94,25.8,158
6453,T,260803,061155,60.700768N,24.741589E,94,25.8,158
6454,T,260803,061156,60.700706N,24.741636E,94,25.7,158
6455,T,260803,061157,60.700649N,24.741684E,94,25.7,158
6456,T,260803,061158,60.700588N,24.741735E,94,25.6,158
6457,T,260803,061159,60.700527N,24.741781E,94,25.6,158
6458,T,260803,061200,60.700466N,24.741825E,94,25.7,159
6459,T,260803,061201,60.700409N,24.741871E,94,25.7,160
6460,T,260803,061202,60.700344N,24.741913E,93,25.7,160
6461,T,260803,061203,60.700283N,24.741957E,93,25.7,160
6462,T,260803,061204,60.700226N,24.742001E,93,25.8,160
6463,T,260803,061205,60.700161N,24.742044E,93,25.8,160
6464,T,260803,061206,60.700100N,24.742090E,93,25.7,160
6465,T,260803,061207,60.700039N,24.742134E,93,25.8,160
6466,T,260803,061208,60.699982N,24.742178E,93,25.8,160
6467,T,260803,061209,60.699917N,24.742222E,93,25.8,160
6468,T,260803,061210,60.699856N,24.742264E,93,25.9,160
6469,T,260803,061211,60.699795N,24.742310E,93,25.8,160
6470,T,260803,061212,60.699738N,24.742355E,93,25.7,160
6471,T,260803,061213,60.699673N,24.742399E,93,25.6,160
6472,T,260803,061214,60.699612N,24.742443E,93,25.6,159
6473,T,260803,061215,60.699551N,24.742491E,93,25.6,159
6474,T,260803,061216,60.699493N,24.742537E,94,25.6,159
6475,T,260803,061217,60.699436N,24.742580E,94,25.5,160
6476,T,260803,061218,60.699375N,24.742622E,94,25.5,160
6477,T,260803,061219,60.699314N,24.742666E,94,25.2,160
6478,T,260803,061220,60.699257N,24.742708E,94,25.1,160
6479,T,260803,061221,60.699200N,24.742752E,94,24.8,160
6480,T,260803,061222,60.699139N,24.742796E,94,24.8,159
6481,T,260803,061223,60.699085N,24.742838E,94,24.6,159
6482,T,260803,061224,60.699024N,24.742878E,94,24.6,160
6483,T,260803,061225,60.698967N,24.742922E,94,24.7,160
6484,T,260803,061226,60.698910N,24.742966E,94,25.0,159
6485,T,260803,061227,60.698849N,24.743010E,94,24.9,159
6486,T,260803,061228,60.698792N,24.743052E,94,24.8,160
6487,T,260803,061229,60.698734N,24.743095E,94,24.7,159
6488,T,260803,061230,60.698681N,24.743135E,94,24.2,160
6489,T,260803,061231,60.698624N,24.743176E,94,24.1,159
6490,T,260803,061232,60.698566N,24.743219E,94,23.7,159
6491,T,260803,061233,60.698513N,24.743261E,94,23.5,159
6492,T,260803,061234,60.698456N,24.743303E,94,23.4,159
6493,T,260803,061235,60.698399N,24.743345E,94,23.0,159
6494,T,260803,061236,60.698349N,24.743387E,94,22.9,159
6495,T,260803,061237,60.698296N,24.743427E,95,22.4,159
6496,T,260803,061238,60.698238N,24.743465E,95,22.0,159
6497,T,260803,061239,60.698193N,24.743505E,94,22.0,159
6498,T,260803,061240,60.698139N,24.743546E,94,21.9,159
6499,T,260803,061241,60.698090N,24.743584E,94,21.8,159
6500,T,260803,061242,60.698040N,24.743624E,94,21.7,159
6501,T,260803,061243,60.697987N,24.743662E,94,21.7,159
6502,T,260803,061244,60.697937N,24.743698E,94,21.3,159
6503,T,260803,061245,60.697887N,24.743736E,94,21.2,159
6504,T,260803,061246,60.697838N,24.743774E,94,21.2,160
6505,T,260803,061247,60.697784N,24.743811E,95,21.2,159
6506,T,260803,061248,60.697735N,24.743847E,95,21.2,159
6507,T,260803,061249,60.697685N,24.743883E,95,21.2,159
6508,T,260803,061250,60.697632N,24.743919E,95,21.7,160
6509,T,260803,061251,60.697582N,24.743958E,95,21.7,159
6510,T,260803,061252,60.697533N,24.743998E,95,22.1,159
6511,T,260803,061253,60.697479N,24.744040E,95,22.1,158
6512,T,260803,061254,60.697430N,24.744076E,94,22.7,159
6513,T,260803,061255,60.697372N,24.744116E,94,23.0,159
6514,T,260803,061256,60.697319N,24.744154E,94,23.1,160
6515,T,260803,061257,60.697266N,24.744192E,95,23.2,161
6516,T,260803,061258,60.697208N,24.744230E,94,23.1,161
6517,T,260803,061259,60.697155N,24.744274E,94,23.1,160
6518,T,260803,061300,60.697102N,24.744316E,94,23.2,160
6519,T,260803,061301,60.697044N,24.744358E,94,23.2,160
6520,T,260803,061302,60.696987N,24.744404E,94,23.5,160
6521,T,260803,061303,60.696926N,24.744444E,94,23.6,160
6522,T,260803,061304,60.696873N,24.744484E,94,23.7,160
6523,T,260803,061305,60.696819N,24.744526E,93,23.7,159
6524,T,260803,061306,60.696758N,24.744566E,93,23.8,159
6525,T,260803,061307,60.696709N,24.744608E,93,23.9,159
6526,T,260803,061308,60.696648N,24.744650E,93,24.4,159
6527,T,260803,061309,60.696590N,24.744690E,93,24.4,160
6528,T,260803,061310,60.696533N,24.744732E,93,24.5,160
6529,T,260803,061311,60.696476N,24.744776E,92,24.8,160
6530,T,260803,061312,60.696415N,24.744820E,92,25.2,160
6531,T,260803,061313,60.696358N,24.744865E,92,25.2,159
6532,T,260803,061314,60.696297N,24.744913E,92,25.7,159
6533,T,260803,061315,60.696232N,24.744959E,92,26.0,159
6534,T,260803,061316,60.696167N,24.745005E,92,26.4,160
6535,T,260803,061317,60.696110N,24.745049E,93,26.4,160
6536,T,260803,061318,60.696045N,24.745094E,93,26.5,161
6537,T,260803,061319,60.695980N,24.745136E,92,26.6,161
6538,T,260803,061320,60.695915N,24.745180E,92,26.7,161
6539,T,260803,061321,60.695850N,24.745224E,92,26.7,161
6540,T,260803,061322,60.695789N,24.745266E,92,26.7,162
6541,T,260803,061323,60.695724N,24.745310E,92,26.2,161
6542,T,260803,061324,60.695663N,24.745352E,92,26.1,161
6543,T,260803,061325,60.695599N,24.745396E,93,26.0,161
6544,T,260803,061326,60.695541N,24.745438E,93,25.9,161
6545,T,260803,061327,60.695477N,24.745480E,93,25.5,161
6546,T,260803,061328,60.695415N,24.745520E,93,25.2,161
6547,T,260803,061329,60.695354N,24.745564E,94,25.2,161
6548,T,260803,061330,60.695297N,24.745604E,94,25.1,161
6549,T,260803,061331,60.695240N,24.745644E,94,24.7,161
6550,T,260803,061332,60.695179N,24.745684E,94,24.4,161
6551,T,260803,061333,60.695126N,24.745724E,94,24.0,161
6552,T,260803,061334,60.695068N,24.745764E,94,24.0,160
6553,T,260803,061335,60.695011N,24.745800E,93,23.6,160
6554,T,260803,061336,60.694958N,24.745836E,93,23.4,160
6555,T,260803,061337,60.694901N,24.745874E,94,23.4,160
6556,T,260803,061338,60.694847N,24.745909E,93,23.3,160
6557,T,260803,061339,60.694794N,24.745947E,93,23.3,160
6558,T,260803,061340,60.694736N,24.745987E,93,23.3,160
6559,T,260803,061341,60.694683N,24.746025E,93,23.2,160
6560,T,260803,061342,60.694630N,24.746065E,92,23.6,160
6561,T,260803,061343,60.694572N,24.746107E,93,23.5,160
6562,T,260803,061344,60.694519N,24.746149E,92,23.4,160
6563,T,260803,061345,60.694466N,24.746193E,92,23.8,160
6564,T,260803,061346,60.694408N,24.746235E,92,23.7,159
6565,T,260803,061347,60.694355N,24.746277E,92,23.8,159
6566,T,260803,061348,60.694302N,24.746319E,92,23.7,159
6567,T,260803,061349,60.694244N,24.746365E,92,23.7,159
6568,T,260803,061350,60.694191N,24.746408E,92,23.8,158
6569,T,260803,061351,60.694138N,24.746452E,92,23.7,158
6570,T,260803,061352,60.694080N,24.746496E,92,23.8,158
6571,T,260803,061353,60.694023N,24.746542E,92,24.2,158
6572,T,260803,061354,60.693970N,24.746590E,92,24.2,158
6573,T,260803,061355,60.693913N,24.746637E,92,24.3,157
6574,T,260803,061356,60.693851N,24.746689E,92,24.4,157
6575,T,260803,061357,60.693794N,24.746738E,92,24.9,157
6576,T,260803,061358,60.693737N,24.746790E,92,25.2,157
6577,T,260803,061359,60.693680N,24.746838E,92,25.2,157
6578,T,260803,061400,60.693619N,24.746889E,92,25.3,157
6579,T,260803,061401,60.693562N,24.746943E,92,25.4,157
6580,T,260803,061402,60.693501N,24.746996E,92,25.5,157
6581,T,260803,061403,60.693439N,24.747046E,93,25.5,157
6582,T,260803,061404,60.693378N,24.747095E,93,25.6,157
6583,T,260803,061405,60.693321N,24.747149E,92,25.9,157
6584,T,260803,061406,60.693260N,24.747200E,92,26.0,157
6585,T,260803,061407,60.693199N,24.747255E,92,26.0,157
6586,T,260803,061408,60.693138N,24.747309E,92,26.0,156
6587,T,260803,061409,60.693081N,24.747358E,92,26.1,157
6588,T,260803,061410,60.693020N,24.747412E,92,26.1,156
6589,T,260803,061411,60.692959N,24.747463E,92,26.0,156
6590,T,260803,061412,60.692902N,24.747517E,92,25.5,156
6591,T,260803,061413,60.692841N,24.747564E,92,25.2,156
6592,T,260803,061414,60.692783N,24.747616E,92,25.7,156
6593,T,260803,061415,60.692722N,24.747665E,92,26.0,157
6594,T,260803,061416,60.692665N,24.747719E,91,26.5,157
6595,T,260803,061417,60.692600N,24.747772E,91,26.6,157
6596,T,260803,061418,60.692539N,24.747824E,91,26.7,157
6597,T,260803,061419,60.692478N,24.747875E,91,26.8,158
6598,T,260803,061420,60.692417N,24.747925E,91,26.8,158
6599,T,260803,061421,60.692352N,24.747976E,91,26.9,158
6600,T,260803,061422,60.692287N,24.748028E,91,26.9,158
6601,T,260803,061423,60.692226N,24.748079E,91,26.5,158
6602,T,260803,061424,60.692165N,24.748129E,91,26.5,158
6603,T,260803,061425,60.692104N,24.748180E,91,26.4,158
6604,T,260803,061426,60.692043N,24.748232E,91,26.4,157
6605,T,260803,061427,60.691978N,24.748283E,91,26.4,157
6606,T,260803,061428,60.691921N,24.748335E,91,26.3,157
6607,T,260803,061429,60.691860N,24.748384E,91,26.0,158
6608,T,260803,061430,60.691799N,24.748434E,91,25.9,157
6609,T,260803,061431,60.691738N,24.748484E,91,25.4,158
6610,T,260803,061432,60.691681N,24.748533E,91,25.3,157
6611,T,260803,061433,60.691624N,24.748587E,91,24.9,158
6612,T,260803,061434,60.691563N,24.748636E,91,24.6,158
6613,T,260803,061435,60.691509N,24.748678E,91,24.1,158
6614,T,260803,061436,60.691456N,24.748726E,91,23.8,158
6615,T,260803,061437,60.691399N,24.748774E,91,23.7,157
6616,T,260803,061438,60.691349N,24.748817E,91,23.5,158
6617,T,260803,061439,60.691292N,24.748861E,91,23.1,157
6618,T,260803,061440,60.691238N,24.748903E,91,23.1,157
6619,T,260803,061441,60.691189N,24.748943E,91,23.0,158
6620,T,260803,061442,60.691132N,24.748987E,91,23.0,157
6621,T,260803,061443,60.691078N,24.749029E,92,22.9,158
6622,T,260803,061444,60.691029N,24.749075E,92,22.8,158
6623,T,260803,061445,60.690975N,24.749117E,92,22.8,157
6624,T,260803,061446,60.690922N,24.749161E,92,22.7,158
6625,T,260803,061447,60.690872N,24.749205E,92,22.6,158
6626,T,260803,061448,60.690819N,24.749247E,92,22.5,157
6627,T,260803,061449,60.690769N,24.749290E,92,22.1,157
6628,T,260803,061450,60.690720N,24.749336E,92,21.9,156
6629,T,260803,061451,60.690674N,24.749380E,92,21.8,155
6630,T,260803,061452,60.690620N,24.749424E,93,21.4,155
6631,T,260803,061453,60.690571N,24.749472E,93,21.4,154
6632,T,260803,061454,60.690525N,24.749521E,93,21.3,154
6633,T,260803,061455,60.690475N,24.749573E,93,21.2,152
6634,T,260803,061456,60.690434N,24.749624E,93,21.0,151
6635,T,260803,061457,60.690388N,24.749676E,94,20.5,150
6636,T,260803,061458,60.690338N,24.749727E,94,20.5,149
6637,T,260803,061459,60.690300N,24.749783E,94,20.4,149
6638,T,260803,061500,60.690254N,24.749836E,94,20.3,148
6639,T,260803,061501,60.690212N,24.749895E,94,20.4,146
6640,T,260803,061502,60.690170N,24.749958E,94,20.2,144
6641,T,260803,061503,60.690132N,24.750023E,95,20.3,143
6642,T,260803,061504,60.690090N,24.750088E,95,20.3,142
6643,T,260803,061505,60.690056N,24.750156E,95,20.2,142
6644,T,260803,061506,60.690022N,24.750223E,95,19.9,141
6645,T,260803,061507,60.689980N,24.750292E,96,19.9,139
6646,T,260803,061508,60.689945N,24.750359E,96,19.8,138
6647,T,260803,061509,60.689911N,24.750423E,96,19.7,137
6648,T,260803,061510,60.689877N,24.750496E,96,19.8,136
6649,T,260803,061511,60.689838N,24.750568E,96,19.8,135
6650,T,260803,061512,60.689804N,24.750641E,96,19.8,134
6651,T,260803,061513,60.689770N,24.750711E,96,19.8,133
6652,T,260803,061514,60.689735N,24.750784E,96,19.7,133
6653,T,260803,061515,60.689701N,24.750856E,96,19.7,133
6654,T,260803,061516,60.689667N,24.750929E,96,19.7,133
6655,T,260803,061517,60.689636N,24.751003E,97,19.7,132
6656,T,260803,061518,60.689606N,24.751078E,97,19.7,131
6657,T,260803,061519,60.689571N,24.751156E,97,20.0,130
6658,T,260803,061520,60.689541N,24.751230E,97,19.5,130
6659,T,260803,061521,60.689507N,24.751305E,97,19.5,128
6660,T,260803,061522,60.689476N,24.751383E,97,19.4,129
6661,T,260803,061523,60.689445N,24.751455E,97,19.2,129
6662,T,260803,061524,60.689411N,24.751528E,98,19.2,129
6663,T,260803,061525,60.689384N,24.751604E,98,19.2,129
6664,T,260803,061526,60.689350N,24.751677E,98,19.1,129
6665,T,260803,061527,60.689320N,24.751753E,98,19.1,129
6666,T,260803,061528,60.689289N,24.751825E,98,19.1,129
6667,T,260803,061529,60.689259N,24.751902E,98,19.0,130
6668,T,260803,061530,60.689228N,24.751974E,98,19.0,130
6669,T,260803,061531,60.689198N,24.752045E,99,18.9,131
6670,T,260803,061532,60.689163N,24.752117E,99,19.0,132
6671,T,260803,061533,60.689129N,24.752188E,99,19.3,133
6672,T,260803,061534,60.689095N,24.752260E,99,19.4,133
6673,T,260803,061535,60.689064N,24.752333E,99,19.5,134
6674,T,260803,061536,60.689034N,24.752401E,99,19.6,135
6675,T,260803,061537,60.688992N,24.752468E,99,19.7,136
6676,T,260803,061538,60.688957N,24.752537E,99,19.7,137
6677,T,260803,061539,60.688919N,24.752604E,99,19.7,138
6678,T,260803,061540,60.688885N,24.752670E,99,19.7,139
6679,T,260803,061541,60.688843N,24.752731E,100,19.6,140
6680,T,260803,061542,60.688808N,24.752792E,100,19.5,141
6681,T,260803,061543,60.688766N,24.752851E,100,19.5,142
6682,T,260803,061544,60.688728N,24.752913E,100,19.2,143
6683,T,260803,061545,60.688690N,24.752970E,100,18.6,143
6684,T,260803,061546,60.688656N,24.753021E,100,17.5,148
6685,T,260803,061547,60.688618N,24.753057E,100,17.1,159
6686,T,260803,061548,60.688576N,24.753078E,101,17.1,171
6687,T,260803,061549,60.688534N,24.753080E,101,16.7,184
6688,T,260803,061550,60.688492N,24.753065E,101,16.7,191
6689,T,260803,061551,60.688450N,24.753054E,101,16.6,191
6690,T,260803,061552,60.688408N,24.753054E,101,16.9,189
6691,T,260803,061553,60.688370N,24.753077E,101,17.4,186
6692,T,260803,061554,60.688328N,24.753119E,101,18.2,182
6693,T,260803,061555,60.688293N,24.753181E,101,19.2,177
6694,T,260803,061556,60.688259N,24.753254E,101,20.2,173
6695,T,260803,061557,60.688221N,24.753325E,101,20.7,169
6696,T,260803,061558,60.688183N,24.753395E,101,21.5,166
6697,T,260803,061559,60.688141N,24.753468E,101,22.2,143
6698,T,260803,061600,60.688091N,24.753532E,101,22.7,148
6699,T,260803,061601,60.688046N,24.753588E,101,23.1,154
6700,T,260803,061602,60.687992N,24.753635E,101,23.7,159
6701,T,260803,061603,60.687931N,24.753674E,101,24.1,163
6702,T,260803,061604,60.687878N,24.753702E,101,24.2,167
6703,T,260803,061605,60.687813N,24.753725E,101,24.2,169
6704,T,260803,061606,60.687748N,24.753746E,101,24.5,170
6705,T,260803,061607,60.687683N,24.753763E,101,25.0,171
6706,T,260803,061608,60.687618N,24.753780E,101,25.4,173
6707,T,260803,061609,60.687557N,24.753792E,100,25.7,174
6708,T,260803,061610,60.687492N,24.753803E,100,25.8,175
6709,T,260803,061611,60.687428N,24.753813E,100,26.1,176
6710,T,260803,061612,60.687359N,24.753819E,100,26.5,177
6711,T,260803,061613,60.687298N,24.753824E,100,26.6,178
6712,T,260803,061614,60.687229N,24.753824E,100,27.2,179
6713,T,260803,061615,60.687160N,24.753824E,100,27.5,181
6714,T,260803,061616,60.687092N,24.753817E,100,27.0,182
6715,T,260803,061617,60.687023N,24.753811E,100,26.5,183
6716,T,260803,061618,60.686958N,24.753803E,100,25.6,182
6717,T,260803,061619,60.686897N,24.753799E,99,25.5,181
6718,T,260803,061620,60.686832N,24.753796E,99,25.4,182
6719,T,260803,061621,60.686768N,24.753784E,99,25.3,184
6720,T,260803,061622,60.686707N,24.753777E,99,25.3,183
6721,T,260803,061623,60.686646N,24.753771E,99,25.3,183
6722,T,260803,061624,60.686581N,24.753763E,99,25.3,183
6723,T,260803,061625,60.686520N,24.753761E,99,25.6,182
6724,T,260803,061626,60.686455N,24.753756E,99,25.7,181
6725,T,260803,061627,60.686394N,24.753752E,99,26.0,181
6726,T,260803,061628,60.686325N,24.753750E,99,26.0,180
6727,T,260803,061629,60.686260N,24.753754E,99,26.0,179
6728,T,260803,061630,60.686195N,24.753757E,99,25.6,178
6729,T,260803,061631,60.686131N,24.753763E,99,25.1,177
6730,T,260803,061632,60.686073N,24.753775E,99,24.7,175
6731,T,260803,061633,60.686012N,24.753784E,99,24.3,174
6732,T,260803,061634,60.685951N,24.753796E,100,23.7,174
6733,T,260803,061635,60.685890N,24.753813E,100,23.0,172
6734,T,260803,061636,60.685841N,24.753830E,100,22.1,171
6735,T,260803,061637,60.685780N,24.753843E,100,21.2,170
6736,T,260803,061638,60.685726N,24.753864E,100,20.7,169
6737,T,260803,061639,60.685680N,24.753885E,100,19.9,167
6738,T,260803,061640,60.685631N,24.753908E,101,19.3,167
6739,T,260803,061641,60.685589N,24.753927E,101,18.8,166
6740,T,260803,061642,60.685539N,24.753954E,101,18.0,164
6741,T,260803,061643,60.685501N,24.753979E,101,17.3,163
6742,T,260803,061644,60.685459N,24.754004E,101,17.2,161
6743,T,260803,061645,60.685421N,24.754036E,102,17.2,160
6744,T,260803,061646,60.685379N,24.754063E,102,17.3,160
6745,T,260803,061647,60.685341N,24.754091E,102,17.4,160
6746,T,260803,061648,60.685295N,24.754124E,102,17.5,158
6747,T,260803,061649,60.685257N,24.754156E,102,17.5,158
6748,T,260803,061650,60.685215N,24.754190E,103,17.6,157
6749,T,260803,061651,60.685177N,24.754225E,103,17.6,156
6750,T,260803,061652,60.685135N,24.754265E,103,17.6,155
6751,T,260803,061653,60.685097N,24.754299E,103,17.5,155
6752,T,260803,061654,60.685055N,24.754337E,103,17.5,151
6753,T,260803,061655,60.685020N,24.754379E,104,17.4,151
6754,T,260803,061656,60.684978N,24.754423E,104,17.4,151
6755,T,260803,061657,60.684940N,24.754465E,104,17.7,151
6756,T,260803,061658,60.684898N,24.754507E,104,17.9,152
6757,T,260803,061659,60.684860N,24.754555E,105,18.0,150
6758,T,260803,061700,60.684826N,24.754599E,105,18.0,151
6759,T,260803,061701,60.684784N,24.754644E,105,18.1,151
6760,T,260803,061702,60.684746N,24.754686E,105,18.1,151
6761,T,260803,061703,60.684704N,24.754732E,105,18.1,150
6762,T,260803,061704,60.684669N,24.754776E,106,18.1,150
6763,T,260803,061705,60.684628N,24.754824E,106,18.1,150
6764,T,260803,061706,60.684589N,24.754866E,106,18.1,150
6765,T,260803,061707,60.684547N,24.754911E,106,18.2,150
6766,T,260803,061708,60.684509N,24.754957E,106,18.2,150
6767,T,260803,061709,60.684467N,24.755005E,107,18.2,150
6768,T,260803,061710,60.684429N,24.755054E,107,18.3,150
6769,T,260803,061711,60.684391N,24.755100E,107,18.4,149
6770,T,260803,061712,60.684353N,24.755148E,107,18.4,149
6771,T,260803,061713,60.684311N,24.755196E,107,18.5,149
6772,T,260803,061714,60.684273N,24.755245E,107,18.6,149
6773,T,260803,061715,60.684231N,24.755297E,108,18.9,149
6774,T,260803,061716,60.684193N,24.755344E,108,18.9,149
6775,T,260803,061717,60.684147N,24.755390E,108,18.8,149
6776,T,260803,061718,60.684109N,24.755440E,108,18.7,149
6777,T,260803,061719,60.684067N,24.755487E,108,18.7,149
6778,T,260803,061720,60.684029N,24.755535E,108,18.6,149
6779,T,260803,061721,60.683987N,24.755587E,108,18.6,148
6780,T,260803,061722,60.683949N,24.755636E,108,18.5,148
6781,T,260803,061723,60.683907N,24.755686E,108,18.5,148
6782,T,260803,061724,60.683868N,24.755735E,109,18.5,148
6783,T,260803,061725,60.683826N,24.755787E,109,18.6,148
6784,T,260803,061726,60.683792N,24.755838E,109,18.7,148
6785,T,260803,061727,60.683746N,24.755888E,109,18.7,148
6786,T,260803,061728,60.683708N,24.755936E,109,18.8,148
6787,T,260803,061729,60.683666N,24.755985E,109,18.8,148
6788,T,260803,061730,60.683628N,24.756039E,109,18.9,148
6789,T,260803,061731,60.683586N,24.756090E,109,19.3,148
6790,T,260803,061732,60.683548N,24.756144E,109,19.6,148
6791,T,260803,061733,60.683502N,24.756195E,109,20.1,147
6792,T,260803,061734,60.683460N,24.756250E,109,20.1,148
6793,T,260803,061735,60.683418N,24.756306E,109,20.5,148
6794,T,260803,061736,60.683376N,24.756363E,109,20.5,147
6795,T,260803,061737,60.683331N,24.756418E,109,20.4,147
6796,T,260803,061738,60.683289N,24.756475E,109,20.5,147
6797,T,260803,061739,60.683247N,24.756535E,109,20.5,147
6798,T,260803,061740,60.683205N,24.756592E,109,20.6,147
6799,T,260803,061741,60.683159N,24.756653E,109,21.1,146
6800,T,260803,061742,60.683117N,24.756710E,109,21.4,147
6801,T,260803,061743,60.683067N,24.756769E,109,22.0,147
6802,T,260803,061744,60.683022N,24.756832E,109,22.5,147
6803,T,260803,061745,60.682976N,24.756899E,109,22.6,147
6804,T,260803,061746,60.682926N,24.756966E,109,22.7,146
6805,T,260803,061747,60.682880N,24.757034E,109,23.2,145
6806,T,260803,061748,60.682831N,24.757101E,109,23.7,145
6807,T,260803,061749,60.682785N,24.757174E,109,24.2,145
6808,T,260803,061750,60.682732N,24.757246E,109,24.7,145
6809,T,260803,061751,60.682678N,24.757318E,109,25.2,145
6810,T,260803,061752,60.682629N,24.757393E,109,25.8,145
6811,T,260803,061753,60.682575N,24.757465E,109,25.9,145
6812,T,260803,061754,60.682522N,24.757544E,109,26.3,145
6813,T,260803,061755,60.682465N,24.757620E,109,26.6,145
6814,T,260803,061756,60.682407N,24.757696E,108,26.5,145
6815,T,260803,061757,60.682358N,24.757772E,108,26.4,145
6816,T,260803,061758,60.682304N,24.757849E,108,26.2,145
6817,T,260803,061759,60.682247N,24.757923E,108,26.2,144
6818,T,260803,061800,60.682198N,24.758001E,108,26.1,144
6819,T,260803,061801,60.682140N,24.758080E,108,26.0,144
6820,T,260803,061802,60.682087N,24.758156E,108,26.0,144
6821,T,260803,061803,60.682037N,24.758234E,107,26.1,144
6822,T,260803,061804,60.681984N,24.758312E,107,26.1,143
6823,T,260803,061805,60.681927N,24.758390E,107,26.1,143
6824,T,260803,061806,60.681877N,24.758467E,107,26.1,143
6825,T,260803,061807,60.681824N,24.758547E,107,26.1,143
6826,T,260803,061808,60.681767N,24.758623E,107,26.5,143
6827,T,260803,061809,60.681717N,24.758703E,106,26.6,143
6828,T,260803,061810,60.681660N,24.758785E,106,26.7,143
6829,T,260803,061811,60.681606N,24.758865E,106,27.1,143
6830,T,260803,061812,60.681553N,24.758953E,106,27.2,142
6831,T,260803,061813,60.681499N,24.759035E,105,27.3,142
6832,T,260803,061814,60.681442N,24.759123E,105,27.6,142
6833,T,260803,061815,60.681389N,24.759207E,105,27.7,142
6834,T,260803,061816,60.681332N,24.759296E,105,28.0,142
6835,T,260803,061817,60.681274N,24.759384E,104,28.4,142
6836,T,260803,061818,60.681221N,24.759476E,104,28.8,142
6837,T,260803,061819,60.681160N,24.759563E,104,29.1,142
6838,T,260803,061820,60.681103N,24.759657E,103,29.5,141
6839,T,260803,061821,60.681046N,24.759752E,103,29.9,141
6840,T,260803,061822,60.680984N,24.759848E,103,30.4,141
6841,T,260803,061823,60.680927N,24.759947E,102,31.0,140
6842,T,260803,061824,60.680866N,24.760048E,102,31.6,140
6843,T,260803,061825,60.680805N,24.760151E,101,32.0,141
6844,T,260803,061826,60.680744N,24.760254E,101,32.0,140
6845,T,260803,061827,60.680679N,24.760357E,100,32.0,140
6846,T,260803,061828,60.680618N,24.760462E,100,32.0,140
6847,T,260803,061829,60.680561N,24.760565E,100,31.8,140
6848,T,260803,061830,60.680500N,24.760668E,99,31.5,139
6849,T,260803,061831,60.680439N,24.760773E,99,31.4,139
6850,T,260803,061832,60.680382N,24.760874E,99,31.3,139
6851,T,260803,061833,60.680325N,24.760977E,99,31.2,139
6852,T,260803,061834,60.680264N,24.761078E,98,30.5,139
6853,T,260803,061835,60.680206N,24.761177E,98,29.8,139
6854,T,260803,061836,60.680153N,24.761276E,98,29.1,139
6855,T,260803,061837,60.680099N,24.761372E,98,28.5,138
6856,T,260803,061838,60.680050N,24.761463E,98,28.0,139
6857,T,260803,061839,60.679996N,24.761557E,98,27.5,138
6858,T,260803,061840,60.679943N,24.761646E,98,26.9,138
6859,T,260803,061841,60.679893N,24.761736E,98,26.2,138
6860,T,260803,061842,60.679844N,24.761822E,98,25.5,137
6861,T,260803,061843,60.679798N,24.761908E,98,24.7,137
6862,T,260803,061844,60.679752N,24.761986E,98,23.8,138
6863,T,260803,061845,60.679710N,24.762066E,98,23.3,137
6864,T,260803,061846,60.679668N,24.762146E,98,23.4,137
6865,T,260803,061847,60.679623N,24.762224E,98,23.3,138
6866,T,260803,061848,60.679581N,24.762304E,98,23.2,137
6867,T,260803,061849,60.679539N,24.762384E,98,22.6,136
6868,T,260803,061850,60.679501N,24.762465E,98,23.0,137
6869,T,260803,061851,60.679459N,24.762545E,98,23.0,136
6870,T,260803,061852,60.679417N,24.762625E,98,22.9,136
6871,T,260803,061853,60.679371N,24.762703E,98,22.6,136
6872,T,260803,061854,60.679333N,24.762779E,99,22.2,136
6873,T,260803,061855,60.679291N,24.762857E,99,21.8,136
6874,T,260803,061856,60.679256N,24.762934E,99,21.4,136
6875,T,260803,061857,60.679214N,24.763006E,99,21.1,136
6876,T,260803,061858,60.679176N,24.763077E,99,20.7,137
6877,T,260803,061859,60.679138N,24.763147E,99,20.6,137
6878,T,260803,061900,60.679104N,24.763220E,99,20.1,137
6879,T,260803,061901,60.679070N,24.763292E,100,20.0,136
6880,T,260803,061902,60.679031N,24.763363E,100,19.7,136
6881,T,260803,061903,60.678997N,24.763430E,100,19.3,136
6882,T,260803,061904,60.678963N,24.763498E,100,19.2,135
6883,T,260803,061905,60.678928N,24.763565E,100,19.2,135
6884,T,260803,061906,60.678898N,24.763634E,100,18.8,135
6885,T,260803,061907,60.678860N,24.763699E,101,18.8,135
6886,T,260803,061908,60.678829N,24.763763E,101,18.2,135
6887,T,260803,061909,60.678795N,24.763830E,101,18.3,135
6888,T,260803,061910,60.678764N,24.763897E,101,18.3,134
6889,T,260803,061911,60.678726N,24.763964E,102,18.6,134
6890,T,260803,061912,60.678696N,24.764030E,102,18.7,135
6891,T,260803,061913,60.678661N,24.764095E,102,18.6,135
6892,T,260803,061914,60.678627N,24.764162E,102,18.5,135
6893,T,260803,061915,60.678596N,24.764223E,102,18.6,136
6894,T,260803,061916,60.678562N,24.764290E,103,18.5,136
6895,T,260803,061917,60.678532N,24.764359E,103,18.5,135
6896,T,260803,061918,60.678501N,24.764423E,103,18.5,135
6897,T,260803,061919,60.678467N,24.764492E,103,18.6,135
6898,T,260803,061920,60.678436N,24.764559E,103,18.6,135
6899,T,260803,061921,60.678406N,24.764624E,103,18.6,135
6900,T,260803,061922,60.678368N,24.764692E,103,18.6,135
6901,T,260803,061923,60.678341N,24.764757E,103,18.6,135
6902,T,260803,061924,60.678307N,24.764824E,103,18.6,135
6903,T,260803,061925,60.678272N,24.764891E,104,18.6,135
6904,T,260803,061926,60.678242N,24.764956E,104,18.6,135
6905,T,260803,061927,60.678207N,24.765024E,104,18.7,135
6906,T,260803,061928,60.678177N,24.765093E,104,18.7,135
6907,T,260803,061929,60.678143N,24.765160E,104,18.7,134
6908,T,260803,061930,60.678112N,24.765228E,104,18.7,134
6909,T,260803,061931,60.678082N,24.765293E,104,18.8,135
6910,T,260803,061932,60.678043N,24.765362E,104,18.8,135
6911,T,260803,061933,60.678009N,24.765432E,104,19.5,135
6912,T,260803,061934,60.677975N,24.765503E,104,19.5,135
6913,T,260803,061935,60.677940N,24.765572E,104,19.9,135
6914,T,260803,061936,60.677910N,24.765644E,104,19.9,135
6915,T,260803,061937,60.677872N,24.765717E,104,20.0,135
6916,T,260803,061938,60.677837N,24.765785E,104,20.4,135
6917,T,260803,061939,60.677799N,24.765862E,104,20.5,134
6918,T,260803,061940,60.677765N,24.765936E,104,20.8,134
6919,T,260803,061941,60.677727N,24.766010E,104,20.8,135
6920,T,260803,061942,60.677692N,24.766087E,104,20.9,134
6921,T,260803,061943,60.677654N,24.766163E,104,20.9,135
6922,T,260803,061944,60.677620N,24.766235E,104,21.0,135
6923,T,260803,061945,60.677582N,24.766312E,104,21.8,135
6924,T,260803,061946,60.677540N,24.766390E,104,21.8,135
6925,T,260803,061947,60.677502N,24.766468E,104,21.8,135
6926,T,260803,061948,60.677464N,24.766548E,104,22.0,134
6927,T,260803,061949,60.677425N,24.766626E,104,22.1,135
6928,T,260803,061950,60.677383N,24.766705E,104,22.1,135
6929,T,260803,061951,60.677345N,24.766785E,104,22.4,135
6930,T,260803,061952,60.677303N,24.766865E,104,22.5,135
6931,T,260803,061953,60.677265N,24.766947E,104,22.6,135
6932,T,260803,061954,60.677223N,24.767027E,104,22.7,135
6933,T,260803,061955,60.677181N,24.767109E,104,23.1,135
6934,T,260803,061956,60.677139N,24.767193E,104,23.1,135
6935,T,260803,061957,60.677101N,24.767277E,104,23.2,135
6936,T,260803,061958,60.677059N,24.767357E,104,23.3,135
6937,T,260803,061959,60.677017N,24.767441E,104,23.5,135
6938,T,260803,062000,60.676971N,24.767527E,104,23.8,135
6939,T,260803,062001,60.676933N,24.767614E,104,24.2,135
6940,T,260803,062002,60.676888N,24.767700E,104,24.2,135
6941,T,260803,062003,60.676849N,24.767788E,103,24.3,134
6942,T,260803,062004,60.676804N,24.767876E,103,24.3,134
6943,T,260803,062005,60.676762N,24.767963E,103,24.5,135
6944,T,260803,062006,60.676716N,24.768053E,103,24.8,135
6945,T,260803,062007,60.676674N,24.768145E,103,24.9,135
6946,T,260803,062008,60.676628N,24.768236E,103,25.6,135
6947,T,260803,062009,60.676579N,24.768326E,103,25.9,135
6948,T,260803,062010,60.676537N,24.768419E,103,26.2,135
6949,T,260803,062011,60.676487N,24.768517E,102,26.3,135
6950,T,260803,062012,60.676441N,24.768612E,102,26.8,135
6951,T,260803,062013,60.676392N,24.768707E,102,27.0,135
6952,T,260803,062014,60.676350N,24.768806E,102,27.3,135
6953,T,260803,062015,60.676300N,24.768904E,102,27.3,135
6954,T,260803,062016,60.676247N,24.769005E,101,27.3,135
6955,T,260803,062017,60.676201N,24.769104E,101,27.4,135
6956,T,260803,062018,60.676151N,24.769203E,101,27.8,135
6957,T,260803,062019,60.676102N,24.769304E,101,27.8,135
6958,T,260803,062020,60.676052N,24.769403E,100,28.2,135
6959,T,260803,062021,60.675999N,24.769505E,100,27.7,134
6960,T,260803,062022,60.675953N,24.769606E,100,27.8,134
6961,T,260803,062023,60.675900N,24.769707E,100,27.9,134
6962,T,260803,062024,60.675846N,24.769808E,99,28.3,135
6963,T,260803,062025,60.675800N,24.769913E,99,28.7,135
6964,T,260803,062026,60.675747N,24.770016E,99,28.8,135
6965,T,260803,062027,60.675697N,24.770119E,98,28.9,135
6966,T,260803,062028,60.675644N,24.770220E,98,28.5,135
6967,T,260803,062029,60.675591N,24.770327E,98,29.4,134
6968,T,260803,062030,60.675541N,24.770435E,97,30.2,134
6969,T,260803,062031,60.675484N,24.770546E,97,30.3,134
6970,T,260803,062032,60.675430N,24.770657E,97,30.9,134
6971,T,260803,062033,60.675377N,24.770765E,96,30.9,135
6972,T,260803,062034,60.675320N,24.770876E,96,31.6,135
6973,T,260803,062035,60.675259N,24.770988E,96,32.0,136
6974,T,260803,062036,60.675201N,24.771103E,95,32.5,136
6975,T,260803,062037,60.675140N,24.771217E,95,33.0,136
6976,T,260803,062038,60.675083N,24.771336E,94,33.4,136
6977,T,260803,062039,60.675018N,24.771456E,94,33.8,136
6978,T,260803,062040,60.674961N,24.771576E,93,33.9,135
6979,T,260803,062041,60.674900N,24.771696E,93,34.5,135
6980,T,260803,062042,60.674839N,24.771822E,92,34.5,135
6981,T,260803,062043,60.674782N,24.771948E,92,35.3,134
6982,T,260803,062044,60.674721N,24.772076E,91,35.3,134
6983,T,260803,062045,60.674656N,24.772202E,91,35.2,134
6984,T,260803,062046,60.674591N,24.772327E,90,35.8,135
6985,T,260803,062047,60.674526N,24.772457E,90,35.9,135
6986,T,260803,062048,60.674465N,24.772589E,90,35.9,135
6987,T,260803,062049,60.674400N,24.772717E,89,35.8,135
6988,T,260803,062050,60.674335N,24.772844E,89,35.7,135
6989,T,260803,062051,60.674271N,24.772970E,89,35.2,135
6990,T,260803,062052,60.674210N,24.773096E,89,34.8,135
6991,T,260803,062053,60.674149N,24.773220E,89,34.2,135
6992,T,260803,062054,60.674088N,24.773342E,88,33.7,135
6993,T,260803,062055,60.674026N,24.773462E,88,33.2,135
6994,T,260803,062056,60.673969N,24.773581E,88,32.7,135
6995,T,260803,062057,60.673912N,24.773697E,88,32.1,135
6996,T,260803,062058,60.673855N,24.773811E,88,31.5,134
6997,T,260803,062059,60.673801N,24.773924E,88,30.8,134
6998,T,260803,062100,60.673748N,24.774033E,88,30.0,135
6999,T,260803,062101,60.673691N,24.774136E,88,29.5,135
7000,T,260803,062102,60.673641N,24.774239E,88,28.8,136
7001,T,260803,062103,60.673592N,24.774338E,88,28.0,135
7002,T,260803,062104,60.673546N,24.774439E,87,27.4,135
7003,T,260803,062105,60.673496N,24.774536E,87,26.7,135
7004,T,260803,062106,60.673447N,24.774633E,87,26.4,134
7005,T,260803,062107,60.673405N,24.774727E,87,26.3,135
7006,T,260803,062108,60.673355N,24.774820E,87,26.3,135
7007,T,260803,062109,60.673313N,24.774916E,87,26.2,135
7008,T,260803,062110,60.673267N,24.775009E,88,26.2,135
7009,T,260803,062111,60.673222N,24.775105E,88,25.8,135
7010,T,260803,062112,60.673176N,24.775196E,88,26.1,135
7011,T,260803,062113,60.673126N,24.775288E,88,26.1,135
7012,T,260803,062114,60.673084N,24.775381E,88,26.0,135
7013,T,260803,062115,60.673038N,24.775475E,88,25.6,135
7014,T,260803,062116,60.672997N,24.775564E,88,25.6,135
7015,T,260803,062117,60.672951N,24.775656E,87,25.7,135
7016,T,260803,062118,60.672905N,24.775745E,87,25.6,135
7017,T,260803,062119,60.672859N,24.775839E,87,25.6,135
7018,T,260803,062120,60.672817N,24.775927E,87,25.3,135
7019,T,260803,062121,60.672771N,24.776014E,87,23.7,135
7020,T,260803,062122,60.672729N,24.776100E,87,24.3,135
7021,T,260803,062123,60.672684N,24.776184E,87,24.3,135
7022,T,260803,062124,60.672646N,24.776268E,87,23.8,135
7023,T,260803,062125,60.672600N,24.776356E,87,23.9,135
7024,T,260803,062126,60.672562N,24.776443E,87,24.0,135
7025,T,260803,062127,60.672516N,24.776529E,87,23.8,135
7026,T,260803,062128,60.672470N,24.776615E,87,24.3,135
7027,T,260803,062129,60.672432N,24.776707E,87,24.0,135
7028,T,260803,062130,60.672386N,24.776798E,87,24.0,135
7029,T,260803,062131,60.672348N,24.776890E,87,24.0,135
7030,T,260803,062132,60.672298N,24.776978E,87,24.4,134
7031,T,260803,062133,60.672256N,24.777067E,88,23.7,135
7032,T,260803,062134,60.672211N,24.777157E,88,24.3,135
7033,T,260803,062135,60.672169N,24.777245E,88,24.8,135
7034,T,260803,062136,60.672119N,24.777336E,87,24.6,135
7035,T,260803,062137,60.672077N,24.777424E,87,24.6,135
7036,T,260803,062138,60.672031N,24.777514E,87,25.0,135
7037,T,260803,062139,60.671989N,24.777603E,87,25.0,135
7038,T,260803,062140,60.671944N,24.777691E,87,24.7,135
7039,T,260803,062141,60.671902N,24.777779E,87,24.7,135
7040,T,260803,062142,60.671856N,24.777866E,87,24.8,135
7041,T,260803,062143,60.671810N,24.777954E,87,24.9,135
7042,T,260803,062144,60.671764N,24.778042E,87,24.9,135
7043,T,260803,062145,60.671719N,24.778130E,87,24.9,135
7044,T,260803,062146,60.671677N,24.778217E,87,24.9,135
7045,T,260803,062147,60.671631N,24.778305E,87,24.8,135
7046,T,260803,062148,60.671593N,24.778397E,87,24.7,135
7047,T,260803,062149,60.671543N,24.778482E,87,24.2,135
7048,T,260803,062150,60.671505N,24.778568E,87,24.2,135
7049,T,260803,062151,60.671459N,24.778656E,87,24.1,135
7050,T,260803,062152,60.671421N,24.778742E,87,24.0,135
7051,T,260803,062153,60.671375N,24.778828E,87,24.4,134
7052,T,260803,062154,60.671337N,24.778913E,87,23.7,135
7053,T,260803,062155,60.671291N,24.778997E,87,23.8,135
7054,T,260803,062156,60.671249N,24.779085E,87,24.3,135
7055,T,260803,062157,60.671207N,24.779177E,88,23.8,135
7056,T,260803,062158,60.671165N,24.779261E,88,24.4,135
7057,T,260803,062159,60.671120N,24.779348E,88,24.3,135
7058,T,260803,062200,60.671078N,24.779434E,88,24.2,135
7059,T,260803,062201,60.671036N,24.779520E,88,24.2,135
7060,T,260803,062202,60.670994N,24.779604E,88,24.1,135
7061,T,260803,062203,60.670948N,24.779688E,88,24.0,135
7062,T,260803,062204,60.670902N,24.779774E,88,23.9,135
7063,T,260803,062205,60.670864N,24.779860E,88,23.8,135
7064,T,260803,062206,60.670818N,24.779943E,88,23.7,135
7065,T,260803,062207,60.670780N,24.780025E,88,23.6,135
7066,T,260803,062208,60.670738N,24.780107E,88,23.5,135
7067,T,260803,062209,60.670700N,24.780188E,88,23.4,135
7068,T,260803,062210,60.670658N,24.780272E,87,23.4,135
7069,T,260803,062211,60.670620N,24.780355E,87,23.4,135
7070,T,260803,062212,60.670582N,24.780436E,86,23.5,135
7071,T,260803,062213,60.670540N,24.780523E,87,23.9,135
7072,T,260803,062214,60.670490N,24.780609E,87,23.8,135
7073,T,260803,062215,60.670448N,24.780697E,87,23.5,135
7074,T,260803,062216,60.670406N,24.780781E,87,23.4,134
7075,T,260803,062217,60.670364N,24.780865E,88,23.3,134
7076,T,260803,062218,60.670322N,24.780949E,88,23.0,134
7077,T,260803,062219,60.670284N,24.781033E,88,23.0,135
7078,T,260803,062220,60.670242N,24.781113E,88,23.0,135
7079,T,260803,062221,60.670200N,24.781197E,88,22.9,134
7080,T,260803,062222,60.670158N,24.781279E,88,22.3,134
7081,T,260803,062223,60.670120N,24.781359E,88,22.7,135
7082,T,260803,062224,60.670078N,24.781437E,88,22.4,134
7083,T,260803,062225,60.670044N,24.781519E,88,22.5,135
7084,T,260803,062226,60.670006N,24.781597E,88,22.3,135
7085,T,260803,062227,60.669964N,24.781677E,88,22.5,135
7086,T,260803,062228,60.669926N,24.781755E,88,22.0,134
7087,T,260803,062229,60.669884N,24.781837E,88,22.4,134
7088,T,260803,062230,60.669842N,24.781921E,88,22.5,134
7089,T,260803,062231,60.669800N,24.782001E,88,22.4,134
7090,T,260803,062232,60.669758N,24.782076E,88,22.4,135
7091,T,260803,062233,60.669712N,24.782152E,88,21.9,136
7092,T,260803,062234,60.669670N,24.782227E,88,21.4,137
7093,T,260803,062235,60.669632N,24.782303E,88,21.5,137
7094,T,260803,062236,60.669594N,24.782381E,88,21.5,135
7095,T,260803,062237,60.669548N,24.782463E,88,22.2,135
7096,T,260803,062238,60.669510N,24.782543E,89,21.2,134
7097,T,260803,062239,60.669472N,24.782619E,88,21.1,134
7098,T,260803,062240,60.669434N,24.782698E,89,22.2,134
7099,T,260803,062241,60.669392N,24.782780E,89,22.1,135
7100,T,260803,062242,60.669353N,24.782862E,88,22.5,135
7101,T,260803,062243,60.669308N,24.782944E,89,22.4,135
7102,T,260803,062244,60.669270N,24.783024E,89,22.4,135
7103,T,260803,062245,60.669224N,24.783106E,89,22.5,135
7104,T,260803,062246,60.669186N,24.783190E,89,22.4,135
7105,T,260803,062247,60.669140N,24.783272E,89,23.0,135
7106,T,260803,062248,60.669102N,24.783354E,89,22.9,136
7107,T,260803,062249,60.669056N,24.783436E,88,23.8,136
7108,T,260803,062250,60.669018N,24.783516E,88,23.3,136
7109,T,260803,062251,60.668972N,24.783600E,88,23.3,137
7110,T,260803,062252,60.668926N,24.783680E,88,23.3,137
7111,T,260803,062253,60.668888N,24.783762E,87,23.3,137
7112,T,260803,062254,60.668842N,24.783842E,87,23.3,137
7113,T,260803,062255,60.668800N,24.783920E,87,23.3,138
7114,T,260803,062256,60.668755N,24.784002E,87,23.3,138
7115,T,260803,062257,60.668713N,24.784077E,86,23.3,139
7116,T,260803,062258,60.668671N,24.784157E,86,23.4,139
7117,T,260803,062259,60.668625N,24.784241E,86,24.0,139
7118,T,260803,062300,60.668579N,24.784325E,86,24.0,138
7119,T,260803,062301,60.668541N,24.784395E,85,23.5,139
7120,T,260803,062302,60.668491N,24.784475E,85,23.9,139
7121,T,260803,062303,60.668449N,24.784569E,85,24.0,139
7122,T,260803,062304,60.668396N,24.784657E,85,24.6,139
7123,T,260803,062305,60.668346N,24.784744E,86,24.7,139
7124,T,260803,062306,60.668301N,24.784832E,86,24.8,138
7125,T,260803,062307,60.668251N,24.784918E,86,25.0,139
7126,T,260803,062308,60.668201N,24.785000E,86,24.9,139
7127,T,260803,062309,60.668152N,24.785082E,86,24.9,140
7128,T,260803,062310,60.668102N,24.785164E,86,25.0,140
7129,T,260803,062311,60.668056N,24.785250E,86,25.3,140
7130,T,260803,062312,60.668003N,24.785336E,86,25.4,140
7131,T,260803,062313,60.667957N,24.785419E,86,25.0,140
7132,T,260803,062314,60.667908N,24.785503E,86,25.4,139
7133,T,260803,062315,60.667858N,24.785589E,86,25.4,140
7134,T,260803,062316,60.667809N,24.785671E,86,25.1,140
7135,T,260803,062317,60.667763N,24.785755E,86,24.0,140
7136,T,260803,062318,60.667717N,24.785837E,86,24.5,140
7137,T,260803,062319,60.667667N,24.785921E,86,25.4,140
7138,T,260803,062320,60.667618N,24.786007E,86,24.8,140
7139,T,260803,062321,60.667568N,24.786085E,86,24.7,140
7140,T,260803,062322,60.667519N,24.786165E,86,24.7,141
7141,T,260803,062323,60.667473N,24.786245E,86,24.7,141
7142,T,260803,062324,60.667419N,24.786325E,86,24.8,141
7143,T,260803,062325,60.667374N,24.786409E,86,25.3,141
7144,T,260803,062326,60.667320N,24.786493E,87,25.4,141
7145,T,260803,062327,60.667271N,24.786573E,86,25.5,142
7146,T,260803,062328,60.667217N,24.786654E,87,25.8,142
7147,T,260803,062329,60.667164N,24.786736E,87,25.8,143
7148,T,260803,062330,60.667110N,24.786816E,87,26.0,143
7149,T,260803,062331,60.667061N,24.786898E,87,26.2,143
7150,T,260803,062332,60.667007N,24.786982E,87,26.3,143
7151,T,260803,062333,60.666958N,24.787064E,87,26.2,143
7152,T,260803,062334,60.666901N,24.787149E,87,26.3,143
7153,T,260803,062335,60.666847N,24.787231E,87,26.3,143
7154,T,260803,062336,60.666798N,24.787313E,87,26.3,143
7155,T,260803,062337,60.666744N,24.787392E,87,26.3,144
7156,T,260803,062338,60.666691N,24.787474E,87,26.3,143
7157,T,260803,062339,60.666641N,24.787552E,87,26.3,144
7158,T,260803,062340,60.666584N,24.787630E,87,26.3,144
7159,T,260803,062341,60.666531N,24.787708E,87,26.3,144
7160,T,260803,062342,60.666477N,24.787786E,87,26.4,144
7161,T,260803,062343,60.666424N,24.787865E,87,26.3,144
7162,T,260803,062344,60.666367N,24.787939E,87,26.3,145
7163,T,260803,062345,60.666317N,24.788015E,87,26.2,145
7164,T,260803,062346,60.666264N,24.788090E,87,26.1,145
7165,T,260803,062347,60.666206N,24.788164E,87,25.8,146
7166,T,260803,062348,60.666157N,24.788239E,88,25.8,145
7167,T,260803,062349,60.666100N,24.788307E,88,25.5,146
7168,T,260803,062350,60.666046N,24.788380E,88,25.5,146
7169,T,260803,062351,60.665997N,24.788452E,88,25.5,146
7170,T,260803,062352,60.665939N,24.788525E,88,25.5,146
7171,T,260803,062353,60.665890N,24.788591E,88,25.4,147
7172,T,260803,062354,60.665836N,24.788656E,88,25.0,147
7173,T,260803,062355,60.665783N,24.788725E,88,24.9,148
7174,T,260803,062356,60.665730N,24.788788E,89,24.9,149
7175,T,260803,062357,60.665680N,24.788855E,89,24.8,148
7176,T,260803,062358,60.665627N,24.788918E,89,24.5,148
7177,T,260803,062359,60.665573N,24.788982E,89,24.5,148
7178,T,260803,062400,60.665524N,24.789043E,89,24.1,148
7179,T,260803,062401,60.665470N,24.789106E,89,24.1,149
7180,T,260803,062402,60.665421N,24.789165E,89,23.7,149
7181,T,260803,062403,60.665367N,24.789228E,89,23.6,149
7182,T,260803,062404,60.665321N,24.789289E,89,23.5,149
7183,T,260803,062405,60.665272N,24.789352E,89,23.6,149
7184,T,260803,062406,60.665218N,24.789413E,89,23.5,148
7185,T,260803,062407,60.665173N,24.789471E,89,23.2,149
7186,T,260803,062408,60.665123N,24.789528E,88,23.2,149
7187,T,260803,062409,60.665073N,24.789591E,88,23.2,149
7188,T,260803,062410,60.665024N,24.789648E,88,23.1,149
7189,T,260803,062411,60.664974N,24.789709E,88,23.2,149
7190,T,260803,062412,60.664928N,24.789772E,88,23.1,148
7191,T,260803,062413,60.664875N,24.789829E,88,23.1,149
7192,T,260803,062414,60.664829N,24.789890E,88,23.1,148
7193,T,260803,062415,60.664776N,24.789951E,88,23.5,149
7194,T,260803,062416,60.664722N,24.790016E,89,23.5,148
7195,T,260803,062417,60.664677N,24.790075E,89,23.6,148
7196,T,260803,062418,60.664623N,24.790142E,89,23.6,147
7197,T,260803,062419,60.664577N,24.790203E,89,23.0,147
7198,T,260803,062420,60.664528N,24.790266E,89,22.5,147
7199,T,260803,062421,60.664478N,24.790327E,89,22.5,147
7200,T,260803,062422,60.664436N,24.790390E,89,22.4,146
7201,T,260803,062423,60.664391N,24.790455E,89,22.3,146
7202,T,260803,062424,60.664345N,24.790516E,89,22.2,146
7203,T,260803,062425,60.664295N,24.790581E,90,22.3,146
7204,T,260803,062426,60.664249N,24.790644E,90,22.3,146
7205,T,260803,062427,60.664204N,24.790707E,90,22.4,146
7206,T,260803,062428,60.664158N,24.790771E,90,22.5,145
7207,T,260803,062429,60.664112N,24.790836E,90,22.5,145
7208,T,260803,062430,60.664063N,24.790901E,90,22.4,145
7209,T,260803,062431,60.664021N,24.790968E,90,22.8,144
7210,T,260803,062432,60.663971N,24.791037E,90,22.7,144
7211,T,260803,062433,60.663929N,24.791103E,90,22.3,143
7212,T,260803,062434,60.663879N,24.791172E,91,22.7,143
7213,T,260803,062435,60.663834N,24.791245E,91,23.8,143
7214,T,260803,062436,60.663784N,24.791315E,91,23.3,143
7215,T,260803,062437,60.663738N,24.791384E,91,23.3,143
7216,T,260803,062438,60.663692N,24.791456E,91,23.3,142
7217,T,260803,062439,60.663647N,24.791529E,91,23.4,142
7218,T,260803,062440,60.663601N,24.791601E,91,23.4,142
7219,T,260803,062441,60.663551N,24.791674E,91,23.5,141
7220,T,260803,062442,60.663506N,24.791746E,91,23.5,141
7221,T,260803,062443,60.663460N,24.791821E,91,23.5,141
7222,T,260803,062444,60.663418N,24.791897E,91,23.1,141
7223,T,260803,062445,60.663368N,24.791969E,91,23.2,140
7224,T,260803,062446,60.663319N,24.792048E,91,23.1,139
7225,T,260803,062447,60.663280N,24.792122E,91,23.0,139
7226,T,260803,062448,60.663231N,24.792196E,91,23.0,139
7227,T,260803,062449,60.663189N,24.792273E,91,23.4,139
7228,T,260803,062450,60.663143N,24.792349E,91,23.5,139
7229,T,260803,062451,60.663101N,24.792425E,91,23.5,139
7230,T,260803,062452,60.663052N,24.792505E,91,23.9,138
7231,T,260803,062453,60.663010N,24.792585E,91,24.0,138
7232,T,260803,062454,60.662964N,24.792665E,91,23.6,138
7233,T,260803,062455,60.662922N,24.792746E,91,23.7,138
7234,T,260803,062456,60.662876N,24.792826E,91,23.3,137
7235,T,260803,062457,60.662830N,24.792906E,91,23.4,137
7236,T,260803,062458,60.662788N,24.792986E,91,23.5,137
7237,T,260803,062459,60.662743N,24.793070E,91,23.6,136
7238,T,260803,062500,60.662704N,24.793152E,91,23.5,136
7239,T,260803,062501,60.662659N,24.793234E,91,24.0,136
7240,T,260803,062502,60.662617N,24.793316E,90,24.0,136
7241,T,260803,062503,60.662571N,24.793396E,90,24.0,137
7242,T,260803,062504,60.662529N,24.793476E,90,24.0,138
7243,T,260803,062505,60.662483N,24.793552E,89,23.3,139
7244,T,260803,062506,60.662441N,24.793636E,89,23.7,138
7245,T,260803,062507,60.662395N,24.793718E,89,24.1,139
7246,T,260803,062508,60.662354N,24.793798E,88,23.7,139
7247,T,260803,062509,60.662312N,24.793884E,88,23.8,138
7248,T,260803,062510,60.662266N,24.793966E,88,24.7,139
7249,T,260803,062511,60.662216N,24.794046E,87,24.6,139
7250,T,260803,062512,60.662167N,24.794128E,87,24.6,139
7251,T,260803,062513,60.662121N,24.794210E,87,24.6,139
7252,T,260803,062514,60.662071N,24.794296E,87,25.2,139
7253,T,260803,062515,60.662025N,24.794384E,87,25.1,139
7254,T,260803,062516,60.661976N,24.794476E,87,25.5,139
7255,T,260803,062517,60.661926N,24.794563E,86,25.6,138
7256,T,260803,062518,60.661877N,24.794649E,86,26.0,139
7257,T,260803,062519,60.661823N,24.794737E,86,25.6,138
7258,T,260803,062520,60.661777N,24.794823E,86,25.5,138
7259,T,260803,062521,60.661728N,24.794907E,86,25.9,138
7260,T,260803,062522,60.661678N,24.794994E,86,25.4,138
7261,T,260803,062523,60.661633N,24.795080E,86,25.4,138
7262,T,260803,062524,60.661583N,24.795168E,86,25.3,138
7263,T,260803,062525,60.661537N,24.795254E,86,25.2,138
7264,T,260803,062526,60.661488N,24.795340E,86,25.9,138
7265,T,260803,062527,60.661442N,24.795424E,86,26.0,139
7266,T,260803,062528,60.661392N,24.795511E,86,25.9,141
7267,T,260803,062529,60.661339N,24.795595E,87,25.9,142
7268,T,260803,062530,60.661285N,24.795677E,87,25.3,143
7269,T,260803,062531,60.661232N,24.795759E,87,25.8,144
7270,T,260803,062532,60.661179N,24.795843E,88,25.2,143
7271,T,260803,062533,60.661133N,24.795923E,88,25.1,142
7272,T,260803,062534,60.661079N,24.796001E,88,25.0,143
7273,T,260803,062535,60.661034N,24.796076E,88,25.0,143
7274,T,260803,062536,60.660980N,24.796152E,88,24.9,143
7275,T,260803,062537,60.660927N,24.796225E,88,24.6,144
7276,T,260803,062538,60.660881N,24.796295E,88,24.2,145
7277,T,260803,062539,60.660828N,24.796362E,89,24.2,146
7278,T,260803,062540,60.660774N,24.796431E,89,24.3,147
7279,T,260803,062541,60.660725N,24.796501E,89,25.0,147
7280,T,260803,062542,60.660679N,24.796576E,90,24.6,146
7281,T,260803,062543,60.660625N,24.796640E,89,24.7,146
7282,T,260803,062544,60.660568N,24.796703E,89,25.3,146
7283,T,260803,062545,60.660511N,24.796764E,89,25.2,147
7284,T,260803,062546,60.660461N,24.796824E,89,24.5,149
7285,T,260803,062547,60.660408N,24.796883E,89,24.6,150
7286,T,260803,062548,60.660351N,24.796944E,89,23.8,151
7287,T,260803,062549,60.660305N,24.797010E,89,24.4,150
7288,T,260803,062550,60.660252N,24.797073E,89,24.5,151
7289,T,260803,062551,60.660198N,24.797131E,89,24.6,151
7290,T,260803,062552,60.660145N,24.797188E,89,24.7,152
7291,T,260803,062553,60.660088N,24.797243E,88,24.4,153
7292,T,260803,062554,60.660034N,24.797300E,88,24.9,154
7293,T,260803,062555,60.659981N,24.797356E,88,24.3,154
7294,T,260803,062556,60.659927N,24.797413E,88,24.3,153
7295,T,260803,062557,60.659870N,24.797466E,88,24.3,153
7296,T,260803,062558,60.659821N,24.797531E,88,25.2,152
7297,T,260803,062559,60.659767N,24.797588E,88,24.5,152
7298,T,260803,062600,60.659714N,24.797644E,88,24.6,152
7299,T,260803,062601,60.659657N,24.797695E,87,24.9,154
7300,T,260803,062602,60.659599N,24.797747E,87,24.3,155
7301,T,260803,062603,60.659546N,24.797804E,87,24.7,156
7302,T,260803,062604,60.659489N,24.797857E,87,24.7,157
7303,T,260803,062605,60.659431N,24.797920E,87,24.2,156
7304,T,260803,062606,60.659382N,24.797974E,86,24.2,156
7305,T,260803,062607,60.659328N,24.798029E,86,23.5,156
7306,T,260803,062608,60.659271N,24.798077E,86,23.5,156
7307,T,260803,062609,60.659222N,24.798143E,85,23.6,157
7308,T,260803,062610,60.659168N,24.798197E,85,23.7,157
7309,T,260803,062611,60.659111N,24.798246E,85,23.8,157
7310,T,260803,062612,60.659058N,24.798296E,84,23.8,157
7311,T,260803,062613,60.659004N,24.798349E,84,23.9,156
7312,T,260803,062614,60.658947N,24.798401E,83,23.9,156
7313,T,260803,062615,60.658894N,24.798450E,83,23.9,157
7314,T,260803,062616,60.658833N,24.798502E,83,24.4,158
7315,T,260803,062617,60.658775N,24.798546E,83,23.9,159
7316,T,260803,062618,60.658714N,24.798595E,83,24.6,160
7317,T,260803,062619,60.658657N,24.798649E,83,25.2,159
7318,T,260803,062620,60.658592N,24.798697E,83,25.2,160
7319,T,260803,062621,60.658531N,24.798742E,83,25.0,159
7320,T,260803,062622,60.658470N,24.798784E,83,25.3,160
7321,T,260803,062623,60.658409N,24.798820E,83,24.8,161
7322,T,260803,062624,60.658344N,24.798859E,83,24.6,162
7323,T,260803,062625,60.658283N,24.798897E,84,24.3,163
7324,T,260803,062626,60.658218N,24.798937E,84,24.3,162
7325,T,260803,062627,60.658165N,24.798977E,84,24.4,162
7326,T,260803,062628,60.658100N,24.799025E,84,24.8,161
7327,T,260803,062629,60.658039N,24.799063E,84,24.8,162
7328,T,260803,062630,60.657982N,24.799103E,84,24.9,162
7329,T,260803,062631,60.657921N,24.799135E,84,24.9,162
7330,T,260803,062632,60.657860N,24.799175E,84,24.9,163
7331,T,260803,062633,60.657799N,24.799212E,85,24.9,163
7332,T,260803,062634,60.657738N,24.799250E,84,24.9,163
7333,T,260803,062635,60.657677N,24.799284E,85,24.8,164
7334,T,260803,062636,60.657616N,24.799316E,85,24.8,165
7335,T,260803,062637,60.657551N,24.799349E,85,24.8,165
7336,T,260803,062638,60.657494N,24.799377E,85,24.8,166
7337,T,260803,062639,60.657433N,24.799406E,86,24.8,166
7338,T,260803,062640,60.657368N,24.799433E,86,24.4,166
7339,T,260803,062641,60.657307N,24.799461E,86,24.5,166
7340,T,260803,062642,60.657249N,24.799492E,86,24.6,166
7341,T,260803,062643,60.657185N,24.799522E,86,24.7,167
7342,T,260803,062644,60.657124N,24.799549E,86,24.8,167
7343,T,260803,062645,60.657059N,24.799576E,86,24.8,167
7344,T,260803,062646,60.657001N,24.799604E,86,24.9,167
7345,T,260803,062647,60.656940N,24.799629E,86,24.9,168
7346,T,260803,062648,60.656879N,24.799656E,86,24.9,168
7347,T,260803,062649,60.656815N,24.799683E,86,25.0,168
7348,T,260803,062650,60.656754N,24.799707E,86,25.1,168
7349,T,260803,062651,60.656693N,24.799734E,86,25.1,168
7350,T,260803,062652,60.656628N,24.799759E,86,25.2,168
7351,T,260803,062653,60.656567N,24.799784E,86,24.8,168
7352,T,260803,062654,60.656509N,24.799805E,86,24.7,169
7353,T,260803,062655,60.656445N,24.799829E,87,24.5,169
7354,T,260803,062656,60.656384N,24.799854E,87,24.5,168
7355,T,260803,062657,60.656322N,24.799877E,86,24.6,168
7356,T,260803,062658,60.656265N,24.799904E,86,24.5,168
7357,T,260803,062659,60.656204N,24.799931E,86,24.5,167
7358,T,260803,062700,60.656143N,24.799953E,86,24.6,168
7359,T,260803,062701,60.656078N,24.799978E,86,24.9,168
7360,T,260803,062702,60.656021N,24.800007E,86,24.9,167
7361,T,260803,062703,60.655960N,24.800035E,86,24.9,167
7362,T,260803,062704,60.655899N,24.800064E,86,24.9,166
7363,T,260803,062705,60.655842N,24.800093E,86,24.8,166
7364,T,260803,062706,60.655781N,24.800119E,86,24.9,166
7365,T,260803,062707,60.655716N,24.800154E,86,24.9,165
7366,T,260803,062708,60.655655N,24.800186E,86,25.3,165
7367,T,260803,062709,60.655598N,24.800220E,86,25.4,164
7368,T,260803,062710,60.655533N,24.800255E,86,25.9,164
7369,T,260803,062711,60.655472N,24.800283E,86,26.0,164
7370,T,260803,062712,60.655407N,24.800320E,86,26.1,164
7371,T,260803,062713,60.655342N,24.800356E,86,26.1,164
7372,T,260803,062714,60.655281N,24.800396E,86,26.2,163
7373,T,260803,062715,60.655216N,24.800434E,86,26.2,162
7374,T,260803,062716,60.655155N,24.800474E,86,26.2,162
7375,T,260803,062717,60.655090N,24.800512E,86,26.1,162
7376,T,260803,062718,60.655033N,24.800552E,86,26.1,161
7377,T,260803,062719,60.654968N,24.800596E,86,26.0,161
7378,T,260803,062720,60.654907N,24.800636E,86,26.0,161
7379,T,260803,062721,60.654846N,24.800674E,86,25.9,162
7380,T,260803,062722,60.654785N,24.800714E,86,25.9,162
7381,T,260803,062723,60.654724N,24.800753E,86,25.8,162
7382,T,260803,062724,60.654659N,24.800791E,86,25.4,163
7383,T,260803,062725,60.654598N,24.800829E,86,25.3,162
7384,T,260803,062726,60.654541N,24.800865E,86,24.9,162
7385,T,260803,062727,60.654480N,24.800905E,86,24.8,161
7386,T,260803,062728,60.654423N,24.800947E,86,24.7,161
7387,T,260803,062729,60.654366N,24.800995E,86,24.7,159
7388,T,260803,062730,60.654308N,24.801041E,86,24.8,158
7389,T,260803,062731,60.654247N,24.801086E,86,24.7,158
7390,T,260803,062732,60.654194N,24.801132E,86,24.7,158
7391,T,260803,062733,60.654137N,24.801180E,86,24.8,157
7392,T,260803,062734,60.654076N,24.801228E,86,24.8,157
7393,T,260803,062735,60.654018N,24.801275E,86,24.8,157
7394,T,260803,062736,60.653965N,24.801327E,86,24.8,156
7395,T,260803,062737,60.653904N,24.801376E,86,24.9,156
7396,T,260803,062738,60.653847N,24.801424E,86,24.9,157
7397,T,260803,062739,60.653793N,24.801476E,86,24.9,157
7398,T,260803,062740,60.653736N,24.801523E,86,24.8,156
7399,T,260803,062741,60.653679N,24.801580E,86,24.9,155
7400,T,260803,062742,60.653625N,24.801636E,86,24.9,155
7401,T,260803,062743,60.653568N,24.801687E,86,24.9,154
7402,T,260803,062744,60.653515N,24.801744E,86,24.8,154
7403,T,260803,062745,60.653461N,24.801798E,86,24.5,155
7404,T,260803,062746,60.653400N,24.801851E,86,24.5,155
7405,T,260803,062747,60.653347N,24.801907E,86,24.4,155
7406,T,260803,062748,60.653294N,24.801958E,86,24.3,155
7407,T,260803,062749,60.653240N,24.802008E,86,24.3,155
7408,T,260803,062750,60.653183N,24.802059E,87,24.3,156
7409,T,260803,062751,60.653130N,24.802111E,87,24.7,156
7410,T,260803,062752,60.653072N,24.802160E,87,24.7,156
7411,T,260803,062753,60.653015N,24.802210E,87,24.6,157
7412,T,260803,062754,60.652962N,24.802259E,87,24.5,157
7413,T,260803,062755,60.652901N,24.802307E,87,24.4,157
7414,T,260803,062756,60.652843N,24.802357E,87,24.4,157
7415,T,260803,062757,60.652786N,24.802404E,87,24.4,157
7416,T,260803,062758,60.652729N,24.802454E,87,24.5,157
7417,T,260803,062759,60.652672N,24.802502E,87,24.5,157
7418,T,260803,062800,60.652615N,24.802546E,87,24.5,157
7419,T,260803,062801,60.652561N,24.802595E,87,24.5,157
7420,T,260803,062802,60.652504N,24.802645E,88,24.5,157
7421,T,260803,062803,60.652447N,24.802692E,88,24.1,157
7422,T,260803,062804,60.652393N,24.802740E,88,24.1,156
7423,T,260803,062805,60.652336N,24.802786E,88,23.7,157
7424,T,260803,062806,60.652279N,24.802830E,88,23.7,157
7425,T,260803,062807,60.652229N,24.802876E,88,23.8,157
7426,T,260803,062808,60.652172N,24.802923E,88,23.8,157
7427,T,260803,062809,60.652115N,24.802971E,88,23.9,157
7428,T,260803,062810,60.652061N,24.803017E,88,23.9,157
7429,T,260803,062811,60.652008N,24.803064E,89,23.9,157
7430,T,260803,062812,60.651951N,24.803110E,88,23.9,157
7431,T,260803,062813,60.651897N,24.803158E,88,24.0,157
7432,T,260803,062814,60.651840N,24.803204E,88,24.0,157
7433,T,260803,062815,60.651787N,24.803249E,88,24.0,157
7434,T,260803,062816,60.651730N,24.803295E,89,24.0,157
7435,T,260803,062817,60.651676N,24.803343E,89,24.0,157
7436,T,260803,062818,60.651619N,24.803389E,89,23.9,157
7437,T,260803,062819,60.651566N,24.803436E,89,23.9,157
7438,T,260803,062820,60.651508N,24.803484E,89,23.8,157
7439,T,260803,062821,60.651451N,24.803532E,89,23.8,157
7440,T,260803,062822,60.651402N,24.803577E,89,23.8,157
7441,T,260803,062823,60.651344N,24.803629E,90,23.8,157
7442,T,260803,062824,60.651287N,24.803677E,89,23.8,157
7443,T,260803,062825,60.651237N,24.803722E,89,23.7,157
7444,T,260803,062826,60.651180N,24.803768E,89,23.8,157
7445,T,260803,062827,60.651123N,24.803816E,89,23.8,157
7446,T,260803,062828,60.651073N,24.803860E,89,23.8,157
7447,T,260803,062829,60.651016N,24.803907E,89,23.8,157
7448,T,260803,062830,60.650959N,24.803955E,89,23.7,157
7449,T,260803,062831,60.650909N,24.804003E,89,23.7,157
7450,T,260803,062832,60.650852N,24.804047E,89,23.6,157
7451,T,260803,062833,60.650795N,24.804092E,89,23.6,157
7452,T,260803,062834,60.650742N,24.804140E,89,23.6,157
7453,T,260803,062835,60.650688N,24.804188E,89,24.1,156
7454,T,260803,062836,60.650631N,24.804235E,89,24.2,157
7455,T,260803,062837,60.650578N,24.804279E,89,24.2,157
7456,T,260803,062838,60.650520N,24.804325E,89,24.3,157
7457,T,260803,062839,60.650459N,24.804377E,89,24.3,158
7458,T,260803,062840,60.650406N,24.804422E,89,24.0,157
7459,T,260803,062841,60.650352N,24.804470E,89,24.0,157
7460,T,260803,062842,60.650291N,24.804516E,89,24.1,158
7461,T,260803,062843,60.650234N,24.804560E,89,24.1,157
7462,T,260803,062844,60.650181N,24.804609E,89,24.0,157
7463,T,260803,062845,60.650127N,24.804655E,90,23.4,157
7464,T,260803,062846,60.650078N,24.804705E,90,23.3,157
7465,T,260803,062847,60.650024N,24.804750E,90,22.8,156
7466,T,260803,062848,60.649971N,24.804796E,90,22.7,157
7467,T,260803,062849,60.649921N,24.804842E,90,22.6,157
7468,T,260803,062850,60.649868N,24.804884E,90,22.8,158
7469,T,260803,062851,60.649815N,24.804928E,90,22.8,158
7470,T,260803,062852,60.649761N,24.804974E,90,22.9,157
7471,T,260803,062853,60.649708N,24.805016E,90,23.0,158
7472,T,260803,062854,60.649654N,24.805061E,90,23.1,157
7473,T,260803,062855,60.649601N,24.805105E,90,23.2,157
7474,T,260803,062856,60.649548N,24.805149E,90,23.2,157
7475,T,260803,062857,60.649490N,24.805197E,90,23.8,157
7476,T,260803,062858,60.649441N,24.805241E,90,23.3,157
7477,T,260803,062859,60.649384N,24.805285E,90,23.3,157
7478,T,260803,062900,60.649326N,24.805330E,89,23.4,157
7479,T,260803,062901,60.649277N,24.805378E,89,23.5,156
7480,T,260803,062902,60.649220N,24.805424E,89,23.9,156
7481,T,260803,062903,60.649166N,24.805473E,89,23.9,156
7482,T,260803,062904,60.649113N,24.805523E,89,24.2,156
7483,T,260803,062905,60.649052N,24.805571E,90,24.6,157
7484,T,260803,062906,60.648994N,24.805618E,89,24.7,157
7485,T,260803,062907,60.648941N,24.805666E,89,24.7,157
7486,T,260803,062908,60.648880N,24.805716E,89,24.8,157
7487,T,260803,062909,60.648823N,24.805765E,89,25.1,157
7488,T,260803,062910,60.648766N,24.805819E,89,25.2,157
7489,T,260803,062911,60.648708N,24.805866E,89,25.5,157
7490,T,260803,062912,60.648647N,24.805916E,89,25.5,157
7491,T,260803,062913,60.648586N,24.805967E,89,25.5,157
7492,T,260803,062914,60.648529N,24.806019E,89,25.7,157
7493,T,260803,062915,60.648472N,24.806070E,89,25.8,157
7494,T,260803,062916,60.648407N,24.806124E,89,26.3,157
7495,T,260803,062917,60.648350N,24.806171E,89,26.3,158
7496,T,260803,062918,60.648289N,24.806225E,89,26.4,158
7497,T,260803,062919,60.648228N,24.806274E,89,26.5,158
7498,T,260803,062920,60.648163N,24.806326E,89,26.9,158
7499,T,260803,062921,60.648102N,24.806377E,89,27.2,158
7500,T,260803,062922,60.648041N,24.806429E,89,27.4,158
7501,T,260803,062923,60.647976N,24.806480E,89,27.7,158
7502,T,260803,062924,60.647911N,24.806530E,88,27.7,159
7503,T,260803,062925,60.647842N,24.806581E,88,27.8,159
7504,T,260803,062926,60.647781N,24.806631E,88,27.7,159
7505,T,260803,062927,60.647717N,24.806681E,88,27.7,159
7506,T,260803,062928,60.647652N,24.806730E,88,27.5,159
7507,T,260803,062929,60.647587N,24.806778E,88,27.5,159
7508,T,260803,062930,60.647518N,24.806824E,88,26.9,160
7509,T,260803,062931,60.647461N,24.806870E,88,26.6,160
7510,T,260803,062932,60.647396N,24.806915E,88,26.0,159
7511,T,260803,062933,60.647335N,24.806961E,88,25.6,159
7512,T,260803,062934,60.647270N,24.807005E,88,25.7,160
7513,T,260803,062935,60.647213N,24.807049E,88,25.8,160
7514,T,260803,062936,60.647152N,24.807095E,88,25.9,160
7515,T,260803,062937,60.647087N,24.807137E,88,26.1,160
7516,T,260803,062938,60.647030N,24.807180E,87,26.4,161
7517,T,260803,062939,60.646965N,24.807224E,87,26.7,161
7518,T,260803,062940,60.646900N,24.807266E,87,26.7,161
7519,T,260803,062941,60.646835N,24.807310E,87,26.7,161
7520,T,260803,062942,60.646770N,24.807356E,87,26.7,161
7521,T,260803,062943,60.646713N,24.807396E,87,26.5,161
7522,T,260803,062944,60.646648N,24.807440E,87,26.5,161
7523,T,260803,062945,60.646587N,24.807484E,87,26.4,161
7524,T,260803,062946,60.646523N,24.807522E,87,26.3,161
7525,T,260803,062947,60.646465N,24.807562E,87,25.9,162
7526,T,260803,062948,60.646400N,24.807598E,87,25.8,162
7527,T,260803,062949,60.646339N,24.807636E,87,25.7,162
7528,T,260803,062950,60.646278N,24.807671E,87,25.7,162
7529,T,260803,062951,60.646217N,24.807707E,87,25.7,163
7530,T,260803,062952,60.646156N,24.807743E,87,25.8,163
7531,T,260803,062953,60.646091N,24.807783E,87,26.1,162
7532,T,260803,062954,60.646030N,24.807823E,87,26.2,162
7533,T,260803,062955,60.645969N,24.807861E,87,26.2,162
7534,T,260803,062956,60.645905N,24.807899E,87,26.4,162
7535,T,260803,062957,60.645840N,24.807938E,87,26.4,163
7536,T,260803,062958,60.645775N,24.807978E,86,26.5,163
7537,T,260803,062959,60.645714N,24.808016E,86,26.6,163
7538,T,260803,063000,60.645649N,24.808056E,86,26.9,163
7539,T,260803,063001,60.645584N,24.808094E,86,26.9,163
7540,T,260803,063002,60.645519N,24.808132E,86,27.0,164
7541,T,260803,063003,60.645451N,24.808168E,86,27.1,164
7542,T,260803,063004,60.645390N,24.808205E,86,27.2,164
7543,T,260803,063005,60.645321N,24.808243E,86,27.3,164
7544,T,260803,063006,60.645256N,24.808281E,86,27.4,164
7545,T,260803,063007,60.645191N,24.808317E,86,27.4,164
7546,T,260803,063008,60.645123N,24.808355E,86,27.4,164
7547,T,260803,063009,60.645061N,24.808392E,86,27.4,164
7548,T,260803,063010,60.644993N,24.808426E,86,27.4,165
7549,T,260803,063011,60.644928N,24.808462E,86,27.3,165
7550,T,260803,063012,60.644859N,24.808496E,86,27.0,165
7551,T,260803,063013,60.644794N,24.808533E,86,26.7,165
7552,T,260803,063014,60.644733N,24.808563E,86,26.3,165
7553,T,260803,063015,60.644669N,24.808596E,86,25.9,165
7554,T,260803,063016,60.644604N,24.808628E,87,25.6,165
7555,T,260803,063017,60.644543N,24.808661E,87,25.5,165
7556,T,260803,063018,60.644482N,24.808693E,87,25.2,166
7557,T,260803,063019,60.644421N,24.808723E,87,25.2,166
7558,T,260803,063020,60.644360N,24.808750E,87,25.0,166
7559,T,260803,063021,60.644299N,24.808779E,87,24.9,166
7560,T,260803,063022,60.644241N,24.808805E,88,24.9,166
7561,T,260803,063023,60.644180N,24.808834E,88,24.6,167
7562,T,260803,063024,60.644119N,24.808861E,87,24.4,167
7563,T,260803,063025,60.644066N,24.808889E,87,24.0,167
7564,T,260803,063026,60.644009N,24.808920E,87,24.0,166
7565,T,260803,063027,60.643948N,24.808950E,87,24.1,166
7566,T,260803,063028,60.643887N,24.808981E,87,24.2,166
7567,T,260803,063029,60.643833N,24.809008E,88,24.1,166
7568,T,260803,063030,60.643772N,24.809036E,87,23.7,166
7569,T,260803,063031,60.643715N,24.809065E,87,23.7,166
7570,T,260803,063032,60.643658N,24.809092E,88,23.6,167
7571,T,260803,063033,60.643600N,24.809118E,88,23.6,167
7572,T,260803,063034,60.643539N,24.809141E,88,23.6,168
7573,T,260803,063035,60.643482N,24.809168E,88,23.7,168
7574,T,260803,063036,60.643429N,24.809195E,88,23.7,168
7575,T,260803,063037,60.643368N,24.809217E,87,23.7,168
7576,T,260803,063038,60.643311N,24.809242E,87,23.8,168
7577,T,260803,063039,60.643253N,24.809263E,87,23.9,168
7578,T,260803,063040,60.643192N,24.809288E,87,23.9,168
7579,T,260803,063041,60.643135N,24.809313E,87,24.0,169
7580,T,260803,063042,60.643078N,24.809336E,87,24.0,168
7581,T,260803,063043,60.643017N,24.809359E,86,24.1,169
7582,T,260803,063044,60.642960N,24.809380E,86,24.1,169
7583,T,260803,063045,60.642899N,24.809402E,86,24.1,169
7584,T,260803,063046,60.642841N,24.809423E,86,24.1,169
7585,T,260803,063047,60.642780N,24.809448E,85,24.2,169
7586,T,260803,063048,60.642719N,24.809467E,85,24.1,169
7587,T,260803,063049,60.642658N,24.809486E,85,24.1,169
7588,T,260803,063050,60.642605N,24.809509E,85,24.0,169
7589,T,260803,063051,60.642544N,24.809534E,84,24.0,170
7590,T,260803,063052,60.642483N,24.809555E,84,24.0,170
7591,T,260803,063053,60.642429N,24.809576E,84,24.0,170
7592,T,260803,063054,60.642365N,24.809595E,84,24.0,170
7593,T,260803,063055,60.642303N,24.809614E,84,24.1,171
7594,T,260803,063056,60.642242N,24.809631E,84,24.2,171
7595,T,260803,063057,60.642181N,24.809650E,84,24.3,170
7596,T,260803,063058,60.642120N,24.809668E,83,24.4,170
7597,T,260803,063059,60.642059N,24.809687E,83,24.4,171
7598,T,260803,063100,60.641998N,24.809704E,83,24.5,171
7599,T,260803,063101,60.641941N,24.809725E,82,24.5,170
7600,T,260803,063102,60.641880N,24.809742E,82,24.5,171
7601,T,260803,063103,60.641819N,24.809761E,82,24.5,171
7602,T,260803,063104,60.641754N,24.809778E,82,24.6,171
7603,T,260803,063105,60.641693N,24.809795E,82,24.6,171
7604,T,260803,063106,60.641628N,24.809813E,82,24.6,172
7605,T,260803,063107,60.641567N,24.809830E,82,24.6,172
7606,T,260803,063108,60.641502N,24.809849E,83,24.6,171
7607,T,260803,063109,60.641441N,24.809868E,83,24.6,171
7608,T,260803,063110,60.641380N,24.809883E,83,24.5,172
7609,T,260803,063111,60.641315N,24.809898E,84,24.5,172
7610,T,260803,063112,60.641251N,24.809916E,84,24.5,172
7611,T,260803,063113,60.641193N,24.809933E,84,24.4,172
7612,T,260803,063114,60.641129N,24.809946E,84,24.4,172
7613,T,260803,063115,60.641071N,24.809961E,84,24.4,172
7614,T,260803,063116,60.641006N,24.809977E,84,24.5,173
7615,T,260803,063117,60.640945N,24.809990E,84,24.8,173
7616,T,260803,063118,60.640884N,24.810003E,84,24.8,173
7617,T,260803,063119,60.640820N,24.810017E,83,24.7,173
7618,T,260803,063120,60.640759N,24.810030E,83,24.7,173
7619,T,260803,063121,60.640701N,24.810045E,83,24.6,172
7620,T,260803,063122,60.640636N,24.810062E,83,24.5,172
7621,T,260803,063123,60.640575N,24.810076E,83,24.5,173
7622,T,260803,063124,60.640511N,24.810089E,83,24.5,173
7623,T,260803,063125,60.640453N,24.810102E,83,24.5,174
7624,T,260803,063126,60.640392N,24.810112E,83,24.5,174
7625,T,260803,063127,60.640327N,24.810122E,84,24.5,174
7626,T,260803,063128,60.640266N,24.810137E,84,24.4,174
7627,T,260803,063129,60.640209N,24.810146E,84,24.4,174
7628,T,260803,063130,60.640148N,24.810158E,83,24.0,174
7629,T,260803,063131,60.640087N,24.810165E,83,24.0,175
7630,T,260803,063132,60.640030N,24.810177E,83,24.4,175
7631,T,260803,063133,60.639969N,24.810188E,82,24.1,174
7632,T,260803,063134,60.639908N,24.810200E,82,24.1,175
7633,T,260803,063135,60.639847N,24.810211E,81,24.0,174
7634,T,260803,063136,60.639790N,24.810221E,81,24.4,175
7635,T,260803,063137,60.639729N,24.810228E,81,24.3,176
7636,T,260803,063138,60.639668N,24.810236E,80,23.8,176
7637,T,260803,063139,60.639606N,24.810246E,80,23.8,176
7638,T,260803,063140,60.639549N,24.810255E,79,23.9,176
7639,T,260803,063141,60.639488N,24.810266E,79,23.6,176
7640,T,260803,063142,60.639427N,24.810276E,78,23.7,176
7641,T,260803,063143,60.639366N,24.810284E,78,23.8,176
7642,T,260803,063144,60.639309N,24.810291E,77,23.9,176
7643,T,260803,063145,60.639248N,24.810299E,77,23.9,176
7644,T,260803,063146,60.639187N,24.810305E,76,23.9,176
7645,T,260803,063147,60.639130N,24.810312E,76,24.0,176
7646,T,260803,063148,60.639069N,24.810318E,75,24.0,177
7647,T,260803,063149,60.639004N,24.810324E,74,23.9,177
7648,T,260803,063150,60.638943N,24.810328E,74,23.8,177
7649,T,260803,063151,60.638882N,24.810335E,73,23.8,177
7650,T,260803,063152,60.638817N,24.810347E,73,23.7,177
7651,T,260803,063153,60.638756N,24.810354E,73,23.7,177
7652,T,260803,063154,60.638695N,24.810362E,72,23.6,177
7653,T,260803,063155,60.638638N,24.810368E,72,23.6,176
7654,T,260803,063156,60.638577N,24.810373E,71,23.6,177
7655,T,260803,063157,60.638519N,24.810381E,71,23.7,178
7656,T,260803,063158,60.638458N,24.810385E,70,23.7,178
7657,T,260803,063159,60.638397N,24.810389E,69,24.0,178
7658,T,260803,063200,60.638336N,24.810396E,69,24.1,177
7659,T,260803,063201,60.638275N,24.810402E,68,24.1,177
7660,T,260803,063202,60.638206N,24.810410E,69,24.2,177
7661,T,260803,063203,60.638149N,24.810415E,69,24.3,177
7662,T,260803,063204,60.638088N,24.810425E,67,24.2,177
7663,T,260803,063205,60.638027N,24.810429E,67,24.2,177
7664,T,260803,063206,60.637962N,24.810436E,67,24.1,177
7665,T,260803,063207,60.637901N,24.810442E,67,24.1,177
7666,T,260803,063208,60.637840N,24.810448E,67,24.1,177
7667,T,260803,063209,60.637775N,24.810453E,66,24.2,177
7668,T,260803,063210,60.637714N,24.810455E,66,24.3,178
7669,T,260803,063211,60.637653N,24.810463E,66,24.3,178
7670,T,260803,063212,60.637592N,24.810467E,65,24.4,177
7671,T,260803,063213,60.637524N,24.810474E,65,24.4,177
7672,T,260803,063214,60.637459N,24.810480E,65,24.5,177
7673,T,260803,063215,60.637402N,24.810484E,65,24.6,177
7674,T,260803,063216,60.637337N,24.810488E,65,24.6,177
7675,T,260803,063217,60.637272N,24.810493E,65,24.9,178
7676,T,260803,063218,60.637207N,24.810495E,65,24.8,178
7677,T,260803,063219,60.637142N,24.810497E,65,24.8,178
7678,T,260803,063220,60.637081N,24.810505E,64,24.7,178
7679,T,260803,063221,60.637016N,24.810516E,64,24.7,177
7680,T,260803,063222,60.636951N,24.810524E,64,24.7,177
7681,T,260803,063223,60.636879N,24.810530E,64,24.7,177
7682,T,260803,063224,60.636806N,24.810535E,66,25.2,177
7683,T,260803,063225,60.636742N,24.810543E,68,25.2,177
7684,T,260803,063226,60.636677N,24.810549E,68,25.3,177
7685,T,260803,063227,60.636604N,24.810556E,69,25.3,177
7686,T,260803,063228,60.636539N,24.810560E,70,25.3,177
7687,T,260803,063229,60.636471N,24.810564E,71,25.3,177
7688,T,260803,063230,60.636398N,24.810570E,72,25.4,177
7689,T,260803,063231,60.636337N,24.810575E,73,25.4,177
7690,T,260803,063232,60.636272N,24.810577E,73,25.4,177
7691,T,260803,063233,60.636204N,24.810583E,74,25.4,177
7692,T,260803,063234,60.636139N,24.810595E,74,25.3,177
7693,T,260803,063235,60.636082N,24.810600E,74,25.2,177
7694,T,260803,063236,60.636017N,24.810604E,74,25.2,177
7695,T,260803,063237,60.635952N,24.810608E,74,25.1,177
7696,T,260803,063238,60.635887N,24.810614E,74,24.8,177
7697,T,260803,063239,60.635826N,24.810617E,74,24.7,177
7698,T,260803,063240,60.635765N,24.810623E,75,24.7,177
7699,T,260803,063241,60.635704N,24.810629E,75,24.3,177
7700,T,260803,063242,60.635639N,24.810633E,76,24.3,177
7701,T,260803,063243,60.635574N,24.810637E,76,24.2,178
7702,T,260803,063244,60.635513N,24.810640E,77,24.3,177
7703,T,260803,063245,60.635452N,24.810644E,77,24.4,177
7704,T,260803,063246,60.635387N,24.810650E,78,24.5,177
7705,T,260803,063247,60.635323N,24.810656E,78,24.5,177
7706,T,260803,063248,60.635265N,24.810658E,79,24.2,177
7707,T,260803,063249,60.635204N,24.810661E,79,23.8,177
7708,T,260803,063250,60.635143N,24.810665E,79,23.8,177
7709,T,260803,063251,60.635078N,24.810673E,80,23.8,177
7710,T,260803,063252,60.635021N,24.810677E,80,23.5,177
7711,T,260803,063253,60.634960N,24.810684E,80,23.5,177
7712,T,260803,063254,60.634899N,24.810688E,81,23.6,177
7713,T,260803,063255,60.634838N,24.810696E,81,23.5,177
7714,T,260803,063256,60.634781N,24.810699E,82,23.4,177
7715,T,260803,063257,60.634720N,24.810705E,82,23.1,177
7716,T,260803,063258,60.634659N,24.810713E,82,22.8,177
7717,T,260803,063259,60.634605N,24.810717E,83,22.7,177
7718,T,260803,063300,60.634548N,24.810722E,83,22.6,177
7719,T,260803,063301,60.634491N,24.810724E,84,22.1,177
7720,T,260803,063302,60.634438N,24.810730E,84,21.4,177
7721,T,260803,063303,60.634384N,24.810734E,84,20.8,177
7722,T,260803,063304,60.634331N,24.810738E,84,20.6,177
7723,T,260803,063305,60.634285N,24.810743E,84,20.1,177
7724,T,260803,063306,60.634235N,24.810747E,84,20.0,177
7725,T,260803,063307,60.634186N,24.810753E,84,19.9,177
7726,T,260803,063308,60.634136N,24.810757E,85,19.9,177
7727,T,260803,063309,60.634087N,24.810762E,85,19.8,177
7728,T,260803,063310,60.634041N,24.810766E,85,19.7,177
7729,T,260803,063311,60.633991N,24.810772E,84,19.7,177
7730,T,260803,063312,60.633942N,24.810776E,84,19.7,177
7731,T,260803,063313,60.633892N,24.810778E,84,19.7,177
7732,T,260803,063314,60.633839N,24.810783E,85,19.7,177
7733,T,260803,063315,60.633793N,24.810785E,85,19.8,177
7734,T,260803,063316,60.633739N,24.810789E,85,20.4,177
7735,T,260803,063317,60.633690N,24.810793E,85,20.5,178
7736,T,260803,063318,60.633636N,24.810797E,85,20.5,178
7737,T,260803,063319,60.633583N,24.810799E,85,20.6,178
7738,T,260803,063320,60.633533N,24.810804E,85,20.7,177
7739,T,260803,063321,60.633480N,24.810808E,85,20.8,177
7740,T,260803,063322,60.633427N,24.810814E,85,21.1,177
7741,T,260803,063323,60.633373N,24.810816E,86,20.8,177
7742,T,260803,063324,60.633320N,24.810822E,85,20.7,177
7743,T,260803,063325,60.633266N,24.810825E,86,20.7,177
7744,T,260803,063326,60.633217N,24.810831E,86,20.6,177
7745,T,260803,063327,60.633163N,24.810837E,86,20.3,177
7746,T,260803,063328,60.633114N,24.810844E,86,20.4,177
7747,T,260803,063329,60.633060N,24.810854E,86,21.1,177
7748,T,260803,063330,60.633007N,24.810858E,86,20.8,177
7749,T,260803,063331,60.632957N,24.810863E,86,20.4,177
7750,T,260803,063332,60.632904N,24.810865E,85,19.9,178
7751,T,260803,063333,60.632854N,24.810871E,85,19.9,178
7752,T,260803,063334,60.632805N,24.810877E,85,19.9,178
7753,T,260803,063335,60.632755N,24.810879E,85,19.8,178
7754,T,260803,063336,60.632710N,24.810884E,84,19.8,178
7755,T,260803,063337,60.632660N,24.810883E,84,19.8,179
7756,T,260803,063338,60.632607N,24.810879E,84,19.8,181
7757,T,260803,063339,60.632557N,24.810875E,84,20.2,182
7758,T,260803,063340,60.632504N,24.810867E,83,20.4,183
7759,T,260803,063341,60.632450N,24.810863E,83,20.4,183
7760,T,260803,063342,60.632397N,24.810860E,84,21.0,183
7761,T,260803,063343,60.632339N,24.810858E,84,21.0,181
7762,T,260803,063344,60.632290N,24.810863E,85,21.0,181
7763,T,260803,063345,60.632233N,24.810867E,85,21.1,179
7764,T,260803,063346,60.632179N,24.810875E,85,21.1,178
7765,T,260803,063347,60.632130N,24.810877E,85,21.3,177
7766,T,260803,063348,60.632072N,24.810883E,85,21.3,177
7767,T,260803,063349,60.632019N,24.810888E,85,21.4,176
7768,T,260803,063350,60.631966N,24.810894E,85,21.5,177
7769,T,260803,063351,60.631912N,24.810898E,85,21.6,176
7770,T,260803,063352,60.631855N,24.810902E,85,21.6,177
7771,T,260803,063353,60.631805N,24.810905E,85,21.9,177
7772,T,260803,063354,60.631748N,24.810913E,85,22.1,177
7773,T,260803,063355,60.631691N,24.810921E,85,22.0,177
7774,T,260803,063356,60.631638N,24.810928E,85,21.9,177
7775,T,260803,063357,60.631580N,24.810936E,85,21.9,177
7776,T,260803,063358,60.631527N,24.810942E,85,22.2,177
7777,T,260803,063359,60.631474N,24.810946E,85,22.3,178
7778,T,260803,063400,60.631416N,24.810947E,84,22.8,178
7779,T,260803,063401,60.631355N,24.810953E,84,22.9,178
7780,T,260803,063402,60.631302N,24.810961E,84,23.0,177
7781,T,260803,063403,60.631241N,24.810966E,84,23.4,177
7782,T,260803,063404,60.631180N,24.810972E,84,23.5,177
7783,T,260803,063405,60.631119N,24.810976E,84,23.5,177
7784,T,260803,063406,60.631062N,24.810982E,84,23.8,177
7785,T,260803,063407,60.631001N,24.810986E,84,24.1,177
7786,T,260803,063408,60.630939N,24.810995E,84,24.1,177
7787,T,260803,063409,60.630878N,24.811001E,84,24.2,177
7788,T,260803,063410,60.630821N,24.811007E,84,24.3,176
7789,T,260803,063411,60.630756N,24.811016E,83,24.6,176
7790,T,260803,063412,60.630695N,24.811028E,83,24.3,174
7791,T,260803,063413,60.630634N,24.811045E,83,23.6,173
7792,T,260803,063414,60.630581N,24.811062E,83,22.9,171
7793,T,260803,063415,60.630524N,24.811075E,82,22.5,172
7794,T,260803,063416,60.630466N,24.811077E,82,22.5,172
7795,T,260803,063417,60.630413N,24.811081E,82,22.3,174
7796,T,260803,063418,60.630356N,24.811085E,82,22.3,175
7797,T,260803,063419,60.630299N,24.811092E,81,22.3,176
7798,T,260803,063420,60.630245N,24.811096E,81,23.0,177
7799,T,260803,063421,60.630184N,24.811098E,81,23.5,178
7800,T,260803,063422,60.630127N,24.811100E,81,23.9,178
7801,T,260803,063423,60.630062N,24.811104E,81,24.3,178
7802,T,260803,063424,60.630005N,24.811104E,81,24.8,178
7803,T,260803,063425,60.629940N,24.811106E,81,25.1,178
7804,T,260803,063426,60.629879N,24.811111E,81,25.2,178
7805,T,260803,063427,60.629814N,24.811115E,81,25.6,177
7806,T,260803,063428,60.629753N,24.811123E,80,25.7,177
7807,T,260803,063429,60.629684N,24.811125E,80,26.2,177
7808,T,260803,063430,60.629620N,24.811127E,80,26.3,177
7809,T,260803,063431,60.629551N,24.811131E,80,26.7,178
7810,T,260803,063432,60.629482N,24.811136E,80,27.2,177
7811,T,260803,063433,60.629417N,24.811138E,80,26.8,177
7812,T,260803,063434,60.629349N,24.811144E,80,26.4,177
7813,T,260803,063435,60.629280N,24.811148E,80,25.9,177
7814,T,260803,063436,60.629219N,24.811155E,80,25.5,177
7815,T,260803,063437,60.629150N,24.811159E,80,25.8,177
7816,T,260803,063438,60.629089N,24.811165E,80,25.8,177
7817,T,260803,063439,60.629025N,24.811171E,79,25.9,177
7818,T,260803,063440,60.628960N,24.811176E,80,25.8,177
7819,T,260803,063441,60.628895N,24.811178E,79,25.4,178
7820,T,260803,063442,60.628834N,24.811184E,80,25.3,178
7821,T,260803,063443,60.628769N,24.811188E,80,25.2,177
7822,T,260803,063444,60.628708N,24.811195E,80,25.1,177
7823,T,260803,063445,60.628643N,24.811205E,80,25.0,177
7824,T,260803,063446,60.628578N,24.811211E,80,24.9,177
7825,T,260803,063447,60.628517N,24.811216E,80,24.9,177
7826,T,260803,063448,60.628452N,24.811224E,80,24.8,177
7827,T,260803,063449,60.628391N,24.811230E,81,24.4,177
7828,T,260803,063450,60.628326N,24.811235E,81,24.3,177
7829,T,260803,063451,60.628269N,24.811241E,82,24.0,177
7830,T,260803,063452,60.628204N,24.811247E,82,24.1,177
7831,T,260803,063453,60.628143N,24.811255E,82,24.1,177
7832,T,260803,063454,60.628082N,24.811260E,82,24.2,177
7833,T,260803,063455,60.628025N,24.811264E,82,24.3,177
7834,T,260803,063456,60.627960N,24.811272E,82,24.3,177
7835,T,260803,063457,60.627899N,24.811281E,82,24.3,177
7836,T,260803,063458,60.627838N,24.811289E,83,24.2,177
7837,T,260803,063459,60.627781N,24.811296E,83,23.9,177
7838,T,260803,063500,60.627716N,24.811302E,83,23.9,177
7839,T,260803,063501,60.627655N,24.811308E,84,23.8,177
7840,T,260803,063502,60.627598N,24.811314E,84,23.7,177
7841,T,260803,063503,60.627541N,24.811316E,84,23.6,177
7842,T,260803,063504,60.627480N,24.811321E,84,23.6,177
7843,T,260803,063505,60.627419N,24.811331E,84,23.5,177
7844,T,260803,063506,60.627361N,24.811337E,85,23.6,177
7845,T,260803,063507,60.627300N,24.811342E,85,23.6,177
7846,T,260803,063508,60.627239N,24.811346E,85,23.6,177
7847,T,260803,063509,60.627186N,24.811350E,85,23.7,177
7848,T,260803,063510,60.627125N,24.811356E,85,23.7,177
7849,T,260803,063511,60.627064N,24.811361E,85,23.7,177
7850,T,260803,063512,60.627003N,24.811365E,86,23.7,177
7851,T,260803,063513,60.626945N,24.811373E,86,23.7,177
7852,T,260803,063514,60.626888N,24.811377E,86,23.8,177
7853,T,260803,063515,60.626827N,24.811382E,86,23.8,177
7854,T,260803,063516,60.626766N,24.811386E,86,24.2,177
7855,T,260803,063517,60.626709N,24.811388E,86,24.2,177
7856,T,260803,063518,60.626648N,24.811396E,86,24.3,177
7857,T,260803,063519,60.626587N,24.811399E,86,24.2,177
7858,T,260803,063520,60.626530N,24.811403E,85,24.1,177
7859,T,260803,063521,60.626469N,24.811405E,85,24.0,177
7860,T,260803,063522,60.626408N,24.811413E,85,24.0,178
7861,T,260803,063523,60.626347N,24.811417E,85,24.0,178
7862,T,260803,063524,60.626289N,24.811420E,85,24.3,178
7863,T,260803,063525,60.626228N,24.811424E,84,24.3,178
7864,T,260803,063526,60.626167N,24.811428E,84,24.6,178
7865,T,260803,063527,60.626102N,24.811434E,84,24.7,178
7866,T,260803,063528,60.626045N,24.811438E,83,24.8,178
7867,T,260803,063529,60.625984N,24.811443E,83,25.1,177
7868,T,260803,063530,60.625919N,24.811449E,82,25.1,177
7869,T,260803,063531,60.625858N,24.811457E,82,25.2,177
7870,T,260803,063532,60.625793N,24.811462E,82,25.3,177
7871,T,260803,063533,60.625729N,24.811468E,81,25.7,177
7872,T,260803,063534,60.625668N,24.811474E,81,25.7,177
7873,T,260803,063535,60.625599N,24.811478E,80,25.8,177
7874,T,260803,063536,60.625538N,24.811483E,80,25.9,177
7875,T,260803,063537,60.625473N,24.811489E,79,25.9,177
7876,T,260803,063538,60.625408N,24.811497E,79,26.0,177
7877,T,260803,063539,60.625340N,24.811502E,79,26.1,177
7878,T,260803,063540,60.625275N,24.811506E,79,26.2,177
7879,T,260803,063541,60.625210N,24.811512E,79,26.2,178
7880,T,260803,063542,60.625145N,24.811516E,79,26.2,178
7881,T,260803,063543,60.625076N,24.811520E,79,25.9,177
7882,T,260803,063544,60.625011N,24.811525E,79,25.7,177
7883,T,260803,063545,60.624950N,24.811531E,78,25.3,177
7884,T,260803,063546,60.624889N,24.811537E,78,25.2,177
7885,T,260803,063547,60.624825N,24.811543E,78,24.7,177
7886,T,260803,063548,60.624763N,24.811546E,78,24.7,177
7887,T,260803,063549,60.624699N,24.811554E,78,24.3,177
7888,T,260803,063550,60.624641N,24.811556E,78,24.2,177
7889,T,260803,063551,60.624580N,24.811560E,78,23.9,178
7890,T,260803,063552,60.624519N,24.811563E,78,23.8,177
7891,T,260803,063553,60.624458N,24.811571E,78,23.7,177
7892,T,260803,063554,60.624401N,24.811579E,78,23.7,177
7893,T,260803,063555,60.624340N,24.811581E,78,23.7,177
7894,T,260803,063556,60.624279N,24.811586E,78,23.7,177
7895,T,260803,063557,60.624222N,24.811594E,78,23.7,177
7896,T,260803,063558,60.624165N,24.811598E,78,23.7,177
7897,T,260803,063559,60.624104N,24.811604E,78,23.7,177
7898,T,260803,063600,60.624046N,24.811611E,77,23.7,177
7899,T,260803,063601,60.623989N,24.811617E,77,23.7,177
7900,T,260803,063602,60.623928N,24.811623E,77,23.7,177
7901,T,260803,063603,60.623867N,24.811628E,77,24.0,177
7902,T,260803,063604,60.623802N,24.811636E,78,24.1,177
7903,T,260803,063605,60.623745N,24.811640E,78,24.2,177
7904,T,260803,063606,60.623684N,24.811644E,78,24.2,178
7905,T,260803,063607,60.623623N,24.811647E,78,24.2,177
7906,T,260803,063608,60.623566N,24.811651E,78,24.1,177
7907,T,260803,063609,60.623501N,24.811657E,78,24.1,177
7908,T,260803,063610,60.623440N,24.811661E,79,24.0,177
7909,T,260803,063611,60.623379N,24.811665E,79,24.0,177
7910,T,260803,063612,60.623318N,24.811672E,79,23.9,177
7911,T,260803,063613,60.623257N,24.811676E,80,23.8,177
7912,T,260803,063614,60.623196N,24.811684E,80,23.8,177
7913,T,260803,063615,60.623135N,24.811689E,80,23.8,177
7914,T,260803,063616,60.623077N,24.811691E,80,23.8,177
7915,T,260803,063617,60.623016N,24.811695E,81,23.8,178
7916,T,260803,063618,60.622955N,24.811701E,81,23.8,178
7917,T,260803,063619,60.622894N,24.811705E,81,23.9,178
7918,T,260803,063620,60.622833N,24.811708E,81,23.9,178
7919,T,260803,063621,60.622772N,24.811712E,81,24.0,177
7920,T,260803,063622,60.622711N,24.811718E,81,24.0,177
7921,T,260803,063623,60.622650N,24.811724E,82,24.1,178
7922,T,260803,063624,60.622593N,24.811724E,82,24.2,178
7923,T,260803,063625,60.622528N,24.811722E,82,24.2,179
7924,T,260803,063626,60.622467N,24.811722E,82,24.3,180
7925,T,260803,063627,60.622410N,24.811722E,82,24.4,180
7926,T,260803,063628,60.622349N,24.811722E,82,24.3,180
7927,T,260803,063629,60.622288N,24.811718E,82,24.2,180
7928,T,260803,063630,60.622227N,24.811720E,81,24.2,180
7929,T,260803,063631,60.622169N,24.811722E,81,24.1,180
7930,T,260803,063632,60.622108N,24.811724E,81,24.0,180
7931,T,260803,063633,60.622047N,24.811724E,81,24.0,179
7932,T,260803,063634,60.621983N,24.811724E,81,24.0,179
7933,T,260803,063635,60.621929N,24.811724E,81,24.0,179
7934,T,260803,063636,60.621868N,24.811726E,81,24.0,178
7935,T,260803,063637,60.621807N,24.811733E,81,24.0,177
7936,T,260803,063638,60.621754N,24.811743E,80,23.9,177
7937,T,260803,063639,60.621693N,24.811747E,80,23.6,177
7938,T,260803,063640,60.621632N,24.811756E,80,23.6,177
7939,T,260803,063641,60.621571N,24.811764E,80,23.5,176
7940,T,260803,063642,60.621517N,24.811769E,80,23.5,176
7941,T,260803,063643,60.621460N,24.811777E,80,23.4,176
7942,T,260803,063644,60.621399N,24.811787E,80,23.4,176
7943,T,260803,063645,60.621342N,24.811794E,80,23.5,176
7944,T,260803,063646,60.621284N,24.811802E,80,23.5,176
7945,T,260803,063647,60.621227N,24.811811E,80,23.4,175
7946,T,260803,063648,60.621166N,24.811823E,80,23.1,175
7947,T,260803,063649,60.621113N,24.811832E,80,23.0,175
7948,T,260803,063650,60.621056N,24.811842E,80,22.9,174
7949,T,260803,063651,60.620998N,24.811853E,80,22.8,174
7950,T,260803,063652,60.620945N,24.811863E,80,22.7,175
7951,T,260803,063653,60.620888N,24.811872E,80,22.7,175
7952,T,260803,063654,60.620831N,24.811884E,80,22.6,175
7953,T,260803,063655,60.620777N,24.811890E,80,22.6,176
7954,T,260803,063656,60.620720N,24.811897E,80,22.9,176
7955,T,260803,063657,60.620659N,24.811905E,80,22.9,177
7956,T,260803,063658,60.620605N,24.811911E,80,22.9,177
7957,T,260803,063659,60.620544N,24.811916E,80,23.0,177
7958,T,260803,063700,60.620487N,24.811926E,80,23.1,177
7959,T,260803,063701,60.620426N,24.811934E,81,23.2,177
7960,T,260803,063702,60.620369N,24.811937E,81,23.3,177
7961,T,260803,063703,60.620312N,24.811943E,81,23.3,177
7962,T,260803,063704,60.620251N,24.811949E,81,23.2,177
7963,T,260803,063705,60.620197N,24.811956E,81,23.1,177
7964,T,260803,063706,60.620140N,24.811962E,81,23.1,177
7965,T,260803,063707,60.620079N,24.811964E,81,23.1,177
7966,T,260803,063708,60.620026N,24.811972E,81,23.1,177
7967,T,260803,063709,60.619965N,24.811977E,81,23.5,177
7968,T,260803,063710,60.619904N,24.811983E,81,23.5,177
7969,T,260803,063711,60.619846N,24.811989E,81,23.4,177
7970,T,260803,063712,60.619789N,24.811989E,81,23.9,178
7971,T,260803,063713,60.619732N,24.811991E,82,22.7,178
7972,T,260803,063714,60.619671N,24.811998E,81,24.6,178
7973,T,260803,063715,60.619614N,24.812004E,81,24.5,178
7974,T,260803,063716,60.619553N,24.812008E,81,24.1,178
7975,T,260803,063717,60.619488N,24.812010E,81,24.0,178
7976,T,260803,063718,60.619431N,24.812016E,80,24.0,178
7977,T,260803,063719,60.619370N,24.812021E,80,23.5,177
7978,T,260803,063720,60.619312N,24.812025E,80,23.5,177
7979,T,260803,063721,60.619251N,24.812031E,80,23.1,178
7980,T,260803,063722,60.619198N,24.812037E,80,23.6,178
7981,T,260803,063723,60.619137N,24.812038E,80,23.6,178
7982,T,260803,063724,60.619076N,24.812042E,80,23.7,178
7983,T,260803,063725,60.619015N,24.812044E,80,23.3,178
7984,T,260803,063726,60.618961N,24.812044E,80,23.3,179
7985,T,260803,063727,60.618900N,24.812048E,80,23.0,179
7986,T,260803,063728,60.618843N,24.812050E,80,23.1,179
7987,T,260803,063729,60.618786N,24.812056E,80,23.7,178
7988,T,260803,063730,60.618729N,24.812057E,80,23.1,178
7989,T,260803,063731,60.618671N,24.812059E,80,23.1,178
7990,T,260803,063732,60.618610N,24.812061E,80,23.1,178
7991,T,260803,063733,60.618557N,24.812063E,80,23.3,179
7992,T,260803,063734,60.618492N,24.812063E,81,23.8,180
7993,T,260803,063735,60.618435N,24.812063E,81,23.8,180
7994,T,260803,063736,60.618378N,24.812063E,81,23.9,180
7995,T,260803,063737,60.618317N,24.812063E,81,23.9,180
7996,T,260803,063738,60.618256N,24.812056E,81,23.9,181
7997,T,260803,063739,60.618195N,24.812054E,81,23.9,181
7998,T,260803,063740,60.618137N,24.812048E,81,24.0,182
7999,T,260803,063741,60.618076N,24.812044E,81,23.9,182
8000,T,260803,063742,60.618015N,24.812038E,81,23.9,182
8001,T,260803,063743,60.617954N,24.812033E,82,23.8,182
8002,T,260803,063744,60.617901N,24.812023E,82,23.7,183
8003,T,260803,063745,60.617840N,24.812017E,82,23.7,183
8004,T,260803,063746,60.617779N,24.812010E,82,23.7,183
8005,T,260803,063747,60.617722N,24.812002E,82,23.8,183
8006,T,260803,063748,60.617661N,24.811993E,82,23.8,184
8007,T,260803,063749,60.617599N,24.811981E,82,23.8,184
8008,T,260803,063750,60.617538N,24.811972E,82,23.8,184
8009,T,260803,063751,60.617481N,24.811960E,82,23.8,185
8010,T,260803,063752,60.617424N,24.811949E,82,23.7,185
8011,T,260803,063753,60.617363N,24.811937E,82,23.7,185
8012,T,260803,063754,60.617306N,24.811926E,82,23.7,185
8013,T,260803,063755,60.617245N,24.811916E,82,23.7,185
8014,T,260803,063756,60.617188N,24.811905E,82,23.7,185
8015,T,260803,063757,60.617126N,24.811890E,82,23.7,185
8016,T,260803,063758,60.617073N,24.811878E,82,23.7,186
8017,T,260803,063759,60.617012N,24.811867E,82,23.7,186
8018,T,260803,063800,60.616951N,24.811853E,82,23.7,186
8019,T,260803,063801,60.616894N,24.811840E,82,23.7,186
8020,T,260803,063802,60.616837N,24.811829E,82,23.7,186
8021,T,260803,063803,60.616776N,24.811813E,82,23.7,187
8022,T,260803,063804,60.616718N,24.811796E,82,23.8,187
8023,T,260803,063805,60.616661N,24.811781E,82,23.9,187
8024,T,260803,063806,60.616600N,24.811764E,82,23.9,187
8025,T,260803,063807,60.616539N,24.811745E,82,24.0,187
8026,T,260803,063808,60.616482N,24.811728E,82,24.0,187
8027,T,260803,063809,60.616421N,24.811710E,82,23.9,188
8028,T,260803,063810,60.616364N,24.811691E,82,23.5,188
8029,T,260803,063811,60.616306N,24.811672E,82,23.4,189
8030,T,260803,063812,60.616249N,24.811657E,82,23.5,189
8031,T,260803,063813,60.616192N,24.811636E,82,23.4,189
8032,T,260803,063814,60.616135N,24.811617E,82,23.3,190
8033,T,260803,063815,60.616081N,24.811594E,82,23.2,190
8034,T,260803,063816,60.616024N,24.811571E,82,23.2,190
8035,T,260803,063817,60.615963N,24.811550E,82,23.5,190
8036,T,260803,063818,60.615910N,24.811525E,82,23.6,191
8037,T,260803,063819,60.615849N,24.811504E,82,23.3,191
8038,T,260803,063820,60.615791N,24.811480E,82,23.2,191
8039,T,260803,063821,60.615734N,24.811455E,82,23.1,192
8040,T,260803,063822,60.615681N,24.811424E,82,23.1,193
8041,T,260803,063823,60.615623N,24.811396E,82,23.2,194
8042,T,260803,063824,60.615566N,24.811365E,82,23.3,195
8043,T,260803,063825,60.615513N,24.811337E,82,23.3,195
8044,T,260803,063826,60.615452N,24.811304E,82,22.8,195
8045,T,260803,063827,60.615398N,24.811274E,82,22.7,196
8046,T,260803,063828,60.615345N,24.811241E,82,22.6,196
8047,T,260803,063829,60.615288N,24.811209E,82,22.2,196
8048,T,260803,063830,60.615234N,24.811176E,82,22.2,196
8049,T,260803,063831,60.615185N,24.811144E,83,22.2,196
8050,T,260803,063832,60.615128N,24.811111E,83,22.2,196
8051,T,260803,063833,60.615070N,24.811075E,83,22.0,197
8052,T,260803,063834,60.615021N,24.811041E,83,21.7,197
8053,T,260803,063835,60.614967N,24.811008E,83,21.6,197
8054,T,260803,063836,60.614918N,24.810976E,83,21.5,197
8055,T,260803,063837,60.614864N,24.810944E,83,21.5,197
8056,T,260803,063838,60.614811N,24.810911E,83,21.5,197
8057,T,260803,063839,60.614761N,24.810877E,83,21.5,197
8058,T,260803,063840,60.614708N,24.810844E,83,21.6,197
8059,T,260803,063841,60.614655N,24.810812E,84,21.9,197
8060,T,260803,063842,60.614605N,24.810776E,84,22.0,197
8061,T,260803,063843,60.614552N,24.810743E,84,22.0,197
8062,T,260803,063844,60.614498N,24.810711E,84,22.0,197
8063,T,260803,063845,60.614449N,24.810677E,84,22.0,198
8064,T,260803,063846,60.614395N,24.810642E,84,22.0,198
8065,T,260803,063847,60.614346N,24.810604E,84,21.5,199
8066,T,260803,063848,60.614292N,24.810572E,84,21.1,199
8067,T,260803,063849,60.614243N,24.810539E,84,21.0,198
8068,T,260803,063850,60.614193N,24.810507E,84,20.9,198
8069,T,260803,063851,60.614143N,24.810476E,84,20.8,198
8070,T,260803,063852,60.614094N,24.810442E,84,20.9,198
8071,T,260803,063853,60.614044N,24.810404E,84,21.0,199
8072,T,260803,063854,60.613995N,24.810366E,84,20.9,199
8073,T,260803,063855,60.613949N,24.810329E,85,21.0,200
8074,T,260803,063856,60.613899N,24.810295E,85,20.9,200
8075,T,260803,063857,60.613850N,24.810261E,85,20.5,200
8076,T,260803,063858,60.613800N,24.810223E,85,20.4,200
8077,T,260803,063859,60.613754N,24.810186E,85,20.3,200
8078,T,260803,063900,60.613708N,24.810154E,85,20.2,199
8079,T,260803,063901,60.613659N,24.810120E,85,20.3,199
8080,T,260803,063902,60.613609N,24.810083E,85,20.3,199
8081,T,260803,063903,60.613560N,24.810049E,85,20.7,198
8082,T,260803,063904,60.613510N,24.810017E,85,20.8,198
8083,T,260803,063905,60.613464N,24.809982E,85,20.9,198
8084,T,260803,063906,60.613411N,24.809946E,85,21.0,198
8085,T,260803,063907,60.613365N,24.809910E,86,21.2,198
8086,T,260803,063908,60.613312N,24.809874E,86,21.4,198
8087,T,260803,063909,60.613262N,24.809835E,86,21.4,199
8088,T,260803,063910,60.613216N,24.809795E,86,21.4,200
8089,T,260803,063911,60.613163N,24.809755E,86,21.2,200
8090,T,260803,063912,60.613117N,24.809713E,86,21.2,201
8091,T,260803,063913,60.613068N,24.809671E,86,21.1,202
8092,T,260803,063914,60.613022N,24.809628E,86,20.6,203
8093,T,260803,063915,60.612972N,24.809586E,86,21.1,203
8094,T,260803,063916,60.612923N,24.809546E,86,21.0,203
8095,T,260803,063917,60.612877N,24.809504E,86,21.0,203
8096,T,260803,063918,60.612827N,24.809464E,86,21.1,202
8097,T,260803,063919,60.612778N,24.809422E,87,21.5,202
8098,T,260803,063920,60.612728N,24.809378E,87,21.9,203
8099,T,260803,063921,60.612675N,24.809334E,87,22.0,203
8100,T,260803,063922,60.612629N,24.809288E,87,22.1,203
8101,T,260803,063923,60.612576N,24.809244E,87,22.5,203
8102,T,260803,063924,60.612522N,24.809196E,87,22.9,203
8103,T,260803,063925,60.612473N,24.809153E,88,22.8,203
8104,T,260803,063926,60.612419N,24.809105E,88,22.8,203
8105,T,260803,063927,60.612370N,24.809055E,88,22.8,203
8106,T,260803,063928,60.612316N,24.809011E,88,22.7,203
8107,T,260803,063929,60.612263N,24.808964E,88,22.6,203
8108,T,260803,063930,60.612213N,24.808918E,88,22.6,203
8109,T,260803,063931,60.612160N,24.808872E,88,22.2,203
8110,T,260803,063932,60.612110N,24.808826E,88,22.3,203
8111,T,260803,063933,60.612061N,24.808781E,88,22.4,203
8112,T,260803,063934,60.612007N,24.808737E,88,22.4,203
8113,T,260803,063935,60.611958N,24.808689E,88,22.4,203
8114,T,260803,063936,60.611904N,24.808643E,88,22.4,203
8115,T,260803,063937,60.611851N,24.808599E,88,22.4,203
8116,T,260803,063938,60.611801N,24.808554E,88,22.1,204
8117,T,260803,063939,60.611752N,24.808510E,88,22.1,203
8118,T,260803,063940,60.611698N,24.808464E,88,22.5,203
8119,T,260803,063941,60.611645N,24.808416E,88,22.5,203
8120,T,260803,063942,60.611591N,24.808369E,88,22.5,204
8121,T,260803,063943,60.611542N,24.808317E,88,22.7,204
8122,T,260803,063944,60.611488N,24.808271E,88,22.7,204
8123,T,260803,063945,60.611435N,24.808224E,88,22.6,203
8124,T,260803,063946,60.611385N,24.808178E,88,22.7,203
8125,T,260803,063947,60.611332N,24.808134E,89,22.8,202
8126,T,260803,063948,60.611279N,24.808086E,89,22.8,202
8127,T,260803,063949,60.611229N,24.808043E,89,22.8,203
8128,T,260803,063950,60.611176N,24.807997E,89,22.8,203
8129,T,260803,063951,60.611122N,24.807947E,88,22.7,204
8130,T,260803,063952,60.611073N,24.807903E,88,22.3,203
8131,T,260803,063953,60.611023N,24.807856E,88,22.3,204
8132,T,260803,063954,60.610973N,24.807812E,88,22.3,203
8133,T,260803,063955,60.610920N,24.807768E,88,22.4,203
8134,T,260803,063956,60.610870N,24.807724E,88,22.3,202
8135,T,260803,063957,60.610821N,24.807682E,88,22.2,202
8136,T,260803,063958,60.610767N,24.807638E,88,22.2,202
8137,T,260803,063959,60.610718N,24.807592E,88,22.3,203
8138,T,260803,064000,60.610664N,24.807545E,88,22.3,203
8139,T,260803,064001,60.610611N,24.807495E,88,22.5,204
8140,T,260803,064002,60.610561N,24.807451E,88,22.6,203
8141,T,260803,064003,60.610508N,24.807407E,88,22.7,203
8142,T,260803,064004,60.610455N,24.807364E,88,22.8,202
8143,T,260803,064005,60.610405N,24.807316E,88,22.9,203
8144,T,260803,064006,60.610352N,24.807268E,88,23.0,203
8145,T,260803,064007,60.610298N,24.807220E,88,23.1,203
8146,T,260803,064008,60.610245N,24.807175E,88,23.1,203
8147,T,260803,064009,60.610191N,24.807129E,88,23.1,203
8148,T,260803,064010,60.610142N,24.807081E,88,23.0,203
8149,T,260803,064011,60.610088N,24.807035E,88,22.5,203
8150,T,260803,064012,60.610031N,24.806988E,87,22.9,204
8151,T,260803,064013,60.609982N,24.806942E,87,22.8,204
8152,T,260803,064014,60.609932N,24.806896E,87,22.4,204
8153,T,260803,064015,60.609879N,24.806852E,87,22.3,203
8154,T,260803,064016,60.609829N,24.806807E,87,22.2,203
8155,T,260803,064017,60.609779N,24.806763E,87,21.9,203
8156,T,260803,064018,60.609730N,24.806719E,87,21.8,203
8157,T,260803,064019,60.609680N,24.806677E,87,21.7,203
8158,T,260803,064020,60.609631N,24.806635E,87,21.3,203
8159,T,260803,064021,60.609585N,24.806589E,87,21.2,203
8160,T,260803,064022,60.609535N,24.806545E,87,21.3,203
8161,T,260803,064023,60.609486N,24.806501E,87,21.3,204
8162,T,260803,064024,60.609436N,24.806458E,87,21.7,203
8163,T,260803,064025,60.609386N,24.806416E,87,21.9,203
8164,T,260803,064026,60.609337N,24.806372E,87,22.0,203
8165,T,260803,064027,60.609283N,24.806326E,87,22.0,203
8166,T,260803,064028,60.609238N,24.806282E,87,22.0,203
8167,T,260803,064029,60.609184N,24.806236E,87,21.9,203
8168,T,260803,064030,60.609135N,24.806194E,87,21.8,203
8169,T,260803,064031,60.609089N,24.806149E,87,21.8,203
8170,T,260803,064032,60.609035N,24.806105E,87,21.7,203
8171,T,260803,064033,60.608986N,24.806063E,87,21.8,203
8172,T,260803,064034,60.608936N,24.806017E,87,22.3,203
8173,T,260803,064035,60.608883N,24.805971E,87,22.4,203
8174,T,260803,064036,60.608833N,24.805923E,87,22.4,203
8175,T,260803,064037,60.608780N,24.805878E,87,22.4,203
8176,T,260803,064038,60.608727N,24.805830E,87,22.4,203
8177,T,260803,064039,60.608681N,24.805782E,86,22.8,204
8178,T,260803,064040,60.608627N,24.805737E,86,22.8,204
8179,T,260803,064041,60.608578N,24.805691E,86,23.0,204
8180,T,260803,064042,60.608521N,24.805643E,86,23.6,204
8181,T,260803,064043,60.608467N,24.805595E,86,23.6,203
8182,T,260803,064044,60.608414N,24.805546E,86,24.1,203
8183,T,260803,064045,60.608360N,24.805496E,86,24.5,203
8184,T,260803,064046,60.608299N,24.805447E,86,24.5,204
8185,T,260803,064047,60.608250N,24.805395E,86,24.4,204
8186,T,260803,064048,60.608192N,24.805344E,86,23.9,204
8187,T,260803,064049,60.608139N,24.805296E,86,23.7,204
8188,T,260803,064050,60.608086N,24.805244E,86,23.7,204
8189,T,260803,064051,60.608032N,24.805197E,85,23.8,203
8190,T,260803,064052,60.607975N,24.805143E,85,23.9,203
8191,T,260803,064053,60.607922N,24.805096E,85,23.8,203
8192,T,260803,064054,60.607868N,24.805046E,85,23.2,203
8193,T,260803,064055,60.607815N,24.804998E,85,22.9,204
8194,T,260803,064056,60.607765N,24.804955E,84,22.2,204
8195,T,260803,064057,60.607716N,24.804913E,84,21.6,203
8196,T,260803,064058,60.607662N,24.804873E,84,21.0,202
8197,T,260803,064059,60.607616N,24.804834E,84,20.6,201
8198,T,260803,064100,60.607567N,24.804796E,85,20.1,201
8199,T,260803,064101,60.607521N,24.804756E,85,20.1,202
8200,T,260803,064102,60.607475N,24.804718E,85,20.2,201
8201,T,260803,064103,60.607430N,24.804682E,85,20.7,202
8202,T,260803,064104,60.607380N,24.804640E,84,20.7,203
8203,T,260803,064105,60.607334N,24.804596E,85,20.5,204
8204,T,260803,064106,60.607288N,24.804552E,85,19.5,205
8205,T,260803,064107,60.607246N,24.804506E,84,18.8,207
8206,T,260803,064108,60.607208N,24.804461E,84,18.7,208
8207,T,260803,064109,60.607170N,24.804399E,84,18.2,224
8208,T,260803,064110,60.607151N,24.804321E,84,18.3,253
8209,T,260803,064111,60.607140N,24.804230E,84,18.2,259
8210,T,260803,064112,60.607132N,24.804136E,84,18.5,259
8211,T,260803,064113,60.607121N,24.804045E,84,18.5,258
8212,T,260803,064114,60.607098N,24.803970E,84,18.6,226
8213,T,260803,064115,60.607059N,24.803911E,84,18.5,211
8214,T,260803,064116,60.607021N,24.803864E,84,19.0,201
8215,T,260803,064117,60.606972N,24.803829E,84,19.0,199
8216,T,260803,064118,60.606930N,24.803797E,84,19.5,200
8217,T,260803,064119,60.606884N,24.803757E,84,20.4,200
8218,T,260803,064120,60.606831N,24.803720E,84,20.5,199
8219,T,260803,064121,60.606785N,24.803682E,84,20.5,201
8220,T,260803,064122,60.606735N,24.803644E,84,20.9,200
8221,T,260803,064123,60.606689N,24.803608E,84,21.0,200
8222,T,260803,064124,60.606636N,24.803572E,85,21.4,199
8223,T,260803,064125,60.606586N,24.803532E,84,21.4,200
8224,T,260803,064126,60.606537N,24.803492E,84,22.0,200
8225,T,260803,064127,60.606483N,24.803450E,84,22.1,200
8226,T,260803,064128,60.606434N,24.803406E,84,22.5,201
8227,T,260803,064129,60.606380N,24.803364E,84,22.1,201
8228,T,260803,064130,60.606331N,24.803324E,84,21.7,201
8229,T,260803,064131,60.606281N,24.803280E,84,22.0,202
8230,T,260803,064132,60.606232N,24.803236E,83,22.1,202
8231,T,260803,064133,60.606178N,24.803196E,83,22.2,202
8232,T,260803,064134,60.606125N,24.803156E,83,22.7,201
8233,T,260803,064135,60.606071N,24.803116E,83,22.2,200
8234,T,260803,064136,60.606022N,24.803074E,82,22.7,201
8235,T,260803,064137,60.605968N,24.803026E,82,22.3,201
8236,T,260803,064138,60.605915N,24.802986E,82,22.2,201
8237,T,260803,064139,60.605865N,24.802944E,82,22.3,201
8238,T,260803,064140,60.605812N,24.802904E,82,22.9,201
8239,T,260803,064141,60.605759N,24.802860E,82,22.9,201
8240,T,260803,064142,60.605713N,24.802818E,82,22.2,201
8241,T,260803,064143,60.605659N,24.802776E,81,22.2,201
8242,T,260803,064144,60.605610N,24.802736E,81,21.9,202
8243,T,260803,064145,60.605560N,24.802691E,81,21.9,202
8244,T,260803,064146,60.605511N,24.802647E,80,21.9,202
8245,T,260803,064147,60.605461N,24.802605E,80,21.5,203
8246,T,260803,064148,60.605408N,24.802563E,80,21.5,203
8247,T,260803,064149,60.605358N,24.802519E,80,21.5,204
8248,T,260803,064150,60.605309N,24.802477E,80,21.8,203
8249,T,260803,064151,60.605255N,24.802435E,80,21.8,203
8250,T,260803,064152,60.605206N,24.802387E,80,21.5,204
8251,T,260803,064153,60.605156N,24.802341E,80,21.3,205
8252,T,260803,064154,60.605106N,24.802292E,80,22.2,206
8253,T,260803,064155,60.605061N,24.802244E,80,21.8,206
8254,T,260803,064156,60.605007N,24.802197E,80,22.7,207
8255,T,260803,064157,60.604961N,24.802141E,81,21.7,214
8256,T,260803,064158,60.604912N,24.802082E,81,21.7,214
8257,T,260803,064159,60.604870N,24.802015E,81,21.6,216
8258,T,260803,064200,60.604820N,24.801956E,81,22.2,212
8259,T,260803,064201,60.604771N,24.801891E,81,21.8,215
8260,T,260803,064202,60.604729N,24.801825E,81,21.3,217
8261,T,260803,064203,60.604683N,24.801760E,81,21.2,219
8262,T,260803,064204,60.604641N,24.801706E,82,19.8,209
8263,T,260803,064205,60.604595N,24.801662E,82,18.7,210
8264,T,260803,064206,60.604549N,24.801617E,82,20.5,207
8265,T,260803,064207,60.604500N,24.801577E,82,19.3,206
8266,T,260803,064208,60.604446N,24.801544E,83,21.2,193
8267,T,260803,064209,60.604393N,24.801521E,83,21.8,191
8268,T,260803,064210,60.604328N,24.801516E,84,21.4,182
8269,T,260803,064211,60.604271N,24.801512E,84,21.9,184
8270,T,260803,064212,60.604210N,24.801506E,84,22.0,182
8271,T,260803,064213,60.604153N,24.801504E,85,21.1,180
8272,T,260803,064214,60.604095N,24.801512E,85,22.2,178
8273,T,260803,064215,60.604038N,24.801516E,85,20.5,178
8274,T,260803,064216,60.603981N,24.801516E,84,22.6,177
8275,T,260803,064217,60.603924N,24.801516E,84,22.2,177
8276,T,260803,064218,60.603867N,24.801516E,84,22.8,178
8277,T,260803,064219,60.603809N,24.801514E,84,22.8,179
8278,T,260803,064220,60.603752N,24.801504E,83,22.8,179
8279,T,260803,064221,60.603691N,24.801489E,83,23.2,180
8280,T,260803,064222,60.603634N,24.801466E,83,23.3,181
8281,T,260803,064223,60.603577N,24.801441E,83,23.4,182
8282,T,260803,064224,60.603516N,24.801414E,83,23.4,183
8283,T,260803,064225,60.603458N,24.801384E,83,23.4,184
8284,T,260803,064226,60.603401N,24.801355E,83,23.4,185
8285,T,260803,064227,60.603344N,24.801329E,83,23.3,186
8286,T,260803,064228,60.603287N,24.801302E,83,22.8,186
8287,T,260803,064229,60.603233N,24.801275E,83,23.2,187
8288,T,260803,064230,60.603172N,24.801247E,83,23.3,188
8289,T,260803,064231,60.603115N,24.801218E,83,23.2,188
8290,T,260803,064232,60.603062N,24.801184E,83,23.1,189
8291,T,260803,064233,60.603001N,24.801151E,82,23.1,190
8292,T,260803,064234,60.602943N,24.801123E,82,23.0,191
8293,T,260803,064235,60.602886N,24.801096E,81,22.6,193
8294,T,260803,064236,60.602833N,24.801065E,81,23.1,194
8295,T,260803,064237,60.602776N,24.801041E,81,23.0,194
8296,T,260803,064238,60.602718N,24.801016E,81,23.0,194
8297,T,260803,064239,60.602661N,24.800987E,81,23.1,193
8298,T,260803,064240,60.602604N,24.800959E,81,23.0,194
8299,T,260803,064241,60.602543N,24.800924E,81,23.2,194
8300,T,260803,064242,60.602489N,24.800896E,81,23.5,194
8301,T,260803,064243,60.602432N,24.800863E,81,23.5,194
8302,T,260803,064244,60.602371N,24.800837E,81,23.6,194
8303,T,260803,064245,60.602310N,24.800808E,80,23.9,193
8304,T,260803,064246,60.602257N,24.800777E,80,24.0,193
8305,T,260803,064247,60.602200N,24.800753E,80,24.3,193
8306,T,260803,064248,60.602139N,24.800722E,80,24.2,193
8307,T,260803,064249,60.602081N,24.800694E,79,24.2,193
8308,T,260803,064250,60.602020N,24.800665E,79,24.1,193
8309,T,260803,064251,60.601963N,24.800636E,79,24.1,192
8310,T,260803,064252,60.601906N,24.800613E,79,24.0,192
8311,T,260803,064253,60.601845N,24.800589E,79,24.0,191
8312,T,260803,064254,60.601784N,24.800562E,79,23.9,192
8313,T,260803,064255,60.601723N,24.800535E,79,24.0,192
8314,T,260803,064256,60.601665N,24.800507E,79,24.3,193
8315,T,260803,064257,60.601604N,24.800482E,80,24.4,192
8316,T,260803,064258,60.601540N,24.800459E,80,24.3,192
8317,T,260803,064259,60.601479N,24.800434E,80,24.3,191
8318,T,260803,064300,60.601421N,24.800407E,80,24.2,191
8319,T,260803,064301,60.601360N,24.800385E,81,24.2,191
8320,T,260803,064302,60.601299N,24.800358E,81,24.2,191
8321,T,260803,064303,60.601238N,24.800335E,81,24.1,191
8322,T,260803,064304,60.601185N,24.800308E,81,23.7,191
8323,T,260803,064305,60.601124N,24.800283E,81,23.7,191
8324,T,260803,064306,60.601063N,24.800264E,81,23.7,191
8325,T,260803,064307,60.601009N,24.800241E,81,23.7,190
8326,T,260803,064308,60.600948N,24.800220E,81,23.6,190
8327,T,260803,064309,60.600891N,24.800196E,81,23.6,190
8328,T,260803,064310,60.600838N,24.800173E,81,23.5,190
8329,T,260803,064311,60.600777N,24.800150E,81,23.5,191
8330,T,260803,064312,60.600716N,24.800123E,81,23.8,191
8331,T,260803,064313,60.600655N,24.800097E,81,23.8,191
8332,T,260803,064314,60.600601N,24.800074E,81,23.9,190
8333,T,260803,064315,60.600536N,24.800055E,81,23.6,190
8334,T,260803,064316,60.600479N,24.800034E,81,22.9,190
8335,T,260803,064317,60.600422N,24.800013E,81,22.8,190
8336,T,260803,064318,60.600361N,24.799994E,82,23.0,190
8337,T,260803,064319,60.600300N,24.799976E,82,23.5,190
8338,T,260803,064320,60.600239N,24.799955E,82,23.8,189
8339,T,260803,064321,60.600182N,24.799936E,83,23.8,189
8340,T,260803,064322,60.600121N,24.799915E,83,23.8,190
8341,T,260803,064323,60.600060N,24.799896E,83,23.8,190
8342,T,260803,064324,60.600002N,24.799875E,83,23.9,190
8343,T,260803,064325,60.599945N,24.799856E,83,23.9,189
8344,T,260803,064326,60.599884N,24.799837E,83,23.9,189
8345,T,260803,064327,60.599823N,24.799820E,84,23.9,189
8346,T,260803,064328,60.599766N,24.799803E,84,23.9,189
8347,T,260803,064329,60.599709N,24.799784E,84,23.9,189
8348,T,260803,064330,60.599648N,24.799767E,84,23.9,189
8349,T,260803,064331,60.599586N,24.799746E,84,23.8,189
8350,T,260803,064332,60.599529N,24.799726E,84,23.8,189
8351,T,260803,064333,60.599472N,24.799707E,84,23.7,188
8352,T,260803,064334,60.599411N,24.799694E,84,23.7,187
8353,T,260803,064335,60.599354N,24.799677E,84,23.7,188
8354,T,260803,064336,60.599297N,24.799658E,85,23.7,188
8355,T,260803,064337,60.599236N,24.799643E,85,23.8,187
8356,T,260803,064338,60.599178N,24.799625E,85,23.8,187
8357,T,260803,064339,60.599121N,24.799612E,85,23.8,187
8358,T,260803,064340,60.599060N,24.799597E,85,23.7,187
8359,T,260803,064341,60.599003N,24.799576E,85,23.7,188
8360,T,260803,064342,60.598946N,24.799561E,85,23.6,187
8361,T,260803,064343,60.598888N,24.799543E,85,22.9,187
8362,T,260803,064344,60.598831N,24.799532E,85,23.3,187
8363,T,260803,064345,60.598778N,24.799517E,84,23.0,187
8364,T,260803,064346,60.598721N,24.799501E,84,23.0,187
8365,T,260803,064347,60.598660N,24.799486E,84,23.6,187
8366,T,260803,064348,60.598598N,24.799473E,84,24.5,188
8367,T,260803,064349,60.598545N,24.799446E,83,24.4,195
8368,T,260803,064350,60.598484N,24.799406E,83,24.5,201
8369,T,260803,064351,60.598427N,24.799356E,83,25.5,205
8370,T,260803,064352,60.598370N,24.799295E,83,26.5,209
8371,T,260803,064353,60.598312N,24.799238E,82,26.4,202
8372,T,260803,064354,60.598244N,24.799200E,82,27.5,192
8373,T,260803,064355,60.598175N,24.799185E,82,27.6,182
8374,T,260803,064356,60.598106N,24.799191E,81,28.5,176
8375,T,260803,064357,60.598042N,24.799202E,81,27.4,174
8376,T,260803,064358,60.597969N,24.799210E,81,27.3,177
8377,T,260803,064359,60.597904N,24.799206E,80,26.3,184
8378,T,260803,064400,60.597839N,24.799191E,80,24.8,190
8379,T,260803,064401,60.597778N,24.799156E,80,24.7,202
8380,T,260803,064402,60.597729N,24.799103E,80,23.2,209
8381,T,260803,064403,60.597675N,24.799044E,80,23.1,208
8382,T,260803,064404,60.597630N,24.798996E,80,22.0,204
8383,T,260803,064405,60.597576N,24.798964E,80,21.0,191
8384,T,260803,064406,60.597523N,24.798950E,80,20.3,181
8385,T,260803,064407,60.597477N,24.798954E,80,19.5,174
8386,T,260803,064408,60.597427N,24.798969E,79,18.5,165
8387,T,260803,064409,60.597382N,24.798996E,79,20.8,165
8388,T,260803,064410,60.597328N,24.799026E,79,20.7,163
8389,T,260803,064411,60.597279N,24.799055E,79,20.7,166
8390,T,260803,064412,60.597225N,24.799072E,79,22.2,173
8391,T,260803,064413,60.597168N,24.799084E,78,22.2,175
8392,T,260803,064414,60.597107N,24.799097E,78,22.5,177
8393,T,260803,064415,60.597046N,24.799101E,77,23.0,177
8394,T,260803,064416,60.596981N,24.799116E,77,23.7,175
8395,T,260803,064417,60.596920N,24.799133E,77,23.6,173
8396,T,260803,064418,60.596859N,24.799150E,77,23.6,173
8397,T,260803,064419,60.596802N,24.799173E,77,23.5,172
8398,T,260803,064420,60.596741N,24.799194E,77,23.1,171
8399,T,260803,064421,60.596680N,24.799210E,76,22.7,172
8400,T,260803,064422,60.596619N,24.799223E,77,22.7,174
8401,T,260803,064423,60.596565N,24.799225E,76,22.4,176
8402,T,260803,064424,60.596512N,24.799231E,76,23.0,178
8403,T,260803,064425,60.596451N,24.799231E,75,23.0,180
8404,T,260803,064426,60.596397N,24.799231E,75,23.1,181
8405,T,260803,064427,60.596336N,24.799227E,74,24.0,182
8406,T,260803,064428,60.596275N,24.799219E,74,23.9,183
8407,T,260803,064429,60.596214N,24.799215E,73,24.3,183
8408,T,260803,064430,60.596157N,24.799210E,73,24.2,183
8409,T,260803,064431,60.596092N,24.799204E,72,24.3,183
8410,T,260803,064432,60.596031N,24.799198E,72,24.3,182
8411,T,260803,064433,60.595963N,24.799196E,73,25.2,182
8412,T,260803,064434,60.595901N,24.799194E,74,25.4,182
8413,T,260803,064435,60.595837N,24.799187E,73,25.4,181
8414,T,260803,064436,60.595772N,24.799185E,73,25.4,181
8415,T,260803,064437,60.595707N,24.799179E,73,25.5,181
8416,T,260803,064438,60.595638N,24.799175E,73,26.0,180
8417,T,260803,064439,60.595581N,24.799173E,73,24.5,181
8418,T,260803,064440,60.595516N,24.799168E,73,24.9,181
8419,T,260803,064441,60.595451N,24.799164E,73,25.7,181
8420,T,260803,064442,60.595387N,24.799162E,73,25.8,181
8421,T,260803,064443,60.595322N,24.799160E,73,25.2,181
8422,T,260803,064444,60.595261N,24.799156E,72,25.7,181
8423,T,260803,064445,60.595192N,24.799147E,72,24.9,181
8424,T,260803,064446,60.595127N,24.799145E,72,25.6,181
8425,T,260803,064447,60.595062N,24.799133E,72,25.3,182
8426,T,260803,064448,60.595001N,24.799128E,72,25.3,183
8427,T,260803,064449,60.594936N,24.799120E,72,25.2,183
8428,T,260803,064450,60.594872N,24.799109E,72,25.3,184
8429,T,260803,064451,60.594807N,24.799103E,72,25.2,184
8430,T,260803,064452,60.594749N,24.799093E,72,25.1,183
8431,T,260803,064453,60.594688N,24.799089E,72,25.0,182
8432,T,260803,064454,60.594624N,24.799084E,72,25.0,182
8433,T,260803,064455,60.594559N,24.799084E,72,24.9,181
8434,T,260803,064456,60.594501N,24.799074E,72,24.8,182
8435,T,260803,064457,60.594440N,24.799065E,72,24.7,182
8436,T,260803,064458,60.594379N,24.799055E,72,24.7,183
8437,T,260803,064459,60.594315N,24.799046E,72,24.6,184
8438,T,260803,064500,60.594254N,24.799036E,72,24.6,184
8439,T,260803,064501,60.594193N,24.799028E,71,24.6,184
8440,T,260803,064502,60.594128N,24.799025E,71,24.5,183
8441,T,260803,064503,60.594070N,24.799023E,72,24.2,181
8442,T,260803,064504,60.594009N,24.799023E,71,23.8,180
8443,T,260803,064505,60.593952N,24.799023E,71,23.7,179
8444,T,260803,064506,60.593891N,24.799025E,71,23.6,178
8445,T,260803,064507,60.593830N,24.799028E,72,23.6,178
8446,T,260803,064508,60.593773N,24.799032E,71,23.5,178
8447,T,260803,064509,60.593712N,24.799036E,71,23.4,177
8448,T,260803,064510,60.593651N,24.799038E,72,23.4,178
8449,T,260803,064511,60.593597N,24.799040E,72,23.3,179
8450,T,260803,064512,60.593540N,24.799036E,72,22.5,180
8451,T,260803,064513,60.593483N,24.799036E,72,20.8,180
8452,T,260803,064514,60.593437N,24.799032E,72,19.5,180
8453,T,260803,064515,60.593388N,24.799032E,72,19.0,182
8454,T,260803,064516,60.593342N,24.799032E,73,18.5,183
8455,T,260803,064517,60.593292N,24.799036E,73,17.3,175
8456,T,260803,064518,60.593246N,24.799028E,73,17.2,176
8457,T,260803,064519,60.593204N,24.799023E,73,17.1,177
8458,T,260803,064520,60.593163N,24.799019E,74,15.8,178
8459,T,260803,064521,60.593128N,24.799013E,74,15.4,178
8460,T,260803,064522,60.593086N,24.799013E,74,14.8,180
8461,T,260803,064523,60.593048N,24.799021E,74,13.8,182
8462,T,260803,064524,60.593014N,24.799021E,74,15.5,182
8463,T,260803,064525,60.592972N,24.799021E,74,15.7,182
8464,T,260803,064526,60.592934N,24.799026E,74,16.0,181
8465,T,260803,064527,60.592896N,24.799036E,74,15.6,180
8466,T,260803,064528,60.592854N,24.799049E,75,15.5,180
8467,T,260803,064529,60.592815N,24.799059E,75,15.4,178
8468,T,260803,064530,60.592777N,24.799063E,75,14.3,177
8469,T,260803,064531,60.592735N,24.799074E,76,14.2,176
8470,T,260803,064532,60.592701N,24.799080E,77,14.1,175
8471,T,260803,064533,60.592663N,24.799084E,77,14.7,183
8472,T,260803,064534,60.592625N,24.799078E,77,15.5,184
8473,T,260803,064535,60.592583N,24.799074E,77,16.7,182
8474,T,260803,064536,60.592537N,24.799070E,77,19.9,181
8475,T,260803,064537,60.592480N,24.799067E,77,23.3,184
8476,T,260803,064538,60.592426N,24.799053E,75,23.4,186
8477,T,260803,064539,60.592369N,24.799038E,75,24.5,187
8478,T,260803,064540,60.592308N,24.799021E,75,22.7,188
8479,T,260803,064541,60.592251N,24.799002E,74,21.2,189
8480,T,260803,064542,60.592201N,24.798990E,74,20.7,187
8481,T,260803,064543,60.592152N,24.798985E,74,19.7,187
8482,T,260803,064544,60.592110N,24.798983E,74,16.2,186
8483,T,260803,064545,60.592064N,24.798986E,74,15.5,185
8484,T,260803,064546,60.592030N,24.798992E,75,14.5,171
8485,T,260803,064547,60.591984N,24.799000E,75,13.4,172
8486,T,260803,064548,60.591953N,24.799004E,75,12.3,173
8487,T,260803,064549,60.591919N,24.799007E,74,11.1,174
8488,T,260803,064550,60.591892N,24.799004E,75,12.4,175
8489,T,260803,064551,60.591854N,24.799004E,75,12.2,176
8490,T,260803,064552,60.591824N,24.799006E,75,12.3,177
8491,T,260803,064553,60.591793N,24.799009E,75,11.6,178
8492,T,260803,064554,60.591763N,24.799013E,75,12.1,177
8493,T,260803,064555,60.591732N,24.799013E,76,12.1,177
8494,T,260803,064556,60.591702N,24.799017E,76,12.2,176
8495,T,260803,064557,60.591671N,24.799019E,76,11.4,177
8496,T,260803,064558,60.591640N,24.799023E,77,10.9,178
8497,T,260803,064559,60.591618N,24.799030E,77,10.3,179
8498,T,260803,064600,60.591587N,24.799036E,77,9.8,179
8499,T,260803,064601,60.591560N,24.799040E,77,9.9,181
8500,T,260803,064602,60.591537N,24.799040E,78,11.0,182
8501,T,260803,064603,60.591503N,24.799046E,78,11.0,182
8502,T,260803,064604,60.591476N,24.799047E,78,11.1,181
8503,T,260803,064605,60.591450N,24.799055E,78,11.5,179
8504,T,260803,064606,60.591419N,24.799061E,79,11.1,177
8505,T,260803,064607,60.591393N,24.799067E,79,10.6,176
8506,T,260803,064608,60.591366N,24.799074E,79,10.6,176
8507,T,260803,064609,60.591335N,24.799078E,79,11.0,176
8508,T,260803,064610,60.591309N,24.799084E,79,11.1,176
8509,T,260803,064611,60.591274N,24.799088E,79,11.9,176
8510,T,260803,064612,60.591244N,24.799089E,79,11.9,176
8511,T,260803,064613,60.591217N,24.799088E,79,10.4,177
8512,T,260803,064614,60.591187N,24.799084E,79,11.4,178
8513,T,260803,064615,60.591156N,24.799078E,80,11.5,179
8514,T,260803,064616,60.591125N,24.799072E,81,11.6,181
8515,T,260803,064617,60.591095N,24.799067E,81,12.3,183
8516,T,260803,064618,60.591057N,24.799059E,81,12.3,191
8517,T,260803,064619,60.591019N,24.799049E,82,13.0,190
8518,T,260803,064620,60.590984N,24.799044E,82,12.9,188
8519,T,260803,064621,60.590954N,24.799036E,82,13.0,189
8520,T,260803,064622,60.590919N,24.799023E,83,13.5,191
8521,T,260803,064623,60.590885N,24.799006E,83,13.0,193
8522,T,260803,064624,60.590847N,24.798996E,84,12.9,193
8523,T,260803,064625,60.590813N,24.798981E,85,13.3,195
8524,T,260803,064626,60.590778N,24.798962E,86,13.4,196
8525,T,260803,064627,60.590744N,24.798944E,86,13.4,196
8526,T,260803,064628,60.590714N,24.798925E,87,13.4,196
8527,T,260803,064629,60.590679N,24.798904E,87,13.5,197
8528,T,260803,064630,60.590645N,24.798883E,87,13.6,197
8529,T,260803,064631,60.590607N,24.798864E,88,14.0,198
8530,T,260803,064632,60.590576N,24.798840E,89,13.9,198
8531,T,260803,064633,60.590546N,24.798817E,89,13.9,198
8532,T,260803,064634,60.590511N,24.798796E,89,13.9,197
8533,T,260803,064635,60.590477N,24.798775E,90,14.0,197
8534,T,260803,064636,60.590443N,24.798750E,90,14.0,198
8535,T,260803,064637,60.590408N,24.798723E,90,14.3,199
8536,T,260803,064638,60.590378N,24.798698E,90,14.4,200
8537,T,260803,064639,60.590343N,24.798672E,90,14.4,201
8538,T,260803,064640,60.590313N,24.798643E,90,14.5,202
8539,T,260803,064641,60.590275N,24.798613E,90,15.0,203
8540,T,260803,064642,60.590244N,24.798571E,90,15.5,215
8541,T,260803,064643,60.590218N,24.798515E,90,15.9,228
8542,T,260803,064644,60.590191N,24.798450E,91,16.7,235
8543,T,260803,064645,60.590172N,24.798378E,91,16.2,244
8544,T,260803,064646,60.590157N,24.798304E,91,16.4,254
8545,T,260803,064647,60.590145N,24.798220E,92,17.1,260
8546,T,260803,064648,60.590137N,24.798134E,92,18.0,264
8547,T,260803,064649,60.590130N,24.798042E,92,18.7,266
8548,T,260803,064650,60.590130N,24.797949E,92,17.9,267
8549,T,260803,064651,60.590118N,24.797855E,92,17.9,265
8550,T,260803,064652,60.590115N,24.797760E,92,18.5,265
8551,T,260803,064653,60.590111N,24.797667E,93,18.6,264
8552,T,260803,064654,60.590107N,24.797569E,93,18.6,264
8553,T,260803,064655,60.590099N,24.797476E,93,18.6,265
8554,T,260803,064656,60.590099N,24.797380E,93,18.5,265
8555,T,260803,064657,60.590096N,24.797283E,93,18.5,265
8556,T,260803,064658,60.590092N,24.797188E,93,18.5,265
8557,T,260803,064659,60.590088N,24.797094E,93,18.5,266
8558,T,260803,064700,60.590084N,24.796997E,94,18.6,265
8559,T,260803,064701,60.590080N,24.796904E,94,18.6,265
8560,T,260803,064702,60.590076N,24.796808E,94,18.3,265
8561,T,260803,064703,60.590073N,24.796717E,94,18.0,265
8562,T,260803,064704,60.590073N,24.796631E,94,17.1,266
8563,T,260803,064705,60.590073N,24.796543E,94,17.2,266
8564,T,260803,064706,60.590069N,24.796453E,94,17.2,267
8565,T,260803,064707,60.590065N,24.796366E,94,16.7,267
8566,T,260803,064708,60.590061N,24.796284E,93,16.7,258
8567,T,260803,064709,60.590050N,24.796204E,93,16.6,245
8568,T,260803,064710,60.590023N,24.796137E,93,17.1,226
8569,T,260803,064711,60.589993N,24.796091E,93,16.7,198
8570,T,260803,064712,60.589951N,24.796083E,93,16.6,178
8571,T,260803,064713,60.589909N,24.796091E,93,17.0,174
8572,T,260803,064714,60.589863N,24.796103E,93,17.6,175
8573,T,260803,064715,60.589821N,24.796116E,93,18.5,169
8574,T,260803,064716,60.589771N,24.796131E,93,19.1,171
8575,T,260803,064717,60.589725N,24.796146E,93,19.1,171
8576,T,260803,064718,60.589680N,24.796162E,93,19.0,171
8577,T,260803,064719,60.589630N,24.796173E,93,19.0,173
8578,T,260803,064720,60.589581N,24.796185E,94,19.4,175
8579,T,260803,064721,60.589531N,24.796196E,93,19.4,175
8580,T,260803,064722,60.589481N,24.796207E,93,19.9,175
8581,T,260803,064723,60.589432N,24.796223E,93,20.5,175
8582,T,260803,064724,60.589378N,24.796232E,93,20.6,175
8583,T,260803,064725,60.589329N,24.796240E,93,20.6,175
8584,T,260803,064726,60.589279N,24.796247E,93,20.5,174
8585,T,260803,064727,60.589230N,24.796261E,93,20.5,174
8586,T,260803,064728,60.589176N,24.796270E,93,20.4,173
8587,T,260803,064729,60.589127N,24.796282E,93,20.4,173
8588,T,260803,064730,60.589077N,24.796288E,93,20.0,174
8589,T,260803,064731,60.589027N,24.796291E,93,19.9,175
8590,T,260803,064732,60.588982N,24.796293E,93,19.9,177
8591,T,260803,064733,60.588928N,24.796295E,93,20.0,178
8592,T,260803,064734,60.588875N,24.796305E,93,20.0,178
8593,T,260803,064735,60.588829N,24.796316E,93,20.3,177
8594,T,260803,064736,60.588776N,24.796322E,93,20.3,176
8595,T,260803,064737,60.588722N,24.796328E,93,20.3,175
8596,T,260803,064738,60.588673N,24.796337E,93,20.9,175
8597,T,260803,064739,60.588619N,24.796347E,94,20.8,175
8598,T,260803,064740,60.588570N,24.796352E,94,20.9,176
8599,T,260803,064741,60.588520N,24.796356E,94,20.9,176
8600,T,260803,064742,60.588467N,24.796364E,94,20.9,176
8601,T,260803,064743,60.588417N,24.796371E,94,21.0,176
8602,T,260803,064744,60.588360N,24.796373E,94,21.0,178
8603,T,260803,064745,60.588310N,24.796375E,94,20.9,178
8604,T,260803,064746,60.588261N,24.796375E,94,20.9,180
8605,T,260803,064747,60.588207N,24.796368E,95,20.9,182
8606,T,260803,064748,60.588154N,24.796364E,95,21.3,182
8607,T,260803,064749,60.588100N,24.796356E,95,21.9,184
8608,T,260803,064750,60.588047N,24.796343E,95,21.9,186
8609,T,260803,064751,60.587994N,24.796328E,95,21.9,186
8610,T,260803,064752,60.587940N,24.796314E,95,21.9,187
8611,T,260803,064753,60.587883N,24.796295E,95,22.0,188
8612,T,260803,064754,60.587833N,24.796278E,95,21.9,188
8613,T,260803,064755,60.587776N,24.796265E,95,21.9,188
8614,T,260803,064756,60.587719N,24.796249E,95,21.5,188
8615,T,260803,064757,60.587669N,24.796232E,95,21.5,188
8616,T,260803,064758,60.587612N,24.796215E,95,21.5,188
8617,T,260803,064759,60.587559N,24.796200E,95,22.1,188
8618,T,260803,064800,60.587505N,24.796183E,96,22.5,188
8619,T,260803,064801,60.587448N,24.796162E,96,22.6,189
8620,T,260803,064802,60.587391N,24.796141E,96,22.6,189
8621,T,260803,064803,60.587337N,24.796122E,96,22.5,189
8622,T,260803,064804,60.587280N,24.796106E,96,22.5,188
8623,T,260803,064805,60.587223N,24.796087E,96,22.4,188
8624,T,260803,064806,60.587170N,24.796070E,96,22.3,189
8625,T,260803,064807,60.587116N,24.796053E,96,22.0,188
8626,T,260803,064808,60.587059N,24.796036E,96,22.1,188
8627,T,260803,064809,60.587009N,24.796017E,96,22.2,189
8628,T,260803,064810,60.586952N,24.796000E,97,22.2,188
8629,T,260803,064811,60.586899N,24.795984E,97,22.2,188
8630,T,260803,064812,60.586842N,24.795965E,97,22.2,188
8631,T,260803,064813,60.586788N,24.795948E,97,21.9,188
8632,T,260803,064814,60.586731N,24.795927E,97,21.8,189
8633,T,260803,064815,60.586681N,24.795914E,97,21.7,188
8634,T,260803,064816,60.586624N,24.795897E,97,21.7,188
8635,T,260803,064817,60.586571N,24.795877E,97,21.8,189
8636,T,260803,064818,60.586521N,24.795856E,97,21.8,190
8637,T,260803,064819,60.586464N,24.795835E,97,21.9,190
8638,T,260803,064820,60.586407N,24.795813E,97,22.3,192
8639,T,260803,064821,60.586357N,24.795782E,98,22.3,193
8640,T,260803,064822,60.586304N,24.795750E,98,22.4,194
8641,T,260803,064823,60.586246N,24.795721E,97,22.4,196
8642,T,260803,064824,60.586201N,24.795679E,97,22.5,197
8643,T,260803,064825,60.586147N,24.795633E,97,22.7,198
8644,T,260803,064826,60.586098N,24.795584E,97,22.7,198
8645,T,260803,064827,60.586044N,24.795534E,97,22.8,200
8646,T,260803,064828,60.585991N,24.795479E,97,22.8,200
8647,T,260803,064829,60.585945N,24.795424E,97,22.8,201
8648,T,260803,064830,60.585896N,24.795366E,97,22.7,202
8649,T,260803,064831,60.585850N,24.795303E,97,23.1,203
8650,T,260803,064832,60.585800N,24.795238E,97,23.7,204
8651,T,260803,064833,60.585747N,24.795172E,97,24.3,205
8652,T,260803,064834,60.585701N,24.795101E,97,24.4,206
8653,T,260803,064835,60.585648N,24.795029E,97,24.8,207
8654,T,260803,064836,60.585602N,24.794956E,97,24.8,208
8655,T,260803,064837,60.585548N,24.794884E,97,24.7,210
8656,T,260803,064838,60.585495N,24.794815E,97,24.7,211
8657,T,260803,064839,60.585445N,24.794750E,97,24.5,212
8658,T,260803,064840,60.585392N,24.794683E,96,24.0,213
8659,T,260803,064841,60.585339N,24.794619E,97,23.9,213
8660,T,260803,064842,60.585289N,24.794552E,97,23.5,213
8661,T,260803,064843,60.585239N,24.794485E,97,23.4,213
8662,T,260803,064844,60.585194N,24.794424E,96,23.4,212
8663,T,260803,064845,60.585140N,24.794359E,97,23.3,211
8664,T,260803,064846,60.585091N,24.794296E,97,22.7,211
8665,T,260803,064847,60.585045N,24.794233E,97,22.7,211
8666,T,260803,064848,60.584999N,24.794170E,97,22.7,212
8667,T,260803,064849,60.584949N,24.794107E,97,22.8,212
8668,T,260803,064850,60.584900N,24.794046E,97,23.1,211
8669,T,260803,064851,60.584846N,24.793985E,97,23.2,211
8670,T,260803,064852,60.584801N,24.793924E,97,23.3,211
8671,T,260803,064853,60.584747N,24.793867E,97,23.3,209
8672,T,260803,064854,60.584698N,24.793808E,97,23.3,209
8673,T,260803,064855,60.584644N,24.793753E,97,23.4,209
8674,T,260803,064856,60.584591N,24.793692E,97,23.4,209
8675,T,260803,064857,60.584541N,24.793627E,96,23.3,211
8676,T,260803,064858,60.584492N,24.793556E,96,23.4,213
8677,T,260803,064859,60.584442N,24.793488E,96,22.8,215
8678,T,260803,064900,60.584400N,24.793421E,97,22.8,216
8679,T,260803,064901,60.584351N,24.793350E,97,23.1,217
8680,T,260803,064902,60.584309N,24.793289E,97,21.4,209
8681,T,260803,064903,60.584259N,24.793232E,96,22.7,209
8682,T,260803,064904,60.584213N,24.793177E,96,22.7,208
8683,T,260803,064905,60.584160N,24.793121E,97,23.2,205
8684,T,260803,064906,60.584106N,24.793070E,97,23.1,205
8685,T,260803,064907,60.584057N,24.793016E,97,23.3,206
8686,T,260803,064908,60.584003N,24.792965E,96,23.2,205
8687,T,260803,064909,60.583954N,24.792912E,96,23.2,205
8688,T,260803,064910,60.583900N,24.792862E,96,22.5,204
8689,T,260803,064911,60.583843N,24.792816E,96,23.5,203
8690,T,260803,064912,60.583794N,24.792765E,95,23.0,203
8691,T,260803,064913,60.583740N,24.792715E,95,23.0,204
8692,T,260803,064914,60.583683N,24.792665E,95,23.1,203
8693,T,260803,064915,60.583633N,24.792622E,95,23.1,203
8694,T,260803,064916,60.583580N,24.792576E,95,23.1,203
8695,T,260803,064917,60.583523N,24.792528E,95,23.2,202
8696,T,260803,064918,60.583473N,24.792480E,95,23.2,203
8697,T,260803,064919,60.583416N,24.792435E,95,23.3,203
8698,T,260803,064920,60.583363N,24.792389E,96,23.3,203
8699,T,260803,064921,60.583309N,24.792343E,96,23.4,202
8700,T,260803,064922,60.583252N,24.792295E,96,23.7,202
8701,T,260803,064923,60.583199N,24.792246E,97,23.8,203
8702,T,260803,064924,60.583145N,24.792196E,97,23.8,203
8703,T,260803,064925,60.583088N,24.792145E,97,23.9,203
8704,T,260803,064926,60.583031N,24.792095E,97,24.0,203
8705,T,260803,064927,60.582981N,24.792049E,97,24.0,202
8706,T,260803,064928,60.582920N,24.792002E,97,24.0,202
8707,T,260803,064929,60.582870N,24.791950E,97,23.7,203
8708,T,260803,064930,60.582817N,24.791901E,97,23.6,203
8709,T,260803,064931,60.582760N,24.791855E,98,23.7,203
8710,T,260803,064932,60.582706N,24.791803E,98,23.7,203
8711,T,260803,064933,60.582653N,24.791756E,98,23.7,203
8712,T,260803,064934,60.582600N,24.791704E,98,23.5,203
8713,T,260803,064935,60.582546N,24.791656E,98,23.1,203
8714,T,260803,064936,60.582497N,24.791609E,98,23.0,203
8715,T,260803,064937,60.582439N,24.791565E,98,22.9,203
8716,T,260803,064938,60.582394N,24.791521E,98,22.6,202
8717,T,260803,064939,60.582336N,24.791475E,98,22.6,202
8718,T,260803,064940,60.582283N,24.791431E,98,22.5,203
8719,T,260803,064941,60.582233N,24.791388E,98,22.5,202
8720,T,260803,064942,60.582180N,24.791346E,98,22.4,201
8721,T,260803,064943,60.582127N,24.791304E,98,22.4,201
8722,T,260803,064944,60.582081N,24.791264E,98,22.4,200
8723,T,260803,064945,60.582027N,24.791224E,98,22.8,200
8724,T,260803,064946,60.581970N,24.791183E,98,23.1,199
8725,T,260803,064947,60.581917N,24.791149E,98,23.2,198
8726,T,260803,064948,60.581860N,24.791117E,97,23.5,196
8727,T,260803,064949,60.581802N,24.791084E,97,23.5,195
8728,T,260803,064950,60.581749N,24.791056E,97,23.5,194
8729,T,260803,064951,60.581692N,24.791035E,97,23.4,192
8730,T,260803,064952,60.581635N,24.791010E,97,23.3,192
8731,T,260803,064953,60.581581N,24.790983E,97,23.3,192
8732,T,260803,064954,60.581520N,24.790956E,97,23.3,192
8733,T,260803,064955,60.581463N,24.790932E,97,23.3,193
8734,T,260803,064956,60.581409N,24.790903E,97,23.3,193
8735,T,260803,064957,60.581348N,24.790876E,97,23.2,193
8736,T,260803,064958,60.581287N,24.790848E,97,23.2,193
8737,T,260803,064959,60.581230N,24.790825E,97,23.2,192
8738,T,260803,065000,60.581177N,24.790800E,98,23.2,192
8739,T,260803,065001,60.581120N,24.790773E,98,23.2,192
8740,T,260803,065002,60.581059N,24.790751E,98,23.2,191
8741,T,260803,065003,60.581005N,24.790724E,98,23.1,192
8742,T,260803,065004,60.580948N,24.790695E,98,23.1,192
8743,T,260803,065005,60.580891N,24.790670E,98,22.7,192
8744,T,260803,065006,60.580837N,24.790644E,98,22.7,193
8745,T,260803,065007,60.580780N,24.790621E,98,22.8,192
8746,T,260803,065008,60.580723N,24.790596E,98,23.2,192
8747,T,260803,065009,60.580669N,24.790571E,98,23.6,191
8748,T,260803,065010,60.580608N,24.790548E,98,23.7,191
8749,T,260803,065011,60.580551N,24.790522E,98,24.1,191
8750,T,260803,065012,60.580490N,24.790497E,98,24.5,192
8751,T,260803,065013,60.580433N,24.790470E,98,24.6,191
8752,T,260803,065014,60.580368N,24.790443E,98,24.7,191
8753,T,260803,065015,60.580311N,24.790421E,97,24.8,191
8754,T,260803,065016,60.580250N,24.790394E,97,24.9,192
8755,T,260803,065017,60.580189N,24.790363E,97,24.9,192
8756,T,260803,065018,60.580128N,24.790340E,97,24.9,192
8757,T,260803,065019,60.580067N,24.790314E,97,24.9,192
8758,T,260803,065020,60.580009N,24.790285E,97,24.8,192
8759,T,260803,065021,60.579948N,24.790257E,97,24.7,193
8760,T,260803,065022,60.579887N,24.790226E,97,24.2,193
8761,T,260803,065023,60.579826N,24.790199E,97,24.1,193
8762,T,260803,065024,60.579769N,24.790174E,97,23.8,193
8763,T,260803,065025,60.579712N,24.790150E,97,23.8,192
8764,T,260803,065026,60.579651N,24.790134E,97,23.7,190
8765,T,260803,065027,60.579597N,24.790113E,98,23.2,189
8766,T,260803,065028,60.579540N,24.790096E,98,22.9,189
8767,T,260803,065029,60.579483N,24.790077E,98,22.8,188
8768,T,260803,065030,60.579430N,24.790064E,98,22.9,188
8769,T,260803,065031,60.579372N,24.790035E,98,22.8,193
8770,T,260803,065032,60.579319N,24.790018E,98,22.8,192
8771,T,260803,065033,60.579266N,24.789995E,98,22.4,190
8772,T,260803,065034,60.579208N,24.789976E,97,22.3,190
8773,T,260803,065035,60.579151N,24.789955E,98,22.0,189
8774,T,260803,065036,60.579102N,24.789936E,98,22.0,188
8775,T,260803,065037,60.579044N,24.789919E,98,22.3,188
8776,T,260803,065038,60.578991N,24.789898E,98,22.6,188
8777,T,260803,065039,60.578938N,24.789883E,97,23.0,188
8778,T,260803,065040,60.578880N,24.789862E,97,23.1,188
8779,T,260803,065041,60.578823N,24.789845E,97,23.2,187
8780,T,260803,065042,60.578766N,24.789825E,97,23.8,188
8781,T,260803,065043,60.578709N,24.789806E,97,23.7,188
8782,T,260803,065044,60.578648N,24.789789E,97,23.7,188
8783,T,260803,065045,60.578590N,24.789772E,96,23.7,188
8784,T,260803,065046,60.578529N,24.789755E,97,23.7,188
8785,T,260803,065047,60.578472N,24.789736E,97,23.4,188
8786,T,260803,065048,60.578415N,24.789721E,96,23.3,188
8787,T,260803,065049,60.578362N,24.789703E,96,22.2,188
8788,T,260803,065050,60.578304N,24.789696E,96,21.8,186
8789,T,260803,065051,60.578247N,24.789690E,96,21.9,184
8790,T,260803,065052,60.578194N,24.789686E,96,21.5,183
8791,T,260803,065053,60.578140N,24.789692E,96,21.5,172
8792,T,260803,065054,60.578087N,24.789705E,96,21.4,172
8793,T,260803,065055,60.578033N,24.789724E,96,21.5,171
8794,T,260803,065056,60.577980N,24.789734E,96,19.7,179
8795,T,260803,065057,60.577927N,24.789728E,96,19.1,188
8796,T,260803,065058,60.577881N,24.789713E,97,18.3,187
8797,T,260803,065059,60.577831N,24.789705E,97,18.4,186
8798,T,260803,065100,60.577793N,24.789732E,97,16.7,183
8799,T,260803,065101,60.577751N,24.789785E,96,18.2,137
8800,T,260803,065102,60.577724N,24.789862E,97,19.5,118
8801,T,260803,065103,60.577709N,24.789963E,96,20.8,102
8802,T,260803,065104,60.577702N,24.790075E,95,22.8,92
8803,T,260803,065105,60.577705N,24.790197E,94,23.8,84
8804,T,260803,065106,60.577713N,24.790323E,93,24.5,76
8805,T,260803,065107,60.577728N,24.790445E,94,23.8,74
8806,T,260803,065108,60.577747N,24.790569E,93,24.0,76
8807,T,260803,065109,60.577759N,24.790689E,93,24.0,76
8808,T,260803,065110,60.577778N,24.790815E,93,24.8,78
8809,T,260803,065111,60.577793N,24.790943E,93,25.3,76
8810,T,260803,065112,60.577805N,24.791077E,93,26.1,77
8811,T,260803,065113,60.577820N,24.791206E,93,26.8,77
8812,T,260803,065114,60.577835N,24.791342E,93,26.7,78
8813,T,260803,065115,60.577847N,24.791475E,92,26.6,79
8814,T,260803,065116,60.577862N,24.791611E,92,26.2,80
8815,T,260803,065117,60.577869N,24.791742E,92,26.1,81
8816,T,260803,065118,60.577877N,24.791876E,92,26.5,81
8817,T,260803,065119,60.577888N,24.792009E,92,26.0,81
8818,T,260803,065120,60.577892N,24.792147E,92,27.0,81
8819,T,260803,065121,60.577900N,24.792284E,91,27.0,82
8820,T,260803,065122,60.577908N,24.792419E,91,27.0,83
8821,T,260803,065123,60.577911N,24.792557E,91,27.0,85
8822,T,260803,065124,60.577919N,24.792694E,91,27.0,86
8823,T,260803,065125,60.577923N,24.792830E,91,27.0,86
8824,T,260803,065126,60.577927N,24.792969E,91,27.0,87
8825,T,260803,065127,60.577934N,24.793104E,92,27.3,86
8826,T,260803,065128,60.577934N,24.793247E,91,27.4,86
8827,T,260803,065129,60.577934N,24.793390E,91,27.9,87
8828,T,260803,065130,60.577934N,24.793531E,91,27.7,88
8829,T,260803,065131,60.577934N,24.793673E,91,28.1,89
8830,T,260803,065132,60.577942N,24.793816E,91,27.6,89
8831,T,260803,065133,60.577946N,24.793955E,92,27.2,89
8832,T,260803,065134,60.577946N,24.794092E,92,27.2,89
8833,T,260803,065135,60.577946N,24.794231E,91,27.1,90
8834,T,260803,065136,60.577946N,24.794365E,90,26.3,90
8835,T,260803,065137,60.577946N,24.794498E,90,26.0,89
8836,T,260803,065138,60.577950N,24.794634E,90,26.5,89
8837,T,260803,065139,60.577950N,24.794769E,90,27.0,88
8838,T,260803,065140,60.577950N,24.794910E,90,27.5,88
8839,T,260803,065141,60.577950N,24.795046E,90,26.7,89
8840,T,260803,065142,60.577950N,24.795181E,90,25.2,88
8841,T,260803,065143,60.577953N,24.795313E,90,24.9,89
8842,T,260803,065144,60.577957N,24.795437E,90,23.4,89
8843,T,260803,065145,60.577957N,24.795555E,90,23.0,89
8844,T,260803,065146,60.577957N,24.795673E,90,22.6,89
8845,T,260803,065147,60.577957N,24.795788E,90,22.5,89
8846,T,260803,065148,60.577953N,24.795900E,90,22.4,90
8847,T,260803,065149,60.577950N,24.796015E,90,22.3,92
8848,T,260803,065150,60.577942N,24.796124E,90,22.4,93
8849,T,260803,065151,60.577919N,24.796236E,90,22.4,112
8850,T,260803,065152,60.577896N,24.796324E,90,18.8,131
8851,T,260803,065153,60.577862N,24.796373E,90,17.2,160
8852,T,260803,065154,60.577816N,24.796396E,91,16.4,171
8853,T,260803,065155,60.577778N,24.796406E,91,15.6,172
8854,T,260803,065156,60.577736N,24.796419E,91,15.2,172
8855,T,260803,065157,60.577698N,24.796431E,92,14.7,173
8856,T,260803,065158,60.577660N,24.796442E,92,13.5,172
8857,T,260803,065159,60.577625N,24.796452E,92,13.4,170
8858,T,260803,065200,60.577591N,24.796465E,92,12.5,170
8859,T,260803,065201,60.577564N,24.796480E,92,11.0,169
8860,T,260803,065202,60.577541N,24.796490E,93,8.2,162
8861,T,260803,065203,60.577518N,24.796495E,93,4.7,162
8862,T,260803,065204,60.577511N,24.796495E,93,0.0,162
8863,T,260803,065205,60.577499N,24.796494E,93,0.0,162
8864,T,260803,065206,60.577499N,24.796501E,94,0.0,162
8865,T,260803,065207,60.577496N,24.796503E,94,0.0,162
8866,T,260803,065208,60.577496N,24.796503E,94,0.0,162
8867,T,260803,065209,60.577492N,24.796503E,94,0.0,162
8868,T,260803,065210,60.577492N,24.796503E,94,0.0,162
8869,T,260803,065211,60.577492N,24.796503E,94,0.0,162
8870,T,260803,065212,60.577492N,24.796503E,94,0.0,162
8871,T,260803,065213,60.577492N,24.796503E,94,0.0,162
8872,T,260803,065214,60.577492N,24.796503E,94,0.0,162
8873,T,260803,065215,60.577492N,24.796503E,94,0.0,162
8874,T,260803,065216,60.577492N,24.796503E,94,0.0,162
8875,T,260803,065217,60.577492N,24.796503E,94,0.0,162
8876,T,260803,065218,60.577492N,24.796503E,94,0.0,162
8877,T,260803,065219,60.577492N,24.796503E,94,0.0,162
8878,T,260803,065220,60.577492N,24.796503E,94,0.0,162
8879,T,260803,065221,60.577492N,24.796503E,94,0.0,162
8880,T,260803,065222,60.577492N,24.796503E,94,0.0,162
8881,T,260803,065223,60.577492N,24.796503E,94,0.0,162
8882,T,260803,065224,60.577492N,24.796503E,94,0.0,162
8883,T,260803,065225,60.577492N,24.796503E,94,0.0,162
8884,T,260803,065226,60.577492N,24.796503E,94,0.0,162
8885,T,260803,065227,60.577492N,24.796503E,94,0.0,162
8886,T,260803,065228,60.577492N,24.796503E,94,0.0,162
8887,T,260803,065229,60.577492N,24.796503E,94,0.0,162
8888,T,260803,065230,60.577492N,24.796503E,94,0.0,162
8889,T,260803,065231,60.577492N,24.796503E,94,0.0,162
8890,T,260803,065232,60.577492N,24.796503E,94,0.0,162
8891,T,260803,065233,60.577492N,24.796503E,94,0.0,162
8892,T,260803,065234,60.577492N,24.796503E,94,0.0,162
8893,T,260803,065235,60.577492N,24.796503E,94,0.0,162
8894,T,260803,065236,60.577492N,24.796503E,94,0.0,162
8895,T,260803,065237,60.577492N,24.796503E,94,0.0,162
8896,T,260803,065238,60.577492N,24.796503E,94,0.0,162
8897,T,260803,065239,60.577492N,24.796503E,94,0.0,162
8898,T,260803,065240,60.577492N,24.796503E,94,0.0,162
8899,T,260803,065241,60.577492N,24.796503E,94,0.0,162
8900,T,260803,065242,60.577492N,24.796503E,94,0.0,162
8901,T,260803,065243,60.577492N,24.796503E,94,0.0,162
8902,T,260803,065244,60.577492N,24.796503E,94,0.0,162
8903,T,260803,065245,60.577492N,24.796503E,94,0.0,162
8904,T,260803,065246,60.577492N,24.796503E,94,0.0,162
8905,T,260803,065247,60.577492N,24.796503E,94,0.0,162
8906,T,260803,065248,60.577492N,24.796503E,94,0.0,162
8907,T,260803,065249,60.577492N,24.796503E,94,0.0,162
8908,T,260803,065250,60.577492N,24.796503E,94,0.0,162
8909,T,260803,065251,60.577492N,24.796503E,94,0.0,162
8910,T,260803,065252,60.577492N,24.796503E,94,0.0,162
8911,T,260803,065253,60.577492N,24.796503E,94,0.0,162
8912,T,260803,065254,60.577492N,24.796503E,94,0.0,162
8913,T,260803,065255,60.577492N,24.796503E,94,0.0,162
8914,T,260803,065256,60.577492N,24.796503E,94,0.0,162
8915,T,260803,065257,60.577492N,24.796503E,94,0.0,162
8916,T,260803,065258,60.577492N,24.796503E,94,0.0,162
8917,T,260803,065259,60.577492N,24.796503E,94,0.0,162
8918,T,260803,065300,60.577492N,24.796503E,94,0.0,162
8919,T,260803,065301,60.577492N,24.796503E,94,0.0,162
8920,T,260803,065302,60.577492N,24.796503E,94,0.0,162
8921,T,260803,065303,60.577492N,24.796503E,94,0.0,162
8922,T,260803,065304,60.577492N,24.796503E,94,0.0,162
8923,T,260803,065305,60.577492N,24.796503E,94,0.0,162
8924,T,260803,065306,60.577492N,24.796503E,94,0.0,162
8925,T,260803,065307,60.577492N,24.796503E,94,0.0,162
8926,T,260803,065308,60.577492N,24.796503E,94,0.0,162
8927,T,260803,065309,60.577492N,24.796503E,94,0.0,162
8928,T,260803,065310,60.577492N,24.796503E,94,0.0,162
8929,T,260803,065311,60.577492N,24.796503E,94,0.0,162
8930,T,260803,065312,60.577492N,24.796503E,94,0.0,162
8931,T,260803,065313,60.577492N,24.796503E,94,0.0,162
8932,T,260803,065314,60.577492N,24.796503E,94,0.0,162
8933,T,260803,065315,60.577492N,24.796503E,94,0.0,162
8934,T,260803,065316,60.577492N,24.796503E,94,0.0,162
8935,T,260803,065317,60.577492N,24.796503E,94,0.0,162
8936,T,260803,065318,60.577492N,24.796503E,94,0.0,162
8937,T,260803,065319,60.577492N,24.796503E,94,0.0,162
8938,T,260803,065320,60.577492N,24.796503E,94,0.0,162
8939,T,260803,065321,60.577492N,24.796503E,94,0.0,162
8940,T,260803,065322,60.577492N,24.796503E,94,0.0,162
8941,T,260803,065323,60.577492N,24.796503E,94,0.0,162
8942,T,260803,065324,60.577492N,24.796503E,94,0.0,162
8943,T,260803,065325,60.577492N,24.796503E,94,0.0,162
8944,T,260803,065326,60.577492N,24.796503E,94,0.0,162
8945,T,260803,065327,60.577492N,24.796503E,94,0.0,162
8946,T,260803,065328,60.577492N,24.796503E,94,0.0,162
8947,T,260803,065329,60.577492N,24.796503E,94,0.0,162
8948,T,260803,065330,60.577492N,24.796503E,94,0.0,162
8949,T,260803,065331,60.577492N,24.796503E,94,0.0,162
8950,T,260803,065332,60.577492N,24.796503E,94,0.0,162
8951,T,260803,065333,60.577492N,24.796503E,94,0.0,162
8952,T,260803,065334,60.577492N,24.796503E,94,0.0,162
8953,T,260803,065335,60.577492N,24.796503E,94,0.0,162
8954,T,260803,065336,60.577492N,24.796503E,94,0.0,162
8955,T,260803,065337,60.577492N,24.796503E,94,0.0,162
8956,T,260803,065338,60.577492N,24.796503E,94,0.0,162
8957,T,260803,065339,60.577492N,24.796503E,94,0.0,162
8958,T,260803,065340,60.577492N,24.796503E,94,0.0,162
8959,T,260803,065341,60.577492N,24.796503E,94,0.0,162
8960,T,260803,065342,60.577492N,24.796503E,94,0.0,162
8961,T,260803,065343,60.577492N,24.796503E,94,0.0,162
8962,T,260803,065344,60.577492N,24.796503E,94,0.0,162
8963,T,260803,065345,60.577492N,24.796503E,94,0.0,162
8964,T,260803,065346,60.577492N,24.796503E,94,0.0,162
8965,T,260803,065347,60.577492N,24.796503E,94,0.0,162
8966,T,260803,065348,60.577492N,24.796503E,94,0.0,162
8967,T,260803,065349,60.577492N,24.796503E,94,0.0,162
8968,T,260803,065350,60.577492N,24.796503E,94,0.0,162
8969,T,260803,065351,60.577492N,24.796503E,94,0.0,162
8970,T,260803,065352,60.577492N,24.796503E,94,0.0,162
8971,T,260803,065353,60.577492N,24.796503E,94,0.0,162
8972,T,260803,065354,60.577492N,24.796503E,94,0.0,162
8973,T,260803,065355,60.577492N,24.796503E,94,0.0,162
8974,T,260803,065356,60.577492N,24.796503E,94,0.0,162
8975,T,260803,065357,60.577492N,24.796503E,94,0.0,162
8976,T,260803,065358,60.577492N,24.796503E,94,0.0,162
8977,T,260803,065359,60.577492N,24.796503E,94,0.0,162
8978,T,260803,065400,60.577492N,24.796503E,94,0.0,162
8979,T,260803,065401,60.577492N,24.796503E,94,0.0,162
8980,T,260803,065402,60.577492N,24.796503E,94,0.0,162
8981,T,260803,065403,60.577492N,24.796503E,94,0.0,162
8982,T,260803,065404,60.577492N,24.796503E,94,0.0,162
8983,T,260803,065405,60.577492N,24.796503E,94,0.0,162
8984,T,260803,065406,60.577492N,24.796503E,94,0.0,162
8985,T,260803,065407,60.577492N,24.796503E,94,0.0,162
8986,T,260803,065408,60.577492N,24.796503E,94,0.0,162
8987,T,260803,065409,60.577492N,24.796503E,94,0.0,162
8988,T,260803,065410,60.577492N,24.796503E,94,0.0,162
8989,T,260803,065411,60.577492N,24.796503E,94,0.0,162
8990,T,260803,065412,60.577492N,24.796503E,94,0.0,162
8991,T,260803,065413,60.577492N,24.796503E,94,0.0,162
8992,T,260803,065414,60.577492N,24.796503E,94,0.0,162
8993,T,260803,065415,60.577492N,24.796503E,94,0.0,162
8994,T,260803,065416,60.577492N,24.796503E,94,0.0,162
8995,T,260803,065417,60.577492N,24.796503E,94,0.0,162
8996,T,260803,065418,60.577492N,24.796503E,94,0.0,162
8997,T,260803,065419,60.577492N,24.796503E,94,0.0,162
8998,T,260803,065420,60.577492N,24.796503E,94,0.0,162
8999,T,260803,065421,60.577492N,24.796503E,94,0.0,162
9000,T,260803,065422,60.577492N,24.796503E,94,0.0,162
9001,T,260803,065423,60.577492N,24.796503E,94,0.0,162
9002,T,260803,065424,60.577496N,24.796507E,94,0.0,162
9003,T,260803,065425,60.577496N,24.796507E,94,0.0,162
9004,T,260803,065426,60.577496N,24.796507E,94,0.0,162
9005,T,260803,065427,60.577496N,24.796507E,94,0.0,162
9006,T,260803,065428,60.577496N,24.796507E,94,0.0,162
9007,T,260803,065429,60.577496N,24.796507E,94,0.0,162
9008,T,260803,065430,60.577496N,24.796507E,94,0.0,162
9009,T,260803,065431,60.577496N,24.796507E,94,0.0,162
9010,T,260803,065432,60.577496N,24.796507E,94,0.0,162
9011,T,260803,065433,60.577496N,24.796507E,94,0.0,162
9012,T,260803,065434,60.577496N,24.796507E,94,0.0,162
9013,T,260803,065435,60.577496N,24.796507E,94,0.0,162
9014,T,260803,065436,60.577496N,24.796503E,94,0.0,162
9015,T,260803,065437,60.577492N,24.796507E,94,0.0,162
9016,T,260803,065438,60.577488N,24.796511E,94,5.5,158
9017,T,260803,065439,60.577477N,24.796518E,94,5.0,161
9018,T,260803,065440,60.577461N,24.796524E,94,5.7,164
9019,T,260803,065441,60.577442N,24.796532E,94,7.5,162
9020,T,260803,065442,60.577419N,24.796541E,94,9.8,172
9021,T,260803,065443,60.577396N,24.796556E,94,9.3,171
9022,T,260803,065444,60.577370N,24.796574E,94,11.7,170
9023,T,260803,065445,60.577339N,24.796589E,94,12.9,167
9024,T,260803,065446,60.577305N,24.796602E,94,14.2,167
9025,T,260803,065447,60.577267N,24.796616E,94,15.1,168
9026,T,260803,065448,60.577229N,24.796631E,93,15.7,168
9027,T,260803,065449,60.577187N,24.796644E,93,16.7,169
9028,T,260803,065450,60.577145N,24.796658E,93,17.2,169
9029,T,260803,065451,60.577099N,24.796675E,93,17.8,169
9030,T,260803,065452,60.577057N,24.796686E,93,18.9,169
9031,T,260803,065453,60.577007N,24.796703E,93,18.8,168
9032,T,260803,065454,60.576962N,24.796724E,93,19.5,167
9033,T,260803,065455,60.576916N,24.796747E,93,19.4,167
9034,T,260803,065456,60.576862N,24.796772E,94,19.6,167
9035,T,260803,065457,60.576817N,24.796789E,94,19.6,167
9036,T,260803,065458,60.576767N,24.796812E,94,19.6,167
9037,T,260803,065459,60.576721N,24.796837E,94,19.7,166
9038,T,260803,065500,60.576672N,24.796860E,94,19.7,166
9039,T,260803,065501,60.576618N,24.796885E,94,19.7,166
9040,T,260803,065502,60.576576N,24.796904E,94,18.8,166
9041,T,260803,065503,60.576527N,24.796930E,94,20.3,165
9042,T,260803,065504,60.576481N,24.796963E,94,20.3,163
9043,T,260803,065505,60.576431N,24.796989E,94,19.8,163
9044,T,260803,065506,60.576382N,24.797016E,94,20.2,163
9045,T,260803,065507,60.576332N,24.797045E,94,20.1,164
9046,T,260803,065508,60.576283N,24.797070E,94,20.2,164
9047,T,260803,065509,60.576233N,24.797098E,94,20.7,164
9048,T,260803,065510,60.576183N,24.797131E,94,20.8,163
9049,T,260803,065511,60.576134N,24.797159E,94,20.9,163
9050,T,260803,065512,60.576080N,24.797188E,94,21.0,162
9051,T,260803,065513,60.576031N,24.797218E,93,21.5,163
9052,T,260803,065514,60.575977N,24.797251E,93,21.6,162
9053,T,260803,065515,60.575924N,24.797283E,93,22.1,162
9054,T,260803,065516,60.575871N,24.797318E,93,22.0,161
9055,T,260803,065517,60.575817N,24.797354E,93,22.1,161
9056,T,260803,065518,60.575764N,24.797388E,93,22.1,160
9057,T,260803,065519,60.575710N,24.797426E,93,22.1,159
9058,T,260803,065520,60.575661N,24.797464E,93,22.1,159
9059,T,260803,065521,60.575607N,24.797504E,94,22.1,159
9060,T,260803,065522,60.575562N,24.797543E,94,22.1,159
9061,T,260803,065523,60.575508N,24.797583E,94,22.0,159
9062,T,260803,065524,60.575455N,24.797623E,94,22.4,159
9063,T,260803,065525,60.575405N,24.797665E,94,22.3,159
9064,T,260803,065526,60.575352N,24.797705E,95,22.3,158
9065,T,260803,065527,60.575298N,24.797747E,95,22.2,158
9066,T,260803,065528,60.575249N,24.797791E,95,22.6,158
9067,T,260803,065529,60.575195N,24.797834E,95,23.0,157
9068,T,260803,065530,60.575146N,24.797880E,95,22.4,156
9069,T,260803,065531,60.575092N,24.797924E,95,22.5,156
9070,T,260803,065532,60.575039N,24.797970E,95,22.7,156
9071,T,260803,065533,60.574989N,24.798019E,95,23.5,155
9072,T,260803,065534,60.574936N,24.798067E,95,23.4,154
9073,T,260803,065535,60.574879N,24.798119E,96,23.0,154
9074,T,260803,065536,60.574829N,24.798170E,96,23.5,154
9075,T,260803,065537,60.574776N,24.798222E,95,23.8,154
9076,T,260803,065538,60.574718N,24.798277E,95,23.5,154
9077,T,260803,065539,60.574669N,24.798332E,95,24.0,153
9078,T,260803,065540,60.574615N,24.798384E,96,23.2,153
9079,T,260803,065541,60.574558N,24.798435E,95,23.1,152
9080,T,260803,065542,60.574512N,24.798492E,95,22.8,152
9081,T,260803,065543,60.574459N,24.798548E,95,22.7,151
9082,T,260803,065544,60.574409N,24.798603E,95,22.7,150
9083,T,260803,065545,60.574360N,24.798658E,95,22.7,150
9084,T,260803,065546,60.574314N,24.798716E,95,22.6,150
9085,T,260803,065547,60.574268N,24.798767E,95,22.5,150
9086,T,260803,065548,60.574219N,24.798824E,95,22.0,149
9087,T,260803,065549,60.574177N,24.798882E,95,21.9,149
9088,T,260803,065550,60.574127N,24.798939E,95,21.9,149
9089,T,260803,065551,60.574081N,24.798994E,95,21.9,150
9090,T,260803,065552,60.574032N,24.799049E,95,21.8,149
9091,T,260803,065553,60.573990N,24.799109E,95,21.4,149
9092,T,260803,065554,60.573948N,24.799164E,96,20.9,148
9093,T,260803,065555,60.573902N,24.799223E,95,20.8,147
9094,T,260803,065556,60.573860N,24.799278E,95,20.8,146
9095,T,260803,065557,60.573814N,24.799335E,95,20.7,146
9096,T,260803,065558,60.573772N,24.799391E,95,19.9,146
9097,T,260803,065559,60.573730N,24.799448E,96,19.9,145
9098,T,260803,065600,60.573689N,24.799505E,96,19.0,145
9099,T,260803,065601,60.573647N,24.799564E,96,19.0,144
9100,T,260803,065602,60.573608N,24.799623E,96,19.7,144
9101,T,260803,065603,60.573566N,24.799686E,96,20.2,143
9102,T,260803,065604,60.573528N,24.799747E,96,20.3,143
9103,T,260803,065605,60.573483N,24.799812E,96,20.5,143
9104,T,260803,065606,60.573444N,24.799873E,96,20.4,142
9105,T,260803,065607,60.573402N,24.799936E,96,20.5,142
9106,T,260803,065608,60.573364N,24.799997E,96,21.2,143
9107,T,260803,065609,60.573318N,24.800062E,97,20.8,142
9108,T,260803,065610,60.573280N,24.800129E,97,21.0,142
9109,T,260803,065611,60.573238N,24.800196E,97,20.8,141
9110,T,260803,065612,60.573200N,24.800264E,98,20.1,140
9111,T,260803,065613,60.573154N,24.800339E,98,21.1,140
9112,T,260803,065614,60.573116N,24.800407E,98,21.1,140
9113,T,260803,065615,60.573071N,24.800478E,98,21.1,141
9114,T,260803,065616,60.573032N,24.800550E,99,21.9,141
9115,T,260803,065617,60.572990N,24.800619E,99,22.2,141
9116,T,260803,065618,60.572948N,24.800692E,99,21.7,141
9117,T,260803,065619,60.572903N,24.800764E,100,21.7,140
9118,T,260803,065620,60.572861N,24.800838E,100,22.2,140
9119,T,260803,065621,60.572815N,24.800911E,101,22.3,140
9120,T,260803,065622,60.572773N,24.800983E,101,22.4,140
9121,T,260803,065623,60.572727N,24.801060E,101,22.5,140
9122,T,260803,065624,60.572681N,24.801132E,101,22.6,141
9123,T,260803,065625,60.572636N,24.801205E,102,22.9,141
9124,T,260803,065626,60.572594N,24.801283E,102,22.9,140
9125,T,260803,065627,60.572544N,24.801355E,101,23.3,140
9126,T,260803,065628,60.572498N,24.801430E,101,23.3,140
9127,T,260803,065629,60.572453N,24.801504E,101,23.3,140
9128,T,260803,065630,60.572403N,24.801582E,101,23.2,140
9129,T,260803,065631,60.572361N,24.801657E,101,23.2,141
9130,T,260803,065632,60.572315N,24.801725E,101,22.3,141
9131,T,260803,065633,60.572273N,24.801798E,101,23.4,141
9132,T,260803,065634,60.572224N,24.801870E,101,23.5,141
9133,T,260803,065635,60.572178N,24.801945E,101,24.2,141
9134,T,260803,065636,60.572128N,24.802023E,101,24.1,141
9135,T,260803,065637,60.572079N,24.802097E,101,23.8,141
9136,T,260803,065638,60.572033N,24.802176E,101,23.8,141
9137,T,260803,065639,60.571987N,24.802250E,101,23.8,141
9138,T,260803,065640,60.571941N,24.802324E,101,23.8,141
9139,T,260803,065641,60.571892N,24.802401E,101,24.0,142
9140,T,260803,065642,60.571850N,24.802477E,101,24.1,141
9141,T,260803,065643,60.571800N,24.802553E,101,24.5,141
9142,T,260803,065644,60.571751N,24.802628E,101,24.9,141
9143,T,260803,065645,60.571701N,24.802704E,101,25.0,142
9144,T,260803,065646,60.571651N,24.802784E,101,25.5,142
9145,T,260803,065647,60.571602N,24.802868E,101,25.6,141
9146,T,260803,065648,60.571552N,24.802954E,101,25.6,140
9147,T,260803,065649,60.571503N,24.803036E,101,25.7,140
9148,T,260803,065650,60.571453N,24.803118E,101,25.8,139
9149,T,260803,065651,60.571400N,24.803204E,101,26.6,140
9150,T,260803,065652,60.571346N,24.803289E,101,27.2,140
9151,T,260803,065653,60.571293N,24.803375E,101,27.8,140
9152,T,260803,065654,60.571239N,24.803465E,101,27.8,141
9153,T,260803,065655,60.571190N,24.803549E,101,27.3,141
9154,T,260803,065656,60.571136N,24.803635E,100,27.4,141
9155,T,260803,065657,60.571079N,24.803720E,100,27.4,141
9156,T,260803,065658,60.571030N,24.803810E,100,27.9,141
9157,T,260803,065659,60.570972N,24.803896E,100,27.8,140
9158,T,260803,065700,60.570919N,24.803984E,100,27.7,140
9159,T,260803,065701,60.570869N,24.804075E,100,27.6,140
9160,T,260803,065702,60.570816N,24.804165E,100,27.5,140
9161,T,260803,065703,60.570763N,24.804253E,99,27.6,140
9162,T,260803,065704,60.570713N,24.804340E,100,27.6,141
9163,T,260803,065705,60.570660N,24.804428E,99,28.4,141
9164,T,260803,065706,60.570602N,24.804516E,99,28.5,141
9165,T,260803,065707,60.570553N,24.804607E,99,28.6,140
9166,T,260803,065708,60.570496N,24.804699E,98,28.6,141
9167,T,260803,065709,60.570438N,24.804787E,98,29.1,141
9168,T,260803,065710,60.570381N,24.804876E,98,28.7,142
9169,T,260803,065711,60.570324N,24.804964E,98,28.6,142
9170,T,260803,065712,60.570271N,24.805056E,98,27.9,141
9171,T,260803,065713,60.570217N,24.805143E,98,27.9,140
9172,T,260803,065714,60.570160N,24.805227E,97,26.9,141
9173,T,260803,065715,60.570103N,24.805317E,97,27.8,141
9174,T,260803,065716,60.570049N,24.805407E,97,27.5,141
9175,T,260803,065717,60.569992N,24.805496E,97,28.1,142
9176,T,260803,065718,60.569935N,24.805578E,97,27.8,142
9177,T,260803,065719,60.569881N,24.805658E,96,27.8,143
9178,T,260803,065720,60.569820N,24.805738E,96,27.9,144
9179,T,260803,065721,60.569763N,24.805822E,96,27.9,144
9180,T,260803,065722,60.569702N,24.805904E,96,27.8,144
9181,T,260803,065723,60.569649N,24.805988E,95,27.8,143
9182,T,260803,065724,60.569592N,24.806074E,95,27.7,143
9183,T,260803,065725,60.569538N,24.806160E,94,27.6,142
9184,T,260803,065726,60.569485N,24.806246E,94,27.6,141
9185,T,260803,065727,60.569431N,24.806334E,94,27.1,141
9186,T,260803,065728,60.569382N,24.806419E,93,27.0,141
9187,T,260803,065729,60.569328N,24.806503E,93,26.7,141
9188,T,260803,065730,60.569275N,24.806585E,93,26.5,141
9189,T,260803,065731,60.569225N,24.806667E,93,25.7,141
9190,T,260803,065732,60.569172N,24.806746E,93,25.6,142
9191,T,260803,065733,60.569122N,24.806824E,93,24.7,142
9192,T,260803,065734,60.569077N,24.806902E,93,24.6,141
9193,T,260803,065735,60.569027N,24.806982E,93,24.1,140
9194,T,260803,065736,60.568981N,24.807060E,93,24.1,140
9195,T,260803,065737,60.568935N,24.807137E,94,24.2,140
9196,T,260803,065738,60.568890N,24.807217E,93,24.3,140
9197,T,260803,065739,60.568840N,24.807297E,93,24.4,140
9198,T,260803,065740,60.568790N,24.807371E,93,24.4,140
9199,T,260803,065741,60.568748N,24.807451E,94,24.4,139
9200,T,260803,065742,60.568699N,24.807529E,94,24.4,140
9201,T,260803,065743,60.568657N,24.807608E,94,24.4,140
9202,T,260803,065744,60.568607N,24.807684E,93,24.3,140
9203,T,260803,065745,60.568562N,24.807762E,93,24.3,141
9204,T,260803,065746,60.568516N,24.807837E,93,24.3,141
9205,T,260803,065747,60.568466N,24.807907E,93,24.3,142
9206,T,260803,065748,60.568420N,24.807983E,93,24.3,142
9207,T,260803,065749,60.568371N,24.808056E,93,24.3,143
9208,T,260803,065750,60.568321N,24.808126E,93,24.6,143
9209,T,260803,065751,60.568272N,24.808203E,93,24.9,143
9210,T,260803,065752,60.568218N,24.808277E,93,25.0,143
9211,T,260803,065753,60.568172N,24.808355E,93,25.3,143
9212,T,260803,065754,60.568119N,24.808432E,93,25.2,143
9213,T,260803,065755,60.568073N,24.808508E,93,25.2,143
9214,T,260803,065756,60.568020N,24.808584E,93,25.2,143
9215,T,260803,065757,60.567966N,24.808661E,93,24.8,143
9216,T,260803,065758,60.567921N,24.808737E,93,24.8,143
9217,T,260803,065759,60.567867N,24.808811E,93,24.7,143
9218,T,260803,065800,60.567822N,24.808884E,93,24.7,143
9219,T,260803,065801,60.567768N,24.808958E,93,24.6,143
9220,T,260803,065802,60.567719N,24.809032E,92,24.6,144
9221,T,260803,065803,60.567669N,24.809107E,92,24.6,143
9222,T,260803,065804,60.567619N,24.809183E,92,24.6,143
9223,T,260803,065805,60.567570N,24.809256E,92,24.6,143
9224,T,260803,065806,60.567520N,24.809330E,92,24.6,143
9225,T,260803,065807,60.567471N,24.809404E,92,24.6,144
9226,T,260803,065808,60.567421N,24.809477E,92,25.0,144
9227,T,260803,065809,60.567368N,24.809551E,92,25.1,144
9228,T,260803,065810,60.567322N,24.809624E,91,25.2,144
9229,T,260803,065811,60.567268N,24.809700E,91,25.2,144
9230,T,260803,065812,60.567215N,24.809776E,91,25.2,144
9231,T,260803,065813,60.567165N,24.809851E,91,25.3,144
9232,T,260803,065814,60.567112N,24.809923E,91,25.3,144
9233,T,260803,065815,60.567059N,24.809996E,91,25.7,145
9234,T,260803,065816,60.567005N,24.810070E,91,26.0,145
9235,T,260803,065817,60.566952N,24.810148E,91,26.5,145
9236,T,260803,065818,60.566895N,24.810226E,91,26.6,144
9237,T,260803,065819,60.566845N,24.810305E,91,27.0,144
9238,T,260803,065820,60.566788N,24.810385E,91,26.9,144
9239,T,260803,065821,60.566730N,24.810463E,91,26.9,144
9240,T,260803,065822,60.566677N,24.810539E,91,26.9,145
9241,T,260803,065823,60.566620N,24.810616E,91,27.0,145
9242,T,260803,065824,60.566563N,24.810696E,90,26.9,145
9243,T,260803,065825,60.566509N,24.810776E,90,26.9,145
9244,T,260803,065826,60.566452N,24.810854E,90,26.9,145
9245,T,260803,065827,60.566395N,24.810930E,90,26.9,145
9246,T,260803,065828,60.566341N,24.811005E,90,26.9,145
9247,T,260803,065829,60.566284N,24.811085E,90,26.9,145
9248,T,260803,065830,60.566227N,24.811163E,90,26.9,145
9249,T,260803,065831,60.566174N,24.811237E,90,26.9,145
9250,T,260803,065832,60.566120N,24.811316E,89,26.9,145
9251,T,260803,065833,60.566063N,24.811396E,89,26.9,145
9252,T,260803,065834,60.566010N,24.811472E,89,27.0,145
9253,T,260803,065835,60.565952N,24.811548E,89,27.0,145
9254,T,260803,065836,60.565891N,24.811625E,89,27.1,146
9255,T,260803,065837,60.565842N,24.811703E,89,27.1,146
9256,T,260803,065838,60.565781N,24.811781E,89,27.2,146
9257,T,260803,065839,60.565723N,24.811855E,89,27.2,146
9258,T,260803,065840,60.565666N,24.811934E,89,27.6,146
9259,T,260803,065841,60.565609N,24.812014E,89,28.0,146
9260,T,260803,065842,60.565552N,24.812092E,89,28.0,146
9261,T,260803,065843,60.565491N,24.812170E,89,28.0,146
9262,T,260803,065844,60.565437N,24.812246E,89,27.6,146
9263,T,260803,065845,60.565376N,24.812323E,89,27.6,147
9264,T,260803,065846,60.565319N,24.812399E,89,27.6,147
9265,T,260803,065847,60.565262N,24.812473E,89,27.6,147
9266,T,260803,065848,60.565201N,24.812550E,88,27.6,147
9267,T,260803,065849,60.565140N,24.812624E,88,27.6,147
9268,T,260803,065850,60.565083N,24.812702E,89,27.7,147
9269,T,260803,065851,60.565025N,24.812777E,89,27.7,147
9270,T,260803,065852,60.564964N,24.812853E,88,27.7,147
9271,T,260803,065853,60.564903N,24.812925E,88,27.8,147
9272,T,260803,065854,60.564850N,24.813004E,88,27.8,147
9273,T,260803,065855,60.564789N,24.813078E,88,27.8,147
9274,T,260803,065856,60.564728N,24.813156E,88,27.8,147
9275,T,260803,065857,60.564671N,24.813229E,88,27.8,147
9276,T,260803,065858,60.564613N,24.813301E,88,27.8,147
9277,T,260803,065859,60.564552N,24.813375E,88,27.7,147
9278,T,260803,065900,60.564495N,24.813446E,88,27.1,148
9279,T,260803,065901,60.564442N,24.813519E,88,26.6,148
9280,T,260803,065902,60.564384N,24.813587E,88,26.5,148
9281,T,260803,065903,60.564327N,24.813660E,88,26.4,148
9282,T,260803,065904,60.564274N,24.813730E,88,26.5,148
9283,T,260803,065905,60.564213N,24.813801E,88,26.5,148
9284,T,260803,065906,60.564156N,24.813868E,87,26.6,148
9285,T,260803,065907,60.564098N,24.813936E,88,26.6,148
9286,T,260803,065908,60.564045N,24.814007E,88,26.7,148
9287,T,260803,065909,60.563984N,24.814075E,88,26.7,149
9288,T,260803,065910,60.563927N,24.814146E,88,26.8,148
9289,T,260803,065911,60.563873N,24.814219E,88,26.9,148
9290,T,260803,065912,60.563816N,24.814289E,88,26.5,148
9291,T,260803,065913,60.563759N,24.814362E,89,26.4,147
9292,T,260803,065914,60.563705N,24.814430E,89,26.4,147
9293,T,260803,065915,60.563648N,24.814499E,89,26.3,148
9294,T,260803,065916,60.563591N,24.814566E,89,26.5,148
9295,T,260803,065917,60.563534N,24.814636E,89,26.5,149
9296,T,260803,065918,60.563477N,24.814705E,89,26.5,149
9297,T,260803,065919,60.563419N,24.814766E,89,25.7,149
9298,T,260803,065920,60.563370N,24.814837E,89,26.0,149
9299,T,260803,065921,60.563309N,24.814903E,89,27.3,148
9300,T,260803,065922,60.563259N,24.814972E,89,24.3,147
9301,T,260803,065923,60.563210N,24.815037E,90,24.3,146
9302,T,260803,065924,60.563160N,24.815096E,90,25.0,146
9303,T,260803,065925,60.563099N,24.815161E,90,24.6,147
9304,T,260803,065926,60.563049N,24.815224E,90,24.1,148
9305,T,260803,065927,60.562996N,24.815283E,90,23.7,149
9306,T,260803,065928,60.562943N,24.815342E,90,23.1,149
9307,T,260803,065929,60.562897N,24.815401E,90,22.8,149
9308,T,260803,065930,60.562843N,24.815458E,90,22.7,149
9309,T,260803,065931,60.562798N,24.815514E,90,22.8,150
9310,T,260803,065932,60.562744N,24.815571E,90,22.8,150
9311,T,260803,065933,60.562695N,24.815624E,90,22.6,151
9312,T,260803,065934,60.562649N,24.815681E,90,22.6,150
9313,T,260803,065935,60.562599N,24.815741E,90,22.2,150
9314,T,260803,065936,60.562553N,24.815796E,90,21.7,150
9315,T,260803,065937,60.562504N,24.815851E,90,21.6,149
9316,T,260803,065938,60.562462N,24.815907E,90,21.5,149
9317,T,260803,065939,60.562412N,24.815958E,91,20.9,150
9318,T,260803,065940,60.562366N,24.816008E,91,20.6,150
9319,T,260803,065941,60.562325N,24.816059E,91,20.5,151
9320,T,260803,065942,60.562279N,24.816109E,91,20.6,152
9321,T,260803,065943,60.562233N,24.816160E,91,20.6,151
9322,T,260803,065944,60.562183N,24.816210E,91,20.7,151
9323,T,260803,065945,60.562138N,24.816254E,91,20.8,158
9324,T,260803,065946,60.562088N,24.816292E,92,21.0,159
9325,T,260803,065947,60.562038N,24.816330E,92,21.0,159
9326,T,260803,065948,60.561989N,24.816370E,92,21.2,157
9327,T,260803,065949,60.561939N,24.816414E,92,21.2,156
9328,T,260803,065950,60.561893N,24.816458E,92,20.9,154
9329,T,260803,065951,60.561844N,24.816507E,92,21.0,152
9330,T,260803,065952,60.561794N,24.816561E,92,21.0,150
9331,T,260803,065953,60.561752N,24.816612E,92,21.0,149
9332,T,260803,065954,60.561699N,24.816662E,93,21.0,149
9333,T,260803,065955,60.561653N,24.816713E,93,21.1,149
9334,T,260803,065956,60.561607N,24.816765E,93,20.8,149
9335,T,260803,065957,60.561562N,24.816814E,93,20.6,150
9336,T,260803,065958,60.561516N,24.816862E,94,20.2,151
9337,T,260803,065959,60.561474N,24.816910E,94,20.2,151
9338,T,260803,070000,60.561428N,24.816956E,94,20.1,152
9339,T,260803,070001,60.561378N,24.817003E,94,20.0,151
9340,T,260803,070002,60.561340N,24.817057E,94,20.0,151
9341,T,260803,070003,60.561295N,24.817104E,94,20.1,151
9342,T,260803,070004,60.561253N,24.817156E,95,19.8,150
9343,T,260803,070005,60.561207N,24.817204E,95,19.8,150
9344,T,260803,070006,60.561165N,24.817249E,95,19.9,150
9345,T,260803,070007,60.561119N,24.817295E,94,20.0,151
9346,T,260803,070008,60.561077N,24.817341E,94,19.9,152
9347,T,260803,070009,60.561031N,24.817385E,95,19.8,153
9348,T,260803,070010,60.560989N,24.817425E,94,18.9,153
9349,T,260803,070011,60.560947N,24.817472E,95,19.2,152
9350,T,260803,070012,60.560905N,24.817516E,94,19.2,152
9351,T,260803,070013,60.560860N,24.817560E,95,18.8,152
9352,T,260803,070014,60.560822N,24.817602E,95,18.8,153
9353,T,260803,070015,60.560776N,24.817644E,95,18.8,154
9354,T,260803,070016,60.560734N,24.817694E,95,19.7,154
9355,T,260803,070017,60.560688N,24.817738E,95,19.7,153
9356,T,260803,070018,60.560642N,24.817785E,96,20.0,152
9357,T,260803,070019,60.560600N,24.817837E,96,20.1,152
9358,T,260803,070020,60.560551N,24.817890E,96,20.6,151
9359,T,260803,070021,60.560505N,24.817944E,96,20.7,151
9360,T,260803,070022,60.560455N,24.817993E,96,20.4,151
9361,T,260803,070023,60.560410N,24.818045E,96,20.3,151
9362,T,260803,070024,60.560360N,24.818094E,97,20.4,151
9363,T,260803,070025,60.560314N,24.818142E,97,20.5,152
9364,T,260803,070026,60.560268N,24.818188E,97,20.5,153
9365,T,260803,070027,60.560219N,24.818233E,97,20.6,154
9366,T,260803,070028,60.560169N,24.818279E,97,20.7,154
9367,T,260803,070029,60.560123N,24.818331E,97,20.8,153
9368,T,260803,070030,60.560078N,24.818380E,98,20.9,152
9369,T,260803,070031,60.560032N,24.818426E,98,20.8,153
9370,T,260803,070032,60.559978N,24.818474E,98,21.2,153
9371,T,260803,070033,60.559937N,24.818521E,98,21.6,153
9372,T,260803,070034,60.559887N,24.818577E,99,22.1,152
9373,T,260803,070035,60.559841N,24.818626E,99,22.0,153
9374,T,260803,070036,60.559792N,24.818676E,99,21.9,153
9375,T,260803,070037,60.559738N,24.818729E,100,21.5,153
9376,T,260803,070038,60.559692N,24.818785E,100,21.9,153
9377,T,260803,070039,60.559643N,24.818840E,100,22.6,152
9378,T,260803,070040,60.559593N,24.818895E,101,22.6,152
9379,T,260803,070041,60.559544N,24.818949E,101,22.5,151
9380,T,260803,070042,60.559490N,24.819002E,101,23.2,151
9381,T,260803,070043,60.559441N,24.819056E,101,23.3,152
9382,T,260803,070044,60.559391N,24.819103E,101,22.9,152
9383,T,260803,070045,60.559341N,24.819157E,102,22.8,153
9384,T,260803,070046,60.559288N,24.819204E,102,22.9,153
9385,T,260803,070047,60.559235N,24.819256E,102,23.5,154
9386,T,260803,070048,60.559181N,24.819307E,102,23.5,154
9387,T,260803,070049,60.559128N,24.819361E,102,23.9,154
9388,T,260803,070050,60.559071N,24.819414E,102,23.8,154
9389,T,260803,070051,60.559021N,24.819468E,102,24.5,154
9390,T,260803,070052,60.558964N,24.819515E,102,24.4,154
9391,T,260803,070053,60.558907N,24.819576E,102,24.3,154
9392,T,260803,070054,60.558853N,24.819633E,102,24.3,153
9393,T,260803,070055,60.558796N,24.819687E,101,24.5,154
9394,T,260803,070056,60.558739N,24.819742E,101,24.9,154
9395,T,260803,070057,60.558685N,24.819796E,101,24.5,154
9396,T,260803,070058,60.558624N,24.819853E,101,25.4,154
9397,T,260803,070059,60.558567N,24.819906E,99,25.4,154
9398,T,260803,070100,60.558514N,24.819963E,99,25.5,154
9399,T,260803,070101,60.558449N,24.820023E,98,25.7,154
9400,T,260803,070102,60.558392N,24.820078E,98,25.8,154
9401,T,260803,070103,60.558331N,24.820135E,98,25.9,154
9402,T,260803,070104,60.558277N,24.820196E,97,25.9,154
9403,T,260803,070105,60.558216N,24.820253E,97,26.0,154
9404,T,260803,070106,60.558159N,24.820313E,97,25.5,154
9405,T,260803,070107,60.558102N,24.820368E,97,25.4,153
9406,T,260803,070108,60.558044N,24.820423E,97,25.0,154
9407,T,260803,070109,60.557987N,24.820477E,97,24.9,154
9408,T,260803,070110,60.557934N,24.820530E,97,24.5,154
9409,T,260803,070111,60.557880N,24.820583E,97,24.5,154
9410,T,260803,070112,60.557823N,24.820639E,97,24.4,154
9411,T,260803,070113,60.557770N,24.820696E,97,24.3,153
9412,T,260803,070114,60.557716N,24.820751E,97,23.7,153
9413,T,260803,070115,60.557663N,24.820805E,97,23.6,153
9414,T,260803,070116,60.557610N,24.820856E,97,23.6,154
9415,T,260803,070117,60.557556N,24.820904E,97,23.9,155
9416,T,260803,070118,60.557499N,24.820955E,97,23.9,155
9417,T,260803,070119,60.557449N,24.821005E,97,23.8,155
9418,T,260803,070120,60.557396N,24.821054E,97,23.5,156
9419,T,260803,070121,60.557339N,24.821102E,97,23.4,156
9420,T,260803,070122,60.557289N,24.821148E,97,23.4,156
9421,T,260803,070123,60.557232N,24.821196E,97,23.4,157
9422,T,260803,070124,60.557175N,24.821243E,97,22.8,156
9423,T,260803,070125,60.557125N,24.821289E,97,22.8,156
9424,T,260803,070126,60.557072N,24.821335E,97,22.7,156
9425,T,260803,070127,60.557018N,24.821379E,97,22.7,156
9426,T,260803,070128,60.556969N,24.821424E,98,22.6,156
9427,T,260803,070129,60.556911N,24.821466E,98,22.5,157
9428,T,260803,070130,60.556862N,24.821512E,98,22.5,156
9429,T,260803,070131,60.556812N,24.821556E,98,22.4,156
9430,T,260803,070132,60.556759N,24.821600E,98,22.3,157
9431,T,260803,070133,60.556709N,24.821644E,98,22.2,157
9432,T,260803,070134,60.556660N,24.821686E,98,21.5,157
9433,T,260803,070135,60.556606N,24.821728E,98,21.4,157
9434,T,260803,070136,60.556561N,24.821772E,98,21.2,156
9435,T,260803,070137,60.556511N,24.821814E,98,21.2,156
9436,T,260803,070138,60.556465N,24.821856E,98,21.2,156
9437,T,260803,070139,60.556416N,24.821898E,98,21.3,156
9438,T,260803,070140,60.556370N,24.821939E,98,21.3,157
9439,T,260803,070141,60.556316N,24.821981E,98,21.6,157
9440,T,260803,070142,60.556267N,24.822023E,98,21.7,157
9441,T,260803,070143,60.556217N,24.822065E,98,22.2,157
9442,T,260803,070144,60.556164N,24.822109E,98,22.9,157
9443,T,260803,070145,60.556110N,24.822157E,98,22.8,157
9444,T,260803,070146,60.556061N,24.822199E,98,22.7,157
9445,T,260803,070147,60.556007N,24.822243E,98,22.6,157
9446,T,260803,070148,60.555958N,24.822285E,98,22.5,157
9447,T,260803,070149,60.555904N,24.822327E,98,22.5,157
9448,T,260803,070150,60.555847N,24.822369E,98,22.9,158
9449,T,260803,070151,60.555801N,24.822411E,98,23.2,158
9450,T,260803,070152,60.555744N,24.822454E,98,23.3,158
9451,T,260803,070153,60.555687N,24.822496E,98,24.3,158
9452,T,260803,070154,60.555634N,24.822540E,98,24.0,158
9453,T,260803,070155,60.555576N,24.822588E,98,24.0,158
9454,T,260803,070156,60.555519N,24.822636E,98,24.0,157
9455,T,260803,070157,60.555466N,24.822683E,99,24.1,157
9456,T,260803,070158,60.555408N,24.822727E,99,24.1,157
9457,T,260803,070159,60.555351N,24.822777E,98,24.1,157
9458,T,260803,070200,60.555298N,24.822823E,98,24.5,158
9459,T,260803,070201,60.555241N,24.822866E,98,24.6,158
9460,T,260803,070203,60.555122N,24.822956E,98,25.2,158
9461,T,260803,070204,60.555065N,24.823002E,97,25.6,158
9462,T,260803,070205,60.555004N,24.823048E,97,25.5,158
9463,T,260803,070206,60.554943N,24.823095E,97,25.4,158
9464,T,260803,070207,60.554886N,24.823141E,97,25.5,158
9465,T,260803,070208,60.554825N,24.823191E,97,25.8,158
9466,T,260803,070209,60.554764N,24.823236E,97,25.4,159
9467,T,260803,070210,60.554703N,24.823280E,97,25.5,159
9468,T,260803,070211,60.554646N,24.823328E,97,25.5,159
9469,T,260803,070212,60.554585N,24.823376E,97,25.9,159
9470,T,260803,070213,60.554520N,24.823421E,97,26.0,158
9471,T,260803,070214,60.554459N,24.823469E,97,26.1,158
9472,T,260803,070215,60.554401N,24.823521E,97,26.8,158
9473,T,260803,070216,60.554333N,24.823570E,96,27.4,158
9474,T,260803,070217,60.554268N,24.823618E,96,27.5,159
9475,T,260803,070218,60.554203N,24.823664E,96,27.6,159
9476,T,260803,070219,60.554138N,24.823713E,96,27.7,159
9477,T,260803,070220,60.554073N,24.823765E,96,27.8,159
9478,T,260803,070221,60.554008N,24.823816E,96,27.1,158
9479,T,260803,070222,60.553947N,24.823870E,96,27.1,157
9480,T,260803,070223,60.553886N,24.823919E,96,26.4,158
9481,T,260803,070224,60.553825N,24.823963E,95,26.0,159
9482,T,260803,070225,60.553764N,24.824011E,95,25.5,159
9483,T,260803,070226,60.553707N,24.824059E,95,25.3,159
9484,T,260803,070227,60.553650N,24.824108E,95,25.3,159
9485,T,260803,070228,60.553593N,24.824158E,95,25.4,158
9486,T,260803,070229,60.553532N,24.824202E,94,25.3,159
9487,T,260803,070230,60.553471N,24.824244E,94,25.4,159
9488,T,260803,070231,60.553413N,24.824289E,94,25.7,158
9489,T,260803,070232,60.553352N,24.824335E,94,25.7,159
9490,T,260803,070233,60.553291N,24.824383E,94,25.7,159
9491,T,260803,070234,60.553234N,24.824429E,94,25.7,159
9492,T,260803,070235,60.553177N,24.824476E,93,25.7,159
9493,T,260803,070236,60.553120N,24.824522E,93,25.6,159
9494,T,260803,070237,60.553059N,24.824568E,93,25.6,158
9495,T,260803,070238,60.553001N,24.824614E,93,25.5,159
9496,T,260803,070239,60.552940N,24.824657E,93,25.4,158
9497,T,260803,070240,60.552879N,24.824703E,92,25.4,158
9498,T,260803,070241,60.552822N,24.824751E,92,25.8,159
9499,T,260803,070242,60.552765N,24.824797E,92,25.8,158
9500,T,260803,070243,60.552704N,24.824844E,92,25.9,158
9501,T,260803,070244,60.552643N,24.824892E,92,26.0,159
9502,T,260803,070245,60.552586N,24.824940E,92,26.1,159
9503,T,260803,070246,60.552525N,24.824987E,92,25.8,158
9504,T,260803,070247,60.552464N,24.825035E,92,25.4,158
9505,T,260803,070248,60.552402N,24.825085E,92,25.0,158
9506,T,260803,070249,60.552349N,24.825127E,92,24.9,159
9507,T,260803,070250,60.552288N,24.825171E,92,24.6,159
9508,T,260803,070251,60.552231N,24.825214E,92,24.4,159
9509,T,260803,070252,60.552177N,24.825256E,92,24.3,159
9510,T,260803,070253,60.552120N,24.825302E,91,24.2,159
9511,T,260803,070254,60.552063N,24.825344E,91,23.6,158
9512,T,260803,070255,60.552010N,24.825388E,92,23.1,158
9513,T,260803,070256,60.551956N,24.825430E,92,22.6,159
9514,T,260803,070257,60.551903N,24.825472E,92,22.5,159
9515,T,260803,070258,60.551853N,24.825512E,92,22.4,159
9516,T,260803,070259,60.551800N,24.825554E,92,22.1,159
9517,T,260803,070300,60.551746N,24.825596E,92,22.0,158
9518,T,260803,070301,60.551701N,24.825636E,92,21.9,158
9519,T,260803,070302,60.551647N,24.825674E,92,21.8,159
9520,T,260803,070303,60.551598N,24.825708E,92,21.7,158
9521,T,260803,070304,60.551548N,24.825750E,92,21.7,158
9522,T,260803,070305,60.551495N,24.825788E,92,21.6,159
9523,T,260803,070306,60.551445N,24.825827E,92,22.1,159
9524,T,260803,070307,60.551392N,24.825867E,92,22.5,158
9525,T,260803,070308,60.551338N,24.825911E,92,22.5,158
9526,T,260803,070309,60.551289N,24.825954E,92,22.6,158
9527,T,260803,070310,60.551231N,24.825996E,92,22.7,158
9528,T,260803,070311,60.551182N,24.826038E,92,22.6,158
9529,T,260803,070312,60.551128N,24.826080E,92,22.1,158
9530,T,260803,070313,60.551075N,24.826120E,92,22.1,158
9531,T,260803,070314,60.551022N,24.826159E,92,22.2,159
9532,T,260803,070315,60.550968N,24.826197E,93,22.2,159
9533,T,260803,070316,60.550919N,24.826237E,93,22.0,159
9534,T,260803,070317,60.550869N,24.826277E,93,22.0,158
9535,T,260803,070318,60.550816N,24.826317E,93,22.1,158
9536,T,260803,070319,60.550758N,24.826357E,93,22.1,158
9537,T,260803,070320,60.550709N,24.826397E,93,22.5,158
9538,T,260803,070321,60.550655N,24.826435E,93,22.7,159
9539,T,260803,070322,60.550598N,24.826475E,93,22.8,159
9540,T,260803,070323,60.550549N,24.826515E,93,23.1,159
9541,T,260803,070324,60.550495N,24.826557E,93,23.1,158
9542,T,260803,070325,60.550442N,24.826599E,93,23.0,158
9543,T,260803,070326,60.550388N,24.826641E,93,23.0,159
9544,T,260803,070327,60.550331N,24.826681E,93,23.5,159
9545,T,260803,070328,60.550282N,24.826723E,93,23.5,158
9546,T,260803,070329,60.550224N,24.826769E,93,23.6,159
9547,T,260803,070330,60.550167N,24.826815E,93,23.6,158
9548,T,260803,070331,60.550117N,24.826860E,93,23.6,158
9549,T,260803,070332,60.550060N,24.826904E,93,23.6,158
9550,T,260803,070333,60.550003N,24.826948E,93,23.5,158
9551,T,260803,070334,60.549953N,24.826992E,93,23.4,158
9552,T,260803,070335,60.549896N,24.827036E,93,23.4,159
9553,T,260803,070336,60.549839N,24.827078E,93,23.5,159
9554,T,260803,070337,60.549786N,24.827122E,93,23.9,158
9555,T,260803,070338,60.549728N,24.827166E,93,23.9,158
9556,T,260803,070339,60.549671N,24.827208E,93,23.9,158
9557,T,260803,070340,60.549618N,24.827251E,92,23.9,159
9558,T,260803,070341,60.549561N,24.827295E,92,24.0,159
9559,T,260803,070342,60.549500N,24.827337E,92,24.0,159
9560,T,260803,070343,60.549442N,24.827381E,92,24.1,159
9561,T,260803,070344,60.549389N,24.827427E,92,24.2,159
9562,T,260803,070345,60.549328N,24.827473E,92,24.2,158
9563,T,260803,070346,60.549271N,24.827517E,92,24.2,158
9564,T,260803,070347,60.549217N,24.827564E,91,24.3,158
9565,T,260803,070348,60.549160N,24.827608E,91,24.3,158
9566,T,260803,070349,60.549103N,24.827656E,91,24.7,158
9567,T,260803,070350,60.549049N,24.827700E,91,24.7,159
9568,T,260803,070351,60.548988N,24.827744E,91,24.7,159
9569,T,260803,070352,60.548927N,24.827789E,91,25.2,159
9570,T,260803,070353,60.548874N,24.827839E,90,25.3,158
9571,T,260803,070354,60.548813N,24.827885E,90,24.6,158
9572,T,260803,070355,60.548756N,24.827929E,90,25.4,158
9573,T,260803,070356,60.548695N,24.827976E,90,25.6,158
9574,T,260803,070357,60.548637N,24.828022E,89,26.0,159
9575,T,260803,070358,60.548580N,24.828074E,89,26.1,159
9576,T,260803,070359,60.548515N,24.828119E,89,26.7,159
9577,T,260803,070400,60.548454N,24.828163E,89,26.0,158
9578,T,260803,070401,60.548397N,24.828217E,89,24.8,159
9579,T,260803,070402,60.548340N,24.828259E,89,24.3,158
9580,T,260803,070403,60.548283N,24.828300E,89,23.4,158
9581,T,260803,070404,60.548233N,24.828342E,89,22.2,158
9582,T,260803,070405,60.548183N,24.828381E,89,21.0,158
9583,T,260803,070406,60.548138N,24.828417E,89,20.6,158
9584,T,260803,070407,60.548088N,24.828457E,89,21.3,158
9585,T,260803,070408,60.548038N,24.828493E,88,22.0,158
9586,T,260803,070409,60.547989N,24.828533E,88,22.8,158
9587,T,260803,070410,60.547932N,24.828575E,88,23.3,158
9588,T,260803,070411,60.547874N,24.828617E,88,23.3,159
9589,T,260803,070412,60.547821N,24.828659E,88,23.3,159
9590,T,260803,070413,60.547764N,24.828703E,88,23.7,159
9591,T,260803,070414,60.547710N,24.828745E,88,24.1,159
9592,T,260803,070415,60.547653N,24.828791E,88,23.5,158
9593,T,260803,070416,60.547600N,24.828836E,88,23.6,158
9594,T,260803,070417,60.547539N,24.828882E,88,24.2,158
9595,T,260803,070418,60.547485N,24.828924E,88,24.1,158
9596,T,260803,070419,60.547432N,24.828972E,88,24.0,158
9597,T,260803,070420,60.547371N,24.829016E,88,24.4,158
9598,T,260803,070421,60.547318N,24.829063E,88,25.0,158
9599,T,260803,070422,60.547256N,24.829103E,88,24.3,159
9600,T,260803,070423,60.547195N,24.829149E,89,23.9,160
9601,T,260803,070424,60.547138N,24.829193E,89,24.6,159
9602,T,260803,070425,60.547081N,24.829239E,88,24.1,159
9603,T,260803,070426,60.547024N,24.829285E,89,24.5,159
9604,T,260803,070427,60.546967N,24.829329E,88,24.5,158
9605,T,260803,070428,60.546913N,24.829374E,88,24.5,158
9606,T,260803,070429,60.546852N,24.829418E,88,23.9,158
9607,T,260803,070430,60.546799N,24.829464E,89,23.4,159
9608,T,260803,070431,60.546749N,24.829506E,89,24.0,159
9609,T,260803,070432,60.546692N,24.829552E,89,23.6,158
9610,T,260803,070433,60.546635N,24.829596E,89,23.1,158
9611,T,260803,070434,60.546581N,24.829638E,89,22.5,158
9612,T,260803,070435,60.546528N,24.829679E,89,22.8,158
9613,T,260803,070436,60.546471N,24.829720E,89,23.6,158
9614,T,260803,070437,60.546413N,24.829762E,89,24.0,159
9615,T,260803,070438,60.546356N,24.829802E,89,24.0,159
9616,T,260803,070439,60.546295N,24.829847E,88,24.2,158
9617,T,260803,070440,60.546242N,24.829899E,88,24.9,158
9618,T,260803,070441,60.546181N,24.829945E,88,25.0,158
9619,T,260803,070442,60.546120N,24.829992E,88,24.9,158
9620,T,260803,070443,60.546055N,24.830036E,88,25.4,159
9621,T,260803,070444,60.546001N,24.830080E,88,25.4,159
9622,T,260803,070445,60.545940N,24.830128E,88,25.5,159
9623,T,260803,070446,60.545879N,24.830175E,88,25.6,158
9624,T,260803,070447,60.545815N,24.830223E,88,25.7,158
9625,T,260803,070448,60.545757N,24.830273E,87,25.7,158
9626,T,260803,070449,60.545696N,24.830318E,88,24.2,159
9627,T,260803,070450,60.545639N,24.830364E,87,26.7,159
9628,T,260803,070451,60.545574N,24.830416E,87,25.4,158
9629,T,260803,070452,60.545517N,24.830463E,87,26.1,158
9630,T,260803,070453,60.545456N,24.830517E,87,26.4,158
9631,T,260803,070454,60.545391N,24.830564E,87,26.5,158
9632,T,260803,070455,60.545326N,24.830612E,86,26.8,159
9633,T,260803,070456,60.545269N,24.830660E,86,26.7,159
9634,T,260803,070457,60.545204N,24.830706E,86,26.2,159
9635,T,260803,070458,60.545143N,24.830755E,86,26.2,159
9636,T,260803,070459,60.545078N,24.830805E,86,26.2,159
9637,T,260803,070500,60.545017N,24.830856E,85,26.4,159
9638,T,260803,070501,60.544956N,24.830902E,85,26.4,159
9639,T,260803,070502,60.544891N,24.830944E,85,26.3,159
9640,T,260803,070503,60.544830N,24.830992E,85,26.4,159
9641,T,260803,070504,60.544773N,24.831039E,85,26.4,159
9642,T,260803,070505,60.544712N,24.831085E,85,26.0,159
9643,T,260803,070506,60.544651N,24.831135E,85,26.4,158
9644,T,260803,070507,60.544594N,24.831181E,85,26.5,158
9645,T,260803,070508,60.544525N,24.831234E,85,27.1,158
9646,T,260803,070509,60.544460N,24.831280E,85,26.7,158
9647,T,260803,070510,60.544399N,24.831326E,85,26.6,158
9648,T,260803,070511,60.544331N,24.831375E,86,26.7,159
9649,T,260803,070512,60.544270N,24.831427E,86,26.7,159
9650,T,260803,070513,60.544209N,24.831476E,86,26.3,159
9651,T,260803,070514,60.544144N,24.831524E,86,25.8,158
9652,T,260803,070515,60.544083N,24.831573E,86,25.1,158
9653,T,260803,070516,60.544025N,24.831619E,86,25.0,158
9654,T,260803,070517,60.543968N,24.831669E,86,25.1,157
9655,T,260803,070518,60.543907N,24.831717E,86,24.7,158
9656,T,260803,070519,60.543846N,24.831760E,86,24.8,158
9657,T,260803,070520,60.543793N,24.831808E,86,24.7,158
9658,T,260803,070521,60.543736N,24.831854E,86,23.9,158
9659,T,260803,070522,60.543678N,24.831896E,86,24.0,158
9660,T,260803,070523,60.543621N,24.831942E,86,24.0,158
9661,T,260803,070524,60.543564N,24.831985E,86,24.8,158
9662,T,260803,070525,60.543507N,24.832031E,86,24.8,158
9663,T,260803,070526,60.543449N,24.832081E,86,24.8,158
9664,T,260803,070527,60.543388N,24.832127E,87,25.3,158
9665,T,260803,070528,60.543327N,24.832172E,87,25.3,158
9666,T,260803,070529,60.543266N,24.832216E,87,24.9,158
9667,T,260803,070530,60.543209N,24.832264E,87,25.6,159
9668,T,260803,070531,60.543148N,24.832312E,87,25.6,159
9669,T,260803,070532,60.543083N,24.832355E,87,25.5,159
9670,T,260803,070533,60.543022N,24.832403E,87,25.5,159
9671,T,260803,070534,60.542965N,24.832453E,88,25.5,159
9672,T,260803,070535,60.542904N,24.832502E,88,25.4,158
9673,T,260803,070536,60.542843N,24.832550E,88,25.9,159
9674,T,260803,070537,60.542782N,24.832600E,88,25.9,159
9675,T,260803,070538,60.542721N,24.832644E,87,25.8,159
9676,T,260803,070539,60.542660N,24.832697E,87,25.4,159
9677,T,260803,070540,60.542599N,24.832745E,87,26.0,158
9678,T,260803,070541,60.542542N,24.832792E,87,26.1,158
9679,T,260803,070542,60.542480N,24.832836E,87,26.4,159
9680,T,260803,070543,60.542419N,24.832884E,87,25.4,159
9681,T,260803,070544,60.542362N,24.832933E,87,25.4,158
9682,T,260803,070545,60.542305N,24.832979E,87,25.9,158
9683,T,260803,070546,60.542244N,24.833023E,86,26.0,159
9684,T,260803,070547,60.542183N,24.833073E,86,26.8,159
9685,T,260803,070548,60.542122N,24.833118E,86,26.4,159
9686,T,260803,070549,60.542061N,24.833166E,86,27.5,159
9687,T,260803,070550,60.541996N,24.833216E,85,27.1,159
9688,T,260803,070551,60.541931N,24.833267E,85,27.1,158
9689,T,260803,070552,60.541866N,24.833317E,85,27.0,158
9690,T,260803,070553,60.541805N,24.833368E,84,27.8,158
9691,T,260803,070554,60.541740N,24.833420E,84,27.9,158
9692,T,260803,070555,60.541672N,24.833469E,84,28.0,159
9693,T,260803,070556,60.541603N,24.833521E,84,28.0,159
9694,T,260803,070557,60.541538N,24.833574E,84,27.9,159
9695,T,260803,070558,60.541473N,24.833624E,84,27.8,159
9696,T,260803,070559,60.541409N,24.833675E,84,27.8,159
9697,T,260803,070600,60.541340N,24.833723E,84,27.7,159
9698,T,260803,070601,60.541275N,24.833776E,84,27.7,158
9699,T,260803,070602,60.541206N,24.833828E,84,27.3,158
9700,T,260803,070603,60.541145N,24.833878E,84,26.4,158
9701,T,260803,070604,60.541080N,24.833927E,84,26.4,158
9702,T,260803,070605,60.541016N,24.833977E,84,26.4,158
9703,T,260803,070606,60.540955N,24.834024E,84,26.2,158
9704,T,260803,070607,60.540894N,24.834074E,84,25.9,158
9705,T,260803,070608,60.540833N,24.834122E,84,25.9,158
9706,T,260803,070609,60.540768N,24.834169E,84,25.9,159
9707,T,260803,070610,60.540710N,24.834217E,84,25.9,158
9708,T,260803,070611,60.540649N,24.834267E,83,26.0,158
9709,T,260803,070612,60.540592N,24.834312E,83,26.0,158
9710,T,260803,070613,60.540527N,24.834360E,83,26.0,158
9711,T,260803,070614,60.540466N,24.834406E,83,26.0,159
9712,T,260803,070615,60.540409N,24.834454E,83,26.4,159
9713,T,260803,070616,60.540344N,24.834501E,83,26.5,159
9714,T,260803,070617,60.540279N,24.834551E,82,26.9,159
9715,T,260803,070618,60.540218N,24.834599E,82,26.9,159
9716,T,260803,070619,60.540157N,24.834646E,82,26.8,159
9717,T,260803,070620,60.540096N,24.834696E,82,26.7,159
9718,T,260803,070621,60.540031N,24.834743E,82,26.7,159
9719,T,260803,070622,60.539967N,24.834791E,81,26.8,159
9720,T,260803,070623,60.539909N,24.834843E,81,26.8,159
9721,T,260803,070624,60.539845N,24.834890E,81,26.8,158
9722,T,260803,070625,60.539783N,24.834940E,81,26.9,158
9723,T,260803,070626,60.539719N,24.834990E,81,26.9,158
9724,T,260803,070627,60.539661N,24.835035E,80,26.9,159
9725,T,260803,070628,60.539597N,24.835085E,80,26.8,159
9726,T,260803,070629,60.539532N,24.835135E,80,26.8,159
9727,T,260803,070630,60.539471N,24.835184E,80,26.9,159
9728,T,260803,070631,60.539410N,24.835232E,80,26.9,159
9729,T,260803,070632,60.539345N,24.835281E,80,27.0,159
9730,T,260803,070633,60.539284N,24.835337E,80,27.1,159
9731,T,260803,070634,60.539219N,24.835384E,80,27.1,158
9732,T,260803,070635,60.539162N,24.835434E,80,27.2,158
9733,T,260803,070636,60.539097N,24.835484E,79,27.2,158
9734,T,260803,070637,60.539032N,24.835531E,79,27.2,159
9735,T,260803,070638,60.538967N,24.835575E,79,27.2,158
9736,T,260803,070639,60.538906N,24.835627E,79,27.1,158
9737,T,260803,070640,60.538845N,24.835676E,79,27.1,159
9738,T,260803,070641,60.538780N,24.835724E,79,27.1,159
9739,T,260803,070642,60.538715N,24.835773E,79,27.1,159
9740,T,260803,070643,60.538651N,24.835819E,79,27.2,159
9741,T,260803,070644,60.538589N,24.835869E,79,27.2,159
9742,T,260803,070645,60.538525N,24.835920E,78,26.9,159
9743,T,260803,070646,60.538460N,24.835968E,78,26.8,159
9744,T,260803,070647,60.538399N,24.836016E,78,26.2,158
9745,T,260803,070648,60.538342N,24.836065E,78,25.6,158
9746,T,260803,070649,60.538280N,24.836115E,78,25.0,159
9747,T,260803,070650,60.538223N,24.836157E,78,24.5,159
9748,T,260803,070651,60.538170N,24.836203E,78,24.4,158
9749,T,260803,070652,60.538113N,24.836246E,78,24.4,159
9750,T,260803,070653,60.538055N,24.836292E,78,24.3,159
9751,T,260803,070654,60.537998N,24.836336E,78,24.3,159
9752,T,260803,070655,60.537941N,24.836378E,78,24.3,159
9753,T,260803,070656,60.537884N,24.836422E,78,24.3,159
9754,T,260803,070657,60.537827N,24.836464E,78,24.2,159
9755,T,260803,070658,60.537773N,24.836506E,78,24.2,159
9756,T,260803,070659,60.537716N,24.836550E,78,24.3,159
9757,T,260803,070700,60.537659N,24.836596E,78,24.6,158
9758,T,260803,070701,60.537601N,24.836643E,78,24.7,158
9759,T,260803,070702,60.537544N,24.836687E,78,24.8,158
9760,T,260803,070703,60.537483N,24.836735E,78,25.1,159
9761,T,260803,070704,60.537430N,24.836781E,78,25.2,159
9762,T,260803,070705,60.537369N,24.836828E,78,25.1,159
9763,T,260803,070706,60.537312N,24.836874E,77,24.9,159
9764,T,260803,070707,60.537251N,24.836916E,77,24.4,159
9765,T,260803,070708,60.537197N,24.836962E,77,24.4,159
9766,T,260803,070709,60.537140N,24.837006E,77,24.5,159
9767,T,260803,070710,60.537079N,24.837051E,77,24.6,159
9768,T,260803,070711,60.537025N,24.837095E,77,24.7,159
9769,T,260803,070712,60.536968N,24.837139E,77,24.7,159
9770,T,260803,070713,60.536907N,24.837185E,77,24.8,159
9771,T,260803,070714,60.536846N,24.837229E,77,25.2,160
9772,T,260803,070715,60.536793N,24.837273E,77,25.1,160
9773,T,260803,070716,60.536732N,24.837317E,77,24.7,159
9774,T,260803,070717,60.536674N,24.837358E,77,24.6,159
9775,T,260803,070718,60.536617N,24.837400E,77,24.2,160
9776,T,260803,070719,60.536560N,24.837444E,77,24.1,160
9777,T,260803,070720,60.536503N,24.837484E,77,24.0,160
9778,T,260803,070721,60.536449N,24.837524E,77,24.0,160
9779,T,260803,070722,60.536392N,24.837564E,77,24.1,161
9780,T,260803,070723,60.536335N,24.837605E,77,24.5,160
9781,T,260803,070724,60.536278N,24.837645E,77,24.6,161
9782,T,260803,070725,60.536221N,24.837687E,77,24.6,161
9783,T,260803,070726,60.536160N,24.837729E,77,24.2,160
9784,T,260803,070727,60.536102N,24.837769E,76,24.1,160
9785,T,260803,070728,60.536049N,24.837809E,76,23.8,160
9786,T,260803,070729,60.535992N,24.837849E,76,23.8,161
9787,T,260803,070730,60.535934N,24.837887E,76,23.9,161
9788,T,260803,070731,60.535881N,24.837927E,76,24.0,161
9789,T,260803,070732,60.535824N,24.837967E,76,24.0,161
9790,T,260803,070733,60.535763N,24.838003E,76,24.1,161
9791,T,260803,070734,60.535709N,24.838043E,76,24.2,161
9792,T,260803,070735,60.535648N,24.838083E,76,24.3,161
9793,T,260803,070736,60.535591N,24.838121E,76,24.4,161
9794,T,260803,070737,60.535534N,24.838160E,76,24.5,161
9795,T,260803,070738,60.535473N,24.838196E,76,24.6,162
9796,T,260803,070739,60.535412N,24.838236E,76,24.7,161
9797,T,260803,070740,60.535355N,24.838276E,76,24.7,161
9798,T,260803,070741,60.535297N,24.838314E,76,24.6,162
9799,T,260803,070742,60.535240N,24.838352E,75,24.6,162
9800,T,260803,070743,60.535179N,24.838390E,75,24.6,162
9801,T,260803,070744,60.535118N,24.838428E,75,24.6,162
9802,T,260803,070745,60.535061N,24.838465E,75,24.7,162
9803,T,260803,070746,60.535000N,24.838505E,75,24.8,162
9804,T,260803,070747,60.534939N,24.838545E,75,24.9,161
9805,T,260803,070748,60.534885N,24.838585E,75,24.9,161
9806,T,260803,070749,60.534824N,24.838621E,75,24.8,162
9807,T,260803,070750,60.534763N,24.838657E,75,24.7,162
9808,T,260803,070751,60.534706N,24.838697E,75,24.3,162
9809,T,260803,070752,60.534649N,24.838736E,75,24.2,162
9810,T,260803,070753,60.534592N,24.838770E,75,24.1,162
9811,T,260803,070754,60.534534N,24.838806E,75,24.2,162
9812,T,260803,070755,60.534477N,24.838842E,75,24.5,162
9813,T,260803,070756,60.534416N,24.838877E,75,24.4,162
9814,T,260803,070757,60.534355N,24.838911E,75,24.3,162
9815,T,260803,070758,60.534302N,24.838945E,75,23.9,163
9816,T,260803,070759,60.534241N,24.838980E,75,23.9,163
9817,T,260803,070800,60.534184N,24.839016E,75,23.9,163
9818,T,260803,070801,60.534126N,24.839052E,75,23.9,163
9819,T,260803,070802,60.534069N,24.839087E,75,24.1,163
9820,T,260803,070803,60.534008N,24.839123E,75,24.1,163
9821,T,260803,070804,60.533951N,24.839155E,75,24.5,163
9822,T,260803,070805,60.533894N,24.839190E,76,24.6,164
9823,T,260803,070806,60.533836N,24.839224E,76,24.5,164
9824,T,260803,070807,60.533775N,24.839260E,76,24.4,164
9825,T,260803,070808,60.533718N,24.839294E,76,24.1,164
9826,T,260803,070809,60.533661N,24.839329E,76,24.4,164
9827,T,260803,070810,60.533604N,24.839359E,76,24.4,164
9828,T,260803,070811,60.533543N,24.839394E,77,24.4,164
9829,T,260803,070812,60.533489N,24.839428E,77,24.4,163
9830,T,260803,070813,60.533428N,24.839464E,77,24.3,163
9831,T,260803,070814,60.533367N,24.839497E,77,24.3,164
9832,T,260803,070815,60.533314N,24.839525E,77,24.3,164
9833,T,260803,070816,60.533253N,24.839558E,77,24.2,164
9834,T,260803,070817,60.533195N,24.839590E,77,24.2,164
9835,T,260803,070818,60.533138N,24.839624E,77,24.1,164
9836,T,260803,070819,60.533081N,24.839651E,77,24.0,165
9837,T,260803,070820,60.533024N,24.839684E,77,24.0,164
9838,T,260803,070821,60.532967N,24.839716E,77,23.9,165
9839,T,260803,070822,60.532909N,24.839745E,78,24.0,165
9840,T,260803,070823,60.532852N,24.839775E,78,23.5,165
9841,T,260803,070824,60.532795N,24.839806E,78,23.5,165
9842,T,260803,070825,60.532738N,24.839836E,78,24.0,165
9843,T,260803,070826,60.532681N,24.839865E,78,24.0,164
9844,T,260803,070827,60.532619N,24.839895E,78,23.9,165
9845,T,260803,070828,60.532562N,24.839924E,78,23.8,165
9846,T,260803,070829,60.532509N,24.839954E,78,22.3,165
9847,T,260803,070830,60.532452N,24.839985E,78,22.3,164
9848,T,260803,070831,60.532398N,24.840012E,78,22.2,164
9849,T,260803,070832,60.532349N,24.840044E,78,21.5,164
9850,T,260803,070833,60.532291N,24.840071E,78,22.7,165
9851,T,260803,070834,60.532242N,24.840096E,77,22.7,165
9852,T,260803,070835,60.532185N,24.840120E,77,22.8,166
9853,T,260803,070836,60.532127N,24.840145E,77,22.7,166
9854,T,260803,070837,60.532066N,24.840176E,77,23.3,167
9855,T,260803,070838,60.532009N,24.840206E,77,23.2,166
9856,T,260803,070839,60.531952N,24.840237E,77,23.3,166
9857,T,260803,070840,60.531891N,24.840265E,77,23.8,166
9858,T,260803,070841,60.531834N,24.840296E,77,23.7,167
9859,T,260803,070842,60.531776N,24.840324E,76,23.5,166
9860,T,260803,070843,60.531719N,24.840355E,77,23.5,166
9861,T,260803,070844,60.531658N,24.840382E,77,23.5,166
9862,T,260803,070845,60.531609N,24.840408E,77,23.5,166
9863,T,260803,070846,60.531551N,24.840433E,77,23.4,167
9864,T,260803,070847,60.531490N,24.840456E,77,23.4,167
9865,T,260803,070848,60.531437N,24.840483E,77,23.7,168
9866,T,260803,070849,60.531376N,24.840508E,77,23.7,167
9867,T,260803,070850,60.531319N,24.840536E,77,23.6,167
9868,T,260803,070851,60.531261N,24.840565E,77,23.6,166
9869,T,260803,070852,60.531204N,24.840588E,77,23.7,166
9870,T,260803,070853,60.531143N,24.840616E,77,23.7,166
9871,T,260803,070854,60.531090N,24.840639E,77,23.7,167
9872,T,260803,070855,60.531029N,24.840664E,77,23.3,167
9873,T,260803,070856,60.530972N,24.840693E,77,23.3,167
9874,T,260803,070857,60.530914N,24.840715E,77,23.2,167
9875,T,260803,070858,60.530861N,24.840740E,77,22.8,167
9876,T,260803,070859,60.530800N,24.840761E,76,22.7,168
9877,T,260803,070900,60.530743N,24.840784E,76,22.8,168
9878,T,260803,070901,60.530689N,24.840809E,76,22.9,168
9879,T,260803,070902,60.530632N,24.840832E,76,22.9,168
9880,T,260803,070903,60.530575N,24.840857E,76,22.8,168
9881,T,260803,070904,60.530521N,24.840879E,76,22.8,168
9882,T,260803,070905,60.530464N,24.840904E,76,22.8,168
9883,T,260803,070906,60.530407N,24.840925E,76,22.7,168
9884,T,260803,070907,60.530354N,24.840948E,76,22.7,169
9885,T,260803,070908,60.530296N,24.840975E,76,23.1,168
9886,T,260803,070909,60.530239N,24.841000E,76,23.5,168
9887,T,260803,070910,60.530182N,24.841024E,76,23.8,168
9888,T,260803,070911,60.530121N,24.841043E,76,24.0,169
9889,T,260803,070912,60.530060N,24.841066E,76,24.0,169
9890,T,260803,070913,60.529999N,24.841091E,76,24.1,168
9891,T,260803,070914,60.529942N,24.841116E,76,24.0,168
9892,T,260803,070915,60.529884N,24.841137E,76,24.0,168
9893,T,260803,070916,60.529823N,24.841160E,76,24.0,169
9894,T,260803,070917,60.529770N,24.841185E,76,23.6,169
9895,T,260803,070918,60.529713N,24.841206E,76,23.5,169
9896,T,260803,070919,60.529652N,24.841230E,76,23.6,169
9897,T,260803,070920,60.529591N,24.841251E,76,23.7,169
9898,T,260803,070921,60.529537N,24.841276E,76,24.2,169
9899,T,260803,070922,60.529476N,24.841295E,76,24.3,169
9900,T,260803,070923,60.529415N,24.841318E,76,24.3,170
9901,T,260803,070924,60.529354N,24.841339E,76,24.2,170
9902,T,260803,070925,60.529297N,24.841362E,76,24.7,170
9903,T,260803,070926,60.529232N,24.841385E,76,24.7,170
9904,T,260803,070927,60.529171N,24.841404E,76,25.0,170
9905,T,260803,070928,60.529114N,24.841427E,76,24.2,170
9906,T,260803,070929,60.529053N,24.841448E,76,24.5,170
9907,T,260803,070930,60.528992N,24.841469E,76,24.5,170
9908,T,260803,070931,60.528927N,24.841486E,76,24.9,170
9909,T,260803,070932,60.528870N,24.841505E,75,25.0,170
9910,T,260803,070933,60.528809N,24.841526E,75,24.9,170
9911,T,260803,070934,60.528748N,24.841543E,75,24.8,171
9912,T,260803,070935,60.528683N,24.841564E,75,24.8,170
9913,T,260803,070936,60.528625N,24.841583E,75,24.7,170
9914,T,260803,070937,60.528564N,24.841606E,75,24.7,170
9915,T,260803,070938,60.528503N,24.841627E,75,24.4,169
9916,T,260803,070939,60.528439N,24.841646E,75,24.4,170
9917,T,260803,070940,60.528385N,24.841663E,75,24.4,171
9918,T,260803,070941,60.528324N,24.841684E,75,24.4,170
9919,T,260803,070942,60.528267N,24.841703E,75,23.7,171
9920,T,260803,070943,60.528210N,24.841724E,75,22.9,171
9921,T,260803,070944,60.528152N,24.841742E,75,22.5,171
9922,T,260803,070945,60.528095N,24.841761E,75,23.2,171
9923,T,260803,070946,60.528042N,24.841778E,75,23.3,171
9924,T,260803,070947,60.527981N,24.841797E,75,23.7,171
9925,T,260803,070948,60.527920N,24.841816E,75,23.7,171
9926,T,260803,070949,60.527863N,24.841833E,75,23.8,171
9927,T,260803,070950,60.527805N,24.841850E,75,23.8,171
9928,T,260803,070951,60.527744N,24.841867E,75,23.9,172
9929,T,260803,070952,60.527683N,24.841887E,75,24.0,171
9930,T,260803,070953,60.527622N,24.841904E,75,24.0,171
9931,T,260803,070954,60.527569N,24.841925E,75,23.9,171
9932,T,260803,070955,60.527508N,24.841940E,75,23.6,171
9933,T,260803,070956,60.527447N,24.841957E,75,23.6,171
9934,T,260803,070957,60.527393N,24.841976E,75,23.6,171
9935,T,260803,070958,60.527332N,24.841993E,75,23.5,171
9936,T,260803,070959,60.527271N,24.842012E,75,23.5,171
9937,T,260803,071000,60.527218N,24.842030E,75,23.3,171
9938,T,260803,071001,60.527161N,24.842049E,75,23.3,171
9939,T,260803,071002,60.527100N,24.842064E,75,22.8,171
9940,T,260803,071003,60.527042N,24.842079E,75,22.5,171
9941,T,260803,071004,60.526993N,24.842096E,75,22.4,171
9942,T,260803,071005,60.526936N,24.842113E,75,22.0,171
9943,T,260803,071006,60.526878N,24.842129E,75,22.0,171
9944,T,260803,071007,60.526829N,24.842144E,75,21.9,172
9945,T,260803,071008,60.526772N,24.842157E,75,22.0,172
9946,T,260803,071009,60.526718N,24.842176E,75,22.0,171
9947,T,260803,071010,60.526665N,24.842192E,75,22.1,171
9948,T,260803,071011,60.526608N,24.842205E,75,22.5,171
9949,T,260803,071012,60.526550N,24.842220E,75,22.5,171
9950,T,260803,071013,60.526501N,24.842237E,75,22.3,171
9951,T,260803,071014,60.526443N,24.842257E,75,22.2,171
9952,T,260803,071015,60.526394N,24.842274E,75,22.2,170
9953,T,260803,071016,60.526337N,24.842291E,75,22.2,171
9954,T,260803,071017,60.526279N,24.842306E,75,22.2,171
9955,T,260803,071018,60.526222N,24.842323E,75,22.2,171
9956,T,260803,071019,60.526169N,24.842340E,75,22.3,171
9957,T,260803,071020,60.526112N,24.842358E,75,22.3,171
9958,T,260803,071021,60.526058N,24.842375E,75,22.3,171
9959,T,260803,071022,60.526001N,24.842390E,75,22.3,171
9960,T,260803,071023,60.525948N,24.842407E,75,22.3,171
9961,T,260803,071024,60.525890N,24.842426E,75,22.3,171
9962,T,260803,071025,60.525837N,24.842443E,75,22.4,171
9963,T,260803,071026,60.525780N,24.842464E,75,21.8,171
9964,T,260803,071027,60.525726N,24.842480E,75,21.0,171
9965,T,260803,071028,60.525677N,24.842497E,75,20.0,171
9966,T,260803,071029,60.525627N,24.842510E,75,19.3,171
9967,T,260803,071030,60.525581N,24.842524E,75,19.2,171
9968,T,260803,071031,60.525532N,24.842537E,75,18.8,171
9969,T,260803,071032,60.525490N,24.842550E,75,18.8,171
9970,T,260803,071033,60.525440N,24.842564E,75,19.0,171
9971,T,260803,071034,60.525391N,24.842579E,75,19.5,171
9972,T,260803,071035,60.525345N,24.842592E,75,19.6,171
9973,T,260803,071036,60.525295N,24.842606E,74,19.9,171
9974,T,260803,071037,60.525249N,24.842623E,74,20.0,171
9975,T,260803,071038,60.525196N,24.842636E,74,20.1,171
9976,T,260803,071039,60.525146N,24.842651E,74,20.1,170
9977,T,260803,071040,60.525101N,24.842665E,74,20.1,171
9978,T,260803,071041,60.525047N,24.842680E,74,20.1,171
9979,T,260803,071042,60.525002N,24.842695E,74,20.2,170
9980,T,260803,071043,60.524948N,24.842712E,74,20.2,171
9981,T,260803,071044,60.524899N,24.842724E,74,20.2,171
9982,T,260803,071045,60.524849N,24.842739E,74,20.2,170
9983,T,260803,071046,60.524799N,24.842756E,74,20.2,171
9984,T,260803,071047,60.524754N,24.842768E,74,20.2,171
9985,T,260803,071048,60.524700N,24.842785E,74,20.1,171
9986,T,260803,071049,60.524651N,24.842800E,74,20.1,170
9987,T,260803,071050,60.524601N,24.842815E,74,20.1,171
9988,T,260803,071051,60.524551N,24.842829E,74,20.1,171
9989,T,260803,071052,60.524502N,24.842842E,74,20.1,171
9990,T,260803,071053,60.524452N,24.842855E,74,20.2,172
9991,T,260803,071054,60.524399N,24.842875E,74,20.3,171
9992,T,260803,071055,60.524353N,24.842890E,74,20.4,171
9993,T,260803,071056,60.524300N,24.842903E,74,20.4,171
9994,T,260803,071057,60.524246N,24.842918E,74,20.4,171
9995,T,260803,071058,60.524200N,24.842936E,74,20.3,171
9996,T,260803,071059,60.524151N,24.842951E,75,20.3,171
9997,T,260803,071100,60.524101N,24.842964E,75,19.7,171
9998,T,260803,071101,60.524052N,24.842978E,75,19.7,171
9999,T,260803,071102,60.524006N,24.842997E,75,19.5,170
10000,T,260803,071103,60.523956N,24.843010E,75,19.6,171
10001,T,260803,071104,60.523907N,24.843023E,75,19.6,171
10002,T,260803,071105,60.523861N,24.843040E,75,19.7,170
10003,T,260803,071106,60.523811N,24.843056E,75,19.7,171
10004,T,260803,071107,60.523762N,24.843073E,75,19.8,171
10005,T,260803,071108,60.523712N,24.843086E,75,19.8,171
10006,T,260803,071109,60.523663N,24.843100E,75,19.8,171
10007,T,260803,071110,60.523617N,24.843115E,75,19.9,172
10008,T,260803,071111,60.523563N,24.843128E,75,20.2,172
10009,T,260803,071112,60.523514N,24.843143E,75,20.2,171
10010,T,260803,071113,60.523460N,24.843161E,75,20.3,171
10011,T,260803,071114,60.523411N,24.843176E,75,20.4,171
10012,T,260803,071115,60.523361N,24.843191E,75,20.3,171
10013,T,260803,071116,60.523312N,24.843206E,75,19.7,171
10014,T,260803,071117,60.523266N,24.843218E,75,19.6,172
10015,T,260803,071118,60.523216N,24.843229E,75,19.6,172
10016,T,260803,071119,60.523167N,24.843245E,75,20.1,173
10017,T,260803,071120,60.523117N,24.843256E,75,20.4,173
10018,T,260803,071121,60.523064N,24.843264E,75,20.5,173
10019,T,260803,071122,60.523018N,24.843275E,75,20.5,173
10020,T,260803,071123,60.522964N,24.843287E,75,20.4,173
10021,T,260803,071124,60.522911N,24.843296E,75,20.3,174
10022,T,260803,071125,60.522865N,24.843304E,75,20.3,174
10023,T,260803,071126,60.522812N,24.843315E,75,20.3,174
10024,T,260803,071127,60.522758N,24.843325E,75,20.2,174
10025,T,260803,071128,60.522713N,24.843334E,75,20.2,175
10026,T,260803,071129,60.522659N,24.843338E,75,20.5,176
10027,T,260803,071130,60.522610N,24.843346E,75,20.6,176
10028,T,260803,071131,60.522556N,24.843355E,75,20.5,176
10029,T,260803,071132,60.522503N,24.843365E,75,20.5,176
10030,T,260803,071133,60.522457N,24.843370E,75,20.3,176
10031,T,260803,071134,60.522404N,24.843376E,75,19.8,177
10032,T,260803,071135,60.522354N,24.843380E,75,19.7,177
10033,T,260803,071136,60.522308N,24.843384E,75,19.6,177
10034,T,260803,071137,60.522255N,24.843391E,75,19.6,177
10035,T,260803,071138,60.522209N,24.843395E,75,19.5,177
10036,T,260803,071139,60.522160N,24.843399E,75,19.5,177
10037,T,260803,071140,60.522114N,24.843405E,75,19.5,177
10038,T,260803,071141,60.522064N,24.843410E,75,19.5,177
10039,T,260803,071142,60.522011N,24.843412E,75,19.5,178
10040,T,260803,071143,60.521965N,24.843412E,75,19.5,179
10041,T,260803,071144,60.521915N,24.843410E,75,19.6,179
10042,T,260803,071145,60.521870N,24.843410E,75,19.7,180
10043,T,260803,071146,60.521816N,24.843409E,75,19.7,180
10044,T,260803,071147,60.521767N,24.843405E,75,19.7,180
10045,T,260803,071148,60.521721N,24.843405E,75,19.7,180
10046,T,260803,071149,60.521667N,24.843403E,75,19.4,180
10047,T,260803,071150,60.521622N,24.843395E,75,19.5,181
10048,T,260803,071151,60.521572N,24.843393E,75,19.7,181
10049,T,260803,071152,60.521519N,24.843388E,75,19.9,181
10050,T,260803,071153,60.521473N,24.843382E,75,20.0,182
10051,T,260803,071154,60.521420N,24.843376E,75,20.1,182
10052,T,260803,071155,60.521374N,24.843372E,75,20.2,182
10053,T,260803,071156,60.521320N,24.843365E,75,20.3,182
10054,T,260803,071157,60.521271N,24.843357E,75,20.3,182
10055,T,260803,071158,60.521221N,24.843351E,75,20.3,183
10056,T,260803,071159,60.521168N,24.843344E,75,20.3,183
10057,T,260803,071200,60.521114N,24.843336E,76,20.3,183
10058,T,260803,071201,60.521069N,24.843327E,76,20.3,184
10059,T,260803,071202,60.521015N,24.843315E,76,20.3,185
10060,T,260803,071203,60.520966N,24.843309E,76,20.3,184
10061,T,260803,071204,60.520916N,24.843304E,76,20.2,184
10062,T,260803,071205,60.520863N,24.843294E,76,20.2,184
10063,T,260803,071206,60.520813N,24.843285E,76,20.2,184
10064,T,260803,071207,60.520763N,24.843273E,76,20.2,185
10065,T,260803,071208,60.520714N,24.843262E,76,20.3,186
10066,T,260803,071209,60.520660N,24.843250E,76,20.3,186
10067,T,260803,071210,60.520611N,24.843239E,76,20.3,186
10068,T,260803,071211,60.520561N,24.843225E,76,20.3,186
10069,T,260803,071212,60.520512N,24.843216E,76,20.2,186
10070,T,260803,071213,60.520458N,24.843204E,76,20.2,186
10071,T,260803,071214,60.520409N,24.843187E,76,20.2,186
10072,T,260803,071215,60.520359N,24.843176E,76,20.2,187
10073,T,260803,071216,60.520313N,24.843164E,76,19.8,187
10074,T,260803,071217,60.520264N,24.843151E,76,19.9,187
10075,T,260803,071218,60.520210N,24.843140E,76,20.0,187
10076,T,260803,071219,60.520164N,24.843126E,76,20.1,187
10077,T,260803,071220,60.520111N,24.843117E,76,20.1,187
10078,T,260803,071221,60.520065N,24.843103E,77,20.2,187
10079,T,260803,071222,60.520012N,24.843092E,77,20.2,187
10080,T,260803,071223,60.519962N,24.843081E,77,20.2,187
10081,T,260803,071224,60.519913N,24.843067E,77,20.3,186
10082,T,260803,071225,60.519859N,24.843056E,77,20.3,187
10083,T,260803,071226,60.519810N,24.843044E,77,20.3,186
10084,T,260803,071227,60.519760N,24.843033E,77,19.9,187
10085,T,260803,071228,60.519711N,24.843021E,77,19.9,187
10086,T,260803,071229,60.519665N,24.843008E,77,19.8,186
10087,T,260803,071230,60.519611N,24.842997E,77,19.8,186
10088,T,260803,071231,60.519566N,24.842983E,77,19.9,186
10089,T,260803,071232,60.519516N,24.842974E,77,19.8,186
10090,T,260803,071233,60.519466N,24.842960E,77,19.8,186
10091,T,260803,071234,60.519417N,24.842949E,77,19.8,186
10092,T,260803,071235,60.519367N,24.842937E,77,19.8,185
10093,T,260803,071236,60.519321N,24.842928E,77,19.8,185
10094,T,260803,071237,60.519268N,24.842918E,77,20.2,185
10095,T,260803,071238,60.519215N,24.842913E,77,20.3,184
10096,T,260803,071239,60.519169N,24.842903E,77,20.7,184
10097,T,260803,071240,60.519115N,24.842896E,77,20.7,184
10098,T,260803,071241,60.519066N,24.842888E,77,20.2,184
10099,T,260803,071242,60.519012N,24.842882E,77,20.3,183
10100,T,260803,071243,60.518963N,24.842876E,77,20.8,183
10101,T,260803,071244,60.518913N,24.842875E,77,21.1,182
10102,T,260803,071245,60.518860N,24.842875E,77,21.5,182
10103,T,260803,071246,60.518803N,24.842873E,77,22.0,181
10104,T,260803,071247,60.518749N,24.842867E,77,22.1,181
10105,T,260803,071248,60.518692N,24.842859E,77,22.2,181
10106,T,260803,071249,60.518635N,24.842855E,77,22.1,180
10107,T,260803,071250,60.518581N,24.842854E,77,22.1,180
10108,T,260803,071251,60.518528N,24.842848E,77,22.0,180
10109,T,260803,071252,60.518471N,24.842846E,77,22.0,180
10110,T,260803,071253,60.518417N,24.842846E,77,22.0,179
10111,T,260803,071254,60.518360N,24.842848E,77,22.0,178
10112,T,260803,071255,60.518303N,24.842848E,77,22.4,178
10113,T,260803,071256,60.518250N,24.842852E,77,22.8,177
10114,T,260803,071257,60.518192N,24.842855E,77,22.8,177
10115,T,260803,071258,60.518131N,24.842859E,77,23.0,177
10116,T,260803,071259,60.518078N,24.842863E,77,23.3,177
10117,T,260803,071300,60.518017N,24.842871E,77,23.3,177
10118,T,260803,071301,60.517960N,24.842876E,77,23.4,177
10119,T,260803,071302,60.517895N,24.842880E,77,23.5,177
10120,T,260803,071303,60.517841N,24.842886E,77,23.5,177
10121,T,260803,071304,60.517780N,24.842894E,77,23.5,176
10122,T,260803,071305,60.517719N,24.842901E,77,23.6,176
10123,T,260803,071306,60.517658N,24.842909E,77,23.6,176
10124,T,260803,071307,60.517601N,24.842916E,77,23.6,176
10125,T,260803,071308,60.517544N,24.842924E,77,23.6,176
10126,T,260803,071309,60.517483N,24.842932E,77,23.6,175
10127,T,260803,071310,60.517429N,24.842941E,77,23.5,175
10128,T,260803,071311,60.517368N,24.842953E,77,23.5,175
10129,T,260803,071312,60.517311N,24.842962E,77,23.5,174
10130,T,260803,071313,60.517254N,24.842974E,77,23.4,174
10131,T,260803,071314,60.517193N,24.842985E,77,23.4,174
10132,T,260803,071315,60.517136N,24.843000E,77,23.4,173
10133,T,260803,071316,60.517078N,24.843016E,77,23.4,173
10134,T,260803,071317,60.517021N,24.843035E,77,23.3,172
10135,T,260803,071318,60.516964N,24.843050E,77,23.3,172
10136,T,260803,071319,60.516907N,24.843067E,77,23.3,171
10137,T,260803,071320,60.516850N,24.843088E,77,23.3,170
10138,T,260803,071321,60.516792N,24.843107E,77,23.2,170
10139,T,260803,071322,60.516735N,24.843130E,77,23.2,169
10140,T,260803,071323,60.516678N,24.843155E,77,23.2,169
10141,T,260803,071324,60.516621N,24.843176E,77,23.2,168
10142,T,260803,071325,60.516560N,24.843201E,77,23.6,168
10143,T,260803,071326,60.516502N,24.843224E,77,23.5,167
10144,T,260803,071327,60.516449N,24.843252E,78,23.4,166
10145,T,260803,071328,60.516392N,24.843283E,78,23.9,166
10146,T,260803,071329,60.516331N,24.843309E,77,23.1,166
10147,T,260803,071330,60.516277N,24.843340E,78,23.4,165
10148,T,260803,071331,60.516220N,24.843372E,78,23.5,164
10149,T,260803,071332,60.516159N,24.843405E,77,23.6,164
10150,T,260803,071333,60.516106N,24.843435E,78,23.6,163
10151,T,260803,071334,60.516048N,24.843466E,77,23.1,164
10152,T,260803,071335,60.515995N,24.843496E,78,22.3,164
10153,T,260803,071336,60.515942N,24.843533E,78,22.4,162
10154,T,260803,071337,60.515888N,24.843567E,78,22.4,162
10155,T,260803,071338,60.515835N,24.843599E,78,22.7,162
10156,T,260803,071339,60.515781N,24.843634E,78,22.8,162
10157,T,260803,071340,60.515724N,24.843670E,77,22.9,162
10158,T,260803,071341,60.515671N,24.843706E,77,23.0,161
10159,T,260803,071342,60.515614N,24.843744E,77,23.0,161
10160,T,260803,071343,60.515560N,24.843781E,77,23.0,161
10161,T,260803,071344,60.515503N,24.843819E,77,23.0,160
10162,T,260803,071345,60.515450N,24.843861E,77,23.1,159
10163,T,260803,071346,60.515392N,24.843901E,77,23.1,159
10164,T,260803,071347,60.515335N,24.843939E,77,23.1,159
10165,T,260803,071348,60.515282N,24.843981E,77,23.5,158
10166,T,260803,071349,60.515228N,24.844027E,77,23.5,158
10167,T,260803,071350,60.515171N,24.844074E,77,23.9,157
10168,T,260803,071351,60.515121N,24.844120E,77,23.9,156
10169,T,260803,071352,60.515064N,24.844168E,77,24.0,156
10170,T,260803,071353,60.515007N,24.844215E,77,24.1,156
10171,T,260803,071354,60.514954N,24.844267E,77,24.5,155
10172,T,260803,071355,60.514896N,24.844320E,77,24.5,154
10173,T,260803,071356,60.514839N,24.844376E,76,24.5,154
10174,T,260803,071357,60.514790N,24.844431E,76,24.4,153
10175,T,260803,071358,60.514732N,24.844486E,76,24.3,153
10176,T,260803,071359,60.514679N,24.844543E,76,23.6,152
10177,T,260803,071400,60.514629N,24.844601E,76,24.1,152
10178,T,260803,071401,60.514572N,24.844656E,76,24.4,152
10179,T,260803,071402,60.514519N,24.844711E,75,24.4,153
10180,T,260803,071403,60.514465N,24.844767E,75,23.7,153
10181,T,260803,071404,60.514412N,24.844822E,75,24.1,153
10182,T,260803,071405,60.514359N,24.844875E,75,24.0,154
10183,T,260803,071406,60.514305N,24.844929E,75,23.9,154
10184,T,260803,071407,60.514248N,24.844980E,75,24.0,155
10185,T,260803,071408,60.514194N,24.845030E,75,24.3,155
10186,T,260803,071409,60.514141N,24.845083E,75,24.7,155
10187,T,260803,071410,60.514080N,24.845137E,76,25.1,155
10188,T,260803,071411,60.514023N,24.845190E,76,24.8,155
10189,T,260803,071412,60.513969N,24.845242E,76,25.2,155
10190,T,260803,071413,60.513908N,24.845291E,76,25.5,155
10191,T,260803,071414,60.513847N,24.845345E,76,25.1,156
10192,T,260803,071415,60.513786N,24.845394E,76,25.1,156
10193,T,260803,071416,60.513733N,24.845444E,76,25.0,156
10194,T,260803,071417,60.513672N,24.845491E,76,25.0,156
10195,T,260803,071418,60.513607N,24.845543E,76,25.0,156
10196,T,260803,071419,60.513554N,24.845591E,76,25.0,157
10197,T,260803,071420,60.513496N,24.845638E,77,25.0,157
10198,T,260803,071421,60.513435N,24.845684E,77,25.0,157
10199,T,260803,071422,60.513378N,24.845734E,77,24.9,158
10200,T,260803,071423,60.513321N,24.845779E,76,24.8,158
10201,T,260803,071424,60.513264N,24.845825E,76,24.8,159
10202,T,260803,071425,60.513203N,24.845867E,76,24.5,159
10203,T,260803,071426,60.513145N,24.845915E,76,24.5,160
10204,T,260803,071427,60.513088N,24.845957E,76,24.1,160
10205,T,260803,071428,60.513027N,24.846001E,76,24.0,159
10206,T,260803,071429,60.512974N,24.846039E,76,23.6,160
10207,T,260803,071430,60.512920N,24.846075E,76,23.6,160
10208,T,260803,071431,60.512859N,24.846115E,76,23.6,161
10209,T,260803,071432,60.512802N,24.846149E,76,23.5,162
10210,T,260803,071433,60.512749N,24.846184E,76,23.4,163
10211,T,260803,071434,60.512691N,24.846220E,76,23.0,163
10212,T,260803,071435,60.512634N,24.846254E,75,23.1,163
10213,T,260803,071436,60.512581N,24.846289E,75,23.1,163
10214,T,260803,071437,60.512524N,24.846325E,75,23.3,163
10215,T,260803,071438,60.512466N,24.846355E,75,23.4,163
10216,T,260803,071439,60.512413N,24.846390E,75,23.4,163
10217,T,260803,071440,60.512356N,24.846424E,75,23.4,164
10218,T,260803,071441,60.512299N,24.846457E,75,23.4,164
10219,T,260803,071442,60.512241N,24.846483E,75,22.9,165
10220,T,260803,071443,60.512188N,24.846512E,75,22.8,165
10221,T,260803,071444,60.512127N,24.846542E,75,22.7,165
10222,T,260803,071445,60.512077N,24.846569E,75,22.7,165
10223,T,260803,071446,60.512020N,24.846596E,75,22.7,166
10224,T,260803,071447,60.511963N,24.846624E,75,22.7,166
10225,T,260803,071448,60.511909N,24.846649E,75,22.7,166
10226,T,260803,071449,60.511852N,24.846676E,75,22.8,167
10227,T,260803,071450,60.511795N,24.846703E,75,22.8,167
10228,T,260803,071451,60.511742N,24.846727E,75,22.9,167
10229,T,260803,071452,60.511684N,24.846756E,75,22.9,167
10230,T,260803,071453,60.511627N,24.846781E,75,22.9,168
10231,T,260803,071454,60.511574N,24.846804E,75,22.9,168
10232,T,260803,071455,60.511517N,24.846828E,75,23.3,168
10233,T,260803,071456,60.511459N,24.846851E,75,23.6,168
10234,T,260803,071457,60.511398N,24.846876E,75,23.9,169
10235,T,260803,071458,60.511341N,24.846895E,75,24.0,169
10236,T,260803,071459,60.511280N,24.846916E,75,23.7,170
10237,T,260803,071500,60.511223N,24.846933E,75,23.1,171
10238,T,260803,071501,60.511169N,24.846954E,75,21.8,170
10239,T,260803,071502,60.511116N,24.846973E,75,21.7,170
10240,T,260803,071503,60.511063N,24.846992E,75,21.6,170
10241,T,260803,071504,60.511009N,24.847010E,75,21.3,170
10242,T,260803,071505,60.510960N,24.847027E,75,21.3,170
10243,T,260803,071506,60.510902N,24.847044E,75,21.4,171
10244,T,260803,071507,60.510853N,24.847059E,75,21.5,171
10245,T,260803,071508,60.510799N,24.847076E,75,21.8,171
10246,T,260803,071509,60.510742N,24.847095E,75,21.8,171
10247,T,260803,071510,60.510689N,24.847111E,75,22.0,171
10248,T,260803,071511,60.510635N,24.847124E,75,22.1,171
10249,T,260803,071512,60.510578N,24.847139E,75,22.2,171
10250,T,260803,071513,60.510525N,24.847157E,75,22.2,171
10251,T,260803,071514,60.510471N,24.847176E,75,22.4,171
10252,T,260803,071515,60.510414N,24.847195E,75,22.4,170
10253,T,260803,071516,60.510361N,24.847210E,75,22.5,171
10254,T,260803,071517,60.510303N,24.847225E,75,22.5,171
10255,T,260803,071518,60.510246N,24.847244E,75,22.5,171
10256,T,260803,071519,60.510193N,24.847260E,75,22.4,171
10257,T,260803,071520,60.510136N,24.847277E,75,22.4,171
10258,T,260803,071521,60.510078N,24.847290E,75,21.7,171
10259,T,260803,071522,60.510029N,24.847303E,75,21.2,171
10260,T,260803,071523,60.509972N,24.847321E,75,20.7,171
10261,T,260803,071524,60.509926N,24.847338E,75,20.7,171
10262,T,260803,071525,60.509872N,24.847355E,75,20.6,171
10263,T,260803,071526,60.509819N,24.847366E,75,20.5,171
10264,T,260803,071527,60.509769N,24.847380E,75,20.4,171
10265,T,260803,071528,60.509720N,24.847397E,76,20.4,171
10266,T,260803,071529,60.509670N,24.847412E,76,20.1,171
10267,T,260803,071530,60.509624N,24.847425E,76,19.9,171
10268,T,260803,071531,60.509575N,24.847445E,76,19.6,171
10269,T,260803,071532,60.509529N,24.847460E,76,19.2,170
10270,T,260803,071533,60.509480N,24.847475E,76,19.3,170
10271,T,260803,071534,60.509434N,24.847490E,76,19.2,171
10272,T,260803,071535,60.509384N,24.847504E,76,19.2,171
10273,T,260803,071536,60.509335N,24.847521E,76,19.2,171
10274,T,260803,071537,60.509289N,24.847536E,76,19.3,171
10275,T,260803,071538,60.509239N,24.847551E,76,19.3,171
10276,T,260803,071539,60.509193N,24.847567E,77,19.4,171
10277,T,260803,071540,60.509144N,24.847582E,77,19.5,171
10278,T,260803,071541,60.509094N,24.847595E,77,19.8,171
10279,T,260803,071542,60.509048N,24.847614E,77,19.7,171
10280,T,260803,071543,60.508999N,24.847628E,77,19.7,171
10281,T,260803,071544,60.508953N,24.847645E,77,19.7,170
10282,T,260803,071545,60.508900N,24.847658E,77,19.7,171
10283,T,260803,071546,60.508850N,24.847672E,78,19.2,171
10284,T,260803,071547,60.508804N,24.847687E,78,19.3,171
10285,T,260803,071548,60.508759N,24.847702E,78,19.2,171
10286,T,260803,071549,60.508713N,24.847715E,78,19.2,171
10287,T,260803,071550,60.508663N,24.847731E,78,18.9,171
10288,T,260803,071551,60.508621N,24.847744E,78,18.8,171
10289,T,260803,071552,60.508572N,24.847757E,78,18.9,171
10290,T,260803,071553,60.508530N,24.847775E,78,18.8,171
10291,T,260803,071554,60.508480N,24.847788E,78,19.1,171
10292,T,260803,071555,60.508430N,24.847803E,79,19.0,171
10293,T,260803,071556,60.508385N,24.847818E,79,19.0,170
10294,T,260803,071557,60.508335N,24.847834E,79,18.7,171
10295,T,260803,071558,60.508289N,24.847843E,79,18.6,171
10296,T,260803,071559,60.508244N,24.847858E,79,18.5,171
10297,T,260803,071600,60.508202N,24.847870E,79,18.1,172
10298,T,260803,071601,60.508152N,24.847881E,79,18.5,172
10299,T,260803,071602,60.508106N,24.847895E,79,18.1,172
10300,T,260803,071603,60.508060N,24.847906E,79,18.2,172
10301,T,260803,071604,60.508015N,24.847919E,79,18.4,171
10302,T,260803,071605,60.507973N,24.847937E,79,18.4,171
10303,T,260803,071606,60.507927N,24.847950E,79,18.5,170
10304,T,260803,071607,60.507881N,24.847963E,79,18.4,171
10305,T,260803,071608,60.507839N,24.847973E,79,17.9,172
10306,T,260803,071609,60.507797N,24.847984E,80,18.2,172
10307,T,260803,071610,60.507751N,24.848000E,80,18.3,171
10308,T,260803,071611,60.507706N,24.848017E,80,18.3,171
10309,T,260803,071612,60.507660N,24.848028E,80,18.3,171
10310,T,260803,071613,60.507610N,24.848042E,80,18.4,171
10311,T,260803,071614,60.507568N,24.848057E,80,18.5,171
10312,T,260803,071615,60.507519N,24.848072E,80,18.5,171
10313,T,260803,071616,60.507477N,24.848083E,80,19.0,171
10314,T,260803,071617,60.507427N,24.848103E,80,19.1,170
10315,T,260803,071618,60.507381N,24.848116E,80,19.0,171
10316,T,260803,071619,60.507336N,24.848127E,80,19.0,171
10317,T,260803,071620,60.507290N,24.848145E,80,19.1,171
10318,T,260803,071621,60.507240N,24.848162E,80,19.1,171
10319,T,260803,071622,60.507195N,24.848175E,80,19.1,171
10320,T,260803,071623,60.507153N,24.848194E,80,19.4,171
10321,T,260803,071624,60.507099N,24.848206E,80,19.5,171
10322,T,260803,071625,60.507053N,24.848225E,80,19.8,171
10323,T,260803,071626,60.507004N,24.848238E,81,19.9,171
10324,T,260803,071627,60.506954N,24.848253E,81,19.9,170
10325,T,260803,071628,60.506905N,24.848270E,81,20.1,171
10326,T,260803,071629,60.506855N,24.848284E,81,20.1,171
10327,T,260803,071630,60.506809N,24.848303E,81,20.2,171
10328,T,260803,071631,60.506756N,24.848320E,81,20.3,170
10329,T,260803,071632,60.506702N,24.848335E,81,20.7,171
10330,T,260803,071633,60.506653N,24.848351E,81,20.7,171
10331,T,260803,071634,60.506599N,24.848364E,81,21.0,171
10332,T,260803,071635,60.506550N,24.848383E,81,21.1,170
10333,T,260803,071636,60.506496N,24.848396E,81,21.5,171
10334,T,260803,071637,60.506439N,24.848412E,81,21.8,171
10335,T,260803,071638,60.506390N,24.848429E,81,22.2,171
10336,T,260803,071639,60.506332N,24.848444E,81,22.2,171
10337,T,260803,071640,60.506275N,24.848461E,81,22.3,171
10338,T,260803,071641,60.506222N,24.848480E,81,22.6,171
10339,T,260803,071642,60.506165N,24.848495E,81,22.9,171
10340,T,260803,071643,60.506107N,24.848515E,81,23.0,171
10341,T,260803,071644,60.506050N,24.848530E,81,23.4,171
10342,T,260803,071645,60.505993N,24.848549E,81,23.6,171
10343,T,260803,071646,60.505932N,24.848564E,81,23.9,171
10344,T,260803,071647,60.505875N,24.848583E,81,24.3,171
10345,T,260803,071648,60.505817N,24.848602E,80,24.3,171
10346,T,260803,071649,60.505756N,24.848621E,80,24.0,171
10347,T,260803,071650,60.505695N,24.848642E,80,24.0,171
10348,T,260803,071651,60.505638N,24.848660E,80,23.2,170
10349,T,260803,071652,60.505585N,24.848679E,80,22.5,171
10350,T,260803,071653,60.505527N,24.848696E,80,22.0,171
10351,T,260803,071654,60.505478N,24.848717E,79,22.0,171
10352,T,260803,071655,60.505421N,24.848734E,80,22.7,171
10353,T,260803,071656,60.505360N,24.848751E,80,23.1,171
10354,T,260803,071657,60.505302N,24.848770E,80,23.2,171
10355,T,260803,071658,60.505245N,24.848783E,80,23.3,171
10356,T,260803,071659,60.505188N,24.848803E,80,23.3,171
10357,T,260803,071700,60.505127N,24.848820E,80,23.4,171
10358,T,260803,071701,60.505074N,24.848839E,80,23.3,171
10359,T,260803,071702,60.505013N,24.848856E,80,23.3,171
10360,T,260803,071703,60.504955N,24.848873E,80,23.3,171
10361,T,260803,071704,60.504894N,24.848892E,80,23.3,171
10362,T,260803,071705,60.504837N,24.848911E,80,23.4,171
10363,T,260803,071706,60.504780N,24.848930E,80,23.7,171
10364,T,260803,071707,60.504719N,24.848946E,80,23.7,171
10365,T,260803,071708,60.504662N,24.848967E,80,23.9,171
10366,T,260803,071709,60.504601N,24.848984E,80,23.5,171
10367,T,260803,071710,60.504543N,24.849003E,80,22.4,171
10368,T,260803,071711,60.504490N,24.849016E,80,22.9,171
10369,T,260803,071712,60.504433N,24.849033E,80,22.5,171
10370,T,260803,071713,60.504375N,24.849049E,80,22.5,171
10371,T,260803,071714,60.504318N,24.849064E,80,22.4,171
10372,T,260803,071715,60.504269N,24.849083E,80,22.3,171
10373,T,260803,071716,60.504211N,24.849096E,80,21.9,171
10374,T,260803,071717,60.504162N,24.849113E,80,22.0,171
10375,T,260803,071718,60.504105N,24.849131E,81,21.0,170
10376,T,260803,071719,60.504051N,24.849146E,81,21.5,171
10377,T,260803,071720,60.504002N,24.849163E,81,21.6,170
10378,T,260803,071721,60.503944N,24.849180E,81,21.6,170
10379,T,260803,071722,60.503891N,24.849197E,81,21.6,170
10380,T,260803,071723,60.503841N,24.849216E,81,21.6,170
10381,T,260803,071724,60.503784N,24.849236E,81,21.5,170
10382,T,260803,071725,60.503727N,24.849257E,82,21.4,170
10383,T,260803,071726,60.503677N,24.849270E,82,21.1,170
10384,T,260803,071727,60.503624N,24.849283E,82,20.8,171
10385,T,260803,071728,60.503574N,24.849297E,82,20.8,171
10386,T,260803,071729,60.503525N,24.849316E,82,20.9,171
10387,T,260803,071730,60.503471N,24.849337E,82,21.0,171
10388,T,260803,071731,60.503422N,24.849350E,82,21.0,171
10389,T,260803,071732,60.503368N,24.849363E,82,21.1,171
10390,T,260803,071733,60.503315N,24.849384E,82,21.1,171
10391,T,260803,071734,60.503265N,24.849403E,82,20.7,171
10392,T,260803,071735,60.503216N,24.849421E,82,20.6,171
10393,T,260803,071736,60.503162N,24.849436E,82,20.6,171
10394,T,260803,071737,60.503113N,24.849451E,83,20.6,171
10395,T,260803,071738,60.503059N,24.849468E,83,20.7,171
10396,T,260803,071739,60.503010N,24.849483E,83,20.8,171
10397,T,260803,071740,60.502956N,24.849503E,83,20.9,171
10398,T,260803,071741,60.502903N,24.849516E,83,21.0,172
10399,T,260803,071742,60.502853N,24.849529E,83,21.1,172
10400,T,260803,071743,60.502800N,24.849545E,83,21.2,172
10401,T,260803,071744,60.502747N,24.849558E,83,21.2,172
10402,T,260803,071745,60.502697N,24.849577E,83,21.3,172
10403,T,260803,071746,60.502644N,24.849590E,83,21.2,171
10404,T,260803,071747,60.502590N,24.849606E,83,21.2,171
10405,T,260803,071748,60.502541N,24.849623E,84,21.1,172
10406,T,260803,071749,60.502487N,24.849636E,84,20.8,172
10407,T,260803,071750,60.502438N,24.849648E,84,20.7,172
10408,T,260803,071751,60.502384N,24.849665E,84,20.7,172
10409,T,260803,071752,60.502331N,24.849680E,84,20.7,172
10410,T,260803,071753,60.502281N,24.849695E,84,20.8,171
10411,T,260803,071754,60.502228N,24.849710E,84,20.7,171
10412,T,260803,071755,60.502174N,24.849722E,84,20.7,172
10413,T,260803,071756,60.502129N,24.849733E,84,20.7,172
10414,T,260803,071757,60.502075N,24.849749E,84,20.8,172
10415,T,260803,071758,60.502022N,24.849762E,84,20.8,173
10416,T,260803,071759,60.501968N,24.849775E,84,21.3,172
10417,T,260803,071800,60.501919N,24.849789E,85,21.3,172
10418,T,260803,071801,60.501865N,24.849802E,85,21.3,173
10419,T,260803,071802,60.501812N,24.849815E,85,21.2,173
10420,T,260803,071803,60.501759N,24.849829E,85,21.1,173
10421,T,260803,071804,60.501709N,24.849840E,85,20.8,173
10422,T,260803,071805,60.501656N,24.849852E,85,20.8,173
10423,T,260803,071806,60.501602N,24.849863E,85,20.8,173
10424,T,260803,071807,60.501553N,24.849876E,85,20.9,173
10425,T,260803,071808,60.501495N,24.849890E,85,20.8,173
10426,T,260803,071809,60.501446N,24.849903E,86,20.8,173
10427,T,260803,071810,60.501392N,24.849916E,86,20.8,174
10428,T,260803,071811,60.501339N,24.849928E,86,20.7,173
10429,T,260803,071812,60.501289N,24.849941E,86,20.7,173
10430,T,260803,071813,60.501236N,24.849955E,86,20.7,173
10431,T,260803,071814,60.501183N,24.849966E,86,21.2,173
10432,T,260803,071815,60.501129N,24.849977E,86,21.1,173
10433,T,260803,071816,60.501080N,24.849989E,86,21.3,174
10434,T,260803,071817,60.501022N,24.849997E,86,21.7,174
10435,T,260803,071818,60.500969N,24.850006E,86,21.8,174
10436,T,260803,071819,60.500912N,24.850018E,86,21.8,174
10437,T,260803,071820,60.500858N,24.850027E,86,22.2,174
10438,T,260803,071821,60.500805N,24.850040E,86,22.2,174
10439,T,260803,071822,60.500748N,24.850052E,86,22.4,173
10440,T,260803,071823,60.500690N,24.850063E,86,22.3,173
10441,T,260803,071824,60.500641N,24.850077E,87,21.5,173
10442,T,260803,071825,60.500587N,24.850084E,86,20.7,174
10443,T,260803,071826,60.500530N,24.850092E,86,21.0,174
10444,T,260803,071827,60.500481N,24.850100E,87,21.7,174
10445,T,260803,071828,60.500427N,24.850107E,86,21.7,174
10446,T,260803,071829,60.500374N,24.850117E,86,22.2,173
10447,T,260803,071830,60.500320N,24.850128E,86,22.3,174
10448,T,260803,071831,60.500263N,24.850136E,86,21.8,174
10449,T,260803,071832,60.500214N,24.850142E,86,22.1,175
10450,T,260803,071833,60.500160N,24.850151E,86,22.0,175
10451,T,260803,071834,60.500103N,24.850163E,86,22.0,175
10452,T,260803,071835,60.500053N,24.850172E,86,21.9,174
10453,T,260803,071836,60.499996N,24.850182E,86,22.0,174
10454,T,260803,071837,60.499939N,24.850187E,86,22.0,175
10455,T,260803,071838,60.499889N,24.850197E,86,22.4,175
10456,T,260803,071839,60.499832N,24.850204E,87,22.4,175
10457,T,260803,071840,60.499775N,24.850214E,87,22.3,175
10458,T,260803,071841,60.499722N,24.850224E,87,22.4,174
10459,T,260803,071842,60.499664N,24.850237E,87,22.9,173
10460,T,260803,071843,60.499607N,24.850246E,86,22.1,174
10461,T,260803,071844,60.499554N,24.850254E,86,21.7,174
10462,T,260803,071845,60.499496N,24.850262E,86,22.8,175
10463,T,260803,071846,60.499439N,24.850269E,86,22.9,175
10464,T,260803,071847,60.499386N,24.850279E,86,22.8,175
10465,T,260803,071848,60.499329N,24.850285E,86,22.8,176
10466,T,260803,071849,60.499271N,24.850296E,86,22.9,176
10467,T,260803,071850,60.499210N,24.850304E,86,22.8,175
10468,T,260803,071851,60.499157N,24.850313E,86,22.7,175
10469,T,260803,071852,60.499100N,24.850321E,85,22.4,175
10470,T,260803,071853,60.499039N,24.850325E,85,23.8,176
10471,T,260803,071854,60.498985N,24.850332E,85,23.2,176
10472,T,260803,071855,60.498924N,24.850336E,85,23.2,177
10473,T,260803,071856,60.498867N,24.850344E,85,23.2,176
10474,T,260803,071857,60.498810N,24.850353E,85,23.5,176
10475,T,260803,071858,60.498745N,24.850357E,85,23.5,176
10476,T,260803,071859,60.498684N,24.850374E,86,23.5,176
10477,T,260803,071900,60.498623N,24.850378E,85,23.8,176
10478,T,260803,071901,60.498566N,24.850388E,86,23.1,176
10479,T,260803,071902,60.498505N,24.850395E,85,23.5,175
10480,T,260803,071903,60.498444N,24.850405E,85,24.5,175
10481,T,260803,071904,60.498383N,24.850410E,85,24.4,175
10482,T,260803,071905,60.498325N,24.850416E,85,23.7,176
10483,T,260803,071906,60.498268N,24.850424E,85,23.3,176
10484,T,260803,071907,60.498207N,24.850433E,85,22.7,177
10485,T,260803,071908,60.498154N,24.850435E,85,22.7,177
10486,T,260803,071909,60.498093N,24.850439E,85,23.5,177
10487,T,260803,071910,60.498032N,24.850445E,85,23.5,176
10488,T,260803,071911,60.497974N,24.850452E,85,23.4,176
10489,T,260803,071912,60.497917N,24.850456E,85,23.7,176
10490,T,260803,071913,60.497856N,24.850464E,84,23.8,177
10491,T,260803,071914,60.497795N,24.850466E,84,24.4,177
10492,T,260803,071915,60.497738N,24.850473E,84,23.7,177
10493,T,260803,071916,60.497677N,24.850477E,84,23.6,177
10494,T,260803,071917,60.497620N,24.850487E,84,23.7,177
10495,T,260803,071918,60.497559N,24.850492E,84,23.6,177
10496,T,260803,071919,60.497501N,24.850496E,84,24.0,177
10497,T,260803,071920,60.497440N,24.850502E,84,24.1,178
10498,T,260803,071921,60.497379N,24.850504E,84,24.1,178
10499,T,260803,071922,60.497318N,24.850508E,84,24.0,178
10500,T,260803,071923,60.497261N,24.850512E,84,24.4,178
10501,T,260803,071924,60.497196N,24.850515E,84,24.5,177
10502,T,260803,071925,60.497131N,24.850525E,84,25.2,177
10503,T,260803,071926,60.497066N,24.850531E,85,25.7,177
10504,T,260803,071927,60.497005N,24.850536E,85,25.7,177
10505,T,260803,071928,60.496941N,24.850542E,84,25.0,177
10506,T,260803,071929,60.496876N,24.850544E,84,24.5,178
10507,T,260803,071930,60.496815N,24.850550E,84,23.9,178
10508,T,260803,071931,60.496761N,24.850554E,84,23.9,178
10509,T,260803,071932,60.496700N,24.850555E,84,24.0,178
10510,T,260803,071933,60.496635N,24.850559E,84,24.0,178
10511,T,260803,071934,60.496574N,24.850563E,84,24.2,178
10512,T,260803,071935,60.496513N,24.850569E,84,24.5,178
10513,T,260803,071936,60.496449N,24.850573E,84,24.8,178
10514,T,260803,071937,60.496387N,24.850576E,84,25.1,178
10515,T,260803,071938,60.496323N,24.850576E,84,25.0,179
10516,T,260803,071939,60.496262N,24.850578E,84,25.0,179
10517,T,260803,071940,60.496201N,24.850578E,84,24.9,179
10518,T,260803,071941,60.496140N,24.850580E,84,25.0,179
10519,T,260803,071942,60.496075N,24.850582E,84,25.1,179
10520,T,260803,071943,60.496014N,24.850584E,84,25.1,179
10521,T,260803,071944,60.495953N,24.850584E,84,25.1,179
10522,T,260803,071945,60.495888N,24.850584E,84,25.1,179
10523,T,260803,071946,60.495823N,24.850584E,84,25.5,179
10524,T,260803,071947,60.495762N,24.850586E,84,24.3,179
10525,T,260803,071948,60.495701N,24.850588E,84,24.4,179
10526,T,260803,071949,60.495640N,24.850590E,84,24.5,179
10527,T,260803,071950,60.495579N,24.850590E,84,24.6,179
10528,T,260803,071951,60.495522N,24.850592E,84,24.7,179
10529,T,260803,071952,60.495457N,24.850590E,84,24.7,180
10530,T,260803,071953,60.495396N,24.850588E,84,24.8,180
10531,T,260803,071954,60.495331N,24.850588E,84,24.8,180
10532,T,260803,071955,60.495274N,24.850588E,84,24.7,179
10533,T,260803,071956,60.495213N,24.850586E,83,24.2,179
10534,T,260803,071957,60.495152N,24.850588E,84,24.7,179
10535,T,260803,071958,60.495087N,24.850590E,84,24.9,179
10536,T,260803,071959,60.495026N,24.850588E,84,25.0,180
10537,T,260803,072000,60.494961N,24.850586E,84,25.3,180
10538,T,260803,072001,60.494896N,24.850586E,84,25.4,180
10539,T,260803,072002,60.494831N,24.850580E,84,25.5,180
10540,T,260803,072003,60.494762N,24.850576E,84,25.5,180
10541,T,260803,072004,60.494701N,24.850569E,85,25.5,180
10542,T,260803,072005,60.494637N,24.850563E,85,25.4,180
10543,T,260803,072006,60.494568N,24.850561E,85,25.3,180
10544,T,260803,072007,60.494507N,24.850557E,86,24.9,180
10545,T,260803,072008,60.494446N,24.850555E,86,24.8,180
10546,T,260803,072009,60.494381N,24.850554E,86,24.8,180
10547,T,260803,072010,60.494320N,24.850552E,86,24.7,180
10548,T,260803,072011,60.494255N,24.850550E,87,24.6,180
10549,T,260803,072012,60.494198N,24.850550E,87,24.5,180
10550,T,260803,072013,60.494133N,24.850548E,87,24.5,180
10551,T,260803,072014,60.494072N,24.850546E,87,24.5,181
10552,T,260803,072015,60.494007N,24.850544E,87,24.4,181
10553,T,260803,072016,60.493954N,24.850542E,87,24.1,181
10554,T,260803,072017,60.493889N,24.850538E,87,24.1,181
10555,T,260803,072018,60.493828N,24.850536E,87,23.8,181
10556,T,260803,072019,60.493767N,24.850536E,87,23.7,181
10557,T,260803,072020,60.493710N,24.850533E,87,23.4,181
10558,T,260803,072021,60.493652N,24.850529E,87,23.3,181
10559,T,260803,072022,60.493591N,24.850525E,87,23.2,181
10560,T,260803,072023,60.493538N,24.850521E,87,23.2,181
10561,T,260803,072024,60.493481N,24.850519E,87,23.2,181
10562,T,260803,072025,60.493420N,24.850517E,88,23.2,181
10563,T,260803,072026,60.493359N,24.850515E,87,23.3,181
10564,T,260803,072027,60.493305N,24.850515E,87,23.3,181
10565,T,260803,072028,60.493248N,24.850512E,87,23.3,181
10566,T,260803,072029,60.493191N,24.850506E,87,23.2,181
10567,T,260803,072030,60.493134N,24.850508E,87,23.3,182
10568,T,260803,072031,60.493076N,24.850508E,88,23.3,182
10569,T,260803,072032,60.493015N,24.850508E,88,23.4,182
10570,T,260803,072033,60.492962N,24.850506E,88,23.5,182
10571,T,260803,072034,60.492901N,24.850504E,88,23.5,182
10572,T,260803,072035,60.492844N,24.850498E,88,23.5,182
10573,T,260803,072036,60.492783N,24.850494E,88,23.5,182
10574,T,260803,072037,60.492729N,24.850489E,88,23.5,182
10575,T,260803,072038,60.492668N,24.850485E,88,23.4,182
10576,T,260803,072039,60.492607N,24.850477E,88,23.3,182
10577,T,260803,072040,60.492554N,24.850471E,88,23.3,182
10578,T,260803,072041,60.492493N,24.850464E,88,23.2,182
10579,T,260803,072042,60.492435N,24.850462E,88,23.1,182
10580,T,260803,072043,60.492374N,24.850456E,88,23.1,182
10581,T,260803,072044,60.492321N,24.850452E,88,23.1,182
10582,T,260803,072045,60.492260N,24.850445E,88,23.0,182
10583,T,260803,072046,60.492203N,24.850439E,88,22.9,182
10584,T,260803,072047,60.492149N,24.850433E,88,22.9,182
10585,T,260803,072048,60.492092N,24.850424E,87,22.9,183
10586,T,260803,072049,60.492035N,24.850418E,87,23.2,183
10587,T,260803,072050,60.491978N,24.850409E,87,23.4,183
10588,T,260803,072051,60.491917N,24.850403E,87,23.7,184
10589,T,260803,072052,60.491856N,24.850395E,87,23.9,183
10590,T,260803,072053,60.491795N,24.850388E,87,23.8,184
10591,T,260803,072054,60.491741N,24.850380E,87,23.8,184
10592,T,260803,072055,60.491680N,24.850372E,87,23.9,184
10593,T,260803,072056,60.491619N,24.850365E,87,24.3,183
10594,T,260803,072057,60.491562N,24.850357E,86,24.4,183
10595,T,260803,072058,60.491497N,24.850349E,86,24.8,183
10596,T,260803,072059,60.491432N,24.850344E,86,24.9,183
10597,T,260803,072100,60.491367N,24.850332E,86,25.3,184
10598,T,260803,072101,60.491302N,24.850325E,86,25.2,184
10599,T,260803,072102,60.491241N,24.850319E,85,25.2,184
10600,T,260803,072103,60.491177N,24.850311E,85,25.1,184
10601,T,260803,072104,60.491112N,24.850304E,85,25.0,183
10602,T,260803,072105,60.491047N,24.850294E,85,25.0,184
10603,T,260803,072106,60.490986N,24.850285E,85,24.9,184
10604,T,260803,072107,60.490921N,24.850277E,85,24.9,183
10605,T,260803,072108,60.490856N,24.850267E,85,25.2,184
10606,T,260803,072109,60.490791N,24.850260E,85,25.2,183
10607,T,260803,072110,60.490726N,24.850254E,84,25.2,183
10608,T,260803,072111,60.490665N,24.850241E,84,25.2,184
10609,T,260803,072112,60.490604N,24.850229E,84,24.8,184
10610,T,260803,072113,60.490540N,24.850224E,84,24.9,184
10611,T,260803,072114,60.490475N,24.850214E,83,25.2,184
10612,T,260803,072115,60.490414N,24.850204E,83,25.2,183
10613,T,260803,072116,60.490353N,24.850199E,83,25.3,183
10614,T,260803,072117,60.490288N,24.850189E,82,25.3,183
10615,T,260803,072118,60.490223N,24.850178E,82,25.4,184
10616,T,260803,072119,60.490162N,24.850166E,82,25.4,184
10617,T,260803,072120,60.490097N,24.850157E,82,25.4,185
10618,T,260803,072121,60.490032N,24.850143E,81,25.7,185
10619,T,260803,072122,60.489967N,24.850130E,81,25.3,185
10620,T,260803,072123,60.489902N,24.850119E,81,25.4,185
10621,T,260803,072124,60.489841N,24.850105E,81,25.5,185
10622,T,260803,072125,60.489777N,24.850096E,80,26.3,185
10623,T,260803,072126,60.489708N,24.850084E,80,26.6,185
10624,T,260803,072127,60.489639N,24.850071E,80,27.1,185
10625,T,260803,072128,60.489571N,24.850058E,79,27.2,185
10626,T,260803,072129,60.489506N,24.850046E,79,27.8,185
10627,T,260803,072130,60.489437N,24.850035E,79,28.3,185
10628,T,260803,072131,60.489365N,24.850018E,78,29.0,186
10629,T,260803,072132,60.489288N,24.850004E,78,29.7,186
10630,T,260803,072133,60.489216N,24.849991E,78,29.6,186
10631,T,260803,072134,60.489140N,24.849976E,78,29.5,186
10632,T,260803,072135,60.489071N,24.849962E,78,28.9,186
10633,T,260803,072136,60.488998N,24.849943E,78,28.5,186
10634,T,260803,072137,60.488930N,24.849932E,77,28.4,186
10635,T,260803,072138,60.488857N,24.849916E,77,28.4,186
10636,T,260803,072139,60.488785N,24.849894E,77,28.4,187
10637,T,260803,072140,60.488712N,24.849873E,77,28.4,188
10638,T,260803,072141,60.488644N,24.849852E,77,27.9,188
10639,T,260803,072142,60.488575N,24.849831E,77,27.5,188
10640,T,260803,072143,60.488506N,24.849808E,77,27.4,188
10641,T,260803,072144,60.488441N,24.849787E,77,27.1,188
10642,T,260803,072145,60.488373N,24.849766E,77,26.7,188
10643,T,260803,072146,60.488308N,24.849749E,77,26.6,188
10644,T,260803,072147,60.488239N,24.849730E,77,26.2,188
10645,T,260803,072148,60.488178N,24.849710E,76,26.0,188
10646,T,260803,072149,60.488113N,24.849689E,77,26.0,188
10647,T,260803,072150,60.488049N,24.849670E,76,26.0,188
10648,T,260803,072151,60.487984N,24.849649E,76,25.9,188
10649,T,260803,072152,60.487919N,24.849628E,76,25.9,189
10650,T,260803,072153,60.487862N,24.849606E,76,25.9,189
10651,T,260803,072154,60.487793N,24.849585E,76,26.7,189
10652,T,260803,072155,60.487724N,24.849564E,76,26.8,189
10653,T,260803,072156,60.487659N,24.849543E,76,26.9,189
10654,T,260803,072157,60.487591N,24.849520E,76,26.9,189
10655,T,260803,072158,60.487522N,24.849497E,76,26.9,190
10656,T,260803,072159,60.487461N,24.849468E,76,27.2,190
10657,T,260803,072200,60.487392N,24.849443E,76,26.9,190
10658,T,260803,072201,60.487324N,24.849424E,75,26.6,190
10659,T,260803,072202,60.487259N,24.849401E,75,26.6,189
10660,T,260803,072203,60.487190N,24.849377E,75,26.6,189
10661,T,260803,072204,60.487129N,24.849352E,75,26.5,189
10662,T,260803,072205,60.487061N,24.849335E,75,26.4,190
10663,T,260803,072206,60.486996N,24.849314E,75,26.3,190
10664,T,260803,072207,60.486931N,24.849291E,74,26.3,190
10665,T,260803,072208,60.486870N,24.849268E,75,26.0,189
10666,T,260803,072209,60.486805N,24.849249E,75,26.0,189
10667,T,260803,072210,60.486740N,24.849230E,74,25.4,188
10668,T,260803,072211,60.486675N,24.849211E,74,24.9,188
10669,T,260803,072212,60.486610N,24.849190E,74,24.9,188
10670,T,260803,072213,60.486553N,24.849169E,74,25.0,189
10671,T,260803,072214,60.486488N,24.849144E,74,25.2,189
10672,T,260803,072215,60.486423N,24.849121E,74,25.5,189
10673,T,260803,072216,60.486359N,24.849100E,74,25.5,189
10674,T,260803,072217,60.486301N,24.849075E,74,25.4,189
10675,T,260803,072218,60.486237N,24.849054E,73,25.5,189
10676,T,260803,072219,60.486172N,24.849030E,73,25.5,189
10677,T,260803,072220,60.486111N,24.849009E,73,25.2,189
10678,T,260803,072221,60.486050N,24.848982E,73,25.3,190
10679,T,260803,072222,60.485985N,24.848961E,73,25.2,190
10680,T,260803,072223,60.485924N,24.848940E,72,25.2,189
10681,T,260803,072224,60.485859N,24.848915E,72,25.2,189
10682,T,260803,072225,60.485798N,24.848894E,72,26.1,189
10683,T,260803,072226,60.485733N,24.848871E,72,26.2,189
10684,T,260803,072227,60.485668N,24.848848E,71,26.3,189
10685,T,260803,072228,60.485600N,24.848824E,71,26.3,189
10686,T,260803,072229,60.485535N,24.848803E,70,26.2,189
10687,T,260803,072230,60.485474N,24.848776E,71,25.5,190
10688,T,260803,072231,60.485413N,24.848751E,71,23.7,190
10689,T,260803,072232,60.485352N,24.848728E,71,24.8,190
10690,T,260803,072233,60.485287N,24.848703E,71,25.5,190
10691,T,260803,072234,60.485226N,24.848675E,71,26.1,190
10692,T,260803,072235,60.485161N,24.848644E,71,25.7,190
10693,T,260803,072236,60.485092N,24.848614E,70,25.7,190
10694,T,260803,072237,60.485027N,24.848583E,70,25.8,191
10695,T,260803,072238,60.484962N,24.848557E,71,25.8,191
10696,T,260803,072239,60.484901N,24.848534E,70,25.7,191
10697,T,260803,072240,60.484833N,24.848511E,70,25.8,191
10698,T,260803,072241,60.484760N,24.848486E,71,26.1,192
10699,T,260803,072242,60.484695N,24.848459E,71,26.1,191
10700,T,260803,072243,60.484631N,24.848436E,71,26.2,191
10701,T,260803,072244,60.484566N,24.848404E,72,26.2,191
10702,T,260803,072245,60.484501N,24.848375E,72,26.3,191
10703,T,260803,072246,60.484432N,24.848345E,72,26.4,191
10704,T,260803,072247,60.484364N,24.848316E,72,26.5,192
10705,T,260803,072248,60.484299N,24.848284E,71,26.5,192
10706,T,260803,072249,60.484238N,24.848255E,71,26.1,192
10707,T,260803,072250,60.484169N,24.848225E,72,25.6,192
10708,T,260803,072251,60.484108N,24.848190E,72,25.5,193
10709,T,260803,072252,60.484047N,24.848158E,71,25.3,193
10710,T,260803,072253,60.483986N,24.848127E,71,25.1,193
10711,T,260803,072254,60.483921N,24.848101E,71,25.0,193
10712,T,260803,072255,60.483860N,24.848074E,71,25.0,193
10713,T,260803,072256,60.483795N,24.848045E,71,25.8,193
10714,T,260803,072257,60.483727N,24.848019E,71,26.6,193
10715,T,260803,072258,60.483662N,24.847988E,71,27.1,192
10716,T,260803,072259,60.483593N,24.847958E,71,27.6,192
10717,T,260803,072300,60.483521N,24.847931E,71,27.7,192
10718,T,260803,072301,60.483448N,24.847898E,72,28.2,192
10719,T,260803,072302,60.483376N,24.847868E,72,28.6,192
10720,T,260803,072303,60.483303N,24.847837E,72,28.5,192
10721,T,260803,072304,60.483231N,24.847809E,72,28.5,192
10722,T,260803,072305,60.483158N,24.847780E,72,28.5,192
10723,T,260803,072306,60.483089N,24.847746E,72,27.8,193
10724,T,260803,072307,60.483025N,24.847713E,73,27.7,193
10725,T,260803,072308,60.482952N,24.847694E,73,27.5,193
10726,T,260803,072309,60.482883N,24.847666E,73,26.8,193
10727,T,260803,072310,60.482819N,24.847645E,73,26.8,192
10728,T,260803,072311,60.482754N,24.847616E,73,26.3,193
10729,T,260803,072312,60.482689N,24.847589E,73,25.8,193
10730,T,260803,072313,60.482624N,24.847561E,73,25.8,193
10731,T,260803,072314,60.482559N,24.847528E,73,25.4,193
10732,T,260803,072315,60.482498N,24.847498E,73,25.3,193
10733,T,260803,072316,60.482437N,24.847467E,73,24.8,193
10734,T,260803,072317,60.482376N,24.847439E,73,24.4,193
10735,T,260803,072318,60.482319N,24.847408E,73,24.0,193
10736,T,260803,072319,60.482262N,24.847378E,73,24.0,193
10737,T,260803,072320,60.482201N,24.847349E,73,24.0,193
10738,T,260803,072321,60.482143N,24.847324E,73,24.1,193
10739,T,260803,072322,60.482082N,24.847294E,73,24.1,194
10740,T,260803,072323,60.482029N,24.847263E,73,24.0,194
10741,T,260803,072324,60.481968N,24.847233E,73,24.0,194
10742,T,260803,072325,60.481911N,24.847202E,73,23.9,194
10743,T,260803,072326,60.481857N,24.847172E,73,23.7,194
10744,T,260803,072327,60.481800N,24.847139E,73,23.7,194
10745,T,260803,072328,60.481739N,24.847111E,74,23.6,194
10746,T,260803,072329,60.481686N,24.847082E,74,23.6,194
10747,T,260803,072330,60.481625N,24.847052E,74,23.6,194
10748,T,260803,072331,60.481567N,24.847019E,74,23.6,194
10749,T,260803,072332,60.481510N,24.846991E,73,23.6,194
10750,T,260803,072333,60.481457N,24.846960E,73,23.6,195
10751,T,260803,072334,60.481396N,24.846928E,73,23.6,195
10752,T,260803,072335,60.481339N,24.846897E,73,23.2,195
10753,T,260803,072336,60.481285N,24.846876E,73,23.1,195
10754,T,260803,072337,60.481228N,24.846846E,73,23.1,195
10755,T,260803,072338,60.481171N,24.846821E,72,23.1,195
10756,T,260803,072339,60.481117N,24.846788E,72,22.6,195
10757,T,260803,072340,60.481060N,24.846760E,72,22.0,195
10758,T,260803,072341,60.481007N,24.846729E,72,21.9,195
10759,T,260803,072342,60.480957N,24.846699E,72,21.9,195
10760,T,260803,072343,60.480904N,24.846668E,72,22.0,195
10761,T,260803,072344,60.480846N,24.846640E,72,22.1,195
10762,T,260803,072345,60.480801N,24.846613E,72,22.0,195
10763,T,260803,072346,60.480747N,24.846581E,72,22.0,195
10764,T,260803,072347,60.480698N,24.846550E,71,22.0,196
10765,T,260803,072348,60.480640N,24.846519E,71,22.0,196
10766,T,260803,072349,60.480587N,24.846491E,71,22.1,195
10767,T,260803,072350,60.480537N,24.846462E,70,22.5,195
10768,T,260803,072351,60.480480N,24.846430E,70,22.8,195
10769,T,260803,072352,60.480427N,24.846399E,70,22.8,195
10770,T,260803,072353,60.480373N,24.846367E,70,22.7,196
10771,T,260803,072354,60.480316N,24.846336E,70,22.6,196
10772,T,260803,072355,60.480263N,24.846304E,70,22.2,196
10773,T,260803,072356,60.480213N,24.846272E,70,22.1,196
10774,T,260803,072357,60.480160N,24.846237E,70,21.7,196
10775,T,260803,072358,60.480106N,24.846207E,69,21.7,196
10776,T,260803,072359,60.480057N,24.846176E,69,21.7,196
10777,T,260803,072400,60.480003N,24.846144E,70,21.8,196
10778,T,260803,072401,60.479954N,24.846113E,70,21.8,196
10779,T,260803,072402,60.479897N,24.846083E,70,21.9,196
10780,T,260803,072403,60.479843N,24.846048E,70,22.0,196
10781,T,260803,072404,60.479794N,24.846016E,70,22.3,196
10782,T,260803,072405,60.479740N,24.845982E,70,22.3,196
10783,T,260803,072406,60.479683N,24.845949E,70,22.3,196
10784,T,260803,072407,60.479633N,24.845919E,70,22.3,196
10785,T,260803,072408,60.479580N,24.845886E,70,22.3,196
10786,T,260803,072409,60.479523N,24.845854E,70,22.2,196
10787,T,260803,072410,60.479473N,24.845823E,69,22.7,196
10788,T,260803,072411,60.479416N,24.845791E,69,22.7,197
10789,T,260803,072412,60.479362N,24.845758E,69,22.7,196
10790,T,260803,072413,60.479309N,24.845726E,69,22.7,196
10791,T,260803,072414,60.479256N,24.845695E,69,22.8,197
10792,T,260803,072415,60.479198N,24.845661E,69,22.8,197
10793,T,260803,072416,60.479145N,24.845629E,68,22.9,197
10794,T,260803,072417,60.479092N,24.845596E,68,23.3,197
10795,T,260803,072418,60.479034N,24.845560E,68,23.2,197
10796,T,260803,072419,60.478981N,24.845526E,68,23.2,197
10797,T,260803,072420,60.478924N,24.845491E,67,23.1,197
10798,T,260803,072421,60.478870N,24.845457E,67,23.2,197
10799,T,260803,072422,60.478817N,24.845425E,67,23.3,197
10800,T,260803,072423,60.478760N,24.845388E,67,23.3,197
10801,T,260803,072424,60.478703N,24.845352E,67,23.4,198
10802,T,260803,072425,60.478649N,24.845314E,66,23.8,198
10803,T,260803,072426,60.478592N,24.845276E,66,23.9,198
10804,T,260803,072427,60.478535N,24.845240E,66,24.2,197
10805,T,260803,072428,60.478477N,24.845201E,66,24.2,197
10806,T,260803,072429,60.478420N,24.845163E,66,23.8,198
10807,T,260803,072430,60.478363N,24.845125E,66,24.1,198
10808,T,260803,072431,60.478310N,24.845091E,66,23.7,198
10809,T,260803,072432,60.478249N,24.845053E,65,24.4,198
10810,T,260803,072433,60.478191N,24.845015E,65,24.3,198
10811,T,260803,072434,60.478134N,24.844976E,65,24.0,198
10812,T,260803,072435,60.478081N,24.844938E,65,23.9,198
10813,T,260803,072436,60.478020N,24.844900E,65,23.6,198
10814,T,260803,072437,60.477966N,24.844862E,65,23.2,198
10815,T,260803,072438,60.477913N,24.844824E,64,23.3,198
10816,T,260803,072439,60.477856N,24.844784E,64,23.2,198
10817,T,260803,072440,60.477798N,24.844746E,64,23.2,198
10818,T,260803,072441,60.477745N,24.844707E,64,23.3,198
10819,T,260803,072442,60.477688N,24.844669E,64,23.3,198
10820,T,260803,072443,60.477631N,24.844627E,64,23.3,199
10821,T,260803,072444,60.477577N,24.844587E,64,23.4,199
10822,T,260803,072445,60.477520N,24.844549E,64,23.4,198
10823,T,260803,072446,60.477459N,24.844513E,64,23.3,198
10824,T,260803,072447,60.477409N,24.844473E,65,23.3,198
10825,T,260803,072448,60.477352N,24.844433E,65,23.4,198
10826,T,260803,072449,60.477291N,24.844391E,65,23.9,198
10827,T,260803,072450,60.477238N,24.844349E,66,23.9,198
10828,T,260803,072451,60.477180N,24.844303E,66,23.9,198
10829,T,260803,072452,60.477119N,24.844263E,66,23.8,198
10830,T,260803,072453,60.477062N,24.844227E,67,23.7,198
10831,T,260803,072454,60.477009N,24.844185E,67,22.6,198
10832,T,260803,072455,60.476955N,24.844147E,67,22.2,199
10833,T,260803,072456,60.476906N,24.844109E,67,21.8,199
10834,T,260803,072457,60.476852N,24.844072E,68,21.7,199
10835,T,260803,072458,60.476799N,24.844036E,68,21.4,198
10836,T,260803,072459,60.476753N,24.844004E,68,21.1,198
10837,T,260803,072500,60.476704N,24.843967E,68,20.7,198
10838,T,260803,072501,60.476658N,24.843931E,68,20.5,198
10839,T,260803,072502,60.476608N,24.843901E,68,20.1,198
10840,T,260803,072503,60.476559N,24.843868E,68,19.1,198
10841,T,260803,072504,60.476517N,24.843836E,68,19.8,198
10842,T,260803,072505,60.476467N,24.843803E,68,19.9,198
10843,T,260803,072506,60.476421N,24.843767E,68,20.0,199
10844,T,260803,072507,60.476376N,24.843737E,69,19.9,199
10845,T,260803,072508,60.476330N,24.843700E,69,20.0,199
10846,T,260803,072509,60.476284N,24.843662E,69,20.1,199
10847,T,260803,072510,60.476234N,24.843624E,69,20.1,198
10848,T,260803,072511,60.476189N,24.843586E,70,20.2,198
10849,T,260803,072512,60.476139N,24.843550E,70,20.7,198
10850,T,260803,072513,60.476093N,24.843513E,70,21.1,198
10851,T,260803,072514,60.476044N,24.843475E,71,21.0,199
10852,T,260803,072515,60.475990N,24.843443E,71,21.0,199
10853,T,260803,072516,60.475945N,24.843410E,71,21.0,198
10854,T,260803,072517,60.475895N,24.843376E,71,21.2,198
10855,T,260803,072518,60.475849N,24.843344E,71,21.2,198
10856,T,260803,072519,60.475796N,24.843313E,71,21.3,198
10857,T,260803,072520,60.475746N,24.843281E,71,21.7,198
10858,T,260803,072521,60.475697N,24.843245E,71,21.8,198
10859,T,260803,072522,60.475643N,24.843208E,71,21.8,199
10860,T,260803,072523,60.475594N,24.843172E,71,21.9,199
10861,T,260803,072524,60.475540N,24.843136E,71,22.0,199
10862,T,260803,072525,60.475487N,24.843100E,71,22.1,198
10863,T,260803,072526,60.475433N,24.843063E,71,22.5,198
10864,T,260803,072527,60.475380N,24.843027E,71,22.5,198
10865,T,260803,072528,60.475323N,24.842993E,71,22.6,198
10866,T,260803,072529,60.475273N,24.842957E,71,22.9,198
10867,T,260803,072530,60.475216N,24.842916E,71,23.0,198
10868,T,260803,072531,60.475159N,24.842876E,71,23.3,199
10869,T,260803,072532,60.475109N,24.842838E,71,23.7,199
10870,T,260803,072533,60.475048N,24.842798E,71,24.2,198
10871,T,260803,072534,60.474991N,24.842760E,71,24.1,198
10872,T,260803,072535,60.474934N,24.842722E,71,24.1,198
10873,T,260803,072536,60.474876N,24.842684E,71,24.0,198
10874,T,260803,072537,60.474819N,24.842642E,71,24.0,198
10875,T,260803,072538,60.474766N,24.842604E,71,24.0,198
10876,T,260803,072539,60.474709N,24.842564E,71,23.9,198
10877,T,260803,072540,60.474648N,24.842525E,71,23.9,198
10878,T,260803,072541,60.474590N,24.842489E,71,23.9,198
10879,T,260803,072542,60.474537N,24.842457E,71,23.9,198
10880,T,260803,072543,60.474476N,24.842417E,71,23.9,198
10881,T,260803,072544,60.474419N,24.842377E,71,23.9,198
10882,T,260803,072545,60.474365N,24.842337E,71,23.9,199
10883,T,260803,072546,60.474308N,24.842297E,71,23.9,199
10884,T,260803,072547,60.474247N,24.842258E,71,23.9,198
10885,T,260803,072548,60.474194N,24.842220E,71,23.8,198
10886,T,260803,072549,60.474140N,24.842182E,71,23.5,198
10887,T,260803,072550,60.474083N,24.842144E,71,22.9,198
10888,T,260803,072551,60.474030N,24.842108E,71,22.9,198
10889,T,260803,072552,60.473972N,24.842072E,71,23.0,198
10890,T,260803,072553,60.473919N,24.842033E,71,23.3,198
10891,T,260803,072554,60.473866N,24.841995E,71,23.4,198
10892,T,260803,072555,60.473808N,24.841955E,71,23.8,199
10893,T,260803,072556,60.473751N,24.841915E,71,23.9,199
10894,T,260803,072557,60.473694N,24.841875E,71,24.0,199
10895,T,260803,072558,60.473637N,24.841837E,71,24.4,199
10896,T,260803,072559,60.473579N,24.841793E,70,24.5,199
10897,T,260803,072600,60.473518N,24.841749E,70,24.8,199
10898,T,260803,072601,60.473461N,24.841707E,70,25.0,199
10899,T,260803,072602,60.473400N,24.841667E,70,25.0,198
10900,T,260803,072603,60.473339N,24.841625E,70,24.5,198
10901,T,260803,072604,60.473286N,24.841583E,70,24.4,198
10902,T,260803,072605,60.473228N,24.841543E,70,23.6,198
10903,T,260803,072606,60.473171N,24.841505E,70,23.7,198
10904,T,260803,072607,60.473118N,24.841467E,70,24.0,198
10905,T,260803,072608,60.473061N,24.841429E,70,24.1,198
10906,T,260803,072609,60.473000N,24.841385E,70,24.3,199
10907,T,260803,072610,60.472942N,24.841345E,70,24.8,199
10908,T,260803,072611,60.472885N,24.841305E,70,24.9,199
10909,T,260803,072612,60.472824N,24.841265E,70,25.4,198
10910,T,260803,072613,60.472763N,24.841221E,70,25.4,198
10911,T,260803,072614,60.472706N,24.841175E,69,25.5,199
10912,T,260803,072615,60.472641N,24.841133E,69,25.8,199
10913,T,260803,072616,60.472580N,24.841089E,69,25.9,199
10914,T,260803,072617,60.472519N,24.841045E,69,26.0,199
10915,T,260803,072618,60.472458N,24.841003E,69,26.0,198
10916,T,260803,072619,60.472397N,24.840963E,69,25.9,198
10917,T,260803,072620,60.472332N,24.840918E,69,26.0,198
10918,T,260803,072621,60.472271N,24.840874E,69,26.0,198
10919,T,260803,072622,60.472206N,24.840830E,69,26.1,198
10920,T,260803,072623,60.472145N,24.840790E,69,26.1,198
10921,T,260803,072624,60.472080N,24.840750E,69,26.2,198
10922,T,260803,072625,60.472019N,24.840708E,69,26.2,198
10923,T,260803,072626,60.471954N,24.840664E,69,26.3,198
10924,T,260803,072627,60.471897N,24.840616E,69,26.4,198
10925,T,260803,072628,60.471836N,24.840569E,69,26.5,199
10926,T,260803,072629,60.471775N,24.840525E,68,26.5,199
10927,T,260803,072630,60.471710N,24.840485E,68,26.5,198
10928,T,260803,072631,60.471653N,24.840445E,68,25.8,198
10929,T,260803,072632,60.471592N,24.840405E,68,25.5,198
10930,T,260803,072633,60.471527N,24.840364E,68,24.9,198
10931,T,260803,072634,60.471474N,24.840321E,68,24.8,199
10932,T,260803,072635,60.471413N,24.840277E,68,24.9,199
10933,T,260803,072636,60.471352N,24.840237E,67,25.3,198
10934,T,260803,072637,60.471291N,24.840199E,67,25.4,198
10935,T,260803,072638,60.471233N,24.840157E,67,25.5,198
10936,T,260803,072639,60.471172N,24.840115E,67,25.8,198
10937,T,260803,072640,60.471111N,24.840073E,67,25.7,198
10938,T,260803,072641,60.471050N,24.840031E,67,25.6,198
10939,T,260803,072642,60.470993N,24.839987E,67,25.2,199
10940,T,260803,072643,60.470932N,24.839945E,67,25.2,199
10941,T,260803,072644,60.470871N,24.839905E,67,25.3,199
10942,T,260803,072645,60.470814N,24.839865E,67,25.2,199
10943,T,260803,072646,60.470757N,24.839823E,67,24.9,198
10944,T,260803,072647,60.470695N,24.839783E,67,24.6,198
10945,T,260803,072648,60.470638N,24.839743E,67,24.5,198
10946,T,260803,072649,60.470585N,24.839705E,67,23.9,198
10947,T,260803,072650,60.470528N,24.839664E,67,23.3,198
10948,T,260803,072651,60.470470N,24.839626E,67,22.9,198
10949,T,260803,072652,60.470421N,24.839596E,67,22.4,198
10950,T,260803,072653,60.470367N,24.839560E,67,22.4,198
10951,T,260803,072654,60.470322N,24.839523E,67,22.4,198
10952,T,260803,072655,60.470268N,24.839483E,67,22.4,199
10953,T,260803,072656,60.470215N,24.839443E,66,22.5,199
10954,T,260803,072657,60.470165N,24.839409E,66,22.6,199
10955,T,260803,072658,60.470112N,24.839373E,66,22.7,199
10956,T,260803,072659,60.470058N,24.839333E,66,22.7,199
10957,T,260803,072700,60.470005N,24.839294E,66,22.7,198
10958,T,260803,072701,60.469952N,24.839256E,66,22.0,198
10959,T,260803,072702,60.469898N,24.839222E,66,21.9,198
10960,T,260803,072703,60.469849N,24.839186E,66,21.5,198
10961,T,260803,072704,60.469799N,24.839151E,66,21.5,198
10962,T,260803,072705,60.469749N,24.839115E,66,21.4,198
10963,T,260803,072706,60.469700N,24.839085E,66,21.1,198
10964,T,260803,072707,60.469646N,24.839050E,66,21.0,198
10965,T,260803,072708,60.469601N,24.839018E,66,20.2,198
10966,T,260803,072709,60.469551N,24.838984E,66,20.2,198
10967,T,260803,072710,60.469505N,24.838955E,66,20.1,198
10968,T,260803,072711,60.469460N,24.838924E,66,20.0,198
10969,T,260803,072712,60.469406N,24.838890E,66,19.9,198
10970,T,260803,072713,60.469364N,24.838856E,66,20.2,199
10971,T,260803,072714,60.469315N,24.838823E,66,20.2,199
10972,T,260803,072715,60.469273N,24.838791E,66,20.1,199
10973,T,260803,072716,60.469223N,24.838758E,66,19.4,199
10974,T,260803,072717,60.469181N,24.838724E,66,18.8,199
10975,T,260803,072718,60.469131N,24.838696E,66,18.4,198
10976,T,260803,072719,60.469093N,24.838669E,66,17.9,198
10977,T,260803,072720,60.469051N,24.838638E,67,17.8,198
10978,T,260803,072721,60.469009N,24.838606E,67,17.7,199
10979,T,260803,072722,60.468967N,24.838575E,67,17.2,199
10980,T,260803,072723,60.468929N,24.838547E,67,17.3,199
10981,T,260803,072724,60.468887N,24.838518E,67,17.3,198
10982,T,260803,072725,60.468849N,24.838486E,67,17.7,199
10983,T,260803,072726,60.468803N,24.838453E,68,17.6,198
10984,T,260803,072727,60.468761N,24.838425E,68,17.6,199
10985,T,260803,072728,60.468719N,24.838396E,68,17.7,198
10986,T,260803,072729,60.468681N,24.838367E,68,17.5,198
10987,T,260803,072730,60.468636N,24.838343E,68,17.0,197
10988,T,260803,072731,60.468597N,24.838316E,68,17.6,197
10989,T,260803,072732,60.468552N,24.838284E,68,18.8,197
10990,T,260803,072733,60.468510N,24.838251E,68,18.8,198
10991,T,260803,072734,60.468464N,24.838219E,69,18.4,199
10992,T,260803,072735,60.468418N,24.838186E,69,18.5,200
10993,T,260803,072736,60.468376N,24.838156E,69,18.1,199
10994,T,260803,072737,60.468330N,24.838125E,69,18.2,199
10995,T,260803,072738,60.468288N,24.838099E,69,18.2,198
10996,T,260803,072739,60.468246N,24.838068E,69,17.6,198
10997,T,260803,072740,60.468208N,24.838037E,69,17.5,199
10998,T,260803,072741,60.468166N,24.838011E,69,17.7,199
10999,T,260803,072742,60.468124N,24.837980E,70,17.4,199
11000,T,260803,072743,60.468079N,24.837952E,70,17.7,198
11001,T,260803,072744,60.468040N,24.837923E,70,17.3,198
11002,T,260803,072745,60.467999N,24.837896E,70,17.1,197
11003,T,260803,072746,60.467960N,24.837872E,70,16.5,197
11004,T,260803,072747,60.467918N,24.837845E,70,15.8,197
11005,T,260803,072748,60.467880N,24.837816E,70,15.5,198
11006,T,260803,072749,60.467842N,24.837790E,71,15.1,198
11007,T,260803,072750,60.467808N,24.837767E,71,14.7,199
11008,T,260803,072751,60.467777N,24.837742E,71,14.7,199
11009,T,260803,072752,60.467739N,24.837717E,72,14.7,199
11010,T,260803,072753,60.467705N,24.837696E,72,14.7,199
11011,T,260803,072754,60.467667N,24.837673E,72,14.9,198
11012,T,260803,072755,60.467632N,24.837652E,72,14.9,197
11013,T,260803,072756,60.467594N,24.837626E,72,15.0,198
11014,T,260803,072757,60.467560N,24.837603E,73,15.1,198
11015,T,260803,072758,60.467525N,24.837576E,73,15.2,198
11016,T,260803,072759,60.467487N,24.837545E,73,15.6,199
11017,T,260803,072800,60.467453N,24.837524E,73,15.6,199
11018,T,260803,072801,60.467415N,24.837496E,73,15.4,198
11019,T,260803,072802,60.467381N,24.837475E,74,15.3,198
11020,T,260803,072803,60.467342N,24.837448E,74,14.8,199
11021,T,260803,072804,60.467312N,24.837423E,74,14.4,198
11022,T,260803,072805,60.467281N,24.837404E,74,13.5,199
11023,T,260803,072806,60.467247N,24.837383E,74,12.8,198
11024,T,260803,072807,60.467216N,24.837364E,75,12.4,198
11025,T,260803,072808,60.467190N,24.837343E,75,12.4,197
11026,T,260803,072809,60.467155N,24.837324E,75,12.5,197
11027,T,260803,072810,60.467129N,24.837301E,75,12.5,197
11028,T,260803,072811,60.467094N,24.837280E,76,12.6,198
11029,T,260803,072812,60.467068N,24.837255E,76,13.0,199
11030,T,260803,072813,60.467037N,24.837234E,76,12.9,197
11031,T,260803,072814,60.467003N,24.837214E,76,12.9,197
11032,T,260803,072815,60.466972N,24.837193E,76,12.9,197
11033,T,260803,072816,60.466942N,24.837170E,77,12.9,200
11034,T,260803,072817,60.466911N,24.837149E,77,13.0,200
11035,T,260803,072818,60.466881N,24.837128E,77,13.0,198
11036,T,260803,072819,60.466846N,24.837111E,77,12.7,198
11037,T,260803,072820,60.466820N,24.837088E,78,12.7,199
11038,T,260803,072821,60.466789N,24.837067E,78,12.7,198
11039,T,260803,072822,60.466755N,24.837048E,78,12.8,198
11040,T,260803,072823,60.466728N,24.837030E,78,13.0,198
11041,T,260803,072824,60.466698N,24.837008E,79,13.3,198
11042,T,260803,072825,60.466663N,24.836990E,79,13.3,198
11043,T,260803,072826,60.466637N,24.836967E,79,13.3,199
11044,T,260803,072827,60.466602N,24.836946E,79,13.4,199
11045,T,260803,072828,60.466572N,24.836922E,79,13.7,199
11046,T,260803,072829,60.466541N,24.836899E,80,13.7,199
11047,T,260803,072830,60.466507N,24.836876E,80,13.8,198
11048,T,260803,072831,60.466473N,24.836857E,80,13.8,198
11049,T,260803,072832,60.466438N,24.836832E,81,13.9,198
11050,T,260803,072833,60.466408N,24.836807E,81,13.9,198
11051,T,260803,072834,60.466377N,24.836784E,81,13.8,199
11052,T,260803,072835,60.466343N,24.836761E,81,14.3,199
11053,T,260803,072836,60.466312N,24.836739E,82,13.7,198
11054,T,260803,072837,60.466274N,24.836718E,82,13.7,198
11055,T,260803,072838,60.466244N,24.836697E,82,13.7,198
11056,T,260803,072839,60.466213N,24.836676E,82,13.7,198
11057,T,260803,072840,60.466179N,24.836657E,82,13.6,198
11058,T,260803,072841,60.466148N,24.836634E,82,13.6,198
11059,T,260803,072842,60.466118N,24.836613E,83,13.6,198
11060,T,260803,072843,60.466084N,24.836590E,83,13.6,198
11061,T,260803,072844,60.466049N,24.836567E,83,13.7,198
11062,T,260803,072845,60.466015N,24.836544E,83,13.7,198
11063,T,260803,072846,60.465984N,24.836523E,84,13.7,198
11064,T,260803,072847,60.465954N,24.836502E,84,13.3,198
11065,T,260803,072848,60.465919N,24.836481E,84,12.5,198
11066,T,260803,072849,60.465893N,24.836462E,85,11.9,197
11067,T,260803,072850,60.465862N,24.836439E,85,12.0,198
11068,T,260803,072851,60.465836N,24.836420E,85,12.3,199
11069,T,260803,072852,60.465805N,24.836399E,85,12.3,198
11070,T,260803,072853,60.465775N,24.836378E,85,12.7,199
11071,T,260803,072854,60.465744N,24.836355E,85,12.7,199
11072,T,260803,072855,60.465717N,24.836336E,85,12.7,198
11073,T,260803,072856,60.465683N,24.836315E,86,12.8,198
11074,T,260803,072857,60.465652N,24.836296E,86,12.8,198
11075,T,260803,072858,60.465626N,24.836275E,86,12.8,198
11076,T,260803,072859,60.465591N,24.836258E,86,12.7,198
11077,T,260803,072900,60.465565N,24.836235E,86,12.3,198
11078,T,260803,072901,60.465534N,24.836218E,87,12.2,198
11079,T,260803,072902,60.465504N,24.836203E,87,12.1,198
11080,T,260803,072903,60.465477N,24.836182E,87,12.1,198
11081,T,260803,072904,60.465443N,24.836164E,87,12.2,199
11082,T,260803,072905,60.465416N,24.836143E,87,12.3,198
11083,T,260803,072906,60.465382N,24.836126E,88,12.9,198
11084,T,260803,072907,60.465351N,24.836103E,88,12.9,198
11085,T,260803,072908,60.465321N,24.836084E,88,13.1,198
11086,T,260803,072909,60.465286N,24.836063E,88,13.1,198
11087,T,260803,072910,60.465256N,24.836044E,88,13.1,198
11088,T,260803,072911,60.465225N,24.836021E,88,13.1,198
11089,T,260803,072912,60.465191N,24.836002E,88,13.2,197
11090,T,260803,072913,60.465160N,24.835979E,88,13.6,197
11091,T,260803,072914,60.465130N,24.835958E,89,13.6,197
11092,T,260803,072915,60.465099N,24.835936E,89,13.7,198
11093,T,260803,072916,60.465069N,24.835911E,89,13.7,198
11094,T,260803,072917,60.465031N,24.835888E,89,13.7,199
11095,T,260803,072918,60.465000N,24.835863E,89,13.8,199
11096,T,260803,072919,60.464970N,24.835842E,89,13.8,199
11097,T,260803,072920,60.464935N,24.835815E,89,13.8,200
11098,T,260803,072921,60.464905N,24.835791E,90,14.4,200
11099,T,260803,072922,60.464870N,24.835766E,90,14.9,200
11100,T,260803,072923,60.464836N,24.835745E,90,14.8,199
11101,T,260803,072924,60.464806N,24.835718E,90,14.5,200
11102,T,260803,072925,60.464767N,24.835690E,90,14.9,200
11103,T,260803,072926,60.464737N,24.835665E,90,15.0,201
11104,T,260803,072927,60.464699N,24.835638E,90,15.0,201
11105,T,260803,072928,60.464664N,24.835615E,90,15.4,202
11106,T,260803,072929,60.464630N,24.835588E,90,15.4,201
11107,T,260803,072930,60.464596N,24.835562E,90,15.3,201
11108,T,260803,072931,60.464561N,24.835533E,91,15.7,201
11109,T,260803,072932,60.464523N,24.835506E,91,15.6,201
11110,T,260803,072933,60.464485N,24.835476E,91,16.2,200
11111,T,260803,072934,60.464443N,24.835445E,91,15.8,201
11112,T,260803,072935,60.464409N,24.835417E,91,15.9,201
11113,T,260803,072936,60.464367N,24.835384E,91,16.3,201
11114,T,260803,072937,60.464329N,24.835352E,91,16.2,201
11115,T,260803,072938,60.464283N,24.835323E,91,16.4,201
11116,T,260803,072939,60.464245N,24.835297E,91,16.9,200
11117,T,260803,072940,60.464207N,24.835264E,91,16.8,200
11118,T,260803,072941,60.464169N,24.835234E,91,16.8,200
11119,T,260803,072942,60.464127N,24.835201E,91,16.8,200
11120,T,260803,072943,60.464088N,24.835171E,91,16.8,200
11121,T,260803,072944,60.464046N,24.835140E,91,17.2,200
11122,T,260803,072945,60.464008N,24.835108E,91,17.2,200
11123,T,260803,072946,60.463963N,24.835077E,91,17.2,199
11124,T,260803,072947,60.463924N,24.835049E,91,17.2,199
11125,T,260803,072948,60.463882N,24.835018E,91,17.2,199
11126,T,260803,072949,60.463844N,24.834988E,91,17.6,199
11127,T,260803,072950,60.463799N,24.834961E,91,18.0,198
11128,T,260803,072951,60.463757N,24.834934E,91,17.9,197
11129,T,260803,072952,60.463715N,24.834904E,91,18.0,197
11130,T,260803,072953,60.463673N,24.834875E,90,18.5,197
11131,T,260803,072954,60.463627N,24.834848E,90,18.9,196
11132,T,260803,072955,60.463581N,24.834820E,90,19.3,197
11133,T,260803,072956,60.463535N,24.834789E,90,19.6,197
11134,T,260803,072957,60.463490N,24.834757E,89,20.0,198
11135,T,260803,072958,60.463440N,24.834726E,89,20.4,197
11136,T,260803,072959,60.463390N,24.834703E,89,20.5,197
11137,T,260803,073000,60.463345N,24.834677E,88,20.8,196
11138,T,260803,073001,60.463295N,24.834644E,87,21.1,196
11139,T,260803,073002,60.463245N,24.834612E,87,21.3,196
11140,T,260803,073003,60.463192N,24.834578E,87,21.6,197
11141,T,260803,073004,60.463139N,24.834545E,86,21.6,197
11142,T,260803,073005,60.463089N,24.834517E,86,21.7,196
11143,T,260803,073006,60.463036N,24.834484E,85,21.8,196
11144,T,260803,073007,60.462982N,24.834448E,85,21.8,197
11145,T,260803,073008,60.462933N,24.834415E,84,21.9,197
11146,T,260803,073009,60.462879N,24.834385E,84,21.9,196
11147,T,260803,073010,60.462830N,24.834356E,84,21.9,195
11148,T,260803,073011,60.462776N,24.834324E,83,21.8,195
11149,T,260803,073012,60.462723N,24.834293E,83,21.8,195
11150,T,260803,073013,60.462673N,24.834263E,82,21.8,195
11151,T,260803,073014,60.462620N,24.834232E,82,21.8,195
11152,T,260803,073015,60.462566N,24.834202E,82,21.8,195
11153,T,260803,073016,60.462517N,24.834171E,81,21.9,195
11154,T,260803,073017,60.462463N,24.834143E,81,21.9,195
11155,T,260803,073018,60.462414N,24.834114E,81,22.3,195
11156,T,260803,073019,60.462360N,24.834084E,80,22.3,195
11157,T,260803,073020,60.462303N,24.834057E,80,22.4,195
11158,T,260803,073021,60.462250N,24.834024E,80,22.5,194
11159,T,260803,073022,60.462196N,24.833998E,79,22.6,194
11160,T,260803,073023,60.462139N,24.833969E,79,22.7,194
11161,T,260803,073024,60.462086N,24.833942E,79,22.7,193
11162,T,260803,073025,60.462032N,24.833916E,78,21.7,193
11163,T,260803,073026,60.461979N,24.833891E,78,20.6,193
11164,T,260803,073027,60.461929N,24.833866E,78,20.1,192
11165,T,260803,073028,60.461880N,24.833843E,77,20.1,192
11166,T,260803,073029,60.461830N,24.833818E,77,20.8,192
11167,T,260803,073030,60.461781N,24.833794E,77,21.5,192
11168,T,260803,073031,60.461723N,24.833773E,76,22.2,192
11169,T,260803,073032,60.461674N,24.833748E,76,22.8,192
11170,T,260803,073033,60.461617N,24.833721E,76,22.8,192
11171,T,260803,073034,60.461559N,24.833702E,75,23.0,191
11172,T,260803,073035,60.461498N,24.833681E,75,23.1,190
11173,T,260803,073036,60.461445N,24.833662E,75,23.4,190
11174,T,260803,073037,60.461384N,24.833641E,74,23.4,189
11175,T,260803,073038,60.461327N,24.833622E,74,23.5,190
11176,T,260803,073039,60.461273N,24.833597E,74,23.9,190
11177,T,260803,073040,60.461208N,24.833576E,74,24.5,190
11178,T,260803,073041,60.461147N,24.833553E,73,25.2,191
11179,T,260803,073042,60.461086N,24.833529E,73,25.6,191
11180,T,260803,073043,60.461025N,24.833502E,73,25.6,191
11181,T,260803,073044,60.460964N,24.833475E,73,25.5,192
11182,T,260803,073045,60.460899N,24.833445E,72,25.0,192
11183,T,260803,073046,60.460842N,24.833422E,72,24.3,192
11184,T,260803,073047,60.460785N,24.833405E,72,23.5,191
11185,T,260803,073048,60.460728N,24.833385E,71,22.4,190
11186,T,260803,073049,60.460674N,24.833368E,71,22.1,190
11187,T,260803,073050,60.460621N,24.833347E,71,22.0,190
11188,T,260803,073051,60.460567N,24.833328E,71,21.9,190
11189,T,260803,073052,60.460510N,24.833307E,70,22.0,190
11190,T,260803,073053,60.460461N,24.833290E,70,21.9,190
11191,T,260803,073054,60.460403N,24.833273E,70,21.3,190
11192,T,260803,073055,60.460354N,24.833254E,70,21.4,190
11193,T,260803,073056,60.460300N,24.833237E,70,21.4,190
11194,T,260803,073057,60.460247N,24.833216E,69,21.4,191
11195,T,260803,073058,60.460197N,24.833197E,69,21.5,191
11196,T,260803,073059,60.460144N,24.833176E,69,21.4,191
11197,T,260803,073100,60.460091N,24.833164E,69,21.0,190
11198,T,260803,073101,60.460037N,24.833153E,69,20.9,190
11199,T,260803,073102,60.459984N,24.833136E,69,20.8,190
11200,T,260803,073103,60.459927N,24.833120E,69,20.4,189
11201,T,260803,073104,60.459877N,24.833109E,69,20.3,189
11202,T,260803,073105,60.459824N,24.833096E,69,19.8,189
11203,T,260803,073106,60.459778N,24.833078E,69,19.7,189
11204,T,260803,073107,60.459724N,24.833061E,69,19.4,189
11205,T,260803,073108,60.459675N,24.833046E,69,19.4,189
11206,T,260803,073109,60.459633N,24.833031E,69,19.3,190
11207,T,260803,073110,60.459579N,24.833012E,69,19.4,190
11208,T,260803,073111,60.459534N,24.832994E,69,19.5,190
11209,T,260803,073112,60.459484N,24.832975E,69,19.8,189
11210,T,260803,073113,60.459435N,24.832960E,70,19.8,189
11211,T,260803,073114,60.459389N,24.832941E,70,19.8,189
11212,T,260803,073115,60.459339N,24.832924E,70,19.7,189
11213,T,260803,073116,60.459293N,24.832909E,70,19.6,188
11214,T,260803,073117,60.459244N,24.832895E,70,19.5,188
11215,T,260803,073118,60.459194N,24.832880E,70,19.5,187
11216,T,260803,073119,60.459148N,24.832867E,70,19.5,187
11217,T,260803,073120,60.459099N,24.832851E,70,19.5,187
11218,T,260803,073121,60.459053N,24.832836E,70,19.1,188
11219,T,260803,073122,60.459003N,24.832821E,71,19.2,188
11220,T,260803,073123,60.458961N,24.832806E,71,19.2,188
11221,T,260803,073124,60.458912N,24.832792E,71,19.1,188
11222,T,260803,073125,60.458862N,24.832781E,71,19.0,187
11223,T,260803,073126,60.458817N,24.832767E,71,19.0,187
11224,T,260803,073127,60.458767N,24.832756E,71,19.0,187
11225,T,260803,073128,60.458721N,24.832741E,71,19.0,187
11226,T,260803,073129,60.458672N,24.832726E,72,19.4,188
11227,T,260803,073130,60.458626N,24.832714E,72,19.4,188
11228,T,260803,073131,60.458576N,24.832705E,72,19.3,188
11229,T,260803,073132,60.458527N,24.832697E,72,18.7,187
11230,T,260803,073133,60.458481N,24.832687E,72,18.7,187
11231,T,260803,073134,60.458431N,24.832678E,72,18.1,186
11232,T,260803,073135,60.458385N,24.832670E,72,18.1,186
11233,T,260803,073136,60.458340N,24.832659E,72,18.1,187
11234,T,260803,073137,60.458298N,24.832647E,72,17.6,186
11235,T,260803,073138,60.458252N,24.832640E,72,17.7,185
11236,T,260803,073139,60.458206N,24.832628E,72,17.8,185
11237,T,260803,073140,60.458164N,24.832621E,72,17.9,184
11238,T,260803,073141,60.458118N,24.832611E,73,17.9,183
11239,T,260803,073142,60.458080N,24.832602E,73,17.8,184
11240,T,260803,073143,60.458035N,24.832594E,73,17.8,184
11241,T,260803,073144,60.457993N,24.832584E,73,17.8,184
11242,T,260803,073145,60.457951N,24.832573E,73,17.7,186
11243,T,260803,073146,60.457909N,24.832560E,73,17.7,186
11244,T,260803,073147,60.457859N,24.832556E,73,17.8,185
11245,T,260803,073148,60.457817N,24.832550E,73,17.8,184
11246,T,260803,073149,60.457771N,24.832544E,73,17.9,183
11247,T,260803,073150,60.457729N,24.832541E,73,18.0,182
11248,T,260803,073151,60.457680N,24.832537E,74,18.0,182
11249,T,260803,073152,60.457642N,24.832535E,74,17.5,182
11250,T,260803,073153,60.457596N,24.832527E,74,17.5,183
11251,T,260803,073154,60.457554N,24.832521E,74,17.5,183
11252,T,260803,073155,60.457504N,24.832518E,74,17.6,182
11253,T,260803,073156,60.457458N,24.832516E,74,18.1,182
11254,T,260803,073157,60.457417N,24.832510E,74,18.0,182
11255,T,260803,073158,60.457367N,24.832504E,74,18.0,182
11256,T,260803,073159,60.457325N,24.832502E,74,18.3,182
11257,T,260803,073200,60.457275N,24.832499E,74,18.4,182
11258,T,260803,073201,60.457233N,24.832497E,74,18.9,181
11259,T,260803,073202,60.457180N,24.832502E,75,18.9,180
11260,T,260803,073203,60.457130N,24.832504E,75,18.5,180
11261,T,260803,073204,60.457085N,24.832504E,75,18.1,179
11262,T,260803,073205,60.457039N,24.832504E,75,18.0,179
11263,T,260803,073206,60.456993N,24.832508E,75,17.9,179
11264,T,260803,073207,60.456951N,24.832508E,75,17.9,179
11265,T,260803,073208,60.456905N,24.832508E,75,17.8,179
11266,T,260803,073209,60.456860N,24.832510E,76,17.8,179
11267,T,260803,073210,60.456818N,24.832514E,76,17.9,179
11268,T,260803,073211,60.456768N,24.832516E,76,17.9,179
11269,T,260803,073212,60.456722N,24.832516E,76,18.0,179
11270,T,260803,073213,60.456680N,24.832518E,76,18.1,178
11271,T,260803,073214,60.456631N,24.832521E,76,18.2,179
11272,T,260803,073215,60.456589N,24.832523E,76,18.2,178
11273,T,260803,073216,60.456539N,24.832525E,76,18.3,178
11274,T,260803,073217,60.456493N,24.832529E,77,18.3,178
11275,T,260803,073218,60.456448N,24.832533E,77,18.3,178
11276,T,260803,073219,60.456406N,24.832533E,77,18.2,178
11277,T,260803,073220,60.456356N,24.832537E,77,17.9,178
11278,T,260803,073221,60.456310N,24.832537E,77,17.8,177
11279,T,260803,073222,60.456268N,24.832544E,77,17.8,176
11280,T,260803,073223,60.456223N,24.832546E,77,17.8,176
11281,T,260803,073224,60.456177N,24.832548E,78,17.8,176
11282,T,260803,073225,60.456131N,24.832550E,78,17.9,177
11283,T,260803,073226,60.456085N,24.832554E,78,18.0,177
11284,T,260803,073227,60.456039N,24.832556E,79,18.3,177
11285,T,260803,073228,60.455994N,24.832558E,79,18.3,176
11286,T,260803,073229,60.455948N,24.832561E,79,18.2,176
11287,T,260803,073230,60.455898N,24.832563E,80,17.8,177
11288,T,260803,073231,60.455860N,24.832567E,80,17.7,176
11289,T,260803,073232,60.455811N,24.832575E,80,17.6,176
11290,T,260803,073233,60.455769N,24.832577E,80,17.1,175
11291,T,260803,073234,60.455727N,24.832584E,81,16.2,174
11292,T,260803,073235,60.455688N,24.832592E,81,15.6,174
11293,T,260803,073236,60.455647N,24.832596E,81,14.9,174
11294,T,260803,073237,60.455612N,24.832602E,81,14.4,175
11295,T,260803,073238,60.455578N,24.832605E,82,14.4,175
11296,T,260803,073239,60.455540N,24.832611E,82,14.4,175
11297,T,260803,073240,60.455505N,24.832619E,82,14.3,175
11298,T,260803,073241,60.455467N,24.832624E,82,14.5,175
11299,T,260803,073242,60.455433N,24.832628E,82,14.6,175
11300,T,260803,073243,60.455391N,24.832636E,83,14.6,174
11301,T,260803,073244,60.455357N,24.832642E,83,14.7,174
11302,T,260803,073245,60.455318N,24.832645E,83,15.1,174
11303,T,260803,073246,60.455280N,24.832651E,83,15.4,174
11304,T,260803,073247,60.455238N,24.832661E,83,15.5,174
11305,T,260803,073248,60.455204N,24.832664E,84,15.6,175
11306,T,260803,073249,60.455166N,24.832670E,84,15.6,175
11307,T,260803,073250,60.455128N,24.832678E,84,15.9,174
11308,T,260803,073251,60.455090N,24.832685E,84,15.9,174
11309,T,260803,073252,60.455048N,24.832691E,84,16.0,175
11310,T,260803,073253,60.455009N,24.832693E,85,16.0,177
11311,T,260803,073254,60.454967N,24.832693E,85,16.1,178
11312,T,260803,073255,60.454929N,24.832689E,85,16.2,180
11313,T,260803,073256,60.454887N,24.832687E,85,16.7,181
11314,T,260803,073257,60.454845N,24.832684E,85,16.5,182
11315,T,260803,073258,60.454803N,24.832682E,86,16.2,182
11316,T,260803,073259,60.454765N,24.832684E,86,16.3,174
11317,T,260803,073300,60.454720N,24.832691E,86,16.6,172
11318,T,260803,073301,60.454681N,24.832703E,86,16.6,171
11319,T,260803,073302,60.454639N,24.832712E,87,16.7,173
11320,T,260803,073303,60.454597N,24.832720E,87,16.7,174
11321,T,260803,073304,60.454552N,24.832727E,87,16.7,173
11322,T,260803,073305,60.454514N,24.832745E,87,16.6,173
11323,T,260803,073306,60.454468N,24.832750E,88,16.2,173
11324,T,260803,073307,60.454430N,24.832762E,88,15.6,173
11325,T,260803,073308,60.454388N,24.832767E,88,15.6,173
11326,T,260803,073309,60.454350N,24.832773E,88,15.8,173
11327,T,260803,073310,60.454308N,24.832775E,88,15.9,173
11328,T,260803,073311,60.454269N,24.832783E,89,15.9,173
11329,T,260803,073312,60.454231N,24.832792E,89,15.8,173
11330,T,260803,073313,60.454193N,24.832802E,89,15.8,172
11331,T,260803,073314,60.454151N,24.832809E,89,15.8,173
11332,T,260803,073315,60.454109N,24.832821E,90,16.3,173
11333,T,260803,073316,60.454067N,24.832830E,90,16.3,173
11334,T,260803,073317,60.454029N,24.832840E,90,16.3,173
11335,T,260803,073318,60.453987N,24.832851E,90,16.2,173
11336,T,260803,073319,60.453949N,24.832857E,90,16.6,173
11337,T,260803,073320,60.453903N,24.832870E,91,16.7,173
11338,T,260803,073321,60.453865N,24.832878E,91,16.6,173
11339,T,260803,073322,60.453823N,24.832890E,91,16.5,172
11340,T,260803,073323,60.453785N,24.832899E,91,16.5,173
11341,T,260803,073324,60.453739N,24.832912E,91,16.6,172
11342,T,260803,073325,60.453701N,24.832920E,92,16.7,172
11343,T,260803,073326,60.453659N,24.832928E,92,16.8,172
11344,T,260803,073327,60.453617N,24.832937E,92,16.8,172
11345,T,260803,073328,60.453579N,24.832951E,92,16.5,172
11346,T,260803,073329,60.453537N,24.832960E,92,16.3,173
11347,T,260803,073330,60.453495N,24.832968E,92,16.3,174
11348,T,260803,073331,60.453457N,24.832975E,93,16.3,174
11349,T,260803,073332,60.453419N,24.832985E,93,15.9,173
11350,T,260803,073333,60.453381N,24.832994E,93,15.8,173
11351,T,260803,073334,60.453339N,24.833004E,93,15.7,173
11352,T,260803,073335,60.453304N,24.833012E,93,15.8,173
11353,T,260803,073336,60.453262N,24.833023E,93,15.9,173
11354,T,260803,073337,60.453224N,24.833031E,93,16.2,173
11355,T,260803,073338,60.453182N,24.833042E,93,16.4,173
11356,T,260803,073339,60.453148N,24.833048E,93,16.4,173
11357,T,260803,073340,60.453102N,24.833055E,93,16.5,173
11358,T,260803,073341,60.453064N,24.833063E,94,16.8,173
11359,T,260803,073342,60.453026N,24.833073E,94,16.8,173
11360,T,260803,073343,60.452984N,24.833078E,94,16.7,174
11361,T,260803,073344,60.452942N,24.833088E,94,16.7,173
11362,T,260803,073345,60.452904N,24.833096E,95,15.7,173
11363,T,260803,073346,60.452862N,24.833103E,95,16.7,174
11364,T,260803,073347,60.452824N,24.833113E,95,14.5,171
11365,T,260803,073348,60.452793N,24.833122E,96,15.1,172
11366,T,260803,073349,60.452751N,24.833130E,96,16.4,172
11367,T,260803,073350,60.452709N,24.833138E,96,17.1,174
11368,T,260803,073351,60.452660N,24.833145E,96,17.9,173
11369,T,260803,073352,60.452618N,24.833157E,96,17.9,175
11370,T,260803,073353,60.452572N,24.833164E,96,17.7,175
11371,T,260803,073354,60.452522N,24.833174E,96,18.3,176
11372,T,260803,073355,60.452480N,24.833181E,96,18.7,175
11373,T,260803,073356,60.452431N,24.833191E,96,19.0,175
11374,T,260803,073357,60.452385N,24.833200E,96,19.1,175
11375,T,260803,073358,60.452335N,24.833208E,97,19.4,175
11376,T,260803,073359,60.452290N,24.833216E,97,19.5,174
11377,T,260803,073400,60.452236N,24.833223E,97,19.9,175
11378,T,260803,073401,60.452187N,24.833235E,97,20.0,175
11379,T,260803,073402,60.452137N,24.833241E,97,19.8,176
11380,T,260803,073403,60.452087N,24.833246E,97,19.7,176
11381,T,260803,073404,60.452042N,24.833256E,97,19.3,175
11382,T,260803,073405,60.451992N,24.833265E,97,19.3,175
11383,T,260803,073406,60.451939N,24.833273E,97,19.5,175
11384,T,260803,073407,60.451889N,24.833279E,97,19.5,176
11385,T,260803,073408,60.451839N,24.833284E,97,19.1,176
11386,T,260803,073409,60.451794N,24.833294E,97,19.9,176
11387,T,260803,073410,60.451740N,24.833302E,97,20.0,176
11388,T,260803,073411,60.451687N,24.833305E,97,20.9,176
11389,T,260803,073412,60.451637N,24.833317E,97,20.9,175
11390,T,260803,073413,60.451584N,24.833326E,96,21.7,175
11391,T,260803,073414,60.451527N,24.833338E,96,21.8,175
11392,T,260803,073415,60.451477N,24.833349E,96,21.9,174
11393,T,260803,073416,60.451420N,24.833363E,96,21.2,174
11394,T,260803,073417,60.451366N,24.833374E,96,22.3,174
11395,T,260803,073418,60.451313N,24.833382E,96,21.3,174
11396,T,260803,073419,60.451256N,24.833391E,96,22.1,174
11397,T,260803,073420,60.451199N,24.833403E,96,22.2,175
11398,T,260803,073421,60.451141N,24.833406E,96,23.0,175
11399,T,260803,073422,60.451084N,24.833412E,95,23.0,176
11400,T,260803,073423,60.451023N,24.833420E,95,23.5,176
11401,T,260803,073424,60.450966N,24.833429E,95,23.6,176
11402,T,260803,073425,60.450905N,24.833435E,95,24.1,176
11403,T,260803,073426,60.450844N,24.833445E,94,24.6,176
11404,T,260803,073427,60.450783N,24.833448E,94,24.5,177
11405,T,260803,073428,60.450726N,24.833450E,94,24.0,178
11406,T,260803,073429,60.450665N,24.833452E,94,23.9,179
11407,T,260803,073430,60.450607N,24.833456E,93,23.3,178
11408,T,260803,073431,60.450546N,24.833456E,93,23.2,178
11409,T,260803,073432,60.450489N,24.833458E,93,22.8,179
11410,T,260803,073433,60.450432N,24.833462E,92,22.4,178
11411,T,260803,073434,60.450375N,24.833467E,92,22.5,178
11412,T,260803,073435,60.450321N,24.833473E,92,22.0,178
11413,T,260803,073436,60.450264N,24.833475E,92,21.5,178
11414,T,260803,073437,60.450207N,24.833487E,92,21.8,179
11415,T,260803,073438,60.450157N,24.833490E,91,22.4,179
11416,T,260803,073439,60.450104N,24.833487E,91,23.2,179
11417,T,260803,073440,60.450047N,24.833487E,90,23.2,178
11418,T,260803,073441,60.449989N,24.833487E,90,23.1,178
11419,T,260803,073442,60.449928N,24.833487E,90,23.1,178
11420,T,260803,073443,60.449871N,24.833485E,90,23.1,179
11421,T,260803,073444,60.449814N,24.833485E,90,23.2,180
11422,T,260803,073445,60.449757N,24.833483E,89,23.5,180
11423,T,260803,073446,60.449696N,24.833481E,89,23.7,180
11424,T,260803,073447,60.449635N,24.833481E,89,24.0,180
11425,T,260803,073448,60.449577N,24.833483E,89,23.9,180
11426,T,260803,073449,60.449520N,24.833483E,88,23.6,180
11427,T,260803,073450,60.449459N,24.833485E,88,23.5,180
11428,T,260803,073451,60.449406N,24.833485E,88,23.4,180
11429,T,260803,073452,60.449345N,24.833485E,88,23.3,180
11430,T,260803,073453,60.449287N,24.833487E,88,23.0,180
11431,T,260803,073454,60.449230N,24.833487E,87,23.0,180
11432,T,260803,073455,60.449173N,24.833485E,87,23.4,180
11433,T,260803,073456,60.449112N,24.833483E,87,23.5,180
11434,T,260803,073457,60.449055N,24.833485E,87,22.9,180
11435,T,260803,073458,60.448997N,24.833483E,87,23.4,180
11436,T,260803,073459,60.448940N,24.833483E,87,23.4,180
11437,T,260803,073500,60.448879N,24.833483E,87,23.5,180
11438,T,260803,073501,60.448818N,24.833481E,86,23.6,180
11439,T,260803,073502,60.448761N,24.833481E,86,24.0,180
11440,T,260803,073503,60.448700N,24.833479E,86,24.1,180
11441,T,260803,073504,60.448639N,24.833479E,86,24.2,180
11442,T,260803,073505,60.448578N,24.833475E,86,24.3,180
11443,T,260803,073506,60.448517N,24.833475E,86,24.4,180
11444,T,260803,073507,60.448456N,24.833471E,85,24.3,180
11445,T,260803,073508,60.448391N,24.833471E,85,22.8,180
11446,T,260803,073509,60.448338N,24.833469E,85,21.5,181
11447,T,260803,073510,60.448284N,24.833467E,85,20.7,181
11448,T,260803,073511,60.448231N,24.833467E,85,20.6,181
11449,T,260803,073512,60.448185N,24.833466E,85,20.3,181
11450,T,260803,073513,60.448132N,24.833464E,85,20.4,180
11451,T,260803,073514,60.448078N,24.833464E,85,20.4,180
11452,T,260803,073515,60.448032N,24.833464E,85,20.5,180
11453,T,260803,073516,60.447979N,24.833464E,85,20.6,180
11454,T,260803,073517,60.447929N,24.833462E,85,21.0,180
11455,T,260803,073518,60.447876N,24.833458E,85,21.1,181
11456,T,260803,073519,60.447819N,24.833460E,85,21.0,180
11457,T,260803,073520,60.447769N,24.833460E,85,20.9,180
11458,T,260803,073521,60.447716N,24.833458E,85,21.0,180
11459,T,260803,073522,60.447662N,24.833456E,85,21.0,180
11460,T,260803,073523,60.447613N,24.833456E,85,21.0,180
11461,T,260803,073524,60.447559N,24.833456E,85,21.0,180
11462,T,260803,073525,60.447510N,24.833456E,84,21.0,179
11463,T,260803,073526,60.447456N,24.833458E,84,21.0,179
11464,T,260803,073527,60.447403N,24.833458E,84,21.1,179
11465,T,260803,073528,60.447353N,24.833456E,85,21.4,179
11466,T,260803,073529,60.447296N,24.833456E,85,21.4,180
11467,T,260803,073530,60.447239N,24.833456E,85,21.8,180
11468,T,260803,073531,60.447193N,24.833454E,85,20.9,180
11469,T,260803,073532,60.447136N,24.833454E,85,21.0,180
11470,T,260803,073533,60.447083N,24.833454E,85,21.2,180
11471,T,260803,073534,60.447033N,24.833452E,85,21.2,180
11472,T,260803,073535,60.446976N,24.833454E,85,21.3,179
11473,T,260803,073536,60.446922N,24.833456E,85,21.2,179
11474,T,260803,073537,60.446873N,24.833456E,85,21.3,179
11475,T,260803,073538,60.446815N,24.833456E,85,21.3,179
11476,T,260803,073539,60.446758N,24.833458E,84,20.9,179
11477,T,260803,073540,60.446709N,24.833460E,84,20.8,179
11478,T,260803,073541,60.446651N,24.833460E,84,20.8,179
11479,T,260803,073542,60.446602N,24.833462E,85,20.9,178
11480,T,260803,073543,60.446548N,24.833460E,85,21.4,179
11481,T,260803,073544,60.446491N,24.833460E,85,21.4,180
11482,T,260803,073545,60.446442N,24.833460E,85,20.9,180
11483,T,260803,073546,60.446392N,24.833460E,85,20.4,180
11484,T,260803,073547,60.446339N,24.833458E,85,20.3,180
11485,T,260803,073548,60.446289N,24.833458E,85,20.3,180
11486,T,260803,073549,60.446239N,24.833456E,84,20.2,181
11487,T,260803,073550,60.446190N,24.833456E,85,20.7,181
11488,T,260803,073551,60.446136N,24.833454E,85,20.6,180
11489,T,260803,073552,60.446083N,24.833454E,84,20.9,180
11490,T,260803,073553,60.446033N,24.833448E,84,20.8,181
11491,T,260803,073554,60.445980N,24.833445E,84,19.7,181
11492,T,260803,073555,60.445927N,24.833443E,84,19.7,181
11493,T,260803,073556,60.445881N,24.833439E,84,20.8,181
11494,T,260803,073557,60.445827N,24.833435E,84,19.9,181
11495,T,260803,073558,60.445782N,24.833433E,84,20.8,181
11496,T,260803,073559,60.445728N,24.833431E,84,21.1,182
11497,T,260803,073600,60.445675N,24.833427E,85,20.7,182
11498,T,260803,073601,60.445625N,24.833422E,85,20.9,183
11499,T,260803,073602,60.445572N,24.833416E,85,21.0,182
11500,T,260803,073603,60.445518N,24.833414E,85,21.3,182
11501,T,260803,073604,60.445465N,24.833410E,85,21.3,182
11502,T,260803,073605,60.445408N,24.833408E,85,21.4,181
11503,T,260803,073606,60.445354N,24.833405E,85,21.5,181
11504,T,260803,073607,60.445301N,24.833397E,85,21.6,182
11505,T,260803,073608,60.445244N,24.833393E,85,21.9,182
11506,T,260803,073609,60.445190N,24.833391E,85,22.3,183
11507,T,260803,073610,60.445133N,24.833391E,84,22.0,183
11508,T,260803,073611,60.445076N,24.833384E,85,22.3,183
11509,T,260803,073612,60.445019N,24.833378E,85,22.3,183
11510,T,260803,073613,60.444965N,24.833374E,84,21.8,183
11511,T,260803,073614,60.444912N,24.833368E,84,21.7,183
11512,T,260803,073615,60.444855N,24.833363E,84,21.6,183
11513,T,260803,073616,60.444801N,24.833357E,84,21.5,183
11514,T,260803,073617,60.444744N,24.833349E,84,21.7,183
11515,T,260803,073618,60.444687N,24.833344E,84,21.7,183
11516,T,260803,073619,60.444633N,24.833338E,84,21.7,183
11517,T,260803,073620,60.444576N,24.833330E,84,21.7,183
11518,T,260803,073621,60.444519N,24.833323E,84,21.7,183
11519,T,260803,073622,60.444466N,24.833317E,84,21.7,183
11520,T,260803,073623,60.444412N,24.833307E,84,21.7,183
11521,T,260803,073624,60.444359N,24.833300E,84,21.7,183
11522,T,260803,073625,60.444305N,24.833292E,84,22.0,183
11523,T,260803,073626,60.444248N,24.833282E,84,22.3,184
11524,T,260803,073627,60.444191N,24.833273E,84,22.7,184
11525,T,260803,073628,60.444138N,24.833263E,84,23.1,184
11526,T,260803,073629,60.444080N,24.833254E,83,23.2,184
11527,T,260803,073630,60.444019N,24.833242E,83,23.6,184
11528,T,260803,073631,60.443958N,24.833229E,83,23.6,185
11529,T,260803,073632,60.443901N,24.833216E,83,23.6,185
11530,T,260803,073633,60.443840N,24.833204E,83,24.0,185
11531,T,260803,073634,60.443779N,24.833195E,83,24.4,185
11532,T,260803,073635,60.443722N,24.833179E,82,24.5,185
11533,T,260803,073636,60.443661N,24.833168E,82,25.0,185
11534,T,260803,073637,60.443596N,24.833157E,82,24.9,185
11535,T,260803,073638,60.443531N,24.833147E,82,24.8,184
11536,T,260803,073639,60.443474N,24.833138E,82,24.9,184
11537,T,260803,073640,60.443409N,24.833126E,82,25.5,184
11538,T,260803,073641,60.443348N,24.833109E,81,25.8,185
11539,T,260803,073642,60.443283N,24.833092E,81,26.1,185
11540,T,260803,073643,60.443214N,24.833076E,81,26.5,186
11541,T,260803,073644,60.443153N,24.833057E,81,27.2,186
11542,T,260803,073645,60.443081N,24.833040E,80,27.6,186
11543,T,260803,073646,60.443012N,24.833023E,80,28.2,186
11544,T,260803,073647,60.442940N,24.833004E,80,28.5,187
11545,T,260803,073648,60.442867N,24.832987E,80,28.9,187
11546,T,260803,073649,60.442795N,24.832968E,79,29.2,186
11547,T,260803,073650,60.442719N,24.832954E,79,30.1,186
11548,T,260803,073651,60.442650N,24.832933E,79,30.1,187
11549,T,260803,073652,60.442574N,24.832912E,78,30.0,187
11550,T,260803,073653,60.442497N,24.832890E,78,30.5,188
11551,T,260803,073654,60.442421N,24.832867E,77,30.6,188
11552,T,260803,073655,60.442345N,24.832842E,77,30.6,188
11553,T,260803,073656,60.442268N,24.832821E,77,31.1,188
11554,T,260803,073657,60.442192N,24.832796E,76,31.1,188
11555,T,260803,073658,60.442112N,24.832771E,76,31.2,188
11556,T,260803,073659,60.442036N,24.832748E,75,31.4,189
11557,T,260803,073700,60.441959N,24.832724E,75,31.4,189
11558,T,260803,073701,60.441879N,24.832699E,74,31.4,189
11559,T,260803,073702,60.441799N,24.832676E,74,31.5,189
11560,T,260803,073703,60.441723N,24.832651E,73,30.5,189
11561,T,260803,073704,60.441647N,24.832624E,73,30.5,189
11562,T,260803,073705,60.441570N,24.832602E,73,30.4,189
11563,T,260803,073706,60.441498N,24.832581E,72,30.3,189
11564,T,260803,073707,60.441422N,24.832556E,72,30.2,189
11565,T,260803,073708,60.441345N,24.832535E,72,29.7,189
11566,T,260803,073709,60.441269N,24.832508E,72,29.3,189
11567,T,260803,073710,60.441196N,24.832483E,72,28.8,189
11568,T,260803,073711,60.441124N,24.832464E,72,28.5,189
11569,T,260803,073712,60.441051N,24.832445E,72,28.0,189
11570,T,260803,073713,60.440979N,24.832424E,72,27.8,189
11571,T,260803,073714,60.440907N,24.832401E,72,27.4,189
11572,T,260803,073715,60.440838N,24.832375E,72,27.2,190
11573,T,260803,073716,60.440769N,24.832350E,72,26.8,190
11574,T,260803,073717,60.440701N,24.832323E,72,26.8,190
11575,T,260803,073718,60.440632N,24.832296E,72,26.5,190
11576,T,260803,073719,60.440567N,24.832270E,71,26.4,190
11577,T,260803,073720,60.440498N,24.832245E,71,25.9,190
11578,T,260803,073721,60.440437N,24.832218E,71,25.9,191
11579,T,260803,073722,60.440372N,24.832195E,71,25.7,191
11580,T,260803,073723,60.440308N,24.832172E,71,25.4,190
11581,T,260803,073724,60.440247N,24.832146E,71,25.0,191
11582,T,260803,073725,60.440186N,24.832123E,71,24.9,191
11583,T,260803,073726,60.440121N,24.832100E,71,24.8,191
11584,T,260803,073727,60.440060N,24.832079E,71,25.4,191
11585,T,260803,073728,60.439995N,24.832054E,71,25.4,191
11586,T,260803,073729,60.439934N,24.832026E,71,26.2,191
11587,T,260803,073730,60.439869N,24.831999E,70,26.1,192
11588,T,260803,073731,60.439808N,24.831966E,70,26.1,192
11589,T,260803,073732,60.439739N,24.831938E,70,26.2,192
11590,T,260803,073733,60.439674N,24.831909E,70,26.2,191
11591,T,260803,073734,60.439613N,24.831881E,69,26.2,192
11592,T,260803,073735,60.439552N,24.831848E,69,26.2,193
11593,T,260803,073736,60.439487N,24.831820E,69,26.2,193
11594,T,260803,073737,60.439423N,24.831791E,68,26.5,193
11595,T,260803,073738,60.439362N,24.831758E,68,26.5,193
11596,T,260803,073739,60.439297N,24.831724E,68,26.6,193
11597,T,260803,073740,60.439232N,24.831692E,67,27.0,193
11598,T,260803,073741,60.439163N,24.831657E,67,27.1,194
11599,T,260803,073742,60.439095N,24.831623E,67,27.6,194
11600,T,260803,073743,60.439030N,24.831587E,67,28.6,194
11601,T,260803,073744,60.438961N,24.831549E,66,28.7,194
11602,T,260803,073745,60.438889N,24.831509E,66,29.0,195
11603,T,260803,073746,60.438820N,24.831474E,65,29.4,195
11604,T,260803,073747,60.438747N,24.831438E,65,29.9,195
11605,T,260803,073748,60.438671N,24.831404E,65,30.0,195
11606,T,260803,073749,60.438595N,24.831371E,65,30.4,194
11607,T,260803,073750,60.438519N,24.831335E,65,30.5,194
11608,T,260803,073751,60.438450N,24.831293E,64,31.0,194
11609,T,260803,073752,60.438370N,24.831251E,64,31.4,195
11610,T,260803,073753,60.438290N,24.831209E,64,31.9,195
11611,T,260803,073754,60.438213N,24.831165E,63,32.4,195
11612,T,260803,073755,60.438129N,24.831123E,63,32.5,195
11613,T,260803,073756,60.438057N,24.831076E,62,32.6,195
11614,T,260803,073757,60.437977N,24.831030E,62,32.6,195
11615,T,260803,073758,60.437901N,24.830982E,61,32.6,195
11616,T,260803,073759,60.437820N,24.830936E,61,33.2,195
11617,T,260803,073800,60.437740N,24.830893E,60,33.3,195
11618,T,260803,073801,60.437660N,24.830849E,60,33.3,194
11619,T,260803,073802,60.437580N,24.830805E,59,33.4,195
11620,T,260803,073803,60.437500N,24.830753E,58,33.4,195
11621,T,260803,073804,60.437424N,24.830706E,58,33.4,195
11622,T,260803,073805,60.437344N,24.830660E,58,33.4,195
11623,T,260803,073806,60.437263N,24.830616E,57,33.4,195
11624,T,260803,073807,60.437183N,24.830568E,56,33.3,195
11625,T,260803,073808,60.437103N,24.830523E,56,33.2,195
11626,T,260803,073809,60.437027N,24.830475E,55,33.2,196
11627,T,260803,073810,60.436947N,24.830423E,55,33.2,196
11628,T,260803,073811,60.436867N,24.830376E,55,33.5,196
11629,T,260803,073812,60.436787N,24.830324E,54,33.6,196
11630,T,260803,073813,60.436703N,24.830276E,54,33.7,196
11631,T,260803,073814,60.436623N,24.830223E,53,33.7,196
11632,T,260803,073815,60.436543N,24.830175E,53,33.7,196
11633,T,260803,073816,60.436459N,24.830128E,52,33.6,196
11634,T,260803,073817,60.436378N,24.830080E,52,33.6,196
11635,T,260803,073818,60.436298N,24.830030E,51,33.2,196
11636,T,260803,073819,60.436226N,24.829979E,51,33.3,197
11637,T,260803,073820,60.436146N,24.829927E,51,33.3,197
11638,T,260803,073821,60.436066N,24.829876E,50,33.2,197
11639,T,260803,073822,60.435989N,24.829826E,50,32.8,197
11640,T,260803,073823,60.435909N,24.829777E,50,32.5,197
11641,T,260803,073824,60.435833N,24.829723E,49,32.4,198
11642,T,260803,073825,60.435757N,24.829670E,49,31.9,198
11643,T,260803,073826,60.435680N,24.829617E,49,31.5,199
11644,T,260803,073827,60.435604N,24.829565E,48,31.2,199
11645,T,260803,073828,60.435528N,24.829517E,48,30.4,198
11646,T,260803,073829,60.435455N,24.829472E,48,29.5,198
11647,T,260803,073830,60.435383N,24.829430E,48,28.7,197
11648,T,260803,073831,60.435322N,24.829388E,48,28.0,197
11649,T,260803,073832,60.435253N,24.829344E,47,28.0,197
11650,T,260803,073833,60.435188N,24.829298E,47,27.2,198
11651,T,260803,073834,60.435123N,24.829254E,47,27.2,198
11652,T,260803,073835,60.435055N,24.829210E,47,27.4,198
11653,T,260803,073836,60.434994N,24.829168E,47,27.4,198
11654,T,260803,073837,60.434929N,24.829124E,47,27.3,197
11655,T,260803,073838,60.434864N,24.829084E,47,26.6,197
11656,T,260803,073839,60.434799N,24.829042E,47,25.9,197
11657,T,260803,073840,60.434738N,24.829002E,47,25.4,197
11658,T,260803,073841,60.434681N,24.828962E,47,24.8,197
11659,T,260803,073842,60.434624N,24.828924E,47,24.4,197
11660,T,260803,073843,60.434566N,24.828888E,46,23.9,197
11661,T,260803,073844,60.434513N,24.828852E,46,23.5,197
11662,T,260803,073845,60.434456N,24.828815E,46,23.1,197
11663,T,260803,073846,60.434399N,24.828779E,46,23.0,198
11664,T,260803,073847,60.434349N,24.828745E,46,22.8,197
11665,T,260803,073848,60.434296N,24.828711E,46,22.8,197
11666,T,260803,073849,60.434238N,24.828676E,46,22.7,197
11667,T,260803,073850,60.434185N,24.828638E,46,22.8,197
11668,T,260803,073851,60.434128N,24.828604E,46,23.2,197
11669,T,260803,073852,60.434074N,24.828569E,46,23.6,197
11670,T,260803,073853,60.434021N,24.828533E,46,23.6,197
11671,T,260803,073854,60.433964N,24.828497E,46,23.6,197
11672,T,260803,073855,60.433907N,24.828461E,46,23.5,197
11673,T,260803,073856,60.433853N,24.828424E,46,23.5,197
11674,T,260803,073857,60.433796N,24.828386E,46,23.4,197
11675,T,260803,073858,60.433739N,24.828354E,46,23.1,197
11676,T,260803,073859,60.433689N,24.828320E,47,23.0,197
11677,T,260803,073900,60.433632N,24.828287E,47,23.1,197
11678,T,260803,073901,60.433575N,24.828251E,47,23.2,197
11679,T,260803,073902,60.433521N,24.828215E,47,23.5,197
11680,T,260803,073903,60.433464N,24.828178E,47,23.6,196
11681,T,260803,073904,60.433403N,24.828144E,47,24.0,196
11682,T,260803,073905,60.433350N,24.828108E,47,24.2,196
11683,T,260803,073906,60.433289N,24.828074E,47,24.3,196
11684,T,260803,073907,60.433228N,24.828037E,47,24.6,196
11685,T,260803,073908,60.433167N,24.828005E,47,24.6,196
11686,T,260803,073909,60.433113N,24.827969E,47,24.6,195
11687,T,260803,073910,60.433052N,24.827936E,47,24.6,195
11688,T,260803,073911,60.432991N,24.827900E,47,24.6,195
11689,T,260803,073912,60.432934N,24.827868E,47,24.5,195
11690,T,260803,073913,60.432873N,24.827835E,47,24.5,195
11691,T,260803,073914,60.432812N,24.827805E,47,24.5,194
11692,T,260803,073915,60.432751N,24.827772E,47,24.5,194
11693,T,260803,073916,60.432693N,24.827740E,47,24.4,194
11694,T,260803,073917,60.432632N,24.827709E,47,24.4,194
11695,T,260803,073918,60.432575N,24.827681E,47,24.0,194
11696,T,260803,073919,60.432514N,24.827650E,47,23.9,194
11697,T,260803,073920,60.432461N,24.827616E,47,23.9,195
11698,T,260803,073921,60.432400N,24.827583E,47,23.9,196
11699,T,260803,073922,60.432339N,24.827553E,47,25.0,196
11700,T,260803,073923,60.432281N,24.827520E,46,24.9,195
11701,T,260803,073924,60.432220N,24.827492E,46,24.8,194
11702,T,260803,073925,60.432156N,24.827463E,46,24.9,193
11703,T,260803,073926,60.432095N,24.827435E,46,24.9,193
11704,T,260803,073927,60.432034N,24.827404E,46,24.7,193
11705,T,260803,073928,60.431973N,24.827377E,45,24.1,193
11706,T,260803,073929,60.431911N,24.827351E,45,24.8,194
11707,T,260803,073930,60.431847N,24.827324E,45,24.8,194
11708,T,260803,073931,60.431789N,24.827295E,45,25.2,193
11709,T,260803,073932,60.431728N,24.827274E,45,25.2,193
11710,T,260803,073933,60.431664N,24.827246E,45,25.2,192
11711,T,260803,073934,60.431599N,24.827215E,45,24.7,192
11712,T,260803,073935,60.431541N,24.827194E,45,24.5,192
11713,T,260803,073936,60.431480N,24.827168E,45,23.8,192
11714,T,260803,073937,60.431419N,24.827145E,45,23.7,192
11715,T,260803,073938,60.431358N,24.827120E,46,23.8,192
11716,T,260803,073939,60.431301N,24.827089E,46,23.8,192
11717,T,260803,073940,60.431240N,24.827065E,46,23.3,192
11718,T,260803,073941,60.431179N,24.827044E,46,23.4,191
11719,T,260803,073942,60.431126N,24.827017E,45,22.6,192
11720,T,260803,073943,60.431068N,24.826990E,46,22.8,192
11721,T,260803,073944,60.431007N,24.826963E,46,23.6,192
11722,T,260803,073945,60.430950N,24.826939E,46,24.0,192
11723,T,260803,073946,60.430889N,24.826916E,46,24.0,191
11724,T,260803,073947,60.430832N,24.826895E,46,24.0,191
11725,T,260803,073948,60.430767N,24.826870E,46,24.7,191
11726,T,260803,073949,60.430710N,24.826847E,47,24.6,191
11727,T,260803,073950,60.430649N,24.826822E,46,25.0,191
11728,T,260803,073951,60.430584N,24.826796E,46,25.0,191
11729,T,260803,073952,60.430519N,24.826777E,46,25.4,190
11730,T,260803,073953,60.430462N,24.826748E,46,25.1,190
11731,T,260803,073954,60.430401N,24.826723E,46,25.2,190
11732,T,260803,073955,60.430336N,24.826704E,46,25.2,190
11733,T,260803,073956,60.430271N,24.826679E,46,25.2,189
11734,T,260803,073957,60.430206N,24.826660E,46,24.8,189
11735,T,260803,073958,60.430149N,24.826637E,46,24.8,189
11736,T,260803,073959,60.430084N,24.826611E,46,24.3,189
11737,T,260803,074000,60.430019N,24.826584E,45,25.9,189
11738,T,260803,074001,60.429951N,24.826569E,45,26.0,189
11739,T,260803,074002,60.429886N,24.826546E,45,25.9,189
11740,T,260803,074003,60.429817N,24.826521E,45,26.2,190
11741,T,260803,074004,60.429752N,24.826498E,45,26.1,190
11742,T,260803,074005,60.429684N,24.826475E,45,26.1,190
11743,T,260803,074006,60.429615N,24.826454E,45,26.6,189
11744,T,260803,074007,60.429550N,24.826433E,45,26.6,189
11745,T,260803,074008,60.429482N,24.826416E,45,27.2,188
11746,T,260803,074009,60.429413N,24.826397E,45,27.1,188
11747,T,260803,074010,60.429340N,24.826376E,45,27.2,188
11748,T,260803,074011,60.429272N,24.826357E,45,27.7,188
11749,T,260803,074012,60.429199N,24.826336E,45,27.8,187
11750,T,260803,074013,60.429131N,24.826319E,45,27.3,187
11751,T,260803,074014,60.429062N,24.826303E,46,27.2,187
11752,T,260803,074015,60.428993N,24.826284E,46,27.3,187
11753,T,260803,074016,60.428921N,24.826265E,46,27.7,187
11754,T,260803,074017,60.428848N,24.826252E,46,28.2,186
11755,T,260803,074018,60.428780N,24.826239E,46,28.2,186
11756,T,260803,074019,60.428707N,24.826221E,46,27.6,186
11757,T,260803,074020,60.428638N,24.826204E,46,27.0,186
11758,T,260803,074021,60.428574N,24.826191E,46,27.0,187
11759,T,260803,074022,60.428509N,24.826174E,46,25.4,186
11760,T,260803,074023,60.428448N,24.826159E,46,24.0,186
11761,T,260803,074024,60.428391N,24.826143E,45,24.3,186
11762,T,260803,074025,60.428333N,24.826128E,45,23.4,186
11763,T,260803,074026,60.428280N,24.826109E,45,24.7,186
11764,T,260803,074027,60.428219N,24.826092E,45,23.6,186
11765,T,260803,074028,60.428162N,24.826078E,45,23.6,186
11766,T,260803,074029,60.428104N,24.826063E,45,23.1,186
11767,T,260803,074030,60.428047N,24.826048E,45,22.6,185
11768,T,260803,074031,60.427998N,24.826036E,45,22.6,185
11769,T,260803,074032,60.427940N,24.826023E,45,22.6,186
11770,T,260803,074033,60.427883N,24.826008E,45,22.3,186
11771,T,260803,074034,60.427834N,24.825993E,45,22.3,186
11772,T,260803,074035,60.427776N,24.825979E,45,21.2,187
11773,T,260803,074036,60.427723N,24.825972E,45,21.0,186
11774,T,260803,074037,60.427677N,24.825958E,46,20.5,186
11775,T,260803,074038,60.427624N,24.825945E,46,20.5,186
11776,T,260803,074039,60.427574N,24.825933E,46,20.4,186
11777,T,260803,074040,60.427525N,24.825920E,46,20.3,187
11778,T,260803,074041,60.427475N,24.825905E,46,20.4,186
11779,T,260803,074042,60.427425N,24.825891E,46,20.4,186
11780,T,260803,074043,60.427376N,24.825880E,46,20.5,187
11781,T,260803,074044,60.427322N,24.825865E,46,20.8,187
11782,T,260803,074045,60.427273N,24.825850E,46,20.8,188
11783,T,260803,074046,60.427223N,24.825834E,46,20.7,188
11784,T,260803,074047,60.427174N,24.825821E,46,20.8,187
11785,T,260803,074048,60.427120N,24.825808E,46,20.9,187
11786,T,260803,074049,60.427067N,24.825790E,46,20.8,188
11787,T,260803,074050,60.427017N,24.825773E,46,20.8,188
11788,T,260803,074051,60.426968N,24.825758E,47,20.9,188
11789,T,260803,074052,60.426914N,24.825745E,47,20.8,188
11790,T,260803,074053,60.426865N,24.825727E,47,20.8,188
11791,T,260803,074054,60.426811N,24.825714E,47,20.8,188
11792,T,260803,074055,60.426762N,24.825697E,47,20.8,188
11793,T,260803,074056,60.426712N,24.825682E,47,20.9,188
11794,T,260803,074057,60.426655N,24.825665E,47,21.0,188
11795,T,260803,074058,60.426605N,24.825645E,47,21.3,189
11796,T,260803,074059,60.426552N,24.825630E,47,21.2,189
11797,T,260803,074100,60.426498N,24.825615E,47,21.3,189
11798,T,260803,074101,60.426449N,24.825596E,47,21.3,189
11799,T,260803,074102,60.426395N,24.825577E,47,21.4,189
11800,T,260803,074103,60.426338N,24.825550E,47,21.5,190
11801,T,260803,074104,60.426289N,24.825529E,47,21.6,190
11802,T,260803,074105,60.426231N,24.825516E,47,21.6,190
11803,T,260803,074106,60.426182N,24.825499E,48,21.7,189
11804,T,260803,074107,60.426128N,24.825476E,48,21.7,189
11805,T,260803,074108,60.426075N,24.825457E,48,21.7,189
11806,T,260803,074109,60.426022N,24.825436E,48,21.7,190
11807,T,260803,074110,60.425968N,24.825420E,48,21.6,190
11808,T,260803,074111,60.425915N,24.825399E,48,21.7,190
11809,T,260803,074112,60.425861N,24.825378E,48,22.2,190
11810,T,260803,074113,60.425808N,24.825356E,48,22.1,191
11811,T,260803,074114,60.425755N,24.825333E,48,22.1,191
11812,T,260803,074115,60.425701N,24.825314E,48,22.1,190
11813,T,260803,074116,60.425648N,24.825293E,48,22.1,191
11814,T,260803,074117,60.425591N,24.825266E,48,22.1,191
11815,T,260803,074118,60.425541N,24.825245E,48,22.1,191
11816,T,260803,074119,60.425484N,24.825222E,48,22.0,191
11817,T,260803,074120,60.425430N,24.825205E,48,22.0,191
11818,T,260803,074121,60.425381N,24.825184E,48,21.9,190
11819,T,260803,074122,60.425323N,24.825159E,48,21.8,191
11820,T,260803,074123,60.425274N,24.825138E,48,21.7,191
11821,T,260803,074124,60.425220N,24.825117E,49,21.5,190
11822,T,260803,074125,60.425167N,24.825096E,49,21.2,191
11823,T,260803,074126,60.425117N,24.825077E,49,20.5,191
11824,T,260803,074127,60.425064N,24.825060E,49,20.2,191
11825,T,260803,074128,60.425014N,24.825039E,49,19.9,191
11826,T,260803,074129,60.424969N,24.825016E,49,19.7,191
11827,T,260803,074130,60.424919N,24.824997E,49,19.6,191
11828,T,260803,074131,60.424873N,24.824978E,49,19.5,191
11829,T,260803,074132,60.424824N,24.824968E,49,19.5,190
11830,T,260803,074133,60.424782N,24.824945E,49,19.5,190
11831,T,260803,074134,60.424732N,24.824924E,49,19.5,191
11832,T,260803,074135,60.424683N,24.824898E,49,19.5,191
11833,T,260803,074136,60.424637N,24.824877E,49,19.5,191
11834,T,260803,074137,60.424591N,24.824856E,49,19.5,191
11835,T,260803,074138,60.424541N,24.824841E,49,19.8,191
11836,T,260803,074139,60.424492N,24.824820E,50,19.9,191
11837,T,260803,074140,60.424442N,24.824797E,50,19.9,191
11838,T,260803,074141,60.424397N,24.824776E,50,19.8,191
11839,T,260803,074142,60.424347N,24.824755E,50,19.8,192
11840,T,260803,074143,60.424301N,24.824730E,50,19.7,191
11841,T,260803,074144,60.424252N,24.824715E,50,19.7,191
11842,T,260803,074145,60.424206N,24.824696E,50,19.7,190
11843,T,260803,074146,60.424156N,24.824680E,50,19.8,190
11844,T,260803,074147,60.424107N,24.824657E,50,19.8,191
11845,T,260803,074148,60.424061N,24.824636E,50,19.8,191
11846,T,260803,074149,60.424011N,24.824615E,50,19.7,191
11847,T,260803,074150,60.423965N,24.824596E,50,19.7,191
11848,T,260803,074151,60.423916N,24.824575E,50,19.7,192
11849,T,260803,074152,60.423866N,24.824560E,50,19.7,191
11850,T,260803,074153,60.423820N,24.824545E,50,19.7,191
11851,T,260803,074154,60.423771N,24.824524E,50,19.4,190
11852,T,260803,074155,60.423729N,24.824507E,50,19.4,190
11853,T,260803,074156,60.423679N,24.824490E,50,19.5,189
11854,T,260803,074157,60.423634N,24.824472E,50,19.4,190
11855,T,260803,074158,60.423584N,24.824451E,50,19.4,190
11856,T,260803,074159,60.423534N,24.824436E,50,19.5,190
11857,T,260803,074200,60.423489N,24.824421E,50,19.6,190
11858,T,260803,074201,60.423439N,24.824404E,50,19.6,190
11859,T,260803,074202,60.423393N,24.824387E,50,19.3,189
11860,T,260803,074203,60.423347N,24.824364E,50,19.2,189
11861,T,260803,074204,60.423302N,24.824348E,50,19.2,189
11862,T,260803,074205,60.423252N,24.824331E,51,19.2,189
11863,T,260803,074206,60.423203N,24.824320E,51,19.1,189
11864,T,260803,074207,60.423161N,24.824310E,51,19.0,188
11865,T,260803,074208,60.423111N,24.824301E,51,19.0,189
11866,T,260803,074209,60.423065N,24.824286E,51,18.9,189
11867,T,260803,074210,60.423019N,24.824270E,51,18.8,189
11868,T,260803,074211,60.422974N,24.824251E,51,18.8,190
11869,T,260803,074212,60.422928N,24.824232E,51,18.7,189
11870,T,260803,074213,60.422878N,24.824219E,51,18.6,188
11871,T,260803,074214,60.422836N,24.824205E,51,18.5,187
11872,T,260803,074215,60.422791N,24.824192E,51,18.4,188
11873,T,260803,074216,60.422745N,24.824179E,51,18.4,187
11874,T,260803,074217,60.422699N,24.824169E,51,18.9,187
11875,T,260803,074218,60.422653N,24.824163E,51,19.0,188
11876,T,260803,074219,60.422604N,24.824154E,51,19.3,187
11877,T,260803,074220,60.422558N,24.824142E,51,19.4,186
11878,T,260803,074221,60.422508N,24.824127E,51,19.5,187
11879,T,260803,074222,60.422459N,24.824114E,52,19.4,188
11880,T,260803,074223,60.422417N,24.824097E,52,19.0,188
11881,T,260803,074224,60.422367N,24.824080E,52,19.1,188
11882,T,260803,074225,60.422321N,24.824070E,52,19.2,187
11883,T,260803,074226,60.422272N,24.824062E,52,19.2,186
11884,T,260803,074227,60.422222N,24.824053E,52,19.2,185
11885,T,260803,074228,60.422176N,24.824039E,52,19.0,186
11886,T,260803,074229,60.422127N,24.824032E,52,18.5,186
11887,T,260803,074230,60.422085N,24.824024E,53,18.0,187
11888,T,260803,074231,60.422039N,24.824011E,53,17.0,187
11889,T,260803,074232,60.422001N,24.823999E,53,16.4,183
11890,T,260803,074233,60.421959N,24.823992E,53,16.0,185
11891,T,260803,074234,60.421921N,24.823975E,53,15.6,187
11892,T,260803,074235,60.421883N,24.823956E,53,15.0,188
11893,T,260803,074236,60.421848N,24.823944E,53,14.5,186
11894,T,260803,074237,60.421810N,24.823936E,53,14.5,184
11895,T,260803,074238,60.421776N,24.823929E,53,14.6,189
11896,T,260803,074239,60.421741N,24.823919E,54,14.7,187
11897,T,260803,074240,60.421700N,24.823915E,54,14.8,186
11898,T,260803,074241,60.421665N,24.823910E,54,14.9,186
11899,T,260803,074242,60.421627N,24.823904E,54,15.0,187
11900,T,260803,074243,60.421593N,24.823900E,54,15.0,185
11901,T,260803,074244,60.421551N,24.823898E,55,15.1,185
11902,T,260803,074245,60.421513N,24.823893E,55,15.5,186
11903,T,260803,074246,60.421474N,24.823883E,55,15.6,185
11904,T,260803,074247,60.421436N,24.823875E,55,16.0,186
11905,T,260803,074248,60.421394N,24.823864E,55,16.1,186
11906,T,260803,074249,60.421356N,24.823851E,55,16.1,186
11907,T,260803,074250,60.421314N,24.823837E,55,16.1,185
11908,T,260803,074251,60.421276N,24.823828E,56,16.1,185
11909,T,260803,074252,60.421234N,24.823816E,56,16.1,185
11910,T,260803,074253,60.421196N,24.823805E,56,16.1,185
11911,T,260803,074254,60.421158N,24.823793E,56,16.2,186
11912,T,260803,074255,60.421116N,24.823780E,56,16.2,187
11913,T,260803,074256,60.421078N,24.823771E,56,16.2,186
11914,T,260803,074257,60.421036N,24.823765E,57,16.1,185
11915,T,260803,074258,60.420998N,24.823757E,57,16.0,185
11916,T,260803,074259,60.420956N,24.823751E,57,16.0,184
11917,T,260803,074300,60.420918N,24.823746E,57,16.0,184
11918,T,260803,074301,60.420876N,24.823744E,58,15.9,184
11919,T,260803,074302,60.420837N,24.823740E,58,15.8,184
11920,T,260803,074303,60.420795N,24.823736E,58,15.5,184
11921,T,260803,074304,60.420761N,24.823734E,58,15.5,184
11922,T,260803,074305,60.420719N,24.823742E,59,15.6,183
11923,T,260803,074306,60.420681N,24.823746E,59,15.7,183
11924,T,260803,074307,60.420639N,24.823748E,59,15.7,183
11925,T,260803,074308,60.420601N,24.823744E,59,15.7,182
11926,T,260803,074309,60.420559N,24.823742E,60,15.8,183
11927,T,260803,074310,60.420521N,24.823736E,60,15.8,182
11928,T,260803,074311,60.420483N,24.823730E,60,15.8,183
11929,T,260803,074312,60.420444N,24.823723E,60,15.8,182
11930,T,260803,074313,60.420403N,24.823715E,60,16.1,182
11931,T,260803,074314,60.420364N,24.823709E,60,16.1,181
11932,T,260803,074315,60.420322N,24.823704E,61,16.0,182
11933,T,260803,074316,60.420284N,24.823696E,61,15.9,181
11934,T,260803,074317,60.420242N,24.823694E,61,15.8,181
11935,T,260803,074318,60.420204N,24.823690E,61,15.7,180
11936,T,260803,074319,60.420170N,24.823687E,61,15.7,180
11937,T,260803,074320,60.420128N,24.823683E,61,15.7,180
11938,T,260803,074321,60.420090N,24.823675E,61,15.7,181
11939,T,260803,074322,60.420048N,24.823671E,61,15.7,180
11940,T,260803,074323,60.420010N,24.823669E,62,16.2,179
11941,T,260803,074324,60.419968N,24.823668E,62,16.3,179
11942,T,260803,074325,60.419930N,24.823664E,62,16.6,179
11943,T,260803,074326,60.419884N,24.823662E,62,16.6,179
11944,T,260803,074327,60.419846N,24.823658E,62,16.6,180
11945,T,260803,074328,60.419800N,24.823656E,62,16.6,180
11946,T,260803,074329,60.419762N,24.823654E,62,16.5,179
11947,T,260803,074330,60.419720N,24.823652E,62,16.4,179
11948,T,260803,074331,60.419682N,24.823650E,62,16.4,179
11949,T,260803,074332,60.419640N,24.823647E,62,16.3,179
11950,T,260803,074333,60.419598N,24.823645E,62,16.3,179
11951,T,260803,074334,60.419556N,24.823645E,63,16.4,180
11952,T,260803,074335,60.419514N,24.823643E,63,16.8,179
11953,T,260803,074336,60.419468N,24.823639E,63,16.9,180
11954,T,260803,074337,60.419422N,24.823635E,63,17.0,180
11955,T,260803,074338,60.419380N,24.823635E,63,17.1,179
11956,T,260803,074339,60.419338N,24.823639E,63,17.2,178
11957,T,260803,074340,60.419296N,24.823639E,63,17.3,179
11958,T,260803,074341,60.419250N,24.823641E,64,17.3,179
11959,T,260803,074342,60.419209N,24.823645E,64,17.4,179
11960,T,260803,074343,60.419163N,24.823648E,64,17.4,179
11961,T,260803,074344,60.419125N,24.823654E,64,17.4,179
11962,T,260803,074345,60.419079N,24.823662E,64,17.4,178
11963,T,260803,074346,60.419037N,24.823668E,64,17.5,179
11964,T,260803,074347,60.418991N,24.823675E,65,17.5,178
11965,T,260803,074348,60.418949N,24.823685E,65,17.5,178
11966,T,260803,074349,60.418903N,24.823694E,65,17.6,178
11967,T,260803,074350,60.418861N,24.823702E,65,17.7,178
11968,T,260803,074351,60.418812N,24.823708E,65,18.0,178
11969,T,260803,074352,60.418770N,24.823715E,66,18.1,178
11970,T,260803,074353,60.418724N,24.823721E,66,18.1,178
11971,T,260803,074354,60.418678N,24.823725E,66,18.2,178
11972,T,260803,074355,60.418633N,24.823732E,66,18.6,178
11973,T,260803,074356,60.418583N,24.823736E,67,18.6,178
11974,T,260803,074357,60.418541N,24.823738E,67,18.7,178
11975,T,260803,074358,60.418491N,24.823744E,67,18.8,177
11976,T,260803,074359,60.418446N,24.823748E,67,19.2,177
11977,T,260803,074400,60.418396N,24.823751E,67,19.2,177
11978,T,260803,074401,60.418346N,24.823751E,67,19.3,178
11979,T,260803,074402,60.418301N,24.823751E,68,19.4,178
11980,T,260803,074403,60.418247N,24.823753E,68,19.8,177
11981,T,260803,074404,60.418201N,24.823755E,68,19.7,177
11982,T,260803,074405,60.418152N,24.823755E,68,19.6,177
11983,T,260803,074406,60.418098N,24.823755E,68,19.6,177
11984,T,260803,074407,60.418053N,24.823736E,68,19.6,177
11985,T,260803,074408,60.418003N,24.823732E,68,19.6,177
11986,T,260803,074409,60.417953N,24.823736E,68,19.6,177
11987,T,260803,074410,60.417900N,24.823742E,68,19.6,177
11988,T,260803,074411,60.417850N,24.823755E,69,19.6,177
11989,T,260803,074412,60.417801N,24.823767E,69,19.6,177
11990,T,260803,074413,60.417751N,24.823776E,69,19.3,177
11991,T,260803,074414,60.417706N,24.823784E,69,19.3,177
11992,T,260803,074415,60.417656N,24.823792E,69,19.4,177
11993,T,260803,074416,60.417606N,24.823795E,69,19.8,178
11994,T,260803,074417,60.417561N,24.823803E,69,19.9,177
11995,T,260803,074418,60.417515N,24.823795E,69,19.9,177
11996,T,260803,074419,60.417473N,24.823792E,69,19.8,177
11997,T,260803,074420,60.417427N,24.823786E,69,20.4,177
11998,T,260803,074421,60.417381N,24.823780E,70,20.5,177
11999,T,260803,074422,60.417328N,24.823774E,70,21.2,177
12000,T,260803,074423,60.417278N,24.823772E,70,21.1,177
12001,T,260803,074424,60.417233N,24.823771E,70,21.1,177
12002,T,260803,074425,60.417179N,24.823771E,70,21.1,177
12003,T,260803,074426,60.417133N,24.823772E,70,21.1,177
12004,T,260803,074427,60.417080N,24.823774E,71,21.1,178
12005,T,260803,074428,60.417030N,24.823774E,71,21.2,178
12006,T,260803,074429,60.416981N,24.823776E,71,21.2,178
12007,T,260803,074430,60.416927N,24.823778E,72,21.2,177
12008,T,260803,074431,60.416878N,24.823784E,72,21.2,177
12009,T,260803,074432,60.416824N,24.823784E,72,21.3,177
12010,T,260803,074433,60.416771N,24.823784E,72,21.7,177
12011,T,260803,074434,60.416721N,24.823784E,72,21.6,178
12012,T,260803,074435,60.416668N,24.823784E,72,21.0,178
12013,T,260803,074436,60.416615N,24.823786E,72,21.5,178
12014,T,260803,074437,60.416565N,24.823788E,72,21.5,178
12015,T,260803,074438,60.416512N,24.823793E,72,21.4,178
12016,T,260803,074439,60.416458N,24.823803E,73,22.3,178
12017,T,260803,074440,60.416405N,24.823805E,73,22.5,178
12018,T,260803,074441,60.416348N,24.823805E,73,22.5,178
12019,T,260803,074442,60.416290N,24.823805E,73,22.6,178
12020,T,260803,074443,60.416237N,24.823803E,73,22.7,179
12021,T,260803,074444,60.416180N,24.823797E,74,22.9,179
12022,T,260803,074445,60.416126N,24.823792E,74,22.9,179
12023,T,260803,074446,60.416073N,24.823784E,74,22.5,179
12024,T,260803,074447,60.416016N,24.823784E,74,22.6,179
12025,T,260803,074448,60.415958N,24.823788E,74,22.7,179
12026,T,260803,074449,60.415901N,24.823793E,74,22.8,179
12027,T,260803,074450,60.415844N,24.823793E,74,22.8,179
12028,T,260803,074451,60.415787N,24.823792E,74,22.9,180
12029,T,260803,074452,60.415733N,24.823786E,74,22.9,180
12030,T,260803,074453,60.415676N,24.823784E,74,22.9,180
12031,T,260803,074454,60.415615N,24.823782E,74,22.9,180
12032,T,260803,074455,60.415562N,24.823776E,75,22.8,181
12033,T,260803,074456,60.415504N,24.823776E,75,22.9,180
12034,T,260803,074457,60.415443N,24.823776E,75,22.9,181
12035,T,260803,074458,60.415386N,24.823776E,75,23.0,181
12036,T,260803,074459,60.415329N,24.823774E,76,23.1,181
12037,T,260803,074500,60.415272N,24.823771E,76,24.2,181
12038,T,260803,074501,60.415207N,24.823765E,76,23.8,181
12039,T,260803,074502,60.415154N,24.823759E,76,23.7,181
12040,T,260803,074503,60.415089N,24.823757E,76,23.7,181
12041,T,260803,074504,60.415031N,24.823755E,76,23.4,181
12042,T,260803,074505,60.414970N,24.823755E,76,23.4,181
12043,T,260803,074506,60.414913N,24.823755E,76,23.5,181
12044,T,260803,074507,60.414852N,24.823750E,76,23.4,182
12045,T,260803,074508,60.414791N,24.823744E,76,24.1,182
12046,T,260803,074509,60.414738N,24.823734E,76,24.2,183
12047,T,260803,074510,60.414677N,24.823721E,76,24.2,183
12048,T,260803,074511,60.414616N,24.823715E,76,23.8,183
12049,T,260803,074512,60.414555N,24.823715E,76,24.8,183
12050,T,260803,074513,60.414494N,24.823713E,76,24.8,183
12051,T,260803,074514,60.414433N,24.823708E,77,24.0,183
12052,T,260803,074515,60.414371N,24.823700E,77,24.6,183
12053,T,260803,074516,60.414310N,24.823689E,77,23.4,183
12054,T,260803,074517,60.414257N,24.823675E,77,23.4,184
12055,T,260803,074518,60.414200N,24.823666E,77,22.7,184
12056,T,260803,074519,60.414143N,24.823658E,77,22.5,185
12057,T,260803,074520,60.414089N,24.823648E,77,22.1,185
12058,T,260803,074521,60.414032N,24.823641E,77,22.2,185
12059,T,260803,074522,60.413975N,24.823624E,77,22.8,187
12060,T,260803,074523,60.413921N,24.823605E,77,23.6,187
12061,T,260803,074524,60.413860N,24.823587E,77,24.3,187
12062,T,260803,074525,60.413799N,24.823572E,77,24.2,188
12063,T,260803,074526,60.413738N,24.823557E,76,23.9,188
12064,T,260803,074527,60.413681N,24.823544E,76,23.9,187
12065,T,260803,074528,60.413620N,24.823526E,76,24.7,187
12066,T,260803,074529,60.413555N,24.823503E,75,24.8,187
12067,T,260803,074530,60.413494N,24.823488E,75,24.3,187
12068,T,260803,074531,60.413437N,24.823475E,75,24.5,187
12069,T,260803,074532,60.413372N,24.823456E,75,24.9,187
12070,T,260803,074533,60.413311N,24.823442E,75,24.8,187
12071,T,260803,074534,60.413246N,24.823423E,74,25.5,187
12072,T,260803,074535,60.413185N,24.823406E,74,25.8,186
12073,T,260803,074536,60.413120N,24.823393E,74,26.4,186
12074,T,260803,074537,60.413055N,24.823378E,73,26.1,185
12075,T,260803,074538,60.412987N,24.823364E,73,26.7,185
12076,T,260803,074539,60.412922N,24.823351E,73,26.6,185
12077,T,260803,074540,60.412857N,24.823320E,72,26.1,185
12078,T,260803,074541,60.412792N,24.823303E,72,25.7,186
12079,T,260803,074542,60.412727N,24.823290E,72,25.1,186
12080,T,260803,074543,60.412666N,24.823282E,72,24.6,186
12081,T,260803,074544,60.412605N,24.823273E,72,24.7,186
12082,T,260803,074545,60.412540N,24.823259E,71,24.9,185
12083,T,260803,074546,60.412479N,24.823246E,71,24.2,185
12084,T,260803,074547,60.412418N,24.823236E,71,25.2,185
12085,T,260803,074548,60.412357N,24.823223E,70,25.3,186
12086,T,260803,074549,60.412292N,24.823206E,70,25.2,187
12087,T,260803,074550,60.412228N,24.823183E,70,25.8,188
12088,T,260803,074551,60.412167N,24.823164E,69,25.3,188
12089,T,260803,074552,60.412106N,24.823145E,69,25.8,189
12090,T,260803,074553,60.412041N,24.823124E,69,25.9,190
12091,T,260803,074554,60.411976N,24.823099E,68,26.5,190
12092,T,260803,074555,60.411911N,24.823076E,68,26.9,190
12093,T,260803,074556,60.411842N,24.823055E,68,27.6,190
12094,T,260803,074557,60.411774N,24.823032E,67,28.5,190
12095,T,260803,074558,60.411701N,24.823008E,67,29.3,190
12096,T,260803,074559,60.411625N,24.822983E,67,29.9,190
12097,T,260803,074600,60.411549N,24.822956E,67,30.3,190
12098,T,260803,074601,60.411472N,24.822927E,66,30.7,190
12099,T,260803,074602,60.411396N,24.822903E,66,30.4,190
12100,T,260803,074603,60.411320N,24.822874E,66,30.3,191
12101,T,260803,074604,60.411243N,24.822842E,65,30.2,191
12102,T,260803,074605,60.411167N,24.822809E,65,30.1,191
12103,T,260803,074606,60.411095N,24.822781E,65,30.2,191
12104,T,260803,074607,60.411018N,24.822748E,64,29.4,191
12105,T,260803,074608,60.410950N,24.822716E,64,29.9,191
12106,T,260803,074609,60.410877N,24.822683E,64,30.0,191
12107,T,260803,074610,60.410801N,24.822655E,63,30.0,192
12108,T,260803,074611,60.410728N,24.822624E,63,29.2,192
12109,T,260803,074612,60.410656N,24.822594E,63,29.6,192
12110,T,260803,074613,60.410583N,24.822557E,62,28.9,192
12111,T,260803,074614,60.410515N,24.822529E,62,29.0,192
12112,T,260803,074615,60.410442N,24.822496E,62,29.0,193
12113,T,260803,074616,60.410374N,24.822464E,61,28.9,193
12114,T,260803,074617,60.410305N,24.822433E,61,28.0,193
12115,T,260803,074618,60.410236N,24.822405E,61,28.1,193
12116,T,260803,074619,60.410168N,24.822372E,60,27.7,193
12117,T,260803,074620,60.410103N,24.822336E,60,27.2,193
12118,T,260803,074621,60.410042N,24.822304E,60,26.8,193
12119,T,260803,074622,60.409977N,24.822271E,60,26.4,193
12120,T,260803,074623,60.409912N,24.822239E,59,25.8,194
12121,T,260803,074624,60.409847N,24.822205E,59,25.9,193
12122,T,260803,074625,60.409782N,24.822174E,59,26.0,193
12123,T,260803,074626,60.409721N,24.822142E,59,26.4,193
12124,T,260803,074627,60.409657N,24.822107E,59,26.9,194
12125,T,260803,074628,60.409592N,24.822069E,58,27.6,194
12126,T,260803,074629,60.409523N,24.822033E,58,29.1,195
12127,T,260803,074630,60.409451N,24.822001E,57,29.1,195
12128,T,260803,074631,60.409382N,24.821964E,56,29.5,195
12129,T,260803,074632,60.409309N,24.821926E,55,29.9,195
12130,T,260803,074633,60.409233N,24.821892E,55,29.6,195
12131,T,260803,074634,60.409161N,24.821856E,54,29.6,195
12132,T,260803,074635,60.409088N,24.821815E,54,29.7,195
12133,T,260803,074636,60.409016N,24.821777E,54,29.7,195
12134,T,260803,074637,60.408943N,24.821741E,53,29.8,195
12135,T,260803,074638,60.408871N,24.821699E,53,29.8,196
12136,T,260803,074639,60.408798N,24.821659E,52,29.8,196
12137,T,260803,074640,60.408730N,24.821623E,52,29.7,196
12138,T,260803,074641,60.408657N,24.821581E,51,29.6,196
12139,T,260803,074642,60.408581N,24.821541E,51,29.6,197
12140,T,260803,074643,60.408508N,24.821508E,50,30.0,197
12141,T,260803,074644,60.408432N,24.821474E,50,30.0,197
12142,T,260803,074645,60.408360N,24.821430E,50,29.9,197
12143,T,260803,074646,60.408287N,24.821388E,49,29.8,197
12144,T,260803,074647,60.408215N,24.821346E,49,29.7,197
12145,T,260803,074648,60.408146N,24.821302E,49,29.2,197
12146,T,260803,074649,60.408077N,24.821259E,48,28.8,198
12147,T,260803,074650,60.408009N,24.821218E,48,28.7,197
12148,T,260803,074651,60.407936N,24.821177E,48,28.6,197
12149,T,260803,074652,60.407871N,24.821136E,47,28.5,198
12150,T,260803,074653,60.407803N,24.821095E,47,27.6,197
12151,T,260803,074654,60.407738N,24.821053E,47,27.1,198
12152,T,260803,074655,60.407673N,24.821009E,47,26.3,198
12153,T,260803,074656,60.407612N,24.820971E,47,25.7,198
12154,T,260803,074657,60.407551N,24.820932E,47,25.2,198
12155,T,260803,074658,60.407490N,24.820894E,46,24.8,198
12156,T,260803,074659,60.407433N,24.820856E,46,24.1,198
12157,T,260803,074700,60.407375N,24.820810E,46,23.6,198
12158,T,260803,074701,60.407326N,24.820766E,47,23.1,198
12159,T,260803,074702,60.407272N,24.820724E,47,21.9,198
12160,T,260803,074703,60.407219N,24.820684E,47,21.1,198
12161,T,260803,074704,60.407173N,24.820644E,47,21.1,198
12162,T,260803,074705,60.407124N,24.820608E,47,21.2,198
12163,T,260803,074706,60.407078N,24.820572E,47,21.3,198
12164,T,260803,074707,60.407024N,24.820536E,47,21.3,198
12165,T,260803,074708,60.406975N,24.820496E,47,21.3,198
12166,T,260803,074709,60.406929N,24.820457E,47,21.4,198
12167,T,260803,074710,60.406879N,24.820419E,47,21.0,199
12168,T,260803,074711,60.406834N,24.820383E,47,20.5,198
12169,T,260803,074712,60.406784N,24.820349E,47,20.4,199
12170,T,260803,074713,60.406734N,24.820305E,48,20.1,199
12171,T,260803,074714,60.406689N,24.820271E,48,20.0,199
12172,T,260803,074715,60.406639N,24.820232E,48,20.2,198
12173,T,260803,074716,60.406597N,24.820196E,48,20.5,199
12174,T,260803,074717,60.406548N,24.820160E,48,20.5,198
12175,T,260803,074718,60.406502N,24.820122E,48,20.5,198
12176,T,260803,074719,60.406452N,24.820086E,48,20.4,198
12177,T,260803,074720,60.406403N,24.820053E,48,20.3,198
12178,T,260803,074721,60.406357N,24.820019E,48,20.3,198
12179,T,260803,074722,60.406311N,24.819984E,49,20.3,198
12180,T,260803,074723,60.406265N,24.819948E,49,19.9,198
12181,T,260803,074724,60.406216N,24.819916E,49,19.6,198
12182,T,260803,074725,60.406170N,24.819883E,49,19.5,198
12183,T,260803,074726,60.406124N,24.819855E,49,19.5,198
12184,T,260803,074727,60.406078N,24.819820E,49,19.6,198
12185,T,260803,074728,60.406033N,24.819788E,49,19.6,198
12186,T,260803,074729,60.405983N,24.819756E,49,20.2,198
12187,T,260803,074730,60.405937N,24.819723E,49,20.2,198
12188,T,260803,074731,60.405888N,24.819693E,49,20.7,198
12189,T,260803,074732,60.405842N,24.819656E,49,21.0,199
12190,T,260803,074733,60.405792N,24.819624E,49,21.1,199
12191,T,260803,074734,60.405739N,24.819588E,49,21.4,198
12192,T,260803,074735,60.405693N,24.819555E,49,21.4,198
12193,T,260803,074736,60.405640N,24.819521E,49,21.2,198
12194,T,260803,074737,60.405594N,24.819485E,49,21.3,198
12195,T,260803,074738,60.405540N,24.819448E,49,21.4,198
12196,T,260803,074739,60.405487N,24.819416E,49,21.4,198
12197,T,260803,074740,60.405441N,24.819380E,49,21.4,198
12198,T,260803,074741,60.405388N,24.819345E,49,21.5,198
12199,T,260803,074742,60.405338N,24.819309E,49,20.8,199
12200,T,260803,074743,60.405289N,24.819277E,49,20.9,199
12201,T,260803,074744,60.405239N,24.819239E,49,21.7,198
12202,T,260803,074745,60.405186N,24.819204E,49,22.0,198
12203,T,260803,074746,60.405132N,24.819166E,49,22.6,198
12204,T,260803,074747,60.405079N,24.819126E,49,23.2,198
12205,T,260803,074748,60.405025N,24.819084E,49,24.1,199
12206,T,260803,074749,60.404968N,24.819044E,49,24.4,198
12207,T,260803,074750,60.404911N,24.819008E,48,24.9,198
12208,T,260803,074751,60.404846N,24.818966E,48,24.9,198
12209,T,260803,074752,60.404793N,24.818926E,48,24.4,198
12210,T,260803,074753,60.404736N,24.818884E,48,24.3,198
12211,T,260803,074754,60.404678N,24.818844E,48,24.2,199
12212,T,260803,074755,60.404621N,24.818804E,48,23.6,199
12213,T,260803,074756,60.404568N,24.818766E,48,23.9,199
12214,T,260803,074757,60.404510N,24.818727E,48,23.4,199
12215,T,260803,074758,60.404461N,24.818689E,48,22.9,199
12216,T,260803,074759,60.404404N,24.818653E,48,22.2,199
12217,T,260803,074800,60.404350N,24.818617E,49,21.7,199
12218,T,260803,074801,60.404301N,24.818581E,49,21.7,199
12219,T,260803,074802,60.404247N,24.818544E,49,21.7,199
12220,T,260803,074803,60.404202N,24.818506E,48,21.6,199
12221,T,260803,074804,60.404148N,24.818476E,48,21.5,198
12222,T,260803,074805,60.404095N,24.818441E,49,21.4,198
12223,T,260803,074806,60.404049N,24.818407E,49,21.0,197
12224,T,260803,074807,60.403996N,24.818377E,49,20.9,197
12225,T,260803,074808,60.403950N,24.818342E,49,20.6,198
12226,T,260803,074809,60.403900N,24.818310E,49,20.5,198
12227,T,260803,074810,60.403851N,24.818277E,49,20.0,198
12228,T,260803,074811,60.403805N,24.818247E,49,19.9,197
12229,T,260803,074812,60.403759N,24.818216E,49,19.6,198
12230,T,260803,074813,60.403713N,24.818182E,49,19.5,198
12231,T,260803,074814,60.403667N,24.818151E,49,19.4,198
12232,T,260803,074815,60.403622N,24.818125E,49,19.3,198
12233,T,260803,074816,60.403576N,24.818092E,49,19.2,198
12234,T,260803,074817,60.403526N,24.818062E,49,19.0,198
12235,T,260803,074818,60.403488N,24.818031E,49,18.6,198
12236,T,260803,074819,60.403442N,24.818003E,49,18.5,198
12237,T,260803,074820,60.403400N,24.817972E,49,18.3,199
12238,T,260803,074821,60.403355N,24.817944E,49,18.3,198
12239,T,260803,074822,60.403313N,24.817917E,49,18.2,198
12240,T,260803,074823,60.403271N,24.817884E,50,16.4,199
12241,T,260803,074824,60.403236N,24.817860E,50,16.4,198
12242,T,260803,074825,60.403194N,24.817837E,50,15.7,198
12243,T,260803,074826,60.403160N,24.817812E,50,15.6,197
12244,T,260803,074827,60.403126N,24.817785E,50,15.2,197
12245,T,260803,074828,60.403088N,24.817762E,50,15.2,198
12246,T,260803,074829,60.403053N,24.817736E,50,15.2,199
12247,T,260803,074830,60.403011N,24.817711E,50,15.4,199
12248,T,260803,074831,60.402977N,24.817684E,50,15.3,198
12249,T,260803,074832,60.402939N,24.817659E,50,15.7,198
12250,T,260803,074833,60.402901N,24.817635E,50,15.7,198
12251,T,260803,074834,60.402863N,24.817610E,50,15.8,198
12252,T,260803,074835,60.402828N,24.817583E,51,15.9,198
12253,T,260803,074836,60.402786N,24.817560E,51,15.8,197
12254,T,260803,074837,60.402752N,24.817535E,51,15.8,198
12255,T,260803,074838,60.402718N,24.817509E,51,15.7,198
12256,T,260803,074839,60.402679N,24.817484E,51,15.3,198
12257,T,260803,074840,60.402641N,24.817455E,51,15.3,199
12258,T,260803,074841,60.402607N,24.817430E,51,15.3,199
12259,T,260803,074842,60.402569N,24.817404E,51,15.2,199
12260,T,260803,074843,60.402534N,24.817381E,51,15.2,198
12261,T,260803,074844,60.402500N,24.817356E,52,15.1,198
12262,T,260803,074845,60.402466N,24.817329E,52,15.0,198
12263,T,260803,074846,60.402431N,24.817307E,52,15.0,198
12264,T,260803,074847,60.402397N,24.817282E,52,15.0,198
12265,T,260803,074848,60.402359N,24.817257E,52,16.0,198
12266,T,260803,074849,60.402328N,24.817230E,52,16.0,198
12267,T,260803,074850,60.402287N,24.817204E,52,15.8,198
12268,T,260803,074851,60.402252N,24.817177E,52,15.9,198
12269,T,260803,074852,60.402210N,24.817154E,52,15.9,198
12270,T,260803,074853,60.402176N,24.817123E,52,15.9,198
12271,T,260803,074854,60.402142N,24.817099E,53,15.9,198
12272,T,260803,074855,60.402100N,24.817074E,53,15.9,198
12273,T,260803,074856,60.402065N,24.817051E,53,15.9,198
12274,T,260803,074857,60.402027N,24.817024E,53,15.9,198
12275,T,260803,074858,60.401993N,24.816998E,53,15.9,198
12276,T,260803,074859,60.401955N,24.816973E,53,15.9,198
12277,T,260803,074900,60.401920N,24.816946E,54,15.9,198
12278,T,260803,074901,60.401878N,24.816921E,54,16.0,197
12279,T,260803,074902,60.401844N,24.816896E,54,16.0,197
12280,T,260803,074903,60.401806N,24.816870E,54,16.1,197
12281,T,260803,074904,60.401768N,24.816845E,54,16.2,198
12282,T,260803,074905,60.401730N,24.816816E,54,16.3,199
12283,T,260803,074906,60.401688N,24.816788E,55,16.3,199
12284,T,260803,074907,60.401653N,24.816763E,55,16.4,199
12285,T,260803,074908,60.401611N,24.816736E,55,16.3,198
12286,T,260803,074909,60.401573N,24.816711E,55,16.0,197
12287,T,260803,074910,60.401535N,24.816685E,55,15.9,197
12288,T,260803,074911,60.401501N,24.816660E,55,15.5,197
12289,T,260803,074912,60.401459N,24.816635E,56,15.5,198
12290,T,260803,074913,60.401428N,24.816612E,56,15.5,197
12291,T,260803,074914,60.401386N,24.816587E,56,15.4,197
12292,T,260803,074915,60.401352N,24.816565E,56,15.5,197
12293,T,260803,074916,60.401318N,24.816536E,56,15.6,198
12294,T,260803,074917,60.401279N,24.816507E,57,15.6,198
12295,T,260803,074918,60.401241N,24.816483E,57,16.2,198
12296,T,260803,074919,60.401199N,24.816454E,57,16.3,198
12297,T,260803,074920,60.401165N,24.816429E,57,16.3,198
12298,T,260803,074921,60.401127N,24.816399E,57,16.9,198
12299,T,260803,074922,60.401089N,24.816372E,58,17.0,198
12300,T,260803,074923,60.401047N,24.816343E,58,17.4,199
12301,T,260803,074924,60.401009N,24.816319E,58,17.9,199
12302,T,260803,074925,60.400963N,24.816290E,58,17.8,198
12303,T,260803,074926,60.400921N,24.816263E,58,17.7,197
12304,T,260803,074927,60.400879N,24.816236E,58,17.7,197
12305,T,260803,074928,60.400837N,24.816206E,58,18.0,197
12306,T,260803,074929,60.400791N,24.816175E,58,18.1,198
12307,T,260803,074930,60.400753N,24.816145E,59,18.0,198
12308,T,260803,074931,60.400707N,24.816116E,59,18.0,198
12309,T,260803,074932,60.400665N,24.816086E,59,18.0,198
12310,T,260803,074933,60.400620N,24.816055E,59,18.5,198
12311,T,260803,074934,60.400581N,24.816025E,59,17.9,198
12312,T,260803,074935,60.400536N,24.815994E,59,18.5,198
12313,T,260803,074936,60.400490N,24.815969E,59,18.5,198
12314,T,260803,074937,60.400444N,24.815945E,58,18.6,198
12315,T,260803,074938,60.400398N,24.815918E,59,18.6,198
12316,T,260803,074939,60.400352N,24.815889E,58,18.9,198
12317,T,260803,074940,60.400303N,24.815865E,58,18.9,198
12318,T,260803,074941,60.400261N,24.815836E,58,19.0,198
12319,T,260803,074942,60.400211N,24.815809E,58,19.0,198
12320,T,260803,074943,60.400166N,24.815783E,58,19.0,198
12321,T,260803,074944,60.400120N,24.815756E,58,19.1,198
12322,T,260803,074945,60.400070N,24.815723E,58,19.1,198
12323,T,260803,074946,60.400024N,24.815697E,58,19.2,198
12324,T,260803,074947,60.399979N,24.815666E,58,19.3,197
12325,T,260803,074948,60.399929N,24.815647E,58,19.3,197
12326,T,260803,074949,60.399879N,24.815624E,58,19.3,198
12327,T,260803,074950,60.399834N,24.815596E,57,19.0,198
12328,T,260803,074951,60.399780N,24.815575E,57,18.9,198
12329,T,260803,074952,60.399731N,24.815546E,57,19.2,198
12330,T,260803,074953,60.399689N,24.815521E,57,19.2,198
12331,T,260803,074954,60.399643N,24.815481E,57,19.7,198
12332,T,260803,074955,60.399597N,24.815441E,57,19.7,198
12333,T,260803,074956,60.399551N,24.815407E,57,19.7,198
12334,T,260803,074957,60.399509N,24.815371E,57,19.8,198
12335,T,260803,074958,60.399460N,24.815334E,57,19.7,198
12336,T,260803,074959,60.399422N,24.815298E,57,20.0,198
12337,T,260803,075000,60.399372N,24.815262E,57,20.0,198
12338,T,260803,075001,60.399326N,24.815226E,57,20.0,199
12339,T,260803,075002,60.399281N,24.815193E,57,20.1,198
12340,T,260803,075003,60.399231N,24.815159E,57,20.1,198
12341,T,260803,075004,60.399189N,24.815123E,57,20.0,198
12342,T,260803,075005,60.399139N,24.815086E,57,20.3,198
12343,T,260803,075006,60.399094N,24.815052E,57,19.6,198
12344,T,260803,075007,60.399048N,24.815018E,57,19.3,199
12345,T,260803,075008,60.398998N,24.814983E,57,19.8,199
12346,T,260803,075009,60.398956N,24.814945E,57,19.4,199
12347,T,260803,075010,60.398911N,24.814913E,57,19.7,199
12348,T,260803,075011,60.398865N,24.814877E,57,19.7,199
12349,T,260803,075012,60.398819N,24.814844E,58,19.7,199
12350,T,260803,075013,60.398773N,24.814812E,58,19.6,198
12351,T,260803,075014,60.398724N,24.814779E,58,19.7,198
12352,T,260803,075015,60.398682N,24.814747E,58,19.6,198
12353,T,260803,075016,60.398632N,24.814714E,58,19.6,198
12354,T,260803,075017,60.398586N,24.814678E,58,18.8,199
12355,T,260803,075018,60.398544N,24.814644E,58,19.7,200
12356,T,260803,075019,60.398495N,24.814602E,58,20.1,200
12357,T,260803,075020,60.398449N,24.814564E,58,20.0,200
12358,T,260803,075021,60.398399N,24.814528E,58,20.1,199
12359,T,260803,075022,60.398357N,24.814495E,58,20.2,199
12360,T,260803,075023,60.398308N,24.814461E,58,20.3,199
12361,T,260803,075024,60.398258N,24.814425E,58,20.3,199
12362,T,260803,075025,60.398212N,24.814392E,58,20.7,198
12363,T,260803,075026,60.398163N,24.814358E,58,20.7,198
12364,T,260803,075027,60.398117N,24.814329E,58,19.9,198
12365,T,260803,075028,60.398067N,24.814301E,58,20.3,198
12366,T,260803,075029,60.398018N,24.814266E,58,20.4,198
12367,T,260803,075030,60.397968N,24.814232E,59,20.5,198
12368,T,260803,075031,60.397915N,24.814196E,59,20.8,198
12369,T,260803,075032,60.397869N,24.814161E,59,21.0,198
12370,T,260803,075033,60.397816N,24.814125E,59,21.1,198
12371,T,260803,075034,60.397766N,24.814095E,59,21.1,198
12372,T,260803,075035,60.397717N,24.814060E,59,21.0,198
12373,T,260803,075036,60.397667N,24.814024E,60,20.8,198
12374,T,260803,075037,60.397621N,24.813993E,60,20.5,198
12375,T,260803,075038,60.397568N,24.813963E,60,20.4,198
12376,T,260803,075039,60.397518N,24.813929E,60,20.0,198
12377,T,260803,075040,60.397472N,24.813896E,60,20.1,199
12378,T,260803,075041,60.397423N,24.813864E,60,20.0,198
12379,T,260803,075042,60.397377N,24.813831E,60,20.0,198
12380,T,260803,075043,60.397327N,24.813801E,61,20.1,198
12381,T,260803,075044,60.397285N,24.813766E,61,20.1,198
12382,T,260803,075045,60.397236N,24.813734E,61,20.2,198
12383,T,260803,075046,60.397186N,24.813700E,61,20.3,198
12384,T,260803,075047,60.397141N,24.813663E,61,20.6,199
12385,T,260803,075048,60.397087N,24.813629E,61,20.6,200
12386,T,260803,075049,60.397041N,24.813595E,61,21.0,200
12387,T,260803,075050,60.396992N,24.813557E,61,21.0,200
12388,T,260803,075051,60.396942N,24.813524E,61,21.1,200
12389,T,260803,075052,60.396893N,24.813488E,61,21.2,200
12390,T,260803,075053,60.396843N,24.813448E,61,21.6,200
12391,T,260803,075054,60.396793N,24.813410E,61,21.7,200
12392,T,260803,075055,60.396740N,24.813374E,60,21.6,200
12393,T,260803,075056,60.396687N,24.813335E,60,21.7,200
12394,T,260803,075057,60.396641N,24.813295E,60,21.7,199
12395,T,260803,075058,60.396587N,24.813257E,60,22.1,199
12396,T,260803,075059,60.396530N,24.813223E,60,22.1,199
12397,T,260803,075100,60.396481N,24.813185E,60,22.2,199
12398,T,260803,075101,60.396427N,24.813148E,60,22.2,198
12399,T,260803,075102,60.396378N,24.813112E,60,22.2,198
12400,T,260803,075103,60.396328N,24.813076E,60,21.5,198
12401,T,260803,075104,60.396275N,24.813042E,60,21.8,198
12402,T,260803,075105,60.396225N,24.813004E,60,22.2,199
12403,T,260803,075106,60.396172N,24.812969E,60,22.3,198
12404,T,260803,075107,60.396118N,24.812937E,60,22.4,198
12405,T,260803,075108,60.396065N,24.812901E,59,22.7,198
12406,T,260803,075109,60.396011N,24.812864E,59,22.7,198
12407,T,260803,075110,60.395962N,24.812830E,59,22.7,198
12408,T,260803,075111,60.395905N,24.812796E,59,22.8,198
12409,T,260803,075112,60.395851N,24.812757E,59,22.7,198
12410,T,260803,075113,60.395798N,24.812721E,59,22.7,198
12411,T,260803,075114,60.395744N,24.812683E,59,22.6,199
12412,T,260803,075115,60.395687N,24.812651E,59,22.5,198
12413,T,260803,075116,60.395638N,24.812616E,58,22.5,198
12414,T,260803,075117,60.395580N,24.812576E,58,23.2,198
12415,T,260803,075118,60.395527N,24.812538E,58,23.7,198
12416,T,260803,075119,60.395473N,24.812500E,58,24.2,198
12417,T,260803,075120,60.395412N,24.812460E,58,24.9,199
12418,T,260803,075121,60.395355N,24.812416E,57,24.9,198
12419,T,260803,075122,60.395294N,24.812376E,57,24.9,198
12420,T,260803,075123,60.395237N,24.812336E,57,24.9,198
12421,T,260803,075124,60.395176N,24.812296E,57,24.8,197
12422,T,260803,075125,60.395119N,24.812262E,57,23.9,197
12423,T,260803,075126,60.395065N,24.812223E,56,23.8,196
12424,T,260803,075127,60.395008N,24.812187E,56,23.8,196
12425,T,260803,075128,60.394951N,24.812153E,56,23.8,196
12426,T,260803,075129,60.394897N,24.812117E,56,23.4,197
12427,T,260803,075130,60.394840N,24.812078E,56,23.7,197
12428,T,260803,075131,60.394779N,24.812044E,56,24.2,196
12429,T,260803,075132,60.394726N,24.812012E,56,23.7,196
12430,T,260803,075133,60.394669N,24.811975E,56,23.7,196
12431,T,260803,075134,60.394611N,24.811941E,56,23.6,196
12432,T,260803,075135,60.394554N,24.811907E,56,23.2,197
12433,T,260803,075136,60.394501N,24.811869E,56,22.6,198
12434,T,260803,075137,60.394447N,24.811832E,56,22.2,198
12435,T,260803,075138,60.394398N,24.811796E,56,22.2,198
12436,T,260803,075139,60.394341N,24.811762E,56,22.1,199
12437,T,260803,075140,60.394287N,24.811724E,56,22.2,199
12438,T,260803,075141,60.394238N,24.811686E,56,22.8,198
12439,T,260803,075142,60.394180N,24.811651E,56,22.8,198
12440,T,260803,075143,60.394127N,24.811617E,56,22.9,198
12441,T,260803,075144,60.394073N,24.811577E,56,23.0,198
12442,T,260803,075145,60.394016N,24.811541E,56,23.0,198
12443,T,260803,075146,60.393959N,24.811502E,56,23.0,198
12444,T,260803,075147,60.393909N,24.811464E,56,23.1,198
12445,T,260803,075148,60.393852N,24.811426E,56,22.7,198
12446,T,260803,075149,60.393799N,24.811390E,56,21.9,198
12447,T,260803,075150,60.393749N,24.811356E,56,21.8,198
12448,T,260803,075151,60.393696N,24.811321E,56,21.7,198
12449,T,260803,075152,60.393642N,24.811293E,56,21.6,198
12450,T,260803,075153,60.393593N,24.811258E,57,21.5,198
12451,T,260803,075154,60.393539N,24.811224E,57,21.6,198
12452,T,260803,075155,60.393490N,24.811190E,57,21.5,198
12453,T,260803,075156,60.393436N,24.811153E,57,21.6,198
12454,T,260803,075157,60.393383N,24.811115E,57,21.7,198
12455,T,260803,075158,60.393333N,24.811083E,57,22.0,198
12456,T,260803,075159,60.393280N,24.811047E,57,22.1,198
12457,T,260803,075200,60.393227N,24.811010E,58,22.5,198
12458,T,260803,075201,60.393173N,24.810974E,58,22.5,198
12459,T,260803,075202,60.393120N,24.810934E,58,22.8,198
12460,T,260803,075203,60.393063N,24.810894E,58,22.9,198
12461,T,260803,075204,60.393013N,24.810856E,57,22.7,199
12462,T,260803,075205,60.392960N,24.810818E,57,22.2,198
12463,T,260803,075206,60.392906N,24.810783E,57,22.3,198
12464,T,260803,075207,60.392857N,24.810743E,57,22.7,198
12465,T,260803,075208,60.392799N,24.810703E,57,23.0,199
12466,T,260803,075209,60.392742N,24.810663E,57,23.1,199
12467,T,260803,075210,60.392689N,24.810625E,57,23.2,198
12468,T,260803,075211,60.392635N,24.810591E,57,23.3,198
12469,T,260803,075212,60.392578N,24.810555E,57,24.0,197
12470,T,260803,075213,60.392521N,24.810518E,57,23.8,197
12471,T,260803,075214,60.392467N,24.810480E,57,23.5,198
12472,T,260803,075215,60.392410N,24.810444E,57,23.8,197
12473,T,260803,075216,60.392357N,24.810408E,57,23.5,197
12474,T,260803,075217,60.392300N,24.810371E,57,23.6,197
12475,T,260803,075218,60.392242N,24.810335E,57,23.5,197
12476,T,260803,075219,60.392189N,24.810301E,57,23.2,197
12477,T,260803,075220,60.392132N,24.810266E,57,23.6,197
12478,T,260803,075221,60.392075N,24.810234E,57,23.7,196
12479,T,260803,075222,60.392021N,24.810202E,57,23.6,196
12480,T,260803,075223,60.391960N,24.810169E,57,23.6,196
12481,T,260803,075224,60.391899N,24.810139E,57,23.6,196
12482,T,260803,075225,60.391842N,24.810104E,57,23.9,196
12483,T,260803,075226,60.391781N,24.810072E,56,24.4,196
12484,T,260803,075227,60.391720N,24.810036E,56,25.0,196
12485,T,260803,075228,60.391659N,24.810003E,56,25.0,196
12486,T,260803,075229,60.391602N,24.809971E,56,24.7,195
12487,T,260803,075230,60.391541N,24.809935E,56,24.7,195
12488,T,260803,075231,60.391479N,24.809898E,56,24.7,195
12489,T,260803,075232,60.391422N,24.809864E,56,24.7,195
12490,T,260803,075233,60.391365N,24.809830E,56,24.7,195
12491,T,260803,075234,60.391304N,24.809795E,56,24.7,195
12492,T,260803,075235,60.391243N,24.809765E,56,24.3,195
12493,T,260803,075236,60.391190N,24.809732E,56,24.2,195
12494,T,260803,075237,60.391129N,24.809698E,56,24.1,195
12495,T,260803,075238,60.391071N,24.809668E,56,24.0,195
12496,T,260803,075239,60.391014N,24.809637E,56,23.7,194
12497,T,260803,075240,60.390961N,24.809608E,56,23.6,194
12498,T,260803,075241,60.390903N,24.809578E,56,23.5,194
12499,T,260803,075242,60.390846N,24.809546E,56,23.1,194
12500,T,260803,075243,60.390793N,24.809517E,56,22.8,194
12501,T,260803,075244,60.390736N,24.809488E,56,22.7,194
12502,T,260803,075245,60.390678N,24.809460E,56,22.2,194
12503,T,260803,075246,60.390629N,24.809431E,56,22.2,194
12504,T,260803,075247,60.390575N,24.809406E,56,22.0,193
12505,T,260803,075248,60.390518N,24.809380E,56,21.7,193
12506,T,260803,075249,60.390472N,24.809355E,56,21.6,194
12507,T,260803,075250,60.390419N,24.809328E,56,21.3,193
12508,T,260803,075251,60.390366N,24.809303E,56,21.3,193
12509,T,260803,075252,60.390312N,24.809278E,56,21.3,193
12510,T,260803,075253,60.390259N,24.809256E,56,21.2,193
12511,T,260803,075254,60.390213N,24.809233E,56,21.1,192
12512,T,260803,075255,60.390160N,24.809206E,56,20.4,192
12513,T,260803,075256,60.390114N,24.809181E,56,20.3,192
12514,T,260803,075257,60.390064N,24.809160E,57,20.3,192
12515,T,260803,075258,60.390011N,24.809137E,57,20.3,192
12516,T,260803,075259,60.389965N,24.809116E,57,20.3,192
12517,T,260803,075300,60.389915N,24.809095E,57,20.3,191
12518,T,260803,075301,60.389870N,24.809078E,57,20.2,191
12519,T,260803,075302,60.389816N,24.809055E,57,20.2,192
12520,T,260803,075303,60.389767N,24.809034E,57,20.2,192
12521,T,260803,075304,60.389721N,24.809010E,57,19.9,192
12522,T,260803,075305,60.389671N,24.808990E,57,19.5,192
12523,T,260803,075306,60.389626N,24.808973E,57,18.6,191
12524,T,260803,075307,60.389580N,24.808954E,57,17.3,191
12525,T,260803,075308,60.389538N,24.808935E,57,16.2,191
12526,T,260803,075309,60.389496N,24.808918E,57,15.6,192
12527,T,260803,075310,60.389462N,24.808903E,57,15.0,192
12528,T,260803,075311,60.389423N,24.808886E,57,14.3,192
12529,T,260803,075312,60.389393N,24.808874E,57,14.0,191
12530,T,260803,075313,60.389355N,24.808861E,57,14.0,191
12531,T,260803,075314,60.389320N,24.808846E,58,14.3,190
12532,T,260803,075315,60.389282N,24.808832E,58,14.2,191
12533,T,260803,075316,60.389248N,24.808817E,58,13.8,191
12534,T,260803,075317,60.389217N,24.808800E,58,13.8,191
12535,T,260803,075318,60.389179N,24.808786E,58,13.8,191
12536,T,260803,075319,60.389149N,24.808775E,58,14.1,191
12537,T,260803,075320,60.389111N,24.808760E,58,14.6,190
12538,T,260803,075321,60.389072N,24.808744E,58,14.7,190
12539,T,260803,075322,60.389034N,24.808731E,58,14.8,190
12540,T,260803,075323,60.389000N,24.808716E,58,14.9,191
12541,T,260803,075324,60.388962N,24.808704E,59,15.3,190
12542,T,260803,075325,60.388920N,24.808699E,59,15.3,191
12543,T,260803,075326,60.388882N,24.808685E,59,15.2,190
12544,T,260803,075327,60.388844N,24.808676E,59,14.9,190
12545,T,260803,075328,60.388805N,24.808666E,59,14.9,190
12546,T,260803,075329,60.388767N,24.808655E,59,14.8,190
12547,T,260803,075330,60.388729N,24.808641E,59,14.8,190
12548,T,260803,075331,60.388691N,24.808630E,58,14.9,190
12549,T,260803,075332,60.388657N,24.808619E,58,14.9,189
12550,T,260803,075333,60.388618N,24.808605E,58,15.0,189
12551,T,260803,075334,60.388580N,24.808596E,58,15.4,189
12552,T,260803,075335,60.388542N,24.808584E,58,15.3,189
12553,T,260803,075336,60.388504N,24.808577E,58,15.3,189
12554,T,260803,075337,60.388470N,24.808563E,58,15.3,190
12555,T,260803,075338,60.388432N,24.808554E,58,15.4,189
12556,T,260803,075339,60.388393N,24.808544E,58,15.7,189
12557,T,260803,075340,60.388351N,24.808535E,58,15.9,189
12558,T,260803,075341,60.388313N,24.808519E,58,16.0,189
12559,T,260803,075342,60.388271N,24.808508E,58,16.0,189
12560,T,260803,075343,60.388233N,24.808496E,58,16.0,189
12561,T,260803,075344,60.388195N,24.808483E,58,16.0,189
12562,T,260803,075345,60.388157N,24.808474E,58,16.0,189
12563,T,260803,075346,60.388115N,24.808462E,58,16.0,189
12564,T,260803,075347,60.388077N,24.808451E,58,16.0,189
12565,T,260803,075348,60.388035N,24.808437E,58,16.1,189
12566,T,260803,075349,60.387997N,24.808424E,58,16.1,189
12567,T,260803,075350,60.387955N,24.808413E,58,16.2,189
12568,T,260803,075351,60.387917N,24.808399E,58,16.1,189
12569,T,260803,075352,60.387875N,24.808390E,58,16.1,188
12570,T,260803,075353,60.387840N,24.808380E,58,16.0,188
12571,T,260803,075354,60.387798N,24.808371E,58,16.0,188
12572,T,260803,075355,60.387760N,24.808357E,58,15.9,187
12573,T,260803,075356,60.387718N,24.808342E,58,15.8,187
12574,T,260803,075357,60.387684N,24.808327E,58,15.8,187
12575,T,260803,075358,60.387646N,24.808313E,58,15.8,188
12576,T,260803,075359,60.387604N,24.808304E,58,15.8,188
12577,T,260803,075400,60.387562N,24.808292E,58,16.3,188
12578,T,260803,075401,60.387524N,24.808277E,58,16.4,188
12579,T,260803,075402,60.387482N,24.808268E,58,16.3,188
12580,T,260803,075403,60.387440N,24.808258E,58,16.2,187
12581,T,260803,075404,60.387402N,24.808249E,58,15.8,187
12582,T,260803,075405,60.387360N,24.808237E,58,15.9,187
12583,T,260803,075406,60.387321N,24.808228E,58,16.0,186
12584,T,260803,075407,60.387280N,24.808220E,59,16.1,186
12585,T,260803,075408,60.387241N,24.808212E,59,16.1,186
12586,T,260803,075409,60.387199N,24.808205E,59,16.1,186
12587,T,260803,075410,60.387161N,24.808193E,59,16.1,186
12588,T,260803,075411,60.387119N,24.808184E,59,16.0,186
12589,T,260803,075412,60.387081N,24.808176E,59,15.9,186
12590,T,260803,075413,60.387039N,24.808165E,59,15.9,186
12591,T,260803,075414,60.387001N,24.808155E,59,16.0,187
12592,T,260803,075415,60.386959N,24.808144E,60,16.0,187
12593,T,260803,075416,60.386921N,24.808134E,60,16.1,187
12594,T,260803,075417,60.386879N,24.808125E,60,16.1,186
12595,T,260803,075418,60.386841N,24.808113E,60,16.2,186
12596,T,260803,075419,60.386799N,24.808102E,60,16.2,186
12597,T,260803,075420,60.386761N,24.808090E,60,16.2,187
12598,T,260803,075421,60.386719N,24.808083E,60,16.3,187
12599,T,260803,075422,60.386677N,24.808069E,60,16.5,187
12600,T,260803,075423,60.386635N,24.808060E,60,16.5,187
12601,T,260803,075424,60.386597N,24.808050E,60,16.6,186
12602,T,260803,075425,60.386551N,24.808043E,60,16.7,186
12603,T,260803,075426,60.386513N,24.808037E,60,16.7,185
12604,T,260803,075427,60.386471N,24.808023E,60,16.7,185
12605,T,260803,075428,60.386429N,24.808016E,61,17.0,185
12606,T,260803,075429,60.386387N,24.808010E,60,17.6,186
12607,T,260803,075430,60.386345N,24.808001E,60,17.5,187
12608,T,260803,075431,60.386299N,24.807993E,60,17.5,186
12609,T,260803,075432,60.386257N,24.807983E,60,17.4,186
12610,T,260803,075433,60.386211N,24.807976E,60,17.3,185
12611,T,260803,075434,60.386169N,24.807968E,60,16.5,185
12612,T,260803,075435,60.386127N,24.807959E,60,15.6,186
12613,T,260803,075436,60.386089N,24.807947E,60,16.3,186
12614,T,260803,075437,60.386044N,24.807941E,60,16.4,186
12615,T,260803,075438,60.386002N,24.807936E,60,17.1,186
12616,T,260803,075439,60.385956N,24.807924E,60,17.2,186
12617,T,260803,075440,60.385914N,24.807917E,60,17.1,186
12618,T,260803,075441,60.385868N,24.807903E,60,17.0,187
12619,T,260803,075442,60.385822N,24.807892E,60,17.1,187
12620,T,260803,075443,60.385780N,24.807880E,59,16.3,188
12621,T,260803,075444,60.385738N,24.807867E,59,16.3,189
12622,T,260803,075445,60.385696N,24.807861E,60,16.9,188
12623,T,260803,075446,60.385651N,24.807854E,59,17.2,187
12624,T,260803,075447,60.385609N,24.807844E,59,16.5,187
12625,T,260803,075448,60.385567N,24.807837E,59,17.2,186
12626,T,260803,075449,60.385521N,24.807831E,59,17.7,186
12627,T,260803,075450,60.385475N,24.807819E,59,17.7,186
12628,T,260803,075451,60.385433N,24.807808E,59,18.6,186
12629,T,260803,075452,60.385384N,24.807800E,59,18.6,186
12630,T,260803,075453,60.385342N,24.807793E,60,18.6,186
12631,T,260803,075454,60.385288N,24.807781E,60,18.7,186
12632,T,260803,075455,60.385239N,24.807772E,60,18.7,185
12633,T,260803,075456,60.385197N,24.807762E,60,18.8,185
12634,T,260803,075457,60.385151N,24.807753E,61,18.8,185
12635,T,260803,075458,60.385105N,24.807743E,62,19.2,185
12636,T,260803,075459,60.385056N,24.807735E,62,19.2,185
12637,T,260803,075500,60.385010N,24.807730E,62,19.2,185
12638,T,260803,075501,60.384960N,24.807724E,62,19.3,185
12639,T,260803,075502,60.384911N,24.807716E,62,19.4,185
12640,T,260803,075503,60.384861N,24.807705E,62,19.7,185
12641,T,260803,075504,60.384811N,24.807695E,62,20.1,185
12642,T,260803,075505,60.384762N,24.807684E,62,20.1,185
12643,T,260803,075506,60.384712N,24.807676E,62,20.2,185
12644,T,260803,075507,60.384659N,24.807667E,62,20.3,185
12645,T,260803,075508,60.384609N,24.807657E,62,21.2,184
12646,T,260803,075509,60.384556N,24.807646E,62,19.7,185
12647,T,260803,075510,60.384506N,24.807636E,63,20.5,185
12648,T,260803,075511,60.384457N,24.807625E,63,20.4,185
12649,T,260803,075512,60.384403N,24.807615E,63,19.5,185
12650,T,260803,075513,60.384357N,24.807606E,63,19.7,185
12651,T,260803,075514,60.384308N,24.807596E,63,20.2,185
12652,T,260803,075515,60.384258N,24.807587E,63,20.3,185
12653,T,260803,075516,60.384209N,24.807577E,63,20.2,184
12654,T,260803,075517,60.384159N,24.807571E,63,20.1,184
12655,T,260803,075518,60.384113N,24.807564E,63,20.4,185
12656,T,260803,075519,60.384060N,24.807554E,63,20.5,185
12657,T,260803,075520,60.384007N,24.807543E,63,20.5,185
12658,T,260803,075521,60.383957N,24.807529E,63,20.9,185
12659,T,260803,075522,60.383904N,24.807520E,63,21.3,185
12660,T,260803,075523,60.383850N,24.807510E,63,20.8,185
12661,T,260803,075524,60.383801N,24.807501E,63,21.2,184
12662,T,260803,075525,60.383747N,24.807491E,63,20.4,184
12663,T,260803,075526,60.383698N,24.807482E,62,19.7,185
12664,T,260803,075527,60.383648N,24.807470E,62,19.5,185
12665,T,260803,075528,60.383595N,24.807465E,62,20.0,185
12666,T,260803,075529,60.383545N,24.807455E,62,20.7,185
12667,T,260803,075530,60.383492N,24.807446E,62,21.2,184
12668,T,260803,075531,60.383438N,24.807440E,62,21.2,183
12669,T,260803,075532,60.383385N,24.807432E,62,21.6,184
12670,T,260803,075533,60.383331N,24.807423E,62,21.5,184
12671,T,260803,075534,60.383282N,24.807411E,62,21.6,184
12672,T,260803,075535,60.383224N,24.807404E,61,21.4,184
12673,T,260803,075536,60.383171N,24.807394E,62,21.5,184
12674,T,260803,075537,60.383121N,24.807384E,62,21.6,185
12675,T,260803,075538,60.383064N,24.807373E,62,21.6,185
12676,T,260803,075539,60.383011N,24.807364E,62,21.7,185
12677,T,260803,075540,60.382957N,24.807356E,61,22.1,184
12678,T,260803,075541,60.382900N,24.807348E,61,22.5,184
12679,T,260803,075542,60.382843N,24.807339E,61,22.5,184
12680,T,260803,075543,60.382790N,24.807327E,61,22.5,184
12681,T,260803,075544,60.382729N,24.807316E,61,23.0,185
12682,T,260803,075545,60.382671N,24.807304E,61,23.3,186
12683,T,260803,075546,60.382614N,24.807293E,61,23.6,185
12684,T,260803,075547,60.382557N,24.807280E,61,23.8,185
12685,T,260803,075548,60.382496N,24.807266E,60,24.3,185
12686,T,260803,075549,60.382435N,24.807255E,60,24.7,185
12687,T,260803,075550,60.382378N,24.807240E,60,24.3,185
12688,T,260803,075551,60.382320N,24.807228E,60,22.1,185
12689,T,260803,075552,60.382259N,24.807217E,60,23.0,186
12690,T,260803,075553,60.382202N,24.807201E,60,23.0,186
12691,T,260803,075554,60.382145N,24.807188E,60,23.0,186
12692,T,260803,075555,60.382084N,24.807177E,59,23.8,186
12693,T,260803,075556,60.382023N,24.807163E,59,23.4,186
12694,T,260803,075557,60.381966N,24.807150E,59,23.5,186
12695,T,260803,075558,60.381908N,24.807138E,59,23.8,185
12696,T,260803,075559,60.381847N,24.807125E,59,23.2,185
12697,T,260803,075600,60.381786N,24.807116E,59,23.7,186
12698,T,260803,075601,60.381729N,24.807106E,58,23.7,185
12699,T,260803,075602,60.381672N,24.807098E,58,23.7,185
12700,T,260803,075603,60.381615N,24.807091E,58,23.8,185
12701,T,260803,075604,60.381557N,24.807079E,58,23.7,185
12702,T,260803,075605,60.381496N,24.807070E,58,23.8,185
12703,T,260803,075606,60.381439N,24.807058E,59,23.8,185
12704,T,260803,075607,60.381378N,24.807047E,59,24.1,185
12705,T,260803,075608,60.381321N,24.807034E,59,24.7,185
12706,T,260803,075609,60.381256N,24.807022E,58,25.0,184
12707,T,260803,075610,60.381191N,24.807009E,58,25.4,185
12708,T,260803,075611,60.381126N,24.806995E,58,25.5,185
12709,T,260803,075612,60.381065N,24.806984E,58,26.4,185
12710,T,260803,075613,60.381001N,24.806971E,58,26.4,185
12711,T,260803,075614,60.380932N,24.806955E,58,26.4,185
12712,T,260803,075615,60.380863N,24.806944E,58,26.7,185
12713,T,260803,075616,60.380795N,24.806931E,57,27.1,185
12714,T,260803,075617,60.380730N,24.806917E,57,27.1,185
12715,T,260803,075618,60.380661N,24.806906E,57,27.2,185
12716,T,260803,075619,60.380592N,24.806894E,57,27.2,185
12717,T,260803,075620,60.380524N,24.806881E,57,27.2,185
12718,T,260803,075621,60.380455N,24.806866E,57,27.2,185
12719,T,260803,075622,60.380386N,24.806856E,57,27.3,185
12720,T,260803,075623,60.380322N,24.806845E,57,27.3,185
12721,T,260803,075624,60.380249N,24.806831E,56,27.4,185
12722,T,260803,075625,60.380184N,24.806820E,56,27.0,185
12723,T,260803,075626,60.380116N,24.806807E,56,26.9,184
12724,T,260803,075627,60.380047N,24.806795E,56,27.0,185
12725,T,260803,075628,60.379978N,24.806784E,56,26.7,185
12726,T,260803,075629,60.379917N,24.806770E,55,26.3,185
12727,T,260803,075630,60.379848N,24.806755E,55,26.4,185
12728,T,260803,075631,60.379784N,24.806744E,55,26.1,185
12729,T,260803,075632,60.379715N,24.806734E,55,26.0,185
12730,T,260803,075633,60.379650N,24.806721E,55,26.0,185
12731,T,260803,075634,60.379589N,24.806707E,55,26.0,185
12732,T,260803,075635,60.379524N,24.806696E,54,25.9,185
12733,T,260803,075636,60.379459N,24.806688E,54,26.0,185
12734,T,260803,075637,60.379391N,24.806679E,54,26.5,185
12735,T,260803,075638,60.379326N,24.806665E,54,26.6,185
12736,T,260803,075639,60.379261N,24.806652E,54,27.0,185
12737,T,260803,075640,60.379192N,24.806637E,54,27.4,185
12738,T,260803,075641,60.379120N,24.806623E,54,27.4,185
12739,T,260803,075642,60.379051N,24.806610E,54,27.8,185
12740,T,260803,075643,60.378983N,24.806599E,54,27.9,184
12741,T,260803,075644,60.378914N,24.806583E,53,28.2,184
12742,T,260803,075645,60.378841N,24.806572E,53,28.3,185
12743,T,260803,075646,60.378769N,24.806557E,53,28.7,185
12744,T,260803,075647,60.378700N,24.806543E,53,28.7,185
12745,T,260803,075648,60.378628N,24.806528E,53,28.4,185
12746,T,260803,075649,60.378555N,24.806517E,53,27.7,185
12747,T,260803,075650,60.378487N,24.806501E,53,27.8,184
12748,T,260803,075651,60.378422N,24.806486E,53,26.9,184
12749,T,260803,075652,60.378353N,24.806473E,53,26.9,185
12750,T,260803,075653,60.378288N,24.806454E,52,25.6,186
12751,T,260803,075654,60.378223N,24.806435E,52,24.9,187
12752,T,260803,075655,60.378162N,24.806419E,52,24.8,186
12753,T,260803,075656,60.378101N,24.806408E,52,24.1,186
12754,T,260803,075657,60.378044N,24.806398E,52,22.8,185
12755,T,260803,075658,60.377987N,24.806383E,52,22.4,185
12756,T,260803,075659,60.377930N,24.806372E,52,23.0,185
12757,T,260803,075700,60.377872N,24.806358E,52,23.0,186
12758,T,260803,075701,60.377811N,24.806343E,52,23.7,186
12759,T,260803,075702,60.377750N,24.806328E,51,23.9,187
12760,T,260803,075703,60.377693N,24.806311E,51,24.0,186
12761,T,260803,075704,60.377628N,24.806299E,51,25.0,186
12762,T,260803,075705,60.377563N,24.806286E,51,24.9,185
12763,T,260803,075706,60.377502N,24.806274E,51,24.9,186
12764,T,260803,075707,60.377441N,24.806259E,51,23.9,186
12765,T,260803,075708,60.377380N,24.806246E,51,24.2,187
12766,T,260803,075709,60.377316N,24.806236E,51,25.0,187
12767,T,260803,075710,60.377251N,24.806225E,51,24.6,186
12768,T,260803,075711,60.377193N,24.806213E,51,24.1,186
12769,T,260803,075712,60.377129N,24.806204E,51,24.1,186
12770,T,260803,075713,60.377064N,24.806194E,51,24.8,185
12771,T,260803,075714,60.377003N,24.806185E,51,24.7,185
12772,T,260803,075715,60.376942N,24.806171E,51,24.7,185
12773,T,260803,075716,60.376881N,24.806158E,51,24.5,185
12774,T,260803,075717,60.376823N,24.806145E,51,23.2,186
12775,T,260803,075718,60.376766N,24.806128E,51,22.9,187
12776,T,260803,075719,60.376709N,24.806112E,52,22.8,187
12777,T,260803,075720,60.376648N,24.806101E,52,23.2,187
12778,T,260803,075721,60.376587N,24.806087E,52,23.9,187
12779,T,260803,075722,60.376530N,24.806076E,52,23.9,186
12780,T,260803,075723,60.376465N,24.806065E,51,23.8,186
12781,T,260803,075724,60.376404N,24.806055E,51,23.8,186
12782,T,260803,075725,60.376339N,24.806046E,51,24.4,185
12783,T,260803,075726,60.376282N,24.806036E,52,23.8,185
12784,T,260803,075727,60.376225N,24.806025E,52,22.7,185
12785,T,260803,075728,60.376163N,24.806017E,52,23.0,185
12786,T,260803,075729,60.376102N,24.806004E,53,23.3,186
12787,T,260803,075730,60.376049N,24.805990E,53,23.4,186
12788,T,260803,075731,60.375988N,24.805979E,53,23.4,186
12789,T,260803,075732,60.375927N,24.805965E,53,23.0,186
12790,T,260803,075733,60.375874N,24.805969E,53,22.9,186
12791,T,260803,075734,60.375813N,24.805964E,53,22.5,187
12792,T,260803,075735,60.375751N,24.805954E,53,21.8,187
12793,T,260803,075736,60.375690N,24.805941E,53,22.0,188
12794,T,260803,075737,60.375633N,24.805931E,53,23.3,187
12795,T,260803,075738,60.375568N,24.805931E,53,23.4,187
12796,T,260803,075739,60.375511N,24.805923E,53,23.4,186
12797,T,260803,075740,60.375446N,24.805916E,54,22.9,185
12798,T,260803,075741,60.375393N,24.805908E,54,22.9,185
12799,T,260803,075742,60.375332N,24.805897E,54,23.2,185
12800,T,260803,075743,60.375275N,24.805883E,54,22.7,184
12801,T,260803,075744,60.375229N,24.805870E,54,22.6,185
12802,T,260803,075745,60.375168N,24.805853E,54,23.5,186
12803,T,260803,075746,60.375114N,24.805834E,55,22.7,186
12804,T,260803,075747,60.375061N,24.805822E,55,22.6,187
12805,T,260803,075748,60.375000N,24.805807E,55,22.6,186
12806,T,260803,075749,60.374947N,24.805796E,55,23.0,186
12807,T,260803,075750,60.374889N,24.805782E,55,22.7,186
12808,T,260803,075751,60.374832N,24.805773E,55,22.5,186
12809,T,260803,075752,60.374775N,24.805761E,56,21.9,186
12810,T,260803,075753,60.374722N,24.805752E,56,22.0,187
12811,T,260803,075754,60.374660N,24.805744E,55,23.1,186
12812,T,260803,075755,60.374599N,24.805737E,55,23.7,185
12813,T,260803,075756,60.374538N,24.805723E,55,23.2,185
12814,T,260803,075757,60.374485N,24.805714E,55,22.7,186
12815,T,260803,075758,60.374424N,24.805700E,55,23.3,186
12816,T,260803,075759,60.374363N,24.805693E,54,23.3,185
12817,T,260803,075800,60.374310N,24.805683E,54,22.8,184
12818,T,260803,075801,60.374249N,24.805674E,54,24.5,184
12819,T,260803,075802,60.374184N,24.805664E,54,24.4,185
12820,T,260803,075803,60.374123N,24.805651E,54,24.1,185
12821,T,260803,075804,60.374050N,24.805639E,53,22.5,186
12822,T,260803,075805,60.373993N,24.805628E,53,23.0,186
12823,T,260803,075806,60.373940N,24.805624E,53,23.0,185
12824,T,260803,075807,60.373878N,24.805613E,53,24.0,185
12825,T,260803,075808,60.373821N,24.805595E,53,25.0,185
12826,T,260803,075809,60.373756N,24.805582E,52,24.5,186
12827,T,260803,075810,60.373688N,24.805569E,52,25.7,185
12828,T,260803,075811,60.373619N,24.805555E,51,26.0,185
12829,T,260803,075812,60.373554N,24.805544E,51,26.1,185
12830,T,260803,075813,60.373489N,24.805534E,51,26.1,185
12831,T,260803,075814,60.373421N,24.805519E,51,26.9,185
12832,T,260803,075815,60.373352N,24.805510E,50,27.0,184
12833,T,260803,075816,60.373283N,24.805504E,50,26.1,184
12834,T,260803,075817,60.373219N,24.805492E,50,26.2,184
12835,T,260803,075818,60.373158N,24.805479E,50,26.1,184
12836,T,260803,075819,60.373089N,24.805468E,49,25.4,184
12837,T,260803,075820,60.373028N,24.805458E,49,24.6,185
12838,T,260803,075821,60.372963N,24.805445E,49,25.4,186
12839,T,260803,075822,60.372898N,24.805418E,48,25.4,187
12840,T,260803,075823,60.372841N,24.805393E,48,24.4,189
12841,T,260803,075824,60.372780N,24.805376E,48,24.8,189
12842,T,260803,075825,60.372719N,24.805363E,48,24.8,187
12843,T,260803,075826,60.372658N,24.805349E,48,25.2,186
12844,T,260803,075827,60.372593N,24.805340E,48,25.1,184
12845,T,260803,075828,60.372528N,24.805330E,48,24.8,183
12846,T,260803,075829,60.372463N,24.805321E,48,24.0,183
12847,T,260803,075830,60.372410N,24.805305E,48,24.9,184
12848,T,260803,075831,60.372349N,24.805292E,48,25.3,183
12849,T,260803,075832,60.372288N,24.805277E,48,24.5,184
12850,T,260803,075833,60.372227N,24.805260E,49,25.4,184
12851,T,260803,075834,60.372169N,24.805248E,49,26.0,184
12852,T,260803,075835,60.372101N,24.805225E,50,26.0,184
12853,T,260803,075836,60.372032N,24.805204E,50,26.7,184
12854,T,260803,075837,60.371967N,24.805195E,50,27.8,183
12855,T,260803,075838,60.371899N,24.805183E,50,27.7,183
12856,T,260803,075839,60.371834N,24.805172E,51,27.2,183
12857,T,260803,075840,60.371765N,24.805166E,51,27.2,182
12858,T,260803,075841,60.371704N,24.805168E,52,28.2,180
12859,T,260803,075842,60.371639N,24.805176E,52,28.5,178
12860,T,260803,075843,60.371567N,24.805180E,52,28.5,177
12861,T,260803,075844,60.371494N,24.805178E,52,28.5,178
12862,T,260803,075845,60.371429N,24.805176E,52,28.0,179
12863,T,260803,075846,60.371357N,24.805176E,52,28.0,180
12864,T,260803,075847,60.371281N,24.805176E,51,28.7,181
12865,T,260803,075848,60.371208N,24.805174E,51,28.7,181
12866,T,260803,075849,60.371132N,24.805172E,50,28.6,181
12867,T,260803,075850,60.371059N,24.805170E,49,28.6,181
12868,T,260803,075851,60.370987N,24.805168E,49,28.3,181
12869,T,260803,075852,60.370914N,24.805168E,49,28.0,181
12870,T,260803,075853,60.370850N,24.805168E,48,27.8,180
12871,T,260803,075854,60.370781N,24.805168E,48,26.9,180
12872,T,260803,075855,60.370716N,24.805168E,48,26.6,180
12873,T,260803,075856,60.370647N,24.805166E,48,26.7,180
12874,T,260803,075857,60.370579N,24.805164E,48,26.8,180
12875,T,260803,075858,60.370518N,24.805164E,48,26.7,180
12876,T,260803,075859,60.370449N,24.805166E,48,27.2,180
12877,T,260803,075900,60.370384N,24.805166E,48,27.3,180
12878,T,260803,075901,60.370316N,24.805168E,48,27.7,179
12879,T,260803,075902,60.370247N,24.805170E,48,27.0,179
12880,T,260803,075903,60.370178N,24.805174E,48,27.0,179
12881,T,260803,075904,60.370113N,24.805176E,48,27.6,179
12882,T,260803,075905,60.370041N,24.805176E,48,27.0,179
12883,T,260803,075906,60.369972N,24.805180E,48,26.4,179
12884,T,260803,075907,60.369904N,24.805185E,48,25.6,179
12885,T,260803,075908,60.369839N,24.805197E,48,24.7,178
12886,T,260803,075909,60.369781N,24.805204E,49,23.5,177
12887,T,260803,075910,60.369720N,24.805210E,49,23.0,178
12888,T,260803,075911,60.369663N,24.805214E,49,22.6,178
12889,T,260803,075912,60.369602N,24.805222E,49,22.7,179
12890,T,260803,075913,60.369553N,24.805225E,49,22.6,179
12891,T,260803,075914,60.369492N,24.805229E,49,22.5,179
12892,T,260803,075915,60.369434N,24.805235E,49,22.0,178
12893,T,260803,075916,60.369381N,24.805237E,49,22.5,178
12894,T,260803,075917,60.369324N,24.805243E,49,21.7,178
12895,T,260803,075918,60.369270N,24.805244E,49,21.0,178
12896,T,260803,075919,60.369221N,24.805248E,49,21.7,178
12897,T,260803,075920,60.369167N,24.805252E,49,21.6,178
12898,T,260803,075921,60.369110N,24.805258E,49,21.6,177
12899,T,260803,075922,60.369061N,24.805264E,50,21.5,177
12900,T,260803,075923,60.369007N,24.805267E,50,21.1,177
12901,T,260803,075924,60.368954N,24.805273E,50,21.1,176
12902,T,260803,075925,60.368900N,24.805283E,50,20.6,176
12903,T,260803,075926,60.368847N,24.805285E,50,20.0,177
12904,T,260803,075927,60.368797N,24.805288E,50,20.0,177
12905,T,260803,075928,60.368748N,24.805292E,50,19.4,177
12906,T,260803,075929,60.368698N,24.805294E,50,19.0,177
12907,T,260803,075930,60.368652N,24.805298E,50,18.5,177
12908,T,260803,075931,60.368599N,24.805304E,49,18.4,176
12909,T,260803,075932,60.368553N,24.805311E,49,17.9,176
12910,T,260803,075933,60.368500N,24.805319E,48,17.8,177
12911,T,260803,075934,60.368446N,24.805325E,47,17.4,176
12912,T,260803,075935,60.368404N,24.805330E,47,17.3,176
12913,T,260803,075936,60.368359N,24.805338E,47,17.3,176
12914,T,260803,075937,60.368305N,24.805347E,46,17.3,176
12915,T,260803,075938,60.368256N,24.805353E,46,17.2,176
12916,T,260803,075939,60.368210N,24.805363E,46,17.4,176
12917,T,260803,075940,60.368164N,24.805370E,46,17.3,176
12918,T,260803,075941,60.368114N,24.805380E,46,17.4,176
12919,T,260803,075942,60.368073N,24.805386E,45,17.4,176
12920,T,260803,075943,60.368023N,24.805395E,45,17.4,176
12921,T,260803,075944,60.367981N,24.805401E,45,17.3,176
12922,T,260803,075945,60.367939N,24.805405E,45,17.3,176
12923,T,260803,075946,60.367893N,24.805408E,45,17.3,176
12924,T,260803,075947,60.367847N,24.805412E,44,17.3,176
12925,T,260803,075948,60.367805N,24.805416E,44,17.3,175
12926,T,260803,075949,60.367764N,24.805424E,44,16.9,175
12927,T,260803,075950,60.367722N,24.805429E,44,16.9,175
12928,T,260803,075951,60.367680N,24.805435E,44,17.0,175
12929,T,260803,075952,60.367638N,24.805443E,44,17.0,175
12930,T,260803,075953,60.367592N,24.805449E,44,17.0,175
12931,T,260803,075954,60.367554N,24.805462E,44,17.0,175
12932,T,260803,075955,60.367508N,24.805471E,44,17.0,174
12933,T,260803,075956,60.367470N,24.805485E,44,17.4,174
12934,T,260803,075957,60.367428N,24.805498E,44,17.5,173
12935,T,260803,075958,60.367390N,24.805511E,45,17.8,174
12936,T,260803,075959,60.367344N,24.805515E,45,17.8,174
12937,T,260803,080000,60.367306N,24.805536E,45,17.8,174
12938,T,260803,080001,60.367264N,24.805555E,46,17.6,174
12939,T,260803,080002,60.367222N,24.805571E,46,17.5,174
12940,T,260803,080003,60.367180N,24.805584E,46,17.5,173
12941,T,260803,080004,60.367134N,24.805601E,47,17.4,174
12942,T,260803,080005,60.367096N,24.805614E,47,17.3,174
12943,T,260803,080006,60.367050N,24.805626E,47,17.3,174
12944,T,260803,080007,60.367008N,24.805635E,48,17.3,174
12945,T,260803,080008,60.366978N,24.805658E,48,17.4,174
12946,T,260803,080009,60.366932N,24.805666E,48,17.4,173
12947,T,260803,080010,60.366886N,24.805679E,48,17.3,173
12948,T,260803,080011,60.366848N,24.805691E,48,17.3,173
12949,T,260803,080012,60.366802N,24.805700E,49,16.8,173
12950,T,260803,080013,60.366760N,24.805714E,49,17.3,173
12951,T,260803,080014,60.366718N,24.805723E,49,17.4,173
12952,T,260803,080015,60.366676N,24.805735E,49,17.8,174
12953,T,260803,080016,60.366631N,24.805744E,49,18.2,173
12954,T,260803,080017,60.366589N,24.805756E,49,18.2,173
12955,T,260803,080018,60.366539N,24.805763E,50,18.4,173
12956,T,260803,080019,60.366497N,24.805777E,50,19.0,173
12957,T,260803,080020,60.366447N,24.805782E,50,18.6,173
12958,T,260803,080021,60.366405N,24.805790E,50,18.6,173
12959,T,260803,080022,60.366360N,24.805799E,50,18.7,173
12960,T,260803,080023,60.366310N,24.805811E,50,18.8,173
12961,T,260803,080024,60.366264N,24.805824E,51,19.1,173
12962,T,260803,080025,60.366219N,24.805836E,51,19.2,172
12963,T,260803,080026,60.366169N,24.805845E,51,19.6,173
12964,T,260803,080027,60.366119N,24.805859E,51,19.7,173
12965,T,260803,080028,60.366074N,24.805872E,52,20.1,173
12966,T,260803,080029,60.366020N,24.805883E,52,20.1,173
12967,T,260803,080030,60.365967N,24.805897E,52,20.2,173
12968,T,260803,080031,60.365917N,24.805908E,52,20.3,173
12969,T,260803,080032,60.365868N,24.805920E,52,20.4,173
12970,T,260803,080033,60.365814N,24.805935E,52,20.3,173
12971,T,260803,080034,60.365765N,24.805946E,53,20.3,173
12972,T,260803,080035,60.365715N,24.805960E,53,20.3,173
12973,T,260803,080036,60.365665N,24.805971E,53,20.6,173
12974,T,260803,080037,60.365612N,24.805984E,53,20.5,173
12975,T,260803,080038,60.365559N,24.805996E,53,20.7,173
12976,T,260803,080039,60.365509N,24.806004E,54,21.0,174
12977,T,260803,080040,60.365456N,24.806011E,54,21.1,173
12978,T,260803,080041,60.365402N,24.806025E,54,21.1,173
12979,T,260803,080042,60.365353N,24.806038E,54,21.2,173
12980,T,260803,080043,60.365299N,24.806047E,54,21.6,173
12981,T,260803,080044,60.365246N,24.806059E,54,21.5,173
12982,T,260803,080045,60.365192N,24.806070E,55,21.4,173
12983,T,260803,080046,60.365139N,24.806080E,55,21.0,173
12984,T,260803,080047,60.365089N,24.806089E,55,21.1,174
12985,T,260803,080048,60.365036N,24.806105E,55,21.1,173
12986,T,260803,080049,60.364979N,24.806118E,55,21.2,172
12987,T,260803,080050,60.364929N,24.806131E,55,21.3,172
12988,T,260803,080051,60.364872N,24.806145E,55,21.3,172
12989,T,260803,080052,60.364819N,24.806158E,56,21.0,172
12990,T,260803,080053,60.364765N,24.806168E,55,21.9,173
12991,T,260803,080054,60.364708N,24.806179E,55,21.9,173
12992,T,260803,080055,60.364651N,24.806194E,55,22.2,173
12993,T,260803,080056,60.364597N,24.806204E,55,22.3,173
12994,T,260803,080057,60.364540N,24.806217E,55,22.4,173
12995,T,260803,080058,60.364487N,24.806232E,56,22.2,173
12996,T,260803,080059,60.364433N,24.806244E,56,21.6,173
12997,T,260803,080100,60.364380N,24.806257E,56,21.1,172
12998,T,260803,080101,60.364326N,24.806274E,56,20.5,172
12999,T,260803,080102,60.364281N,24.806286E,56,19.9,172
13000,T,260803,080103,60.364227N,24.806295E,56,20.5,173
13001,T,260803,080104,60.364178N,24.806307E,56,21.3,174
13002,T,260803,080105,60.364120N,24.806316E,56,22.3,174
13003,T,260803,080106,60.364063N,24.806326E,56,22.8,174
13004,T,260803,080107,60.364010N,24.806339E,56,23.4,174
13005,T,260803,080108,60.363949N,24.806351E,56,23.8,173
13006,T,260803,080109,60.363888N,24.806364E,56,24.2,173
13007,T,260803,080110,60.363827N,24.806376E,56,24.6,173
13008,T,260803,080111,60.363770N,24.806389E,56,25.0,174
13009,T,260803,080112,60.363705N,24.806400E,56,25.1,174
13010,T,260803,080113,60.363640N,24.806414E,56,25.2,174
13011,T,260803,080114,60.363579N,24.806423E,56,25.2,174
13012,T,260803,080115,60.363518N,24.806438E,56,25.7,173
13013,T,260803,080116,60.363453N,24.806454E,56,25.7,173
13014,T,260803,080117,60.363384N,24.806463E,56,25.8,174
13015,T,260803,080118,60.363319N,24.806477E,56,26.2,174
13016,T,260803,080119,60.363255N,24.806488E,56,26.2,174
13017,T,260803,080120,60.363194N,24.806503E,56,25.7,173
13018,T,260803,080121,60.363129N,24.806517E,56,25.2,173
13019,T,260803,080122,60.363068N,24.806526E,56,24.7,173
13020,T,260803,080123,60.363007N,24.806538E,56,24.7,174
13021,T,260803,080124,60.362946N,24.806553E,56,24.3,174
13022,T,260803,080125,60.362885N,24.806564E,56,24.0,174
13023,T,260803,080126,60.362827N,24.806578E,56,23.6,173
13024,T,260803,080127,60.362766N,24.806593E,56,23.5,173
13025,T,260803,080128,60.362713N,24.806602E,55,23.0,173
13026,T,260803,080129,60.362652N,24.806614E,55,23.3,173
13027,T,260803,080130,60.362595N,24.806623E,55,23.7,173
13028,T,260803,080131,60.362537N,24.806637E,55,24.7,174
13029,T,260803,080132,60.362473N,24.806650E,55,24.8,173
13030,T,260803,080133,60.362411N,24.806664E,55,24.9,173
13031,T,260803,080134,60.362350N,24.806677E,55,24.5,173
13032,T,260803,080135,60.362289N,24.806690E,55,24.0,173
13033,T,260803,080136,60.362232N,24.806704E,56,23.9,173
13034,T,260803,080137,60.362167N,24.806721E,56,23.3,172
13035,T,260803,080138,60.362110N,24.806736E,55,22.5,172
13036,T,260803,080139,60.362057N,24.806746E,55,22.6,172
13037,T,260803,080140,60.362000N,24.806759E,55,23.2,173
13038,T,260803,080141,60.361938N,24.806770E,55,23.0,173
13039,T,260803,080142,60.361881N,24.806782E,55,23.4,173
13040,T,260803,080143,60.361820N,24.806791E,55,23.2,173
13041,T,260803,080144,60.361759N,24.806801E,55,23.3,174
13042,T,260803,080145,60.361706N,24.806816E,55,23.7,173
13043,T,260803,080146,60.361645N,24.806828E,55,23.7,173
13044,T,260803,080147,60.361588N,24.806837E,55,23.6,173
13045,T,260803,080148,60.361526N,24.806854E,54,23.9,173
13046,T,260803,080149,60.361469N,24.806864E,54,23.4,173
13047,T,260803,080150,60.361412N,24.806875E,54,22.9,173
13048,T,260803,080151,60.361355N,24.806889E,54,22.4,173
13049,T,260803,080152,60.361301N,24.806898E,54,22.3,173
13050,T,260803,080153,60.361244N,24.806910E,54,22.7,173
13051,T,260803,080154,60.361187N,24.806925E,54,22.2,173
13052,T,260803,080155,60.361137N,24.806936E,54,21.3,174
13053,T,260803,080156,60.361080N,24.806946E,54,21.4,174
13054,T,260803,080157,60.361027N,24.806957E,54,21.1,174
13055,T,260803,080158,60.360977N,24.806971E,53,20.5,174
13056,T,260803,080159,60.360924N,24.806980E,53,19.7,174
13057,T,260803,080200,60.360874N,24.806992E,53,19.4,173
13058,T,260803,080201,60.360828N,24.806999E,53,18.4,177
13059,T,260803,080202,60.360786N,24.806995E,53,17.7,191
13060,T,260803,080203,60.360748N,24.806965E,53,15.6,209
13061,T,260803,080204,60.360722N,24.806917E,53,14.3,227
13062,T,260803,080205,60.360703N,24.806862E,53,12.8,244
13063,T,260803,080206,60.360691N,24.806805E,53,11.6,253
13064,T,260803,080207,60.360683N,24.806749E,53,10.7,254
13065,T,260803,080208,60.360680N,24.806704E,54,8.2,254
13066,T,260803,080209,60.360676N,24.806671E,54,5.5,254
13067,T,260803,080210,60.360672N,24.806660E,54,0.0,254
13068,T,260803,080211,60.360676N,24.806662E,54,0.0,254
13069,T,260803,080212,60.360676N,24.806669E,54,0.0,254
13070,T,260803,080213,60.360676N,24.806671E,54,0.0,254
13071,T,260803,080214,60.360676N,24.806673E,54,0.0,254
13072,T,260803,080215,60.360676N,24.806673E,55,0.0,254
13073,T,260803,080216,60.360676N,24.806673E,55,0.0,254
13074,T,260803,080217,60.360676N,24.806671E,55,0.0,254
13075,T,260803,080218,60.360676N,24.806671E,55,0.0,254
13076,T,260803,080219,60.360676N,24.806669E,55,0.0,254
13077,T,260803,080220,60.360676N,24.806667E,55,0.0,254
13078,T,260803,080221,60.360676N,24.806667E,55,0.0,254
13079,T,260803,080222,60.360676N,24.806667E,55,0.0,254
13080,T,260803,080223,60.360672N,24.806667E,55,0.0,254
13081,T,260803,080224,60.360672N,24.806667E,55,0.0,254
13082,T,260803,080225,60.360672N,24.806667E,55,0.0,254
13083,T,260803,080226,60.360672N,24.806667E,55,0.0,254
13084,T,260803,080227,60.360672N,24.806667E,55,0.0,254
13085,T,260803,080228,60.360672N,24.806667E,55,0.0,254
13086,T,260803,080229,60.360672N,24.806667E,55,0.0,254
13087,T,260803,080230,60.360672N,24.806667E,55,0.0,254
13088,T,260803,080231,60.360672N,24.806667E,55,0.0,254
13089,T,260803,080232,60.360672N,24.806667E,55,0.0,254
13090,T,260803,080233,60.360672N,24.806667E,55,0.0,254
13091,T,260803,080234,60.360672N,24.806671E,55,0.0,254
13092,T,260803,080235,60.360672N,24.806684E,55,0.0,254
13093,T,260803,080236,60.360672N,24.806698E,55,0.0,254
13094,T,260803,080237,60.360672N,24.806717E,55,4.9,254
13095,T,260803,080238,60.360672N,24.806746E,55,6.1,79
13096,T,260803,080239,60.360680N,24.806784E,54,7.6,80
13097,T,260803,080240,60.360683N,24.806824E,54,8.5,81
13098,T,260803,080241,60.360683N,24.806864E,54,6.5,84
13099,T,260803,080242,60.360676N,24.806890E,54,3.9,91
13100,T,260803,080243,60.360657N,24.806894E,54,3.8,207
13101,T,260803,080244,60.360641N,24.806898E,54,0.0,207
13102,T,260803,080245,60.360638N,24.806904E,53,0.0,207
13103,T,260803,080246,60.360638N,24.806911E,53,0.0,207
13104,T,260803,080247,60.360638N,24.806919E,53,0.0,207
13105,T,260803,080248,60.360634N,24.806927E,53,0.0,207
13106,T,260803,080249,60.360634N,24.806929E,53,0.0,207
13107,T,260803,080250,60.360634N,24.806929E,53,0.0,207
13108,T,260803,080251,60.360634N,24.806929E,53,0.0,207
13109,T,260803,080252,60.360634N,24.806931E,53,0.0,207
13110,T,260803,080253,60.360634N,24.806931E,53,0.0,207
13111,T,260803,080254,60.360634N,24.806931E,53,0.0,207
13112,T,260803,080255,60.360634N,24.806932E,53,0.0,207
13113,T,260803,080256,60.360626N,24.806932E,53,0.0,207
13114,T,260803,080257,60.360626N,24.806932E,53,0.0,207
13115,T,260803,080258,60.360622N,24.806932E,53,0.0,207
13116,T,260803,080259,60.360619N,24.806934E,53,0.0,207
13117,T,260803,080300,60.360619N,24.806934E,53,0.0,207
13118,T,260803,080301,60.360619N,24.806936E,53,0.0,207
13119,T,260803,080302,60.360615N,24.806936E,53,0.0,207
13120,T,260803,080303,60.360615N,24.806936E,53,0.0,207
13121,T,260803,080304,60.360611N,24.806936E,53,0.0,207
13122,T,260803,080305,60.360611N,24.806938E,53,0.0,207
13123,T,260803,080306,60.360607N,24.806938E,53,0.0,207
13124,T,260803,080307,60.360607N,24.806940E,53,0.0,207
13125,T,260803,080308,60.360607N,24.806940E,53,0.0,207
13126,T,260803,080309,60.360603N,24.806938E,52,0.0,207
13127,T,260803,080310,60.360603N,24.806938E,52,0.0,207
13128,T,260803,080311,60.360603N,24.806938E,52,0.0,207
13129,T,260803,080312,60.360603N,24.806936E,52,0.0,207
13130,T,260803,080313,60.360600N,24.806936E,52,0.0,207
13131,T,260803,080314,60.360600N,24.806936E,52,0.0,207
13132,T,260803,080315,60.360600N,24.806936E,52,0.0,207
13133,T,260803,080316,60.360600N,24.806934E,52,0.0,207
13134,T,260803,080317,60.360600N,24.806934E,52,0.0,207
13135,T,260803,080318,60.360600N,24.806936E,52,0.0,207
13136,T,260803,080319,60.360600N,24.806934E,52,0.0,207
13137,T,260803,080320,60.360600N,24.806934E,52,0.0,207
13138,T,260803,080321,60.360600N,24.806934E,52,0.0,207
13139,T,260803,080322,60.360600N,24.806934E,52,0.0,207
13140,T,260803,080323,60.360600N,24.806934E,52,0.0,207
13141,T,260803,080324,60.360600N,24.806932E,52,0.0,207
13142,T,260803,080325,60.360600N,24.806934E,52,0.0,207
13143,T,260803,080326,60.360600N,24.806934E,52,0.0,207
13144,T,260803,080327,60.360600N,24.806934E,52,0.0,207
13145,T,260803,080328,60.360600N,24.806936E,52,0.0,207
13146,T,260803,080329,60.360600N,24.806936E,52,0.0,207
13147,T,260803,080330,60.360600N,24.806936E,52,0.0,207
13148,T,260803,080331,60.360600N,24.806936E,52,0.0,207
13149,T,260803,080332,60.360600N,24.806936E,52,0.0,207
13150,T,260803,080333,60.360600N,24.806934E,52,0.0,207
13151,T,260803,080334,60.360600N,24.806934E,52,0.0,207
13152,T,260803,080335,60.360600N,24.806934E,52,0.0,207
13153,T,260803,080336,60.360600N,24.806934E,52,0.0,207
13154,T,260803,080337,60.360600N,24.806934E,52,0.0,207
13155,T,260803,080338,60.360600N,24.806934E,52,0.0,207
13156,T,260803,080339,60.360600N,24.806934E,52,0.0,207
13157,T,260803,080340,60.360600N,24.806934E,52,0.0,207
13158,T,260803,080341,60.360600N,24.806934E,52,0.0,207
13159,T,260803,080342,60.360600N,24.806934E,52,0.0,207
13160,T,260803,080343,60.360600N,24.806934E,52,0.0,207
13161,T,260803,080344,60.360600N,24.806934E,52,0.0,207
13162,T,260803,080345,60.360600N,24.806934E,52,0.0,207
13163,T,260803,080346,60.360600N,24.806934E,52,0.0,207
13164,T,260803,080347,60.360600N,24.806934E,52,0.0,207
13165,T,260803,080348,60.360600N,24.806934E,52,0.0,207
13166,T,260803,080349,60.360600N,24.806934E,52,0.0,207
13167,T,260803,080350,60.360600N,24.806934E,52,0.0,207
13168,T,260803,080351,60.360600N,24.806934E,52,0.0,207
13169,T,260803,080352,60.360600N,24.806934E,52,0.0,207
13170,T,260803,080353,60.360600N,24.806934E,52,0.0,207
13171,T,260803,080354,60.360600N,24.806934E,52,0.0,207
13172,T,260803,080355,60.360600N,24.806934E,52,0.0,207
13173,T,260803,080356,60.360600N,24.806934E,52,0.0,207
13174,T,260803,080357,60.360600N,24.806934E,52,0.0,207
13175,T,260803,080358,60.360600N,24.806934E,52,0.0,207
13176,T,260803,080359,60.360600N,24.806934E,52,0.0,207
13177,T,260803,080400,60.360600N,24.806934E,52,0.0,207
13178,T,260803,080401,60.360600N,24.806934E,52,0.0,207
13179,T,260803,080402,60.360600N,24.806934E,52,0.0,207
13180,T,260803,080403,60.360600N,24.806934E,52,0.0,207
13181,T,260803,080404,60.360600N,24.806934E,52,0.0,207
13182,T,260803,080405,60.360600N,24.806934E,52,0.0,207
13183,T,260803,080406,60.360600N,24.806934E,52,0.0,207
13184,T,260803,080407,60.360600N,24.806934E,52,0.0,207
13185,T,260803,080408,60.360600N,24.806934E,52,0.0,207
13186,T,260803,080409,60.360600N,24.806934E,52,0.0,207
13187,T,260803,080410,60.360600N,24.806934E,52,0.0,207
13188,T,260803,080411,60.360600N,24.806934E,52,0.0,207
13189,T,260803,080412,60.360600N,24.806934E,52,0.0,207
13190,T,260803,080413,60.360600N,24.806934E,52,0.0,207
13191,T,260803,080414,60.360600N,24.806934E,52,0.0,207
13192,T,260803,080415,60.360600N,24.806934E,52,0.0,207
13193,T,260803,080416,60.360600N,24.806934E,52,0.0,207
13194,T,260803,080417,60.360600N,24.806934E,52,0.0,207
13195,T,260803,080418,60.360600N,24.806934E,52,0.0,207
13196,T,260803,080419,60.360600N,24.806934E,52,0.0,207
13197,T,260803,080420,60.360600N,24.806934E,52,0.0,207
13198,T,260803,080421,60.360600N,24.806934E,52,0.0,207
13199,T,260803,080422,60.360600N,24.806934E,52,0.0,207
13200,T,260803,080423,60.360600N,24.806934E,52,0.0,207
13201,T,260803,080424,60.360600N,24.806934E,52,0.0,207
13202,T,260803,080425,60.360600N,24.806934E,52,0.0,207
13203,T,260803,080426,60.360600N,24.806934E,52,0.0,207
13204,T,260803,080427,60.360600N,24.806934E,52,0.0,207
13205,T,260803,080428,60.360600N,24.806934E,52,0.0,207
13206,T,260803,080429,60.360600N,24.806934E,52,0.0,207
13207,T,260803,080430,60.360600N,24.806934E,52,0.0,207
13208,T,260803,080431,60.360600N,24.806934E,52,0.0,207
13209,T,260803,080432,60.360600N,24.806934E,52,0.0,207
13210,T,260803,080433,60.360600N,24.806934E,52,0.0,207
13211,T,260803,080434,60.360600N,24.806934E,52,0.0,207
13212,T,260803,080435,60.360600N,24.806934E,52,0.0,207
13213,T,260803,080436,60.360600N,24.806934E,52,0.0,207
13214,T,260803,080437,60.360600N,24.806934E,52,0.0,207
13215,T,260803,080438,60.360600N,24.806934E,52,0.0,207
13216,T,260803,080439,60.360600N,24.806934E,52,0.0,207
13217,T,260803,080440,60.360600N,24.806934E,52,0.0,207
13218,T,260803,080441,60.360600N,24.806936E,52,0.0,207
13219,T,260803,080442,60.360600N,24.806936E,52,0.0,207
13220,T,260803,080443,60.360600N,24.806936E,52,0.0,207
13221,T,260803,080444,60.360600N,24.806936E,52,0.0,207
13222,T,260803,080445,60.360600N,24.806936E,52,0.0,207
13223,T,260803,080446,60.360600N,24.806934E,52,0.0,207
13224,T,260803,080447,60.360600N,24.806934E,52,0.0,207
13225,T,260803,080448,60.360600N,24.806934E,52,0.0,207
13226,T,260803,080449,60.360600N,24.806934E,52,0.0,207
13227,T,260803,080450,60.360600N,24.806934E,52,0.0,207
13228,T,260803,080451,60.360592N,24.806936E,52,5.3,176
13229,T,260803,080452,60.360573N,24.806940E,52,8.9,171
13230,T,260803,080453,60.360546N,24.806944E,52,11.7,172
13231,T,260803,080454,60.360516N,24.806942E,52,13.3,173
13232,T,260803,080455,60.360481N,24.806944E,52,15.1,175
13233,T,260803,080456,60.360435N,24.806946E,52,16.7,176
13234,T,260803,080457,60.360394N,24.806950E,52,17.4,175
13235,T,260803,080458,60.360348N,24.806955E,52,18.2,176
13236,T,260803,080459,60.360306N,24.806959E,52,18.2,176
13237,T,260803,080500,60.360256N,24.806965E,52,19.0,176
13238,T,260803,080501,60.360207N,24.806973E,52,19.0,176
13239,T,260803,080502,60.360157N,24.806976E,51,19.3,176
13240,T,260803,080503,60.360107N,24.806976E,51,19.3,177
13241,T,260803,080504,60.360062N,24.806984E,51,18.8,176
13242,T,260803,080505,60.360008N,24.806988E,51,18.8,176
13243,T,260803,080506,60.359959N,24.806993E,51,18.7,176
13244,T,260803,080507,60.359913N,24.806995E,51,19.6,176
13245,T,260803,080508,60.359859N,24.807001E,50,20.9,176
13246,T,260803,080509,60.359802N,24.807009E,50,20.2,177
13247,T,260803,080510,60.359753N,24.807013E,50,20.1,177
13248,T,260803,080511,60.359703N,24.807014E,50,19.6,177
13249,T,260803,080512,60.359653N,24.807020E,50,19.5,177
13250,T,260803,080513,60.359600N,24.807024E,49,19.1,178
13251,T,260803,080514,60.359550N,24.807026E,49,19.0,179
13252,T,260803,080515,60.359501N,24.807030E,48,19.5,179
13253,T,260803,080516,60.359447N,24.807035E,48,20.0,178
13254,T,260803,080517,60.359402N,24.807041E,48,19.1,178
13255,T,260803,080518,60.359352N,24.807043E,47,18.1,177
13256,T,260803,080519,60.359303N,24.807043E,47,18.5,179
13257,T,260803,080520,60.359257N,24.807041E,47,18.4,180
13258,T,260803,080521,60.359203N,24.807049E,47,18.4,181
13259,T,260803,080522,60.359146N,24.807047E,46,18.3,182
13260,T,260803,080523,60.359100N,24.807043E,46,18.7,181
13261,T,260803,080524,60.359047N,24.807049E,46,19.6,180
13262,T,260803,080525,60.358994N,24.807049E,45,20.4,180
13263,T,260803,080526,60.358940N,24.807043E,45,20.8,181
13264,T,260803,080527,60.358883N,24.807041E,45,21.4,181
13265,T,260803,080528,60.358833N,24.807037E,44,22.5,181
13266,T,260803,080529,60.358776N,24.807035E,44,22.9,181
13267,T,260803,080530,60.358715N,24.807034E,44,23.0,181
13268,T,260803,080531,60.358658N,24.807026E,43,24.2,182
13269,T,260803,080532,60.358597N,24.807020E,43,24.5,182
13270,T,260803,080533,60.358532N,24.807014E,42,24.5,183
13271,T,260803,080534,60.358471N,24.807009E,42,24.5,182
13272,T,260803,080535,60.358410N,24.807005E,41,24.1,182
13273,T,260803,080536,60.358349N,24.806997E,41,23.7,182
13274,T,260803,080537,60.358288N,24.806992E,41,23.6,182
13275,T,260803,080538,60.358231N,24.806992E,41,23.6,182
13276,T,260803,080539,60.358166N,24.806988E,40,24.1,182
13277,T,260803,080540,60.358109N,24.806986E,40,23.7,181
13278,T,260803,080541,60.358047N,24.806982E,40,23.7,182
13279,T,260803,080542,60.357986N,24.806978E,40,22.7,183
13280,T,260803,080543,60.357929N,24.806971E,40,22.8,184
13281,T,260803,080544,60.357872N,24.806967E,40,23.5,183
13282,T,260803,080545,60.357811N,24.806959E,40,24.4,183
13283,T,260803,080546,60.357746N,24.806952E,39,24.4,183
13284,T,260803,080547,60.357685N,24.806944E,39,24.5,183
13285,T,260803,080548,60.357620N,24.806936E,39,26.5,183
13286,T,260803,080549,60.357555N,24.806927E,39,26.4,184
13287,T,260803,080550,60.357491N,24.806915E,39,25.9,184
13288,T,260803,080551,60.357426N,24.806906E,39,26.2,185
13289,T,260803,080552,60.357353N,24.806889E,39,26.7,185
13290,T,260803,080553,60.357288N,24.806885E,39,26.8,186
13291,T,260803,080554,60.357224N,24.806868E,39,26.1,185
13292,T,260803,080555,60.357159N,24.806860E,39,26.5,185
13293,T,260803,080556,60.357094N,24.806856E,39,26.7,184
13294,T,260803,080557,60.357025N,24.806841E,39,26.7,184
13295,T,260803,080558,60.356960N,24.806837E,39,26.5,185
13296,T,260803,080559,60.356892N,24.806824E,39,26.5,186
13297,T,260803,080600,60.356819N,24.806814E,39,27.0,186
13298,T,260803,080601,60.356750N,24.806801E,39,27.5,186
13299,T,260803,080602,60.356689N,24.806784E,39,27.5,187
13300,T,260803,080603,60.356617N,24.806768E,39,27.9,188
13301,T,260803,080604,60.356548N,24.806755E,39,27.1,188
13302,T,260803,080605,60.356480N,24.806747E,40,27.1,188
13303,T,260803,080606,60.356411N,24.806736E,40,27.4,188
13304,T,260803,080607,60.356339N,24.806721E,41,28.1,188
13305,T,260803,080608,60.356270N,24.806704E,41,26.7,188
13306,T,260803,080609,60.356201N,24.806684E,40,26.8,188
13307,T,260803,080610,60.356129N,24.806664E,40,27.5,188
13308,T,260803,080611,60.356060N,24.806641E,40,27.5,189
13309,T,260803,080612,60.355991N,24.806618E,40,26.5,189
13310,T,260803,080613,60.355927N,24.806597E,39,26.4,189
13311,T,260803,080614,60.355862N,24.806576E,39,26.0,189
13312,T,260803,080615,60.355797N,24.806557E,39,26.1,190
13313,T,260803,080616,60.355728N,24.806536E,40,26.1,190
13314,T,260803,080617,60.355663N,24.806517E,40,25.5,189
13315,T,260803,080618,60.355598N,24.806507E,40,25.4,189
13316,T,260803,080619,60.355537N,24.806501E,40,24.4,187
13317,T,260803,080620,60.355473N,24.806490E,40,24.4,186
13318,T,260803,080621,60.355408N,24.806477E,40,25.1,185
13319,T,260803,080622,60.355347N,24.806465E,40,24.8,184
13320,T,260803,080623,60.355282N,24.806450E,40,25.1,183
13321,T,260803,080624,60.355213N,24.806442E,40,25.1,182
13322,T,260803,080625,60.355148N,24.806431E,40,25.0,183
13323,T,260803,080626,60.355083N,24.806416E,40,24.5,183
13324,T,260803,080627,60.355026N,24.806402E,40,24.2,184
13325,T,260803,080628,60.354969N,24.806381E,40,23.7,185
13326,T,260803,080629,60.354912N,24.806368E,41,24.3,186
13327,T,260803,080630,60.354847N,24.806358E,41,24.2,186
13328,T,260803,080631,60.354794N,24.806347E,41,23.1,185
13329,T,260803,080632,60.354733N,24.806335E,41,23.8,185
13330,T,260803,080633,60.354671N,24.806326E,41,26.2,184
13331,T,260803,080634,60.354607N,24.806316E,41,24.3,183
13332,T,260803,080635,60.354553N,24.806309E,41,22.7,183
13333,T,260803,080636,60.354492N,24.806305E,41,24.0,182
13334,T,260803,080637,60.354431N,24.806305E,41,24.7,181
13335,T,260803,080638,60.354370N,24.806301E,41,24.6,180
13336,T,260803,080639,60.354313N,24.806301E,41,24.7,180
13337,T,260803,080640,60.354248N,24.806305E,41,25.4,178
13338,T,260803,080641,60.354183N,24.806305E,41,25.4,179
13339,T,260803,080642,60.354118N,24.806295E,41,26.0,179
13340,T,260803,080643,60.354057N,24.806284E,41,25.4,180
13341,T,260803,080644,60.353996N,24.806282E,41,25.5,180
13342,T,260803,080645,60.353931N,24.806282E,41,25.2,180
13343,T,260803,080646,60.353867N,24.806286E,41,25.0,179
13344,T,260803,080647,60.353809N,24.806297E,42,25.5,172
13345,T,260803,080648,60.353745N,24.806322E,42,26.0,167
13346,T,260803,080649,60.353680N,24.806353E,42,25.9,166
13347,T,260803,080650,60.353615N,24.806379E,42,25.9,168
13348,T,260803,080651,60.353554N,24.806408E,41,25.8,167
13349,T,260803,080652,60.353489N,24.806438E,41,26.2,165
13350,T,260803,080653,60.353428N,24.806475E,40,23.5,163
13351,T,260803,080654,60.353374N,24.806507E,40,24.6,164
13352,T,260803,080655,60.353321N,24.806540E,40,24.6,162
13353,T,260803,080656,60.353260N,24.806580E,41,24.3,160
13354,T,260803,080657,60.353207N,24.806623E,41,22.7,159
13355,T,260803,080658,60.353153N,24.806677E,41,24.3,157
13356,T,260803,080659,60.353096N,24.806726E,41,24.3,156
13357,T,260803,080700,60.353031N,24.806768E,41,24.7,156
13358,T,260803,080701,60.352970N,24.806805E,41,24.3,156
13359,T,260803,080702,60.352913N,24.806837E,41,24.4,157
13360,T,260803,080703,60.352852N,24.806873E,40,24.4,157
13361,T,260803,080704,60.352791N,24.806908E,40,24.9,158
13362,T,260803,080705,60.352734N,24.806946E,40,24.8,159
13363,T,260803,080706,60.352673N,24.806988E,40,24.9,160
13364,T,260803,080707,60.352612N,24.807034E,40,24.8,161
13365,T,260803,080708,60.352551N,24.807076E,40,24.5,161
13366,T,260803,080709,60.352497N,24.807117E,40,24.5,161
13367,T,260803,080710,60.352436N,24.807158E,40,24.5,161
13368,T,260803,080711,60.352379N,24.807196E,40,24.6,162
13369,T,260803,080712,60.352322N,24.807236E,40,24.6,161
13370,T,260803,080713,60.352261N,24.807278E,39,25.0,161
13371,T,260803,080714,60.352200N,24.807322E,39,25.0,161
13372,T,260803,080715,60.352139N,24.807362E,39,25.0,161
13373,T,260803,080716,60.352081N,24.807402E,39,25.0,161
13374,T,260803,080717,60.352024N,24.807442E,39,25.0,161
13375,T,260803,080718,60.351963N,24.807482E,39,25.0,161
13376,T,260803,080719,60.351906N,24.807524E,39,25.0,161
13377,T,260803,080720,60.351845N,24.807564E,39,25.0,161
13378,T,260803,080721,60.351784N,24.807604E,39,25.0,161
13379,T,260803,080722,60.351723N,24.807644E,39,25.0,161
13380,T,260803,080723,60.351669N,24.807684E,39,25.0,161
13381,T,260803,080724,60.351608N,24.807724E,39,25.0,161
13382,T,260803,080725,60.351551N,24.807766E,39,25.1,161
13383,T,260803,080726,60.351486N,24.807806E,39,25.4,161
13384,T,260803,080727,60.351429N,24.807848E,39,25.9,161
13385,T,260803,080728,60.351364N,24.807890E,38,25.5,162
13386,T,260803,080729,60.351303N,24.807932E,38,25.4,161
13387,T,260803,080730,60.351238N,24.807974E,38,25.8,161
13388,T,260803,080731,60.351181N,24.808016E,38,25.8,161
13389,T,260803,080732,60.351120N,24.808060E,38,25.8,161
13390,T,260803,080733,60.351059N,24.808104E,38,26.2,160
13391,T,260803,080734,60.350994N,24.808146E,37,26.3,161
13392,T,260803,080735,60.350937N,24.808187E,37,26.3,161
13393,T,260803,080736,60.350872N,24.808231E,37,26.4,161
13394,T,260803,080737,60.350807N,24.808275E,37,26.4,160
13395,T,260803,080738,60.350746N,24.808317E,37,26.5,160
13396,T,260803,080739,60.350685N,24.808359E,37,26.5,161
13397,T,260803,080740,60.350620N,24.808401E,37,26.5,161
13398,T,260803,080741,60.350555N,24.808443E,37,26.6,161
13399,T,260803,080742,60.350494N,24.808487E,37,26.1,161
13400,T,260803,080743,60.350433N,24.808529E,37,26.1,161
13401,T,260803,080744,60.350372N,24.808571E,37,26.2,160
13402,T,260803,080745,60.350307N,24.808613E,37,26.1,161
13403,T,260803,080746,60.350246N,24.808655E,37,26.0,161
13404,T,260803,080747,60.350185N,24.808695E,37,25.7,162
13405,T,260803,080748,60.350124N,24.808727E,37,25.6,163
13406,T,260803,080749,60.350063N,24.808762E,37,25.0,163
13407,T,260803,080750,60.350002N,24.808796E,37,24.6,164
13408,T,260803,080751,60.349949N,24.808828E,37,24.5,165
13409,T,260803,080752,60.349888N,24.808859E,37,24.4,165
13410,T,260803,080753,60.349831N,24.808886E,37,24.0,165
13411,T,260803,080754,60.349773N,24.808916E,37,23.5,166
13412,T,260803,080755,60.349716N,24.808945E,37,23.5,166
13413,T,260803,080756,60.349659N,24.808968E,37,23.4,166
13414,T,260803,080757,60.349602N,24.808992E,37,23.4,167
13415,T,260803,080758,60.349545N,24.809015E,37,23.5,167
13416,T,260803,080759,60.349487N,24.809044E,37,23.7,167
13417,T,260803,080800,60.349426N,24.809071E,37,24.1,167
13418,T,260803,080801,60.349369N,24.809095E,37,24.5,167
13419,T,260803,080802,60.349308N,24.809120E,37,24.6,167
13420,T,260803,080803,60.349247N,24.809147E,37,24.5,167
13421,T,260803,080804,60.349190N,24.809175E,37,24.4,167
13422,T,260803,080805,60.349129N,24.809200E,37,23.8,167
13423,T,260803,080806,60.349072N,24.809223E,37,23.9,168
13424,T,260803,080807,60.349010N,24.809256E,37,23.0,163
13425,T,260803,080808,60.348957N,24.809284E,37,23.7,163
13426,T,260803,080809,60.348900N,24.809303E,37,23.1,164
13427,T,260803,080810,60.348839N,24.809324E,37,23.1,167
13428,T,260803,080811,60.348785N,24.809347E,37,22.6,168
13429,T,260803,080812,60.348728N,24.809372E,37,22.5,168
13430,T,260803,080813,60.348671N,24.809397E,37,22.5,168
13431,T,260803,080814,60.348618N,24.809422E,37,22.4,168
13432,T,260803,080815,60.348560N,24.809448E,37,22.9,167
13433,T,260803,080816,60.348503N,24.809477E,37,23.0,166
13434,T,260803,080817,60.348450N,24.809500E,37,21.7,167
13435,T,260803,080818,60.348396N,24.809525E,37,20.9,165
13436,T,260803,080819,60.348339N,24.809555E,37,22.6,164
13437,T,260803,080820,60.348289N,24.809586E,37,22.0,164
13438,T,260803,080821,60.348232N,24.809616E,37,22.7,164
13439,T,260803,080822,60.348171N,24.809643E,37,22.8,164
13440,T,260803,080823,60.348122N,24.809671E,37,22.9,164
13441,T,260803,080824,60.348061N,24.809702E,37,22.8,164
13442,T,260803,080825,60.348007N,24.809729E,37,22.2,165
13443,T,260803,080826,60.347946N,24.809752E,37,25.3,167
13444,T,260803,080827,60.347881N,24.809771E,37,24.0,167
13445,T,260803,080828,60.347820N,24.809792E,37,22.1,168
13446,T,260803,080829,60.347759N,24.809814E,36,22.4,169
13447,T,260803,080830,60.347694N,24.809835E,36,24.2,169
13448,T,260803,080831,60.347637N,24.809860E,36,24.9,169
13449,T,260803,080832,60.347569N,24.809883E,36,25.0,169
13450,T,260803,080833,60.347504N,24.809904E,36,25.1,169
13451,T,260803,080834,60.347439N,24.809925E,35,24.7,169
13452,T,260803,080835,60.347382N,24.809948E,35,25.1,169
13453,T,260803,080836,60.347317N,24.809973E,35,25.2,169
13454,T,260803,080837,60.347252N,24.809996E,35,25.2,169
13455,T,260803,080838,60.347191N,24.810020E,34,25.2,169
13456,T,260803,080839,60.347130N,24.810043E,34,25.3,169
13457,T,260803,080840,60.347065N,24.810068E,34,25.7,169
13458,T,260803,080841,60.347004N,24.810095E,34,24.5,169
13459,T,260803,080842,60.346939N,24.810114E,34,25.8,168
13460,T,260803,080843,60.346882N,24.810141E,34,25.7,168
13461,T,260803,080844,60.346817N,24.810163E,33,26.0,168
13462,T,260803,080845,60.346756N,24.810186E,33,24.9,168
13463,T,260803,080846,60.346691N,24.810207E,33,24.8,168
13464,T,260803,080847,60.346630N,24.810234E,32,25.2,168
13465,T,260803,080848,60.346569N,24.810263E,32,25.3,167
13466,T,260803,080849,60.346512N,24.810293E,33,25.3,167
13467,T,260803,080850,60.346447N,24.810318E,32,24.9,167
13468,T,260803,080851,60.346390N,24.810345E,32,25.0,167
13469,T,260803,080852,60.346329N,24.810375E,32,24.7,168
13470,T,260803,080853,60.346264N,24.810402E,32,24.6,168
13471,T,260803,080854,60.346203N,24.810431E,32,25.6,168
13472,T,260803,080855,60.346146N,24.810453E,31,25.6,167
13473,T,260803,080856,60.346081N,24.810484E,31,25.5,167
13474,T,260803,080857,60.346020N,24.810516E,31,25.6,167
13475,T,260803,080858,60.345966N,24.810549E,31,24.8,166
13476,T,260803,080859,60.345905N,24.810583E,31,25.3,166
13477,T,260803,080900,60.345860N,24.810623E,32,24.7,165
13478,T,260803,080901,60.345806N,24.810656E,32,24.3,166
13479,T,260803,080902,60.345753N,24.810684E,32,24.2,166
13480,T,260803,080903,60.345692N,24.810720E,33,24.2,165
13481,T,260803,080904,60.345631N,24.810762E,33,24.3,165
13482,T,260803,080905,60.345577N,24.810795E,33,24.0,165
13483,T,260803,080906,60.345516N,24.810829E,33,24.4,165
13484,T,260803,080907,60.345455N,24.810863E,33,24.3,165
13485,T,260803,080908,60.345394N,24.810898E,33,24.2,165
13486,T,260803,080909,60.345337N,24.810936E,33,24.1,165
13487,T,260803,080910,60.345276N,24.810968E,34,24.0,165
13488,T,260803,080911,60.345219N,24.811003E,34,24.1,165
13489,T,260803,080912,60.345158N,24.811033E,34,24.9,165
13490,T,260803,080913,60.345097N,24.811068E,34,24.8,165
13491,T,260803,080914,60.345036N,24.811102E,34,24.9,165
13492,T,260803,080915,60.344975N,24.811138E,34,25.0,164
13493,T,260803,080916,60.344913N,24.811176E,34,25.1,163
13494,T,260803,080917,60.344852N,24.811211E,34,25.5,163
13495,T,260803,080918,60.344791N,24.811247E,34,25.5,163
13496,T,260803,080919,60.344727N,24.811283E,34,25.5,162
13497,T,260803,080920,60.344669N,24.811323E,34,25.5,163
13498,T,260803,080921,60.344604N,24.811359E,34,25.5,162
13499,T,260803,080922,60.344543N,24.811399E,34,25.4,162
13500,T,260803,080923,60.344482N,24.811436E,34,25.3,162
13501,T,260803,080924,60.344425N,24.811476E,34,25.0,161
13502,T,260803,080925,60.344368N,24.811516E,34,24.9,161
13503,T,260803,080926,60.344307N,24.811556E,34,24.9,161
13504,T,260803,080927,60.344250N,24.811596E,34,25.3,161
13505,T,260803,080928,60.344189N,24.811634E,34,25.3,162
13506,T,260803,080929,60.344124N,24.811676E,34,25.2,161
13507,T,260803,080930,60.344063N,24.811716E,35,25.4,161
13508,T,260803,080931,60.344002N,24.811756E,35,25.5,161
13509,T,260803,080932,60.343941N,24.811798E,35,25.5,161
13510,T,260803,080933,60.343880N,24.811838E,35,25.5,160
13511,T,260803,080934,60.343822N,24.811882E,35,25.2,161
13512,T,260803,080935,60.343765N,24.811922E,35,25.1,161
13513,T,260803,080936,60.343704N,24.811964E,35,25.0,161
13514,T,260803,080937,60.343643N,24.812004E,35,24.9,161
13515,T,260803,080938,60.343590N,24.812044E,35,25.0,161
13516,T,260803,080939,60.343529N,24.812084E,35,24.9,161
13517,T,260803,080940,60.343468N,24.812124E,35,24.9,161
13518,T,260803,080941,60.343407N,24.812162E,35,24.8,162
13519,T,260803,080942,60.343353N,24.812201E,35,24.4,162
13520,T,260803,080943,60.343292N,24.812239E,35,24.3,162
13521,T,260803,080944,60.343235N,24.812277E,35,24.2,161
13522,T,260803,080945,60.343182N,24.812313E,35,23.7,161
13523,T,260803,080946,60.343124N,24.812353E,35,23.7,160
13524,T,260803,080947,60.343067N,24.812391E,35,23.6,161
13525,T,260803,080948,60.343014N,24.812428E,35,23.7,161
13526,T,260803,080949,60.342957N,24.812466E,35,23.7,161
13527,T,260803,080950,60.342899N,24.812504E,35,23.4,161
13528,T,260803,080951,60.342842N,24.812544E,35,23.0,161
13529,T,260803,080952,60.342793N,24.812576E,36,21.8,162
13530,T,260803,080953,60.342743N,24.812607E,36,19.2,161
13531,T,260803,080954,60.342697N,24.812641E,36,20.6,161
13532,T,260803,080955,60.342648N,24.812677E,36,21.3,160
13533,T,260803,080956,60.342590N,24.812716E,36,22.5,159
13534,T,260803,080957,60.342541N,24.812757E,36,22.6,159
13535,T,260803,080958,60.342487N,24.812798E,36,23.3,159
13536,T,260803,080959,60.342430N,24.812841E,36,23.8,158
13537,T,260803,081000,60.342373N,24.812883E,36,23.0,158
13538,T,260803,081001,60.342316N,24.812931E,36,24.7,157
13539,T,260803,081002,60.342251N,24.812983E,35,26.1,157
13540,T,260803,081003,60.342194N,24.813034E,35,27.0,156
13541,T,260803,081004,60.342133N,24.813084E,35,27.1,157
13542,T,260803,081005,60.342072N,24.813133E,36,26.5,157
13543,T,260803,081006,60.342007N,24.813187E,36,27.5,157
13544,T,260803,081007,60.341949N,24.813242E,36,27.6,157
13545,T,260803,081008,60.341885N,24.813293E,36,27.9,157
13546,T,260803,081009,60.341820N,24.813347E,36,27.9,157
13547,T,260803,081010,60.341755N,24.813396E,35,27.9,157
13548,T,260803,081011,60.341698N,24.813444E,35,27.9,158
13549,T,260803,081012,60.341633N,24.813494E,35,27.5,158
13550,T,260803,081013,60.341568N,24.813543E,35,27.5,159
13551,T,260803,081014,60.341507N,24.813589E,35,27.2,159
13552,T,260803,081015,60.341442N,24.813639E,35,27.1,159
13553,T,260803,081016,60.341381N,24.813684E,35,27.1,160
13554,T,260803,081017,60.341316N,24.813732E,35,26.8,159
13555,T,260803,081018,60.341255N,24.813782E,35,26.8,159
13556,T,260803,081019,60.341190N,24.813828E,34,26.9,159
13557,T,260803,081020,60.341129N,24.813875E,34,27.0,159
13558,T,260803,081021,60.341064N,24.813923E,34,26.5,159
13559,T,260803,081022,60.341000N,24.813971E,34,26.5,159
13560,T,260803,081023,60.340939N,24.814016E,34,26.4,159
13561,T,260803,081024,60.340881N,24.814064E,34,26.3,159
13562,T,260803,081025,60.340816N,24.814106E,34,25.7,160
13563,T,260803,081026,60.340755N,24.814148E,34,25.1,160
13564,T,260803,081027,60.340698N,24.814190E,34,24.4,160
13565,T,260803,081028,60.340641N,24.814230E,34,23.6,161
13566,T,260803,081029,60.340588N,24.814268E,34,22.4,160
13567,T,260803,081030,60.340534N,24.814304E,34,21.7,161
13568,T,260803,081031,60.340485N,24.814339E,34,21.1,161
13569,T,260803,081032,60.340435N,24.814377E,34,21.0,161
13570,T,260803,081033,60.340389N,24.814411E,35,20.9,160
13571,T,260803,081034,60.340340N,24.814444E,35,20.8,160
13572,T,260803,081035,60.340286N,24.814478E,35,20.2,161
13573,T,260803,081036,60.340240N,24.814510E,35,20.2,161
13574,T,260803,081037,60.340191N,24.814545E,35,19.6,161
13575,T,260803,081038,60.340145N,24.814575E,35,19.9,161
13576,T,260803,081039,60.340096N,24.814610E,34,20.5,160
13577,T,260803,081040,60.340050N,24.814644E,35,20.4,160
13578,T,260803,081041,60.340004N,24.814676E,35,19.0,161
13579,T,260803,081042,60.339958N,24.814705E,35,19.5,161
13580,T,260803,081043,60.339916N,24.814739E,35,18.2,161
13581,T,260803,081044,60.339870N,24.814772E,35,18.2,161
13582,T,260803,081045,60.339828N,24.814804E,36,19.7,159
13583,T,260803,081046,60.339779N,24.814838E,36,19.0,160
13584,T,260803,081047,60.339733N,24.814869E,36,19.8,162
13585,T,260803,081048,60.339684N,24.814896E,36,19.0,162
13586,T,260803,081049,60.339642N,24.814924E,36,18.9,162
13587,T,260803,081050,60.339592N,24.814947E,37,18.6,167
13588,T,260803,081051,60.339546N,24.814968E,37,18.7,168
13589,T,260803,081052,60.339504N,24.814983E,37,18.7,170
13590,T,260803,081053,60.339458N,24.815002E,37,18.6,170
13591,T,260803,081054,60.339413N,24.815020E,37,19.4,168
13592,T,260803,081055,60.339363N,24.815044E,38,19.4,166
13593,T,260803,081056,60.339317N,24.815067E,38,19.9,165
13594,T,260803,081057,60.339268N,24.815096E,38,21.0,163
13595,T,260803,081058,60.339214N,24.815132E,37,21.4,161
13596,T,260803,081059,60.339165N,24.815168E,37,22.7,160
13597,T,260803,081100,60.339111N,24.815210E,37,23.4,158
13598,T,260803,081101,60.339054N,24.815256E,37,23.0,157
13599,T,260803,081102,60.339005N,24.815298E,37,23.0,155
13600,T,260803,081103,60.338951N,24.815344E,37,21.7,154
13601,T,260803,081104,60.338902N,24.815388E,37,20.4,155
13602,T,260803,081105,60.338848N,24.815424E,37,18.7,155
13603,T,260803,081106,60.338806N,24.815460E,37,18.1,155
13604,T,260803,081107,60.338764N,24.815496E,37,17.2,155
13605,T,260803,081108,60.338722N,24.815531E,37,16.7,155
13606,T,260803,081109,60.338688N,24.815559E,37,15.9,156
13607,T,260803,081110,60.338650N,24.815588E,38,15.8,156
13608,T,260803,081111,60.338615N,24.815622E,37,15.7,156
13609,T,260803,081112,60.338581N,24.815655E,37,15.6,157
13610,T,260803,081113,60.338543N,24.815683E,37,15.6,157
13611,T,260803,081114,60.338512N,24.815716E,37,15.8,156
13612,T,260803,081115,60.338474N,24.815752E,37,15.7,156
13613,T,260803,081116,60.338440N,24.815786E,38,15.8,155
13614,T,260803,081117,60.338409N,24.815825E,38,15.4,154
13615,T,260803,081118,60.338371N,24.815857E,39,15.5,155
13616,T,260803,081119,60.338341N,24.815889E,39,15.6,155
13617,T,260803,081120,60.338306N,24.815920E,39,14.8,155
13618,T,260803,081121,60.338272N,24.815948E,40,15.3,157
13619,T,260803,081122,60.338238N,24.815977E,40,16.1,157
13620,T,260803,081123,60.338200N,24.816008E,40,15.4,157
13621,T,260803,081124,60.338169N,24.816038E,40,15.5,158
13622,T,260803,081125,60.338127N,24.816067E,41,15.6,158
13623,T,260803,081126,60.338097N,24.816095E,41,15.5,158
13624,T,260803,081127,60.338058N,24.816126E,41,15.1,158
13625,T,260803,081128,60.338024N,24.816154E,42,15.2,158
13626,T,260803,081129,60.337994N,24.816179E,42,14.8,159
13627,T,260803,081130,60.337959N,24.816208E,42,14.3,153
13628,T,260803,081131,60.337925N,24.816240E,43,15.1,155
13629,T,260803,081132,60.337887N,24.816265E,43,15.0,155
13630,T,260803,081133,60.337856N,24.816292E,43,14.5,158
13631,T,260803,081134,60.337826N,24.816319E,43,15.6,158
13632,T,260803,081135,60.337791N,24.816341E,43,15.0,157
13633,T,260803,081136,60.337761N,24.816368E,43,15.5,158
13634,T,260803,081137,60.337719N,24.816397E,44,16.0,158
13635,T,260803,081138,60.337688N,24.816423E,44,16.5,157
13636,T,260803,081139,60.337646N,24.816458E,44,16.9,157
13637,T,260803,081140,60.337608N,24.816490E,44,17.3,157
13638,T,260803,081141,60.337566N,24.816523E,44,17.6,157
13639,T,260803,081142,60.337528N,24.816549E,44,17.6,158
13640,T,260803,081143,60.337486N,24.816582E,44,17.8,158
13641,T,260803,081144,60.337444N,24.816616E,44,18.3,159
13642,T,260803,081145,60.337402N,24.816645E,45,18.3,160
13643,T,260803,081146,60.337360N,24.816677E,45,18.3,159
13644,T,260803,081147,60.337318N,24.816710E,45,18.0,159
13645,T,260803,081148,60.337280N,24.816738E,45,17.5,160
13646,T,260803,081149,60.337234N,24.816771E,45,17.9,160
13647,T,260803,081150,60.337196N,24.816801E,45,18.0,160
13648,T,260803,081151,60.337151N,24.816833E,45,18.3,160
13649,T,260803,081152,60.337112N,24.816864E,45,18.3,160
13650,T,260803,081153,60.337067N,24.816896E,45,18.4,160
13651,T,260803,081154,60.337025N,24.816929E,45,18.5,160
13652,T,260803,081155,60.336979N,24.816961E,45,19.0,159
13653,T,260803,081156,60.336937N,24.816996E,45,19.0,159
13654,T,260803,081157,60.336891N,24.817028E,45,19.2,158
13655,T,260803,081158,60.336849N,24.817062E,45,19.1,158
13656,T,260803,081159,60.336803N,24.817097E,45,19.0,158
13657,T,260803,081200,60.336761N,24.817129E,45,19.3,159
13658,T,260803,081201,60.336716N,24.817163E,45,19.3,159
13659,T,260803,081202,60.336674N,24.817196E,45,19.4,159
13660,T,260803,081203,60.336624N,24.817232E,45,19.5,160
13661,T,260803,081204,60.336578N,24.817265E,45,19.6,160
13662,T,260803,081205,60.336533N,24.817295E,45,19.7,160
13663,T,260803,081206,60.336483N,24.817331E,45,19.7,159
13664,T,260803,081207,60.336441N,24.817366E,45,19.7,159
13665,T,260803,081208,60.336391N,24.817400E,45,20.7,159
13666,T,260803,081209,60.336346N,24.817436E,46,19.8,159
13667,T,260803,081210,60.336296N,24.817469E,46,19.8,160
13668,T,260803,081211,60.336250N,24.817501E,46,19.8,160
13669,T,260803,081212,60.336205N,24.817535E,46,19.7,161
13670,T,260803,081213,60.336159N,24.817568E,46,19.7,161
13671,T,260803,081214,60.336113N,24.817598E,46,19.7,162
13672,T,260803,081215,60.336063N,24.817627E,45,19.6,163
13673,T,260803,081216,60.336021N,24.817652E,46,19.6,164
13674,T,260803,081217,60.335972N,24.817680E,45,19.6,165
13675,T,260803,081218,60.335922N,24.817703E,45,19.9,167
13676,T,260803,081219,60.335876N,24.817726E,45,20.1,167
13677,T,260803,081220,60.335827N,24.817747E,45,20.2,168
13678,T,260803,081221,60.335777N,24.817766E,45,20.2,169
13679,T,260803,081222,60.335728N,24.817783E,45,20.2,170
13680,T,260803,081223,60.335678N,24.817804E,45,20.2,170
13681,T,260803,081224,60.335632N,24.817818E,45,20.3,171
13682,T,260803,081225,60.335579N,24.817829E,45,20.7,173
13683,T,260803,081226,60.335529N,24.817841E,45,20.8,174
13684,T,260803,081227,60.335476N,24.817854E,45,20.9,174
13685,T,260803,081228,60.335423N,24.817862E,45,20.8,176
13686,T,260803,081229,60.335373N,24.817865E,45,20.8,176
13687,T,260803,081230,60.335320N,24.817869E,45,20.8,177
13688,T,260803,081231,60.335266N,24.817869E,45,21.2,179
13689,T,260803,081232,60.335213N,24.817865E,45,21.5,180
13690,T,260803,081233,60.335159N,24.817863E,45,21.0,181
13691,T,260803,081234,60.335110N,24.817862E,45,21.0,182
13692,T,260803,081235,60.335056N,24.817852E,45,21.0,182
13693,T,260803,081236,60.335003N,24.817842E,45,20.9,183
13694,T,260803,081237,60.334957N,24.817829E,44,20.4,184
13695,T,260803,081238,60.334904N,24.817816E,44,20.3,185
13696,T,260803,081239,60.334854N,24.817806E,44,20.3,185
13697,T,260803,081240,60.334805N,24.817799E,44,20.4,185
13698,T,260803,081241,60.334755N,24.817793E,44,20.4,185
13699,T,260803,081242,60.334705N,24.817783E,44,20.1,184
13700,T,260803,081243,60.334656N,24.817776E,44,20.0,184
13701,T,260803,081244,60.334602N,24.817772E,44,20.1,183
13702,T,260803,081245,60.334557N,24.817764E,44,20.1,183
13703,T,260803,081246,60.334503N,24.817759E,44,19.7,183
13704,T,260803,081247,60.334457N,24.817753E,44,19.7,183
13705,T,260803,081248,60.334408N,24.817743E,44,19.4,184
13706,T,260803,081249,60.334358N,24.817738E,44,19.4,183
13707,T,260803,081250,60.334312N,24.817738E,44,19.4,182
13708,T,260803,081251,60.334263N,24.817739E,44,19.4,180
13709,T,260803,081252,60.334217N,24.817741E,44,18.7,179
13710,T,260803,081253,60.334167N,24.817739E,44,18.3,179
13711,T,260803,081254,60.334126N,24.817736E,43,18.2,180
13712,T,260803,081255,60.334076N,24.817728E,43,18.3,181
13713,T,260803,081256,60.334030N,24.817724E,43,18.4,181
13714,T,260803,081257,60.333984N,24.817722E,43,18.7,182
13715,T,260803,081258,60.333935N,24.817717E,43,19.2,182
13716,T,260803,081259,60.333889N,24.817715E,42,19.5,182
13717,T,260803,081300,60.333839N,24.817711E,42,20.3,182
13718,T,260803,081301,60.333790N,24.817701E,42,20.9,184
13719,T,260803,081302,60.333733N,24.817692E,41,21.5,185
13720,T,260803,081303,60.333679N,24.817678E,41,22.0,186
13721,T,260803,081304,60.333626N,24.817663E,41,22.4,187
13722,T,260803,081305,60.333565N,24.817659E,41,22.9,179
13723,T,260803,081306,60.333500N,24.817663E,41,23.5,174
13724,T,260803,081307,60.333439N,24.817705E,40,24.1,154
13725,T,260803,081308,60.333401N,24.817781E,40,22.3,131
13726,T,260803,081309,60.333366N,24.817871E,40,21.9,115
13727,T,260803,081310,60.333351N,24.817974E,39,21.8,102
13728,T,260803,081311,60.333340N,24.818075E,39,20.5,100
13729,T,260803,081312,60.333336N,24.818190E,39,22.7,95
13730,T,260803,081313,60.333332N,24.818306E,39,23.8,92
13731,T,260803,081314,60.333321N,24.818424E,39,24.2,93
13732,T,260803,081315,60.333302N,24.818544E,39,24.3,94
13733,T,260803,081316,60.333271N,24.818647E,39,23.5,126
13734,T,260803,081317,60.333237N,24.818731E,38,23.5,142
13735,T,260803,081318,60.333187N,24.818790E,39,23.6,156
13736,T,260803,081319,60.333138N,24.818832E,39,22.2,162
13737,T,260803,081320,60.333088N,24.818865E,40,20.9,164
13738,T,260803,081321,60.333042N,24.818892E,41,19.3,167
13739,T,260803,081322,60.333000N,24.818911E,41,17.8,171
13740,T,260803,081323,60.332958N,24.818930E,42,17.2,166
13741,T,260803,081324,60.332920N,24.818954E,42,16.9,164
13742,T,260803,081325,60.332878N,24.818979E,42,16.9,163
13743,T,260803,081326,60.332840N,24.819008E,42,17.5,163
13744,T,260803,081327,60.332802N,24.819036E,43,17.8,162
13745,T,260803,081328,60.332756N,24.819063E,43,18.1,160
13746,T,260803,081329,60.332718N,24.819098E,44,17.3,158
13747,T,260803,081330,60.332680N,24.819132E,45,16.8,155
13748,T,260803,081331,60.332642N,24.819168E,45,16.4,154
13749,T,260803,081332,60.332600N,24.819204E,45,16.9,154
13750,T,260803,081333,60.332565N,24.819239E,46,16.8,154
13751,T,260803,081334,60.332520N,24.819279E,46,17.6,154
13752,T,260803,081335,60.332485N,24.819319E,46,18.0,154
13753,T,260803,081336,60.332443N,24.819363E,46,18.1,154
13754,T,260803,081337,60.332409N,24.819405E,46,18.2,154
13755,T,260803,081338,60.332367N,24.819447E,47,18.3,153
13756,T,260803,081339,60.332333N,24.819490E,47,18.6,154
13757,T,260803,081340,60.332294N,24.819536E,47,18.0,153
13758,T,260803,081341,60.332260N,24.819584E,48,18.0,152
13759,T,260803,081342,60.332226N,24.819635E,48,17.5,151
13760,T,260803,081343,60.332191N,24.819683E,48,17.4,150
13761,T,260803,081344,60.332153N,24.819729E,49,17.3,150
13762,T,260803,081345,60.332119N,24.819769E,49,16.7,149
13763,T,260803,081346,60.332085N,24.819805E,50,16.6,149
13764,T,260803,081347,60.332047N,24.819843E,50,16.5,148
13765,T,260803,081348,60.332016N,24.819887E,51,15.8,148
13766,T,260803,081349,60.331989N,24.819937E,52,16.0,147
13767,T,260803,081350,60.331959N,24.819988E,52,15.9,146
13768,T,260803,081351,60.331928N,24.820040E,53,15.3,145
13769,T,260803,081352,60.331902N,24.820095E,53,16.0,144
13770,T,260803,081353,60.331867N,24.820158E,53,16.2,130
13771,T,260803,081354,60.331841N,24.820229E,53,17.0,128
13772,T,260803,081355,60.331806N,24.820299E,53,16.7,130
13773,T,260803,081356,60.331779N,24.820368E,53,16.6,128
13774,T,260803,081357,60.331757N,24.820438E,52,16.7,126
13775,T,260803,081358,60.331730N,24.820513E,52,17.3,126
13776,T,260803,081359,60.331699N,24.820583E,52,17.4,126
13777,T,260803,081400,60.331673N,24.820656E,52,17.8,125
13778,T,260803,081401,60.331650N,24.820730E,52,17.8,125
13779,T,260803,081402,60.331619N,24.820803E,52,17.8,126
13780,T,260803,081403,60.331596N,24.820873E,52,17.9,125
13781,T,260803,081404,60.331570N,24.820948E,53,18.3,124
13782,T,260803,081405,60.331543N,24.821024E,52,17.9,123
13783,T,260803,081406,60.331520N,24.821104E,52,18.0,122
13784,T,260803,081407,60.331501N,24.821180E,52,18.0,120
13785,T,260803,081408,60.331474N,24.821264E,52,18.1,119
13786,T,260803,081409,60.331448N,24.821342E,52,18.0,119
13787,T,260803,081410,60.331425N,24.821421E,52,18.1,119
13788,T,260803,081411,60.331406N,24.821495E,52,18.4,119
13789,T,260803,081412,60.331379N,24.821575E,52,18.5,119
13790,T,260803,081413,60.331360N,24.821653E,51,18.3,118
13791,T,260803,081414,60.331341N,24.821733E,51,18.2,118
13792,T,260803,081415,60.331322N,24.821814E,51,17.9,118
13793,T,260803,081416,60.331295N,24.821890E,51,17.9,118
13794,T,260803,081417,60.331276N,24.821970E,51,17.9,117
13795,T,260803,081418,60.331257N,24.822052E,51,18.3,115
13796,T,260803,081419,60.331238N,24.822136E,52,18.7,115
13797,T,260803,081420,60.331215N,24.822224E,52,19.3,113
13798,T,260803,081421,60.331196N,24.822311E,52,20.0,113
13799,T,260803,081422,60.331177N,24.822401E,52,20.0,114
13800,T,260803,081423,60.331154N,24.822493E,52,20.0,115
13801,T,260803,081424,60.331127N,24.822582E,52,20.1,116
13802,T,260803,081425,60.331108N,24.822674E,52,20.6,117
13803,T,260803,081426,60.331081N,24.822763E,52,21.0,118
13804,T,260803,081427,60.331055N,24.822857E,52,21.4,119
13805,T,260803,081428,60.331028N,24.822948E,53,21.5,120
13806,T,260803,081429,60.331001N,24.823040E,53,21.8,122
13807,T,260803,081430,60.330967N,24.823132E,53,22.1,123
13808,T,260803,081431,60.330936N,24.823221E,53,22.2,125
13809,T,260803,081432,60.330898N,24.823305E,54,22.3,128
13810,T,260803,081433,60.330864N,24.823393E,54,22.4,130
13811,T,260803,081434,60.330830N,24.823475E,54,22.4,133
13812,T,260803,081435,60.330784N,24.823549E,54,22.8,135
13813,T,260803,081436,60.330746N,24.823629E,54,23.1,137
13814,T,260803,081437,60.330700N,24.823706E,54,23.2,139
13815,T,260803,081438,60.330662N,24.823784E,54,23.7,139
13816,T,260803,081439,60.330616N,24.823870E,54,24.0,139
13817,T,260803,081440,60.330578N,24.823948E,54,24.1,140
13818,T,260803,081441,60.330528N,24.824030E,54,24.3,141
13819,T,260803,081442,60.330482N,24.824110E,54,24.8,142
13820,T,260803,081443,60.330441N,24.824192E,55,25.3,144
13821,T,260803,081444,60.330387N,24.824266E,55,25.6,145
13822,T,260803,081445,60.330341N,24.824343E,55,26.0,146
13823,T,260803,081446,60.330288N,24.824415E,55,25.9,148
13824,T,260803,081447,60.330231N,24.824484E,55,25.8,149
13825,T,260803,081448,60.330181N,24.824553E,55,25.4,150
13826,T,260803,081449,60.330128N,24.824617E,55,25.5,150
13827,T,260803,081450,60.330074N,24.824684E,55,25.5,150
13828,T,260803,081451,60.330021N,24.824743E,55,26.1,151
13829,T,260803,081452,60.329964N,24.824799E,55,26.0,153
13830,T,260803,081453,60.329906N,24.824852E,54,26.0,154
13831,T,260803,081454,60.329849N,24.824903E,54,26.1,156
13832,T,260803,081455,60.329792N,24.824957E,54,26.2,158
13833,T,260803,081456,60.329727N,24.824999E,54,26.2,160
13834,T,260803,081457,60.329674N,24.825047E,55,26.3,161
13835,T,260803,081458,60.329613N,24.825098E,54,25.9,162
13836,T,260803,081459,60.329556N,24.825142E,54,25.4,164
13837,T,260803,081500,60.329494N,24.825176E,54,26.3,165
13838,T,260803,081501,60.329433N,24.825211E,53,26.3,167
13839,T,260803,081502,60.329369N,24.825245E,53,25.2,168
13840,T,260803,081503,60.329311N,24.825272E,52,25.2,169
13841,T,260803,081504,60.329247N,24.825298E,52,25.0,169
13842,T,260803,081505,60.329189N,24.825323E,52,25.0,169
13843,T,260803,081506,60.329124N,24.825348E,53,24.7,169
13844,T,260803,081507,60.329063N,24.825373E,53,24.6,170
13845,T,260803,081508,60.329002N,24.825392E,53,23.9,170
13846,T,260803,081509,60.328949N,24.825413E,53,23.2,171
13847,T,260803,081510,60.328888N,24.825436E,53,22.9,171
13848,T,260803,081511,60.328831N,24.825459E,53,22.3,171
13849,T,260803,081512,60.328777N,24.825476E,53,22.0,171
13850,T,260803,081513,60.328720N,24.825497E,53,21.9,170
13851,T,260803,081514,60.328663N,24.825512E,53,21.5,170
13852,T,260803,081515,60.328613N,24.825525E,54,21.0,171
13853,T,260803,081516,60.328560N,24.825539E,54,21.1,172
13854,T,260803,081517,60.328506N,24.825554E,54,20.0,172
13855,T,260803,081518,60.328457N,24.825569E,54,20.1,172
13856,T,260803,081519,60.328407N,24.825586E,55,19.9,171
13857,T,260803,081520,60.328358N,24.825602E,55,20.0,172
13858,T,260803,081521,60.328308N,24.825617E,55,20.0,172
13859,T,260803,081522,60.328255N,24.825632E,55,20.0,172
13860,T,260803,081523,60.328209N,24.825644E,55,20.0,172
13861,T,260803,081524,60.328159N,24.825661E,55,20.0,171
13862,T,260803,081525,60.328110N,24.825676E,55,19.9,171
13863,T,260803,081526,60.328060N,24.825686E,55,19.5,172
13864,T,260803,081527,60.328007N,24.825701E,55,19.5,172
13865,T,260803,081528,60.327961N,24.825714E,55,19.9,171
13866,T,260803,081529,60.327911N,24.825729E,56,19.8,170
13867,T,260803,081530,60.327866N,24.825748E,56,19.9,170
13868,T,260803,081531,60.327812N,24.825766E,56,19.6,169
13869,T,260803,081532,60.327766N,24.825785E,56,19.5,168
13870,T,260803,081533,60.327721N,24.825802E,56,19.1,168
13871,T,260803,081534,60.327671N,24.825821E,56,18.6,167
13872,T,260803,081535,60.327629N,24.825842E,56,18.5,167
13873,T,260803,081536,60.327583N,24.825865E,56,18.2,165
13874,T,260803,081537,60.327541N,24.825890E,56,17.6,164
13875,T,260803,081538,60.327496N,24.825912E,56,17.2,164
13876,T,260803,081539,60.327457N,24.825935E,56,16.9,161
13877,T,260803,081540,60.327415N,24.825964E,56,16.9,157
13878,T,260803,081541,60.327381N,24.825991E,56,17.2,160
13879,T,260803,081542,60.327339N,24.826012E,56,17.2,163
13880,T,260803,081543,60.327301N,24.826031E,56,16.6,164
13881,T,260803,081544,60.327259N,24.826048E,56,16.7,166
13882,T,260803,081545,60.327221N,24.826065E,56,17.1,165
13883,T,260803,081546,60.327175N,24.826084E,56,17.7,171
13884,T,260803,081547,60.327133N,24.826096E,56,16.8,174
13885,T,260803,081548,60.327091N,24.826103E,56,15.3,173
13886,T,260803,081549,60.327057N,24.826118E,57,15.2,173
13887,T,260803,081550,60.327015N,24.826136E,57,16.3,172
13888,T,260803,081551,60.326977N,24.826155E,56,16.8,171
13889,T,260803,081552,60.326931N,24.826172E,57,16.8,170
13890,T,260803,081553,60.326893N,24.826195E,57,16.9,170
13891,T,260803,081554,60.326851N,24.826220E,57,17.2,169
13892,T,260803,081555,60.326813N,24.826246E,57,17.1,168
13893,T,260803,081556,60.326771N,24.826275E,57,17.2,167
13894,T,260803,081557,60.326733N,24.826300E,57,17.3,167
13895,T,260803,081558,60.326687N,24.826326E,58,17.4,166
13896,T,260803,081559,60.326649N,24.826349E,58,17.7,165
13897,T,260803,081600,60.326603N,24.826376E,58,17.6,164
13898,T,260803,081601,60.326565N,24.826401E,58,17.6,163
13899,T,260803,081602,60.326519N,24.826424E,59,17.7,162
13900,T,260803,081603,60.326481N,24.826450E,59,17.8,162
13901,T,260803,081604,60.326435N,24.826471E,59,18.2,163
13902,T,260803,081605,60.326393N,24.826496E,59,18.2,163
13903,T,260803,081606,60.326351N,24.826525E,59,18.2,163
13904,T,260803,081607,60.326309N,24.826548E,60,18.1,163
13905,T,260803,081608,60.326263N,24.826576E,60,18.2,162
13906,T,260803,081609,60.326221N,24.826607E,60,18.1,161
13907,T,260803,081610,60.326180N,24.826639E,60,18.1,159
13908,T,260803,081611,60.326138N,24.826674E,60,18.1,158
13909,T,260803,081612,60.326092N,24.826702E,60,18.1,157
13910,T,260803,081613,60.326050N,24.826735E,61,18.1,154
13911,T,260803,081614,60.326008N,24.826769E,61,18.0,153
13912,T,260803,081615,60.325970N,24.826801E,61,17.7,152
13913,T,260803,081616,60.325928N,24.826838E,61,17.6,151
13914,T,260803,081617,60.325890N,24.826876E,61,17.6,152
13915,T,260803,081618,60.325848N,24.826916E,61,17.6,152
13916,T,260803,081619,60.325813N,24.826956E,61,17.6,151
13917,T,260803,081620,60.325775N,24.827000E,61,17.6,150
13918,T,260803,081621,60.325741N,24.827045E,61,18.1,149
13919,T,260803,081622,60.325699N,24.827097E,62,18.2,147
13920,T,260803,081623,60.325665N,24.827152E,62,18.3,145
13921,T,260803,081624,60.325626N,24.827204E,62,18.0,144
13922,T,260803,081625,60.325592N,24.827257E,62,17.9,143
13923,T,260803,081626,60.325562N,24.827316E,62,17.5,140
13924,T,260803,081627,60.325527N,24.827375E,62,17.6,140
13925,T,260803,081628,60.325497N,24.827435E,62,17.7,139
13926,T,260803,081629,60.325459N,24.827490E,63,17.6,139
13927,T,260803,081630,60.325428N,24.827551E,63,17.6,138
13928,T,260803,081631,60.325397N,24.827608E,63,17.6,138
13929,T,260803,081632,60.325359N,24.827667E,64,17.7,138
13930,T,260803,081633,60.325329N,24.827728E,64,18.1,138
13931,T,260803,081634,60.325294N,24.827789E,64,18.1,138
13932,T,260803,081635,60.325260N,24.827850E,64,18.2,138
13933,T,260803,081636,60.325230N,24.827909E,64,18.2,139
13934,T,260803,081637,60.325191N,24.827969E,65,18.1,139
13935,T,260803,081638,60.325161N,24.828030E,65,18.1,138
13936,T,260803,081639,60.325123N,24.828089E,65,18.1,139
13937,T,260803,081640,60.325089N,24.828144E,65,18.1,141
13938,T,260803,081641,60.325047N,24.828196E,65,17.6,142
13939,T,260803,081642,60.325012N,24.828251E,65,18.0,144
13940,T,260803,081643,60.324970N,24.828297E,66,18.1,146
13941,T,260803,081644,60.324932N,24.828350E,66,17.0,146
13942,T,260803,081645,60.324898N,24.828400E,66,17.0,146
13943,T,260803,081646,60.324860N,24.828445E,66,18.5,148
13944,T,260803,081647,60.324821N,24.828497E,66,17.0,144
13945,T,260803,081648,60.324783N,24.828554E,66,17.3,142
13946,T,260803,081649,60.324749N,24.828608E,66,17.3,144
13947,T,260803,081650,60.324711N,24.828655E,66,15.3,146
13948,T,260803,081651,60.324680N,24.828697E,65,13.3,145
13949,T,260803,081652,60.324650N,24.828749E,65,13.9,144
13950,T,260803,081653,60.324619N,24.828794E,65,13.9,144
13951,T,260803,081654,60.324593N,24.828836E,65,13.5,144
13952,T,260803,081655,60.324558N,24.828875E,65,13.1,146
13953,T,260803,081656,60.324532N,24.828913E,65,13.2,147
13954,T,260803,081657,60.324501N,24.828955E,65,14.1,147
13955,T,260803,081658,60.324467N,24.828997E,65,14.2,147
13956,T,260803,081659,60.324440N,24.829044E,65,13.8,140
13957,T,260803,081700,60.324417N,24.829084E,65,12.0,142
13958,T,260803,081701,60.324390N,24.829124E,65,13.0,142
13959,T,260803,081702,60.324368N,24.829165E,66,11.0,140
13960,T,260803,081703,60.324341N,24.829205E,66,12.7,142
13961,T,260803,081704,60.324310N,24.829256E,66,13.1,139
13962,T,260803,081705,60.324280N,24.829309E,66,13.7,140
13963,T,260803,081706,60.324253N,24.829355E,66,12.2,139
13964,T,260803,081707,60.324223N,24.829405E,66,12.7,140
13965,T,260803,081708,60.324196N,24.829445E,67,12.3,139
13966,T,260803,081709,60.324162N,24.829494E,66,14.3,140
13967,T,260803,081710,60.324123N,24.829544E,66,14.9,141
13968,T,260803,081711,60.324085N,24.829594E,66,15.4,142
13969,T,260803,081712,60.324047N,24.829641E,66,15.9,143
13970,T,260803,081713,60.324009N,24.829687E,66,15.9,145
13971,T,260803,081714,60.323948N,24.829744E,66,15.9,145
13972,T,260803,081715,60.323902N,24.829792E,67,16.0,146
13973,T,260803,081716,60.323868N,24.829842E,67,15.4,146
13974,T,260803,081717,60.323833N,24.829891E,67,15.5,146
13975,T,260803,081718,60.323795N,24.829939E,67,16.0,146
13976,T,260803,081719,60.323761N,24.829985E,67,15.6,146
13977,T,260803,081720,60.323723N,24.830027E,67,16.6,147
13978,T,260803,081721,60.323692N,24.830074E,67,15.5,143
13979,T,260803,081722,60.323662N,24.830120E,66,14.7,144
13980,T,260803,081723,60.323627N,24.830156E,66,13.3,145
13981,T,260803,081724,60.323597N,24.830194E,66,14.9,152
13982,T,260803,081725,60.323563N,24.830236E,66,15.5,151
13983,T,260803,081726,60.323532N,24.830280E,66,14.6,150
13984,T,260803,081727,60.323505N,24.830326E,66,15.3,150
13985,T,260803,081728,60.323467N,24.830370E,66,15.3,149
13986,T,260803,081729,60.323437N,24.830414E,67,15.7,149
13987,T,260803,081730,60.323402N,24.830463E,67,16.3,148
13988,T,260803,081731,60.323372N,24.830511E,67,14.8,148
13989,T,260803,081732,60.323345N,24.830553E,67,12.4,147
13990,T,260803,081733,60.323318N,24.830593E,68,12.4,146
13991,T,260803,081734,60.323292N,24.830633E,68,13.5,145
13992,T,260803,081735,60.323257N,24.830675E,68,15.0,145
13993,T,260803,081736,60.323219N,24.830721E,68,15.8,145
13994,T,260803,081737,60.323181N,24.830767E,68,16.2,145
13995,T,260803,081738,60.323143N,24.830812E,68,16.2,145
13996,T,260803,081739,60.323112N,24.830858E,69,16.2,146
13997,T,260803,081740,60.323071N,24.830904E,68,16.7,147
13998,T,260803,081741,60.323032N,24.830954E,68,17.4,147
13999,T,260803,081742,60.322990N,24.831005E,69,17.8,146
14000,T,260803,081743,60.322952N,24.831064E,68,18.2,145
14001,T,260803,081744,60.322910N,24.831120E,69,18.5,144
14002,T,260803,081745,60.322857N,24.831182E,69,18.6,144
14003,T,260803,081746,60.322803N,24.831238E,69,19.0,145
14004,T,260803,081747,60.322762N,24.831293E,69,19.0,146
14005,T,260803,081748,60.322712N,24.831347E,69,19.1,146
14006,T,260803,081749,60.322674N,24.831402E,69,19.0,145
14007,T,260803,081750,60.322628N,24.831465E,69,19.0,144
14008,T,260803,081751,60.322590N,24.831532E,69,19.1,144
14009,T,260803,081752,60.322552N,24.831602E,69,19.0,131
14010,T,260803,081753,60.322521N,24.831676E,68,18.5,129
14011,T,260803,081754,60.322487N,24.831747E,68,18.5,128
14012,T,260803,081755,60.322460N,24.831823E,68,18.1,124
14013,T,260803,081756,60.322437N,24.831902E,69,18.5,124
14014,T,260803,081757,60.322407N,24.831980E,68,18.5,124
14015,T,260803,081758,60.322380N,24.832056E,68,17.9,125
14016,T,260803,081759,60.322353N,24.832130E,68,17.3,126
14017,T,260803,081800,60.322323N,24.832195E,68,16.1,128
14018,T,260803,081801,60.322300N,24.832258E,68,15.0,127
14019,T,260803,081802,60.322277N,24.832315E,68,14.5,128
14020,T,260803,081803,60.322250N,24.832373E,67,13.2,127
14021,T,260803,081804,60.322227N,24.832422E,67,13.2,132
14022,T,260803,081805,60.322205N,24.832472E,67,12.9,133
14023,T,260803,081806,60.322182N,24.832506E,67,12.0,156
14024,T,260803,081807,60.322151N,24.832508E,66,11.3,200
14025,T,260803,081808,60.322124N,24.832479E,67,11.5,221
14026,T,260803,081809,60.322109N,24.832438E,67,11.4,237
14027,T,260803,081810,60.322090N,24.832390E,67,11.2,245
14028,T,260803,081811,60.322079N,24.832342E,67,11.1,243
14029,T,260803,081812,60.322071N,24.832291E,67,12.1,244
14030,T,260803,081813,60.322056N,24.832235E,68,12.1,244
14031,T,260803,081814,60.322041N,24.832180E,68,13.4,237
14032,T,260803,081815,60.322021N,24.832123E,68,14.0,239
14033,T,260803,081816,60.321999N,24.832058E,68,15.7,239
14034,T,260803,081817,60.321980N,24.831984E,69,15.8,238
14035,T,260803,081818,60.321953N,24.831911E,69,16.3,236
14036,T,260803,081819,60.321934N,24.831844E,69,15.7,237
14037,T,260803,081820,60.321911N,24.831774E,69,16.3,237
14038,T,260803,081821,60.321888N,24.831699E,69,16.5,237
14039,T,260803,081822,60.321861N,24.831627E,69,16.8,236
14040,T,260803,081823,60.321838N,24.831554E,69,17.2,237
14041,T,260803,081824,60.321815N,24.831478E,69,17.7,236
14042,T,260803,081825,60.321793N,24.831402E,69,17.8,236
14043,T,260803,081826,60.321766N,24.831324E,69,18.4,236
14044,T,260803,081827,60.321739N,24.831240E,69,18.5,237
14045,T,260803,081828,60.321716N,24.831158E,69,19.0,236
14046,T,260803,081829,60.321690N,24.831078E,68,18.6,236
14047,T,260803,081830,60.321663N,24.830996E,68,18.6,237
14048,T,260803,081831,60.321640N,24.830912E,68,19.1,237
14049,T,260803,081832,60.321613N,24.830832E,68,19.1,236
14050,T,260803,081833,60.321583N,24.830751E,68,19.4,236
14051,T,260803,081834,60.321560N,24.830664E,67,20.1,242
14052,T,260803,081835,60.321533N,24.830576E,67,21.1,240
14053,T,260803,081836,60.321503N,24.830482E,67,21.7,238
14054,T,260803,081837,60.321476N,24.830385E,66,21.8,238
14055,T,260803,081838,60.321449N,24.830290E,66,22.4,238
14056,T,260803,081839,60.321415N,24.830196E,65,22.3,236
14057,T,260803,081840,60.321384N,24.830105E,65,21.0,236
14058,T,260803,081841,60.321362N,24.830021E,65,18.6,235
14059,T,260803,081842,60.321331N,24.829948E,65,15.6,234
14060,T,260803,081843,60.321312N,24.829897E,65,12.6,227
14061,T,260803,081844,60.321293N,24.829847E,65,11.3,228
14062,T,260803,081845,60.321281N,24.829805E,65,9.3,229
14063,T,260803,081846,60.321262N,24.829763E,65,10.7,230
14064,T,260803,081847,60.321247N,24.829716E,65,10.7,229
14065,T,260803,081848,60.321224N,24.829676E,64,12.2,227
14066,T,260803,081849,60.321201N,24.829647E,64,11.8,226
14067,T,260803,081850,60.321167N,24.829647E,64,13.2,222
14068,T,260803,081851,60.321133N,24.829670E,64,14.6,217
14069,T,260803,081852,60.321098N,24.829708E,65,15.7,211
14070,T,260803,081853,60.321060N,24.829752E,64,17.1,206
14071,T,260803,081854,60.321018N,24.829796E,64,18.6,201
14072,T,260803,081855,60.320980N,24.829845E,64,19.4,195
14073,T,260803,081856,60.320934N,24.829903E,64,20.1,190
14074,T,260803,081857,60.320889N,24.829958E,63,20.5,186
14075,T,260803,081858,60.320847N,24.830013E,63,20.4,182
14076,T,260803,081859,60.320805N,24.830069E,63,20.4,178
14077,T,260803,081900,60.320759N,24.830124E,63,20.8,174
14078,T,260803,081901,60.320717N,24.830177E,63,20.4,171
14079,T,260803,081902,60.320671N,24.830236E,63,20.1,168
14080,T,260803,081903,60.320633N,24.830290E,63,20.0,165
14081,T,260803,081904,60.320587N,24.830345E,63,20.0,163
14082,T,260803,081905,60.320545N,24.830402E,63,20.0,161
14083,T,260803,081906,60.320499N,24.830456E,63,20.4,159
14084,T,260803,081907,60.320457N,24.830507E,63,20.5,158
14085,T,260803,081908,60.320408N,24.830557E,63,20.5,159
14086,T,260803,081909,60.320358N,24.830584E,64,20.4,170
14087,T,260803,081910,60.320309N,24.830597E,64,20.1,177
14088,T,260803,081911,60.320255N,24.830599E,64,20.1,180
14089,T,260803,081912,60.320210N,24.830608E,64,19.7,178
14090,T,260803,081913,60.320164N,24.830645E,64,18.9,148
14091,T,260803,081914,60.320126N,24.830696E,64,17.8,142
14092,T,260803,081915,60.320091N,24.830748E,64,17.0,143
14093,T,260803,081916,60.320057N,24.830797E,64,18.7,145
14094,T,260803,081917,60.320023N,24.830864E,63,18.1,125
14095,T,260803,081918,60.320000N,24.830936E,63,18.2,122
14096,T,260803,081919,60.319977N,24.831017E,63,18.6,123
14097,T,260803,081920,60.319942N,24.831091E,63,19.8,132
14098,T,260803,081921,60.319904N,24.831158E,63,21.2,140
14099,T,260803,081922,60.319859N,24.831217E,63,21.6,144
14100,T,260803,081923,60.319813N,24.831280E,63,22.0,145
14101,T,260803,081924,60.319763N,24.831341E,63,22.2,146
14102,T,260803,081925,60.319717N,24.831398E,62,22.1,147
14103,T,260803,081926,60.319668N,24.831455E,62,22.0,148
14104,T,260803,081927,60.319618N,24.831509E,62,21.7,151
14105,T,260803,081928,60.319569N,24.831562E,62,21.0,149
14106,T,260803,081929,60.319527N,24.831617E,62,20.4,146
14107,T,260803,081930,60.319489N,24.831680E,62,19.5,145
14108,T,260803,081931,60.319447N,24.831734E,62,19.4,148
14109,T,260803,081932,60.319405N,24.831785E,62,20.0,146
14110,T,260803,081933,60.319359N,24.831844E,62,20.9,146
14111,T,260803,081934,60.319321N,24.831903E,62,20.9,146
14112,T,260803,081935,60.319275N,24.831961E,63,20.9,147
14113,T,260803,081936,60.319233N,24.832016E,63,21.2,148
14114,T,260803,081937,60.319183N,24.832071E,63,21.9,149
14115,T,260803,081938,60.319138N,24.832125E,63,21.9,150
14116,T,260803,081939,60.319088N,24.832180E,63,21.8,149
14117,T,260803,081940,60.319038N,24.832233E,62,21.8,148
14118,T,260803,081941,60.318996N,24.832294E,62,22.3,147
14119,T,260803,081942,60.318947N,24.832350E,62,22.3,151
14120,T,260803,081943,60.318897N,24.832403E,62,22.4,151
14121,T,260803,081944,60.318848N,24.832458E,62,22.4,149
14122,T,260803,081945,60.318802N,24.832516E,61,22.9,149
14123,T,260803,081946,60.318752N,24.832569E,61,22.2,150
14124,T,260803,081947,60.318699N,24.832624E,61,22.4,151
14125,T,260803,081948,60.318649N,24.832676E,62,23.0,151
14126,T,260803,081949,60.318592N,24.832720E,62,23.8,151
14127,T,260803,081950,60.318539N,24.832766E,61,23.8,152
14128,T,260803,081951,60.318481N,24.832813E,62,23.7,152
14129,T,260803,081952,60.318424N,24.832865E,62,24.3,152
14130,T,260803,081953,60.318367N,24.832932E,62,24.3,151
14131,T,260803,081954,60.318321N,24.832993E,62,24.0,151
14132,T,260803,081955,60.318268N,24.833055E,62,24.1,150
14133,T,260803,081956,60.318211N,24.833124E,63,24.0,149
14134,T,260803,081957,60.318161N,24.833187E,63,23.7,150
14135,T,260803,081958,60.318108N,24.833246E,63,23.2,150
14136,T,260803,081959,60.318054N,24.833302E,64,23.3,150
14137,T,260803,082000,60.318005N,24.833355E,64,23.0,151
14138,T,260803,082001,60.317951N,24.833405E,65,23.0,152
14139,T,260803,082002,60.317902N,24.833456E,65,23.0,151
14140,T,260803,082003,60.317852N,24.833509E,66,22.9,152
14141,T,260803,082004,60.317799N,24.833565E,66,22.6,152
14142,T,260803,082005,60.317753N,24.833618E,67,22.5,151
14143,T,260803,082006,60.317707N,24.833673E,67,21.7,152
14144,T,260803,082007,60.317661N,24.833729E,68,21.7,152
14145,T,260803,082008,60.317612N,24.833778E,68,22.0,152
14146,T,260803,082009,60.317562N,24.833830E,68,21.9,153
14147,T,260803,082010,60.317516N,24.833879E,69,21.9,153
14148,T,260803,082011,60.317471N,24.833929E,69,21.8,154
14149,T,260803,082012,60.317421N,24.833979E,69,21.8,154
14150,T,260803,082013,60.317371N,24.834024E,70,21.8,156
14151,T,260803,082014,60.317326N,24.834064E,70,21.8,157
14152,T,260803,082015,60.317272N,24.834108E,70,21.8,158
14153,T,260803,082016,60.317223N,24.834150E,70,21.8,158
14154,T,260803,082017,60.317177N,24.834192E,70,22.2,158
14155,T,260803,082018,60.317123N,24.834234E,70,22.0,158
14156,T,260803,082019,60.317074N,24.834272E,70,22.1,159
14157,T,260803,082020,60.317028N,24.834305E,70,22.5,159
14158,T,260803,082021,60.316975N,24.834337E,70,22.5,160
14159,T,260803,082022,60.316925N,24.834373E,70,21.7,162
14160,T,260803,082023,60.316872N,24.834404E,70,22.2,163
14161,T,260803,082024,60.316814N,24.834436E,70,22.3,164
14162,T,260803,082025,60.316765N,24.834473E,70,22.2,164
14163,T,260803,082026,60.316711N,24.834511E,70,21.7,164
14164,T,260803,082027,60.316662N,24.834545E,70,21.7,164
14165,T,260803,082028,60.316608N,24.834583E,70,21.4,163
14166,T,260803,082029,60.316559N,24.834620E,70,20.8,164
14167,T,260803,082030,60.316513N,24.834648E,70,19.8,165
14168,T,260803,082031,60.316463N,24.834669E,70,18.8,173
14169,T,260803,082032,60.316418N,24.834675E,69,19.1,186
14170,T,260803,082033,60.316368N,24.834656E,69,18.7,199
14171,T,260803,082034,60.316326N,24.834623E,69,16.7,200
14172,T,260803,082035,60.316292N,24.834604E,69,14.5,199
14173,T,260803,082036,60.316257N,24.834595E,70,13.6,198
14174,T,260803,082037,60.316223N,24.834597E,70,12.5,196
14175,T,260803,082038,60.316196N,24.834604E,70,11.0,193
14176,T,260803,082039,60.316170N,24.834616E,70,13.0,191
14177,T,260803,082040,60.316135N,24.834633E,70,11.8,189
14178,T,260803,082041,60.316109N,24.834658E,70,12.7,186
14179,T,260803,082042,60.316074N,24.834700E,70,15.9,182
14180,T,260803,082043,60.316040N,24.834743E,70,16.0,179
14181,T,260803,082044,60.316006N,24.834780E,70,16.8,176
14182,T,260803,082045,60.315964N,24.834812E,71,17.3,161
14183,T,260803,082046,60.315922N,24.834839E,71,19.0,167
14184,T,260803,082047,60.315868N,24.834864E,71,21.3,166
14185,T,260803,082048,60.315815N,24.834885E,71,20.5,169
14186,T,260803,082049,60.315765N,24.834896E,71,21.0,172
14187,T,260803,082050,60.315712N,24.834911E,71,20.5,171
14188,T,260803,082051,60.315659N,24.834934E,71,20.6,172
14189,T,260803,082052,60.315609N,24.834948E,71,21.2,173
14190,T,260803,082053,60.315552N,24.834965E,71,21.6,173
14191,T,260803,082054,60.315498N,24.834976E,71,21.5,173
14192,T,260803,082055,60.315449N,24.834991E,71,21.2,173
14193,T,260803,082056,60.315392N,24.835009E,71,21.1,172
14194,T,260803,082057,60.315338N,24.835024E,71,21.2,172
14195,T,260803,082058,60.315285N,24.835033E,70,21.4,172
14196,T,260803,082059,60.315231N,24.835047E,71,22.1,172
14197,T,260803,082100,60.315174N,24.835064E,71,22.9,172
14198,T,260803,082101,60.315121N,24.835075E,70,22.8,172
14199,T,260803,082102,60.315063N,24.835089E,70,23.3,172
14200,T,260803,082103,60.315002N,24.835102E,70,22.8,172
14201,T,260803,082104,60.314949N,24.835115E,70,22.8,173
14202,T,260803,082105,60.314892N,24.835129E,70,22.0,173
14203,T,260803,082106,60.314835N,24.835144E,70,22.0,173
14204,T,260803,082107,60.314781N,24.835155E,70,21.6,172
14205,T,260803,082108,60.314728N,24.835173E,70,21.2,171
14206,T,260803,082109,60.314674N,24.835190E,69,21.1,171
14207,T,260803,082110,60.314625N,24.835209E,69,20.6,169
14208,T,260803,082111,60.314571N,24.835236E,69,20.7,161
14209,T,260803,082112,60.314526N,24.835276E,69,21.4,154
14210,T,260803,082113,60.314472N,24.835320E,68,21.9,157
14211,T,260803,082114,60.314423N,24.835352E,68,21.2,158
14212,T,260803,082115,60.314369N,24.835367E,68,21.5,160
14213,T,260803,082116,60.314316N,24.835377E,68,22.0,161
14214,T,260803,082117,60.314262N,24.835375E,68,20.6,164
14215,T,260803,082118,60.314213N,24.835360E,68,20.7,166
14216,T,260803,082119,60.314163N,24.835344E,68,21.3,168
14217,T,260803,082120,60.314114N,24.835339E,68,21.0,179
14218,T,260803,082121,60.314056N,24.835344E,68,22.2,174
14219,T,260803,082122,60.314003N,24.835361E,68,21.7,166
14220,T,260803,082123,60.313953N,24.835390E,68,21.7,162
14221,T,260803,082124,60.313900N,24.835424E,68,21.7,163
14222,T,260803,082125,60.313847N,24.835449E,67,21.9,164
14223,T,260803,082126,60.313793N,24.835484E,67,22.6,163
14224,T,260803,082127,60.313740N,24.835520E,67,22.7,160
14225,T,260803,082128,60.313686N,24.835569E,67,23.7,149
14226,T,260803,082129,60.313641N,24.835644E,67,23.8,137
14227,T,260803,082130,60.313599N,24.835735E,66,24.2,125
14228,T,260803,082131,60.313572N,24.835842E,66,23.7,111
14229,T,260803,082132,60.313560N,24.835958E,66,24.6,95
14230,T,260803,082133,60.313568N,24.836079E,66,24.3,77
14231,T,260803,082134,60.313583N,24.836197E,66,23.7,72
14232,T,260803,082135,60.313599N,24.836309E,66,24.4,72
14233,T,260803,082136,60.313622N,24.836426E,66,24.5,72
14234,T,260803,082137,60.313641N,24.836544E,65,25.0,72
14235,T,260803,082138,60.313648N,24.836672E,65,26.3,87
14236,T,260803,082139,60.313637N,24.836803E,64,28.2,108
14237,T,260803,082140,60.313606N,24.836918E,64,24.2,128
14238,T,260803,082141,60.313560N,24.836998E,64,24.2,147
14239,T,260803,082142,60.313511N,24.837065E,64,24.2,146
14240,T,260803,082143,60.313461N,24.837135E,64,23.4,145
14241,T,260803,082144,60.313412N,24.837198E,64,22.6,147
14242,T,260803,082145,60.313362N,24.837255E,64,21.7,148
14243,T,260803,082146,60.313316N,24.837311E,64,21.2,149
14244,T,260803,082147,60.313263N,24.837364E,63,22.6,150
14245,T,260803,082148,60.313217N,24.837420E,63,23.0,151
14246,T,260803,082149,60.313164N,24.837481E,63,23.7,151
14247,T,260803,082150,60.313110N,24.837538E,63,24.1,151
14248,T,260803,082151,60.313057N,24.837597E,63,24.5,151
14249,T,260803,082152,60.313004N,24.837654E,63,24.5,152
14250,T,260803,082153,60.312946N,24.837713E,63,25.2,152
14251,T,260803,082154,60.312893N,24.837767E,63,25.2,154
14252,T,260803,082155,60.312836N,24.837814E,63,24.3,154
14253,T,260803,082156,60.312778N,24.837868E,63,24.3,155
14254,T,260803,082157,60.312721N,24.837915E,62,25.0,157
14255,T,260803,082158,60.312664N,24.837963E,62,25.0,158
14256,T,260803,082159,60.312603N,24.838005E,62,25.5,159
14257,T,260803,082200,60.312550N,24.838043E,62,25.5,160
14258,T,260803,082201,60.312485N,24.838079E,62,25.5,161
14259,T,260803,082202,60.312424N,24.838118E,62,25.9,162
14260,T,260803,082203,60.312363N,24.838158E,62,25.4,163
14261,T,260803,082204,60.312302N,24.838190E,62,25.3,164
14262,T,260803,082205,60.312241N,24.838224E,62,25.4,164
14263,T,260803,082206,60.312180N,24.838264E,62,25.1,164
14264,T,260803,082207,60.312119N,24.838301E,62,24.6,164
14265,T,260803,082208,60.312061N,24.838333E,63,24.7,164
14266,T,260803,082209,60.312000N,24.838364E,62,24.7,164
14267,T,260803,082210,60.311939N,24.838396E,63,24.4,166
14268,T,260803,082211,60.311874N,24.838421E,62,25.1,167
14269,T,260803,082212,60.311817N,24.838446E,62,25.1,168
14270,T,260803,082213,60.311752N,24.838470E,63,24.7,169
14271,T,260803,082214,60.311687N,24.838490E,63,24.7,170
14272,T,260803,082215,60.311626N,24.838507E,63,24.6,172
14273,T,260803,082216,60.311569N,24.838520E,63,24.9,173
14274,T,260803,082217,60.311504N,24.838533E,63,24.8,174
14275,T,260803,082218,60.311440N,24.838547E,63,24.8,174
14276,T,260803,082219,60.311378N,24.838560E,63,24.7,174
14277,T,260803,082220,60.311317N,24.838575E,64,24.8,174
14278,T,260803,082221,60.311256N,24.838585E,64,24.1,175
14279,T,260803,082222,60.311195N,24.838594E,64,24.5,175
14280,T,260803,082223,60.311131N,24.838600E,64,25.2,176
14281,T,260803,082224,60.311066N,24.838604E,64,25.1,177
14282,T,260803,082225,60.311001N,24.838602E,63,24.7,178
14283,T,260803,082226,60.310936N,24.838604E,64,24.9,178
14284,T,260803,082227,60.310871N,24.838612E,64,24.9,178
14285,T,260803,082228,60.310806N,24.838615E,64,25.0,179
14286,T,260803,082229,60.310749N,24.838615E,64,24.5,179
14287,T,260803,082230,60.310684N,24.838621E,64,25.0,178
14288,T,260803,082231,60.310623N,24.838623E,64,25.0,178
14289,T,260803,082232,60.310558N,24.838627E,64,24.1,179
14290,T,260803,082233,60.310501N,24.838629E,63,23.5,179
14291,T,260803,082234,60.310440N,24.838633E,63,23.6,178
14292,T,260803,082235,60.310379N,24.838636E,63,25.0,178
14293,T,260803,082236,60.310314N,24.838636E,63,25.0,179
14294,T,260803,082237,60.310253N,24.838636E,63,25.7,178
14295,T,260803,082238,60.310188N,24.838642E,63,26.1,178
14296,T,260803,082239,60.310123N,24.838644E,62,26.6,179
14297,T,260803,082240,60.310055N,24.838642E,62,27.0,179
14298,T,260803,082241,60.309986N,24.838640E,62,26.9,179
14299,T,260803,082242,60.309921N,24.838642E,62,27.0,180
14300,T,260803,082243,60.309853N,24.838644E,61,27.4,179
14301,T,260803,082244,60.309780N,24.838648E,61,27.3,178
14302,T,260803,082245,60.309711N,24.838648E,61,27.1,179
14303,T,260803,082246,60.309647N,24.838648E,61,26.7,178
14304,T,260803,082247,60.309582N,24.838650E,61,25.9,179
14305,T,260803,082248,60.309517N,24.838648E,61,25.9,180
14306,T,260803,082249,60.309452N,24.838648E,60,25.8,179
14307,T,260803,082250,60.309387N,24.838648E,60,25.2,180
14308,T,260803,082251,60.309322N,24.838644E,60,25.3,180
14309,T,260803,082252,60.309265N,24.838646E,60,25.3,179
14310,T,260803,082253,60.309204N,24.838648E,60,24.2,179
14311,T,260803,082254,60.309143N,24.838650E,60,24.1,179
14312,T,260803,082255,60.309086N,24.838644E,60,23.7,179
14313,T,260803,082256,60.309029N,24.838646E,60,23.7,179
14314,T,260803,082257,60.308968N,24.838646E,60,23.6,179
14315,T,260803,082258,60.308910N,24.838644E,60,23.6,179
14316,T,260803,082259,60.308853N,24.838644E,60,23.6,179
14317,T,260803,082300,60.308796N,24.838644E,60,23.0,179
14318,T,260803,082301,60.308735N,24.838644E,60,23.0,180
14319,T,260803,082302,60.308678N,24.838648E,60,23.6,179
14320,T,260803,082303,60.308617N,24.838654E,60,22.9,179
14321,T,260803,082304,60.308559N,24.838655E,60,22.8,179
14322,T,260803,082305,60.308498N,24.838657E,60,22.8,179
14323,T,260803,082306,60.308445N,24.838669E,60,22.2,172
14324,T,260803,082307,60.308392N,24.838688E,61,22.9,168
14325,T,260803,082308,60.308331N,24.838711E,61,24.2,167
14326,T,260803,082309,60.308273N,24.838741E,61,25.1,162
14327,T,260803,082310,60.308212N,24.838783E,61,25.5,159
14328,T,260803,082311,60.308151N,24.838827E,61,25.8,157
14329,T,260803,082312,60.308098N,24.838879E,60,25.9,155
14330,T,260803,082313,60.308037N,24.838936E,60,26.7,151
14331,T,260803,082314,60.307980N,24.839005E,60,27.1,146
14332,T,260803,082315,60.307919N,24.839083E,60,26.8,141
14333,T,260803,082316,60.307869N,24.839169E,60,26.8,137
14334,T,260803,082317,60.307819N,24.839262E,59,26.4,133
14335,T,260803,082318,60.307777N,24.839361E,58,26.5,127
14336,T,260803,082319,60.307739N,24.839470E,58,26.5,122
14337,T,260803,082320,60.307705N,24.839584E,57,26.4,118
14338,T,260803,082321,60.307674N,24.839701E,57,25.6,112
14339,T,260803,082322,60.307655N,24.839821E,57,25.6,108
14340,T,260803,082323,60.307636N,24.839945E,56,25.7,106
14341,T,260803,082324,60.307621N,24.840067E,55,25.7,102
14342,T,260803,082325,60.307613N,24.840195E,55,25.0,93
14343,T,260803,082326,60.307610N,24.840326E,54,25.3,92
14344,T,260803,082327,60.307613N,24.840450E,53,25.2,88
14345,T,260803,082328,60.307621N,24.840580E,53,24.5,83
14346,T,260803,082329,60.307632N,24.840700E,52,23.7,77
14347,T,260803,082330,60.307644N,24.840816E,52,22.1,74
14348,T,260803,082331,60.307655N,24.840921E,52,20.5,77
14349,T,260803,082332,60.307659N,24.841022E,51,19.6,92
14350,T,260803,082333,60.307644N,24.841110E,51,18.4,118
14351,T,260803,082334,60.307617N,24.841171E,51,16.4,152
14352,T,260803,082335,60.307579N,24.841196E,51,15.8,174
14353,T,260803,082336,60.307537N,24.841206E,52,17.2,176
14354,T,260803,082337,60.307491N,24.841211E,52,18.8,178
14355,T,260803,082338,60.307446N,24.841219E,52,19.6,176
14356,T,260803,082339,60.307392N,24.841228E,52,20.4,174
14357,T,260803,082340,60.307339N,24.841242E,52,20.8,174
14358,T,260803,082341,60.307289N,24.841251E,52,21.2,176
14359,T,260803,082342,60.307232N,24.841255E,52,21.9,178
14360,T,260803,082343,60.307175N,24.841255E,52,21.9,177
14361,T,260803,082344,60.307121N,24.841257E,52,22.8,179
14362,T,260803,082345,60.307060N,24.841253E,52,22.8,181
14363,T,260803,082346,60.306999N,24.841248E,52,23.9,182
14364,T,260803,082347,60.306938N,24.841242E,52,24.5,182
14365,T,260803,082348,60.306877N,24.841236E,52,24.6,183
14366,T,260803,082349,60.306812N,24.841230E,51,25.1,183
14367,T,260803,082350,60.306747N,24.841223E,51,25.1,183
14368,T,260803,082351,60.306683N,24.841209E,51,25.0,184
14369,T,260803,082352,60.306622N,24.841200E,51,25.1,184
14370,T,260803,082353,60.306557N,24.841192E,51,25.7,184
14371,T,260803,082354,60.306488N,24.841185E,50,26.8,184
14372,T,260803,082355,60.306416N,24.841183E,50,28.7,183
14373,T,260803,082356,60.306339N,24.841175E,50,29.8,182
14374,T,260803,082357,60.306259N,24.841164E,49,30.9,182
14375,T,260803,082358,60.306183N,24.841156E,49,31.0,182
14376,T,260803,082359,60.306107N,24.841148E,48,30.5,182
14377,T,260803,082400,60.306030N,24.841145E,48,29.5,182
14378,T,260803,082401,60.305962N,24.841139E,48,28.6,181
14379,T,260803,082402,60.305889N,24.841141E,48,27.0,175
14380,T,260803,082403,60.305828N,24.841156E,47,23.4,166
14381,T,260803,082404,60.305782N,24.841227E,47,24.7,132
14382,T,260803,082405,60.305759N,24.841328E,47,25.1,106
14383,T,260803,082406,60.305759N,24.841436E,46,21.6,86
14384,T,260803,082407,60.305759N,24.841555E,46,24.9,86
14385,T,260803,082408,60.305759N,24.841675E,46,23.0,90
14386,T,260803,082409,60.305759N,24.841784E,46,21.6,88
14387,T,260803,082410,60.305767N,24.841888E,45,21.3,77
14388,T,260803,082411,60.305771N,24.841991E,45,21.2,78
14389,T,260803,082412,60.305759N,24.842102E,44,22.0,81
14390,T,260803,082413,60.305740N,24.842205E,44,22.1,119
14391,T,260803,082414,60.305698N,24.842293E,44,22.6,145
14392,T,260803,082415,60.305656N,24.842352E,44,22.6,161
14393,T,260803,082416,60.305595N,24.842369E,45,23.4,179
14394,T,260803,082417,60.305531N,24.842373E,45,23.5,180
14395,T,260803,082418,60.305473N,24.842373E,45,22.7,179
14396,T,260803,082419,60.305412N,24.842377E,45,22.1,178
14397,T,260803,082420,60.305351N,24.842384E,45,22.8,179
14398,T,260803,082421,60.305298N,24.842386E,45,22.0,180
14399,T,260803,082422,60.305241N,24.842384E,45,22.0,181
14400,T,260803,082423,60.305180N,24.842377E,45,21.4,182
14401,T,260803,082424,60.305126N,24.842365E,45,20.8,183
14402,T,260803,082425,60.305073N,24.842363E,45,20.3,183
14403,T,260803,082426,60.305019N,24.842358E,45,19.8,183
14404,T,260803,082427,60.304974N,24.842356E,45,19.2,183
14405,T,260803,082428,60.304928N,24.842356E,46,18.0,182
14406,T,260803,082429,60.304874N,24.842356E,46,18.5,182
14407,T,260803,082430,60.304832N,24.842339E,46,17.5,183
14408,T,260803,082431,60.304790N,24.842323E,47,15.4,180
14409,T,260803,082432,60.304756N,24.842323E,47,14.5,178
14410,T,260803,082433,60.304722N,24.842323E,48,15.2,175
14411,T,260803,082434,60.304680N,24.842321E,49,16.5,178
14412,T,260803,082435,60.304642N,24.842323E,50,16.2,177
14413,T,260803,082436,60.304600N,24.842325E,51,16.1,179
14414,T,260803,082437,60.304562N,24.842323E,51,16.5,179
14415,T,260803,082438,60.304516N,24.842323E,52,17.1,177
14416,T,260803,082439,60.304474N,24.842325E,53,17.9,178
14417,T,260803,082440,60.304428N,24.842327E,53,18.5,178
14418,T,260803,082441,60.304379N,24.842325E,54,19.0,178
14419,T,260803,082442,60.304333N,24.842323E,54,19.7,180
14420,T,260803,082443,60.304279N,24.842321E,54,19.9,180
14421,T,260803,082444,60.304234N,24.842321E,55,20.0,180
14422,T,260803,082445,60.304180N,24.842325E,55,19.9,179
14423,T,260803,082446,60.304131N,24.842335E,55,19.0,177
14424,T,260803,082447,60.304085N,24.842340E,55,18.4,176
14425,T,260803,082448,60.304043N,24.842356E,55,17.7,175
14426,T,260803,082449,60.304001N,24.842367E,55,17.2,173
14427,T,260803,082450,60.303955N,24.842377E,56,16.4,172
14428,T,260803,082451,60.303913N,24.842382E,57,16.4,173
14429,T,260803,082452,60.303867N,24.842388E,57,16.3,173
14430,T,260803,082453,60.303829N,24.842396E,57,15.8,174
14431,T,260803,082454,60.303783N,24.842394E,58,16.2,176
14432,T,260803,082455,60.303745N,24.842394E,59,15.6,177
14433,T,260803,082456,60.303703N,24.842394E,60,16.2,179
14434,T,260803,082457,60.303665N,24.842396E,60,15.5,179
14435,T,260803,082458,60.303623N,24.842398E,61,15.6,179
14436,T,260803,082459,60.303589N,24.842403E,61,16.0,179
14437,T,260803,082500,60.303547N,24.842403E,61,16.0,179
14438,T,260803,082501,60.303509N,24.842407E,61,15.9,179
14439,T,260803,082502,60.303467N,24.842413E,61,15.7,180
14440,T,260803,082503,60.303432N,24.842407E,62,15.9,179
14441,T,260803,082504,60.303391N,24.842407E,62,15.8,179
14442,T,260803,082505,60.303352N,24.842403E,62,15.8,181
14443,T,260803,082506,60.303314N,24.842396E,62,15.4,182
14444,T,260803,082507,60.303276N,24.842392E,62,15.7,182
14445,T,260803,082508,60.303242N,24.842388E,62,15.8,183
14446,T,260803,082509,60.303200N,24.842382E,62,16.2,183
14447,T,260803,082510,60.303158N,24.842369E,62,16.5,184
14448,T,260803,082511,60.303112N,24.842361E,62,16.6,183
14449,T,260803,082512,60.303074N,24.842356E,62,17.0,182
14450,T,260803,082513,60.303024N,24.842346E,62,17.6,183
14451,T,260803,082514,60.302975N,24.842337E,62,19.1,182
14452,T,260803,082515,60.302929N,24.842335E,62,19.9,181
14453,T,260803,082516,60.302876N,24.842335E,62,21.1,181
14454,T,260803,082517,60.302818N,24.842335E,62,22.6,179
14455,T,260803,082518,60.302757N,24.842331E,62,23.5,179
14456,T,260803,082519,60.302696N,24.842335E,61,24.7,178
14457,T,260803,082520,60.302631N,24.842342E,61,26.0,176
14458,T,260803,082521,60.302563N,24.842360E,60,27.1,175
14459,T,260803,082522,60.302498N,24.842386E,59,27.2,174
14460,T,260803,082523,60.302433N,24.842422E,59,27.2,173
14461,T,260803,082524,60.302364N,24.842461E,58,28.2,172
14462,T,260803,082525,60.302303N,24.842527E,58,29.4,144
14463,T,260803,082526,60.302246N,24.842625E,57,28.8,132
14464,T,260803,082527,60.302200N,24.842722E,57,27.9,132
14465,T,260803,082528,60.302147N,24.842794E,56,24.7,157
14466,T,260803,082529,60.302094N,24.842825E,56,23.3,173
14467,T,260803,082530,60.302032N,24.842821E,55,21.3,190
14468,T,260803,082531,60.301991N,24.842773E,55,18.3,229
14469,T,260803,082532,60.301960N,24.842705E,55,17.4,230
14470,T,260803,082533,60.301929N,24.842644E,55,18.0,214
14471,T,260803,082534,60.301888N,24.842604E,55,17.4,196
14472,T,260803,082535,60.301849N,24.842585E,55,16.5,185
14473,T,260803,082536,60.301804N,24.842573E,55,16.5,182
14474,T,260803,082537,60.301762N,24.842562E,56,17.2,182
14475,T,260803,082538,60.301708N,24.842548E,56,19.2,180
14476,T,260803,082539,60.301655N,24.842552E,56,20.2,178
14477,T,260803,082540,60.301605N,24.842554E,56,20.3,177
14478,T,260803,082541,60.301552N,24.842556E,56,20.3,177
14479,T,260803,082542,60.301502N,24.842556E,56,19.8,179
14480,T,260803,082543,60.301453N,24.842554E,57,19.5,180
14481,T,260803,082544,60.301399N,24.842556E,57,19.5,178
14482,T,260803,082545,60.301350N,24.842556E,57,19.5,175
14483,T,260803,082546,60.301296N,24.842564E,57,20.0,175
14484,T,260803,082547,60.301243N,24.842567E,57,20.4,174
14485,T,260803,082548,60.301189N,24.842575E,57,21.8,173
14486,T,260803,082549,60.301128N,24.842585E,57,23.0,173
14487,T,260803,082550,60.301075N,24.842596E,57,22.5,173
14488,T,260803,082551,60.301010N,24.842598E,57,24.0,173
14489,T,260803,082552,60.300953N,24.842607E,57,24.4,173
14490,T,260803,082553,60.300892N,24.842621E,57,24.3,173
14491,T,260803,082554,60.300831N,24.842632E,57,23.7,173
14492,T,260803,082555,60.300774N,24.842644E,57,23.0,173
14493,T,260803,082556,60.300713N,24.842648E,57,22.7,174
14494,T,260803,082557,60.300655N,24.842655E,57,22.6,175
14495,T,260803,082558,60.300598N,24.842657E,57,22.6,176
14496,T,260803,082559,60.300541N,24.842663E,57,24.0,177
14497,T,260803,082600,60.300484N,24.842665E,58,23.4,177
14498,T,260803,082601,60.300423N,24.842669E,59,23.7,177
14499,T,260803,082602,60.300365N,24.842674E,59,23.3,177
14500,T,260803,082603,60.300308N,24.842676E,59,23.4,176
14501,T,260803,082604,60.300247N,24.842684E,60,23.4,176
14502,T,260803,082605,60.300186N,24.842690E,60,23.5,176
14503,T,260803,082606,60.300129N,24.842695E,61,23.5,176
14504,T,260803,082607,60.300072N,24.842699E,61,23.0,176
14505,T,260803,082608,60.300014N,24.842709E,61,23.4,176
14506,T,260803,082609,60.299961N,24.842716E,61,22.9,176
14507,T,260803,082610,60.299900N,24.842720E,62,22.9,176
14508,T,260803,082611,60.299843N,24.842728E,62,22.8,176
14509,T,260803,082612,60.299789N,24.842739E,62,22.0,175
14510,T,260803,082613,60.299732N,24.842749E,62,22.0,175
14511,T,260803,082614,60.299675N,24.842751E,63,21.6,176
14512,T,260803,082615,60.299622N,24.842758E,63,21.2,175
14513,T,260803,082616,60.299568N,24.842768E,63,20.7,175
14514,T,260803,082617,60.299511N,24.842775E,64,20.6,173
14515,T,260803,082618,60.299461N,24.842794E,64,20.5,171
14516,T,260803,082619,60.299404N,24.842813E,63,20.5,169
14517,T,260803,082620,60.299351N,24.842833E,63,21.7,169
14518,T,260803,082621,60.299297N,24.842850E,62,22.3,169
14519,T,260803,082622,60.299240N,24.842871E,62,23.3,169
14520,T,260803,082623,60.299179N,24.842894E,61,24.8,168
14521,T,260803,082624,60.299110N,24.842916E,61,26.2,169
14522,T,260803,082625,60.299049N,24.842936E,60,27.3,170
14523,T,260803,082626,60.298981N,24.842957E,60,27.8,170
14524,T,260803,082627,60.298908N,24.842981E,60,28.2,170
14525,T,260803,082628,60.298840N,24.843010E,59,28.1,168
14526,T,260803,082629,60.298771N,24.843042E,59,28.1,167
14527,T,260803,082630,60.298702N,24.843073E,59,28.0,167
14528,T,260803,082631,60.298637N,24.843096E,59,27.5,168
14529,T,260803,082632,60.298569N,24.843119E,58,27.5,170
14530,T,260803,082633,60.298500N,24.843132E,58,29.1,171
14531,T,260803,082634,60.298424N,24.843157E,58,30.0,170
14532,T,260803,082635,60.298351N,24.843187E,57,30.5,169
14533,T,260803,082636,60.298275N,24.843222E,57,30.4,167
14534,T,260803,082637,60.298199N,24.843256E,57,30.1,166
14535,T,260803,082638,60.298126N,24.843296E,57,29.6,166
14536,T,260803,082639,60.298061N,24.843328E,57,29.9,166
14537,T,260803,082640,60.297985N,24.843361E,56,29.9,167
14538,T,260803,082641,60.297913N,24.843393E,56,29.8,167
14539,T,260803,082642,60.297840N,24.843424E,56,29.7,168
14540,T,260803,082643,60.297768N,24.843456E,56,29.3,168
14541,T,260803,082644,60.297695N,24.843485E,56,29.3,169
14542,T,260803,082645,60.297626N,24.843515E,55,28.9,169
14543,T,260803,082646,60.297562N,24.843544E,55,28.4,169
14544,T,260803,082647,60.297489N,24.843571E,55,27.6,169
14545,T,260803,082648,60.297421N,24.843596E,55,27.3,169
14546,T,260803,082649,60.297356N,24.843624E,55,26.8,169
14547,T,260803,082650,60.297291N,24.843651E,54,26.0,169
14548,T,260803,082651,60.297230N,24.843676E,54,25.3,169
14549,T,260803,082652,60.297169N,24.843699E,54,25.2,169
14550,T,260803,082653,60.297108N,24.843718E,54,24.8,170
14551,T,260803,082654,60.297047N,24.843740E,54,24.5,170
14552,T,260803,082655,60.296989N,24.843761E,53,24.5,170
14553,T,260803,082656,60.296928N,24.843784E,53,24.5,170
14554,T,260803,082657,60.296867N,24.843807E,53,24.5,169
14555,T,260803,082658,60.296806N,24.843830E,52,24.4,170
14556,T,260803,082659,60.296749N,24.843851E,52,24.4,170
14557,T,260803,082700,60.296688N,24.843874E,51,24.3,169
14558,T,260803,082701,60.296631N,24.843897E,51,23.8,169
14559,T,260803,082702,60.296574N,24.843916E,50,23.2,169
14560,T,260803,082703,60.296520N,24.843941E,50,23.1,170
14561,T,260803,082704,60.296459N,24.843960E,50,22.8,170
14562,T,260803,082705,60.296410N,24.843985E,50,22.7,170
14563,T,260803,082706,60.296352N,24.844006E,50,22.5,169
14564,T,260803,082707,60.296299N,24.844030E,49,22.4,169
14565,T,260803,082708,60.296246N,24.844051E,49,22.4,169
14566,T,260803,082709,60.296188N,24.844070E,49,22.4,169
14567,T,260803,082710,60.296135N,24.844091E,49,21.4,169
14568,T,260803,082711,60.296089N,24.844109E,49,20.7,169
14569,T,260803,082712,60.296036N,24.844128E,48,20.9,169
14570,T,260803,082713,60.295979N,24.844147E,48,21.7,169
14571,T,260803,082714,60.295929N,24.844164E,48,22.3,170
14572,T,260803,082715,60.295872N,24.844181E,48,22.8,170
14573,T,260803,082716,60.295815N,24.844202E,48,22.9,170
14574,T,260803,082717,60.295757N,24.844221E,48,23.3,170
14575,T,260803,082718,60.295700N,24.844240E,47,23.2,170
14576,T,260803,082719,60.295643N,24.844263E,47,23.2,169
14577,T,260803,082720,60.295589N,24.844288E,47,23.1,168
14578,T,260803,082721,60.295528N,24.844316E,47,22.4,167
14579,T,260803,082722,60.295479N,24.844337E,47,20.7,166
14580,T,260803,082723,60.295433N,24.844364E,47,18.5,164
14581,T,260803,082724,60.295387N,24.844387E,47,15.5,164
14582,T,260803,082725,60.295353N,24.844406E,47,14.3,163
14583,T,260803,082726,60.295315N,24.844425E,47,14.6,162
14584,T,260803,082727,60.295280N,24.844450E,47,15.4,161
14585,T,260803,082728,60.295238N,24.844473E,47,15.4,161
14586,T,260803,082729,60.295200N,24.844479E,46,16.7,161
14587,T,260803,082730,60.295158N,24.844448E,45,17.8,164
14588,T,260803,082731,60.295124N,24.844385E,45,17.5,168
14589,T,260803,082732,60.295101N,24.844309E,44,18.6,174
14590,T,260803,082733,60.295078N,24.844217E,43,19.3,180
14591,T,260803,082734,60.295059N,24.844118E,43,20.3,186
14592,T,260803,082735,60.295044N,24.844025E,42,19.7,192
14593,T,260803,082736,60.295040N,24.843946E,42,17.9,198
14594,T,260803,082737,60.295021N,24.843874E,42,19.4,259
14595,T,260803,082738,60.295017N,24.843777E,42,20.4,262
14596,T,260803,082739,60.295010N,24.843660E,41,20.9,264
14597,T,260803,082740,60.294991N,24.843542E,40,21.6,262
14598,T,260803,082741,60.294979N,24.843424E,40,21.6,260
14599,T,260803,082742,60.294968N,24.843307E,40,21.7,259
14600,T,260803,082743,60.294956N,24.843197E,40,21.3,259
14601,T,260803,082744,60.294941N,24.843084E,40,21.2,258
14602,T,260803,082745,60.294930N,24.842974E,40,21.2,258
14603,T,260803,082746,60.294922N,24.842867E,40,21.3,258
14604,T,260803,082747,60.294907N,24.842756E,40,21.4,258
14605,T,260803,082748,60.294895N,24.842649E,40,21.1,257
14606,T,260803,082749,60.294884N,24.842546E,40,20.4,256
14607,T,260803,082750,60.294872N,24.842443E,39,20.5,256
14608,T,260803,082751,60.294861N,24.842344E,39,20.4,256
14609,T,260803,082752,60.294849N,24.842243E,38,20.3,254
14610,T,260803,082753,60.294830N,24.842144E,38,20.5,253
14611,T,260803,082754,60.294819N,24.842045E,37,20.5,252
14612,T,260803,082755,60.294804N,24.841944E,37,20.2,251
14613,T,260803,082756,60.294788N,24.841848E,36,20.2,251
14614,T,260803,082757,60.294773N,24.841749E,36,20.1,251
14615,T,260803,082758,60.294758N,24.841652E,36,20.1,251
14616,T,260803,082759,60.294739N,24.841557E,36,19.6,252
14617,T,260803,082800,60.294727N,24.841457E,37,19.5,251
14618,T,260803,082801,60.294712N,24.841364E,37,19.4,250
14619,T,260803,082802,60.294697N,24.841274E,38,19.2,250
14620,T,260803,082803,60.294682N,24.841183E,38,19.2,250
14621,T,260803,082804,60.294662N,24.841089E,38,19.1,251
14622,T,260803,082805,60.294647N,24.840994E,38,18.5,251
14623,T,260803,082806,60.294628N,24.840904E,39,18.6,251
14624,T,260803,082807,60.294609N,24.840816E,39,18.6,249
14625,T,260803,082808,60.294594N,24.840729E,39,18.5,248
14626,T,260803,082809,60.294575N,24.840637E,40,18.4,248
14627,T,260803,082810,60.294559N,24.840548E,40,17.7,256
14628,T,260803,082811,60.294552N,24.840464E,40,17.1,255
14629,T,260803,082812,60.294540N,24.840382E,40,16.5,254
14630,T,260803,082813,60.294529N,24.840303E,41,15.5,251
14631,T,260803,082814,60.294514N,24.840239E,41,14.2,236
14632,T,260803,082815,60.294487N,24.840193E,41,12.8,210
14633,T,260803,082816,60.294460N,24.840176E,41,11.8,186
14634,T,260803,082817,60.294434N,24.840181E,41,12.5,167
14635,T,260803,082818,60.294399N,24.840204E,41,13.7,157
14636,T,260803,082819,60.294369N,24.840239E,41,15.1,151
14637,T,260803,082820,60.294331N,24.840281E,40,15.6,141
14638,T,260803,082821,60.294300N,24.840336E,40,17.1,131
14639,T,260803,082822,60.294273N,24.840406E,39,18.2,126
14640,T,260803,082823,60.294239N,24.840483E,39,18.9,127
14641,T,260803,082824,60.294209N,24.840557E,39,20.0,133
14642,T,260803,082825,60.294167N,24.840626E,38,21.2,141
14643,T,260803,082826,60.294125N,24.840685E,38,22.4,153
14644,T,260803,082827,60.294071N,24.840729E,38,23.2,162
14645,T,260803,082828,60.294018N,24.840763E,38,24.0,163
14646,T,260803,082829,60.293957N,24.840801E,39,24.5,162
14647,T,260803,082830,60.293900N,24.840841E,39,25.0,162
14648,T,260803,082831,60.293839N,24.840881E,39,25.0,162
14649,T,260803,082832,60.293781N,24.840921E,39,25.1,162
14650,T,260803,082833,60.293720N,24.840960E,39,25.2,163
14651,T,260803,082834,60.293659N,24.840996E,39,24.8,162
14652,T,260803,082835,60.293606N,24.841036E,39,24.0,161
14653,T,260803,082836,60.293549N,24.841080E,40,22.9,159
14654,T,260803,082837,60.293499N,24.841125E,40,21.9,157
14655,T,260803,082838,60.293449N,24.841164E,40,20.6,157
14656,T,260803,082839,60.293404N,24.841200E,40,20.0,156
14657,T,260803,082840,60.293362N,24.841240E,40,19.5,157
14658,T,260803,082841,60.293312N,24.841272E,40,18.8,157
14659,T,260803,082842,60.293270N,24.841307E,40,18.5,156
14660,T,260803,082843,60.293232N,24.841352E,40,18.5,155
14661,T,260803,082844,60.293186N,24.841396E,40,18.5,153
14662,T,260803,082845,60.293148N,24.841442E,41,17.8,145
14663,T,260803,082846,60.293118N,24.841496E,41,16.4,138
14664,T,260803,082847,60.293087N,24.841553E,41,15.8,130
14665,T,260803,082848,60.293064N,24.841612E,42,15.8,124
14666,T,260803,082849,60.293041N,24.841677E,42,15.7,120
14667,T,260803,082850,60.293018N,24.841736E,43,15.3,120
14668,T,260803,082851,60.292992N,24.841797E,43,15.2,121
14669,T,260803,082852,60.292969N,24.841850E,43,14.8,122
14670,T,260803,082853,60.292938N,24.841904E,43,14.8,141
14671,T,260803,082854,60.292912N,24.841951E,43,14.8,145
14672,T,260803,082855,60.292877N,24.841993E,43,15.3,153
14673,T,260803,082856,60.292839N,24.842026E,43,15.4,157
14674,T,260803,082857,60.292805N,24.842056E,43,15.5,160
14675,T,260803,082858,60.292767N,24.842085E,43,15.5,158
14676,T,260803,082859,60.292728N,24.842113E,44,15.2,158
14677,T,260803,082900,60.292690N,24.842140E,44,15.2,161
14678,T,260803,082901,60.292660N,24.842163E,43,14.4,159
14679,T,260803,082902,60.292629N,24.842192E,44,14.0,153
14680,T,260803,082903,60.292599N,24.842232E,44,13.3,132
14681,T,260803,082904,60.292591N,24.842283E,44,11.3,88
14682,T,260803,082905,60.292591N,24.842344E,43,13.1,82
14683,T,260803,082906,60.292599N,24.842403E,43,12.0,67
14684,T,260803,082907,60.292610N,24.842463E,43,13.5,68
14685,T,260803,082908,60.292618N,24.842531E,43,13.4,70
14686,T,260803,082909,60.292599N,24.842583E,44,13.4,77
14687,T,260803,082910,60.292572N,24.842619E,44,14.8,85
14688,T,260803,082911,60.292538N,24.842644E,44,15.7,93
14689,T,260803,082912,60.292500N,24.842670E,44,16.8,99
14690,T,260803,082913,60.292461N,24.842695E,44,17.3,106
14691,T,260803,082914,60.292419N,24.842718E,44,17.3,113
14692,T,260803,082915,60.292381N,24.842745E,44,17.0,161
14693,T,260803,082916,60.292339N,24.842775E,44,17.0,160
14694,T,260803,082917,60.292301N,24.842804E,44,17.1,159
14695,T,260803,082918,60.292259N,24.842836E,44,17.2,158
14696,T,260803,082919,60.292217N,24.842863E,44,17.3,160
14697,T,260803,082920,60.292175N,24.842894E,44,17.5,159
14698,T,260803,082921,60.292133N,24.842922E,44,17.5,161
14699,T,260803,082922,60.292091N,24.842945E,44,17.6,164
14700,T,260803,082923,60.292049N,24.842974E,44,18.0,162
14701,T,260803,082924,60.292004N,24.843004E,44,17.9,162
14702,T,260803,082925,60.291962N,24.843031E,44,18.0,163
14703,T,260803,082926,60.291920N,24.843054E,44,18.0,163
14704,T,260803,082927,60.291878N,24.843077E,44,18.0,165
14705,T,260803,082928,60.291832N,24.843094E,44,18.1,167
14706,T,260803,082929,60.291782N,24.843117E,44,18.1,168
14707,T,260803,082930,60.291740N,24.843136E,44,18.2,169
14708,T,260803,082931,60.291695N,24.843151E,44,18.7,169
14709,T,260803,082932,60.291649N,24.843170E,44,18.7,168
14710,T,260803,082933,60.291599N,24.843189E,44,18.7,168
14711,T,260803,082934,60.291557N,24.843212E,44,19.1,167
14712,T,260803,082935,60.291512N,24.843243E,44,19.2,159
14713,T,260803,082936,60.291466N,24.843273E,44,19.3,160
14714,T,260803,082937,60.291420N,24.843306E,44,19.7,159
14715,T,260803,082938,60.291370N,24.843342E,44,20.1,158
14716,T,260803,082939,60.291325N,24.843376E,44,20.2,159
14717,T,260803,082940,60.291275N,24.843410E,44,20.5,159
14718,T,260803,082941,60.291229N,24.843449E,44,20.6,158
14719,T,260803,082942,60.291180N,24.843485E,44,20.6,159
14720,T,260803,082943,60.291126N,24.843517E,44,20.4,159
14721,T,260803,082944,60.291080N,24.843555E,44,20.4,159
14722,T,260803,082945,60.291031N,24.843594E,44,20.5,159
14723,T,260803,082946,60.290989N,24.843636E,44,20.5,158
14724,T,260803,082947,60.290939N,24.843676E,44,21.0,158
14725,T,260803,082948,60.290894N,24.843714E,44,21.1,158
14726,T,260803,082949,60.290840N,24.843750E,44,21.7,158
14727,T,260803,082950,60.290791N,24.843790E,44,22.0,158
14728,T,260803,082951,60.290741N,24.843834E,44,22.7,157
14729,T,260803,082952,60.290688N,24.843882E,44,22.7,151
14730,T,260803,082953,60.290642N,24.843939E,44,23.4,151
14731,T,260803,082954,60.290588N,24.843994E,44,23.3,151
14732,T,260803,082955,60.290535N,24.844053E,43,23.6,150
14733,T,260803,082956,60.290485N,24.844114E,43,23.2,150
14734,T,260803,082957,60.290432N,24.844166E,43,23.1,153
14735,T,260803,082958,60.290379N,24.844215E,43,23.1,152
14736,T,260803,082959,60.290329N,24.844269E,42,23.0,153
14737,T,260803,083000,60.290279N,24.844324E,42,22.3,152
14738,T,260803,083001,60.290234N,24.844376E,42,21.6,152
14739,T,260803,083002,60.290184N,24.844427E,41,21.2,148
14740,T,260803,083003,60.290138N,24.844488E,41,21.1,145
14741,T,260803,083004,60.290100N,24.844547E,41,21.2,145
14742,T,260803,083005,60.290051N,24.844604E,41,21.1,147
14743,T,260803,083006,60.290009N,24.844664E,40,21.2,146
14744,T,260803,083007,60.289967N,24.844727E,40,21.1,146
14745,T,260803,083008,60.289928N,24.844793E,40,20.0,143
14746,T,260803,083009,60.289890N,24.844852E,40,17.8,149
14747,T,260803,083010,60.289856N,24.844887E,40,14.6,171
14748,T,260803,083011,60.289829N,24.844873E,39,13.5,209
14749,T,260803,083012,60.289803N,24.844831E,40,13.4,226
14750,T,260803,083013,60.289787N,24.844780E,40,13.0,238
14751,T,260803,083014,60.289776N,24.844723E,40,11.7,246
14752,T,260803,083015,60.289764N,24.844664E,40,13.2,245
14753,T,260803,083016,60.289753N,24.844612E,40,12.0,244
14754,T,260803,083017,60.289738N,24.844555E,40,16.0,243
14755,T,260803,083018,60.289711N,24.844484E,40,17.0,242
14756,T,260803,083019,60.289692N,24.844404E,40,19.3,243
14757,T,260803,083020,60.289669N,24.844313E,40,20.8,243
14758,T,260803,083021,60.289642N,24.844210E,39,22.2,244
14759,T,260803,083022,60.289619N,24.844110E,39,22.9,243
14760,T,260803,083023,60.289593N,24.844009E,39,22.9,242
14761,T,260803,083024,60.289562N,24.843908E,39,22.5,243
14762,T,260803,083025,60.289539N,24.843803E,39,22.5,243
14763,T,260803,083026,60.289520N,24.843699E,39,22.5,245
14764,T,260803,083027,60.289501N,24.843594E,39,22.5,247
14765,T,260803,083028,60.289478N,24.843487E,38,22.5,248
14766,T,260803,083029,60.289459N,24.843376E,38,22.5,249
14767,T,260803,083030,60.289444N,24.843266E,38,22.8,250
14768,T,260803,083031,60.289433N,24.843157E,38,22.8,250
14769,T,260803,083032,60.289417N,24.843044E,38,22.7,251
14770,T,260803,083033,60.289406N,24.842932E,38,22.1,251
14771,T,260803,083034,60.289391N,24.842825E,38,22.0,252
14772,T,260803,083035,60.289383N,24.842716E,38,21.5,253
14773,T,260803,083036,60.289375N,24.842607E,38,21.0,254
14774,T,260803,083037,60.289364N,24.842505E,38,20.6,255
14775,T,260803,083038,60.289352N,24.842403E,38,20.5,256
14776,T,260803,083039,60.289341N,24.842304E,38,20.3,256
14777,T,260803,083040,60.289326N,24.842199E,38,20.2,256
14778,T,260803,083041,60.289303N,24.842108E,38,20.2,243
14779,T,260803,083042,60.289280N,24.842018E,37,20.6,237
14780,T,260803,083043,60.289249N,24.841934E,37,20.6,233
14781,T,260803,083044,60.289215N,24.841854E,37,21.0,225
14782,T,260803,083045,60.289173N,24.841784E,37,20.6,219
14783,T,260803,083046,60.289127N,24.841719E,37,20.3,211
14784,T,260803,083047,60.289089N,24.841665E,36,20.3,207
14785,T,260803,083048,60.289040N,24.841616E,36,20.8,207
14786,T,260803,083049,60.288994N,24.841564E,36,20.5,208
14787,T,260803,083050,60.288948N,24.841516E,35,19.8,208
14788,T,260803,083051,60.288902N,24.841463E,35,19.4,214
14789,T,260803,083052,60.288864N,24.841408E,35,18.6,214
14790,T,260803,083053,60.288830N,24.841356E,35,17.2,215
14791,T,260803,083054,60.288792N,24.841314E,35,15.1,207
14792,T,260803,083055,60.288761N,24.841288E,34,11.4,196
14793,T,260803,083056,60.288738N,24.841284E,34,7.4,181
14794,T,260803,083057,60.288715N,24.841290E,34,11.3,171
14795,T,260803,083058,60.288689N,24.841309E,33,11.0,161
14796,T,260803,083059,60.288666N,24.841331E,33,11.9,157
14797,T,260803,083100,60.288635N,24.841356E,32,12.7,158
14798,T,260803,083101,60.288609N,24.841372E,32,11.5,158
14799,T,260803,083102,60.288582N,24.841391E,32,11.0,158
14800,T,260803,083103,60.288551N,24.841413E,32,13.7,159
14801,T,260803,083104,60.288521N,24.841448E,32,12.5,158
14802,T,260803,083105,60.288494N,24.841480E,31,12.3,158
14803,T,260803,083106,60.288464N,24.841509E,31,13.4,157
14804,T,260803,083107,60.288433N,24.841539E,32,15.0,156
14805,T,260803,083108,60.288399N,24.841576E,32,13.8,155
14806,T,260803,083109,60.288368N,24.841602E,32,13.8,156
14807,T,260803,083110,60.288338N,24.841623E,32,14.2,164
14808,T,260803,083111,60.288300N,24.841656E,33,13.2,163
14809,T,260803,083112,60.288273N,24.841684E,34,10.8,161
14810,T,260803,083113,60.288239N,24.841707E,34,12.8,158
14811,T,260803,083114,60.288204N,24.841745E,34,15.6,158
14812,T,260803,083115,60.288170N,24.841789E,35,16.0,157
14813,T,260803,083116,60.288132N,24.841839E,35,17.6,155
14814,T,260803,083117,60.288101N,24.841896E,36,17.6,154
14815,T,260803,083118,60.288063N,24.841946E,36,17.0,153
14816,T,260803,083119,60.288033N,24.841991E,36,16.2,149
14817,T,260803,083120,60.287991N,24.842030E,37,18.1,155
14818,T,260803,083121,60.287952N,24.842073E,37,19.3,154
14819,T,260803,083122,60.287903N,24.842125E,38,20.8,151
14820,T,260803,083123,60.287861N,24.842176E,38,21.6,149
14821,T,260803,083124,60.287811N,24.842236E,39,21.9,147
14822,T,260803,083125,60.287769N,24.842297E,39,21.4,147
14823,T,260803,083126,60.287724N,24.842358E,40,21.3,146
14824,T,260803,083127,60.287678N,24.842413E,40,21.3,147
14825,T,260803,083128,60.287632N,24.842470E,41,21.4,149
14826,T,260803,083129,60.287579N,24.842518E,41,21.0,150
14827,T,260803,083130,60.287533N,24.842564E,41,21.0,151
14828,T,260803,083131,60.287483N,24.842609E,41,19.4,151
14829,T,260803,083132,60.287441N,24.842657E,41,19.0,150
14830,T,260803,083133,60.287395N,24.842705E,41,18.1,150
14831,T,260803,083134,60.287354N,24.842747E,41,18.0,149
14832,T,260803,083135,60.287312N,24.842793E,41,17.5,148
14833,T,260803,083136,60.287273N,24.842842E,41,17.0,147
14834,T,260803,083137,60.287235N,24.842892E,40,16.4,145
14835,T,260803,083138,60.287201N,24.842941E,40,14.6,137
14836,T,260803,083139,60.287170N,24.842993E,39,15.6,137
14837,T,260803,083140,60.287140N,24.843044E,39,15.7,137
14838,T,260803,083141,60.287106N,24.843096E,38,15.8,138
14839,T,260803,083142,60.287060N,24.843149E,38,16.7,139
14840,T,260803,083143,60.287029N,24.843216E,37,16.7,142
14841,T,260803,083144,60.286991N,24.843269E,37,16.8,143
14842,T,260803,083145,60.286953N,24.843304E,37,15.7,144
14843,T,260803,083146,60.286915N,24.843336E,38,14.9,146
14844,T,260803,083147,60.286880N,24.843357E,37,13.0,148
14845,T,260803,083148,60.286854N,24.843384E,38,12.1,150
14846,T,260803,083149,60.286819N,24.843397E,38,12.2,152
14847,T,260803,083150,60.286793N,24.843414E,38,11.3,154
14848,T,260803,083151,60.286762N,24.843418E,37,10.0,156
14849,T,260803,083152,60.286739N,24.843420E,37,9.5,158
14850,T,260803,083153,60.286716N,24.843426E,38,9.4,159
14851,T,260803,083154,60.286694N,24.843431E,38,9.5,161
14852,T,260803,083155,60.286667N,24.843433E,38,10.0,163
14853,T,260803,083156,60.286640N,24.843435E,38,9.5,164
14854,T,260803,083157,60.286617N,24.843443E,39,9.9,165
14855,T,260803,083158,60.286591N,24.843447E,39,9.5,176
14856,T,260803,083159,60.286568N,24.843447E,39,9.7,176
14857,T,260803,083200,60.286541N,24.843452E,39,9.5,173
14858,T,260803,083201,60.286518N,24.843460E,40,8.1,170
14859,T,260803,083202,60.286499N,24.843464E,40,8.7,175
14860,T,260803,083203,60.286476N,24.843473E,40,8.7,174
14861,T,260803,083204,60.286453N,24.843485E,40,9.1,173
14862,T,260803,083205,60.286430N,24.843502E,41,10.2,171
14863,T,260803,083206,60.286407N,24.843521E,41,9.0,170
14864,T,260803,083207,60.286385N,24.843538E,42,9.7,169
14865,T,260803,083208,60.286362N,24.843552E,42,9.8,167
14866,T,260803,083209,60.286339N,24.843563E,43,8.5,165
14867,T,260803,083210,60.286320N,24.843584E,43,6.4,164
14868,T,260803,083211,60.286301N,24.843592E,43,7.5,163
14869,T,260803,083212,60.286270N,24.843599E,43,9.5,163
14870,T,260803,083213,60.286236N,24.843607E,43,9.5,164
14871,T,260803,083214,60.286209N,24.843616E,44,9.9,164
14872,T,260803,083215,60.286186N,24.843624E,44,8.8,165
14873,T,260803,083216,60.286160N,24.843624E,45,8.9,180
14874,T,260803,083217,60.286137N,24.843624E,46,8.8,182
14875,T,260803,083218,60.286106N,24.843630E,46,9.2,181
14876,T,260803,083219,60.286079N,24.843636E,46,9.1,180
14877,T,260803,083220,60.286057N,24.843641E,47,9.2,179
14878,T,260803,083221,60.286034N,24.843653E,47,9.0,176
14879,T,260803,083222,60.286007N,24.843655E,48,8.6,179
14880,T,260803,083223,60.285988N,24.843660E,48,8.7,177
14881,T,260803,083224,60.285961N,24.843664E,49,9.4,176
14882,T,260803,083225,60.285934N,24.843670E,49,9.3,175
14883,T,260803,083226,60.285915N,24.843676E,50,8.7,178
14884,T,260803,083227,60.285892N,24.843676E,51,7.8,184
14885,T,260803,083228,60.285873N,24.843664E,52,8.5,205
14886,T,260803,083229,60.285847N,24.843637E,53,9.7,227
14887,T,260803,083230,60.285835N,24.843596E,53,11.1,248
14888,T,260803,083231,60.285824N,24.843538E,54,12.1,248
14889,T,260803,083232,60.285812N,24.843481E,55,12.8,247
14890,T,260803,083233,60.285801N,24.843424E,55,13.9,246
14891,T,260803,083234,60.285786N,24.843357E,55,14.0,248
14892,T,260803,083235,60.285770N,24.843292E,56,14.4,248
14893,T,260803,083236,60.285755N,24.843229E,56,14.4,237
14894,T,260803,083237,60.285736N,24.843176E,57,14.3,229
14895,T,260803,083238,60.285706N,24.843126E,57,14.2,216
14896,T,260803,083239,60.285671N,24.843092E,57,14.1,200
14897,T,260803,083240,60.285637N,24.843081E,57,13.6,184
14898,T,260803,083241,60.285599N,24.843082E,57,14.0,174
14899,T,260803,083242,60.285561N,24.843090E,57,15.3,167
14900,T,260803,083243,60.285522N,24.843113E,57,15.6,163
14901,T,260803,083244,60.285480N,24.843132E,56,16.3,166
14902,T,260803,083245,60.285435N,24.843149E,56,16.9,165
14903,T,260803,083246,60.285397N,24.843174E,57,17.5,163
14904,T,260803,083247,60.285351N,24.843203E,56,18.5,162
14905,T,260803,083248,60.285305N,24.843218E,57,19.9,164
14906,T,260803,083249,60.285259N,24.843243E,56,21.0,163
14907,T,260803,083250,60.285210N,24.843275E,55,22.1,157
14908,T,260803,083251,60.285152N,24.843319E,55,23.1,154
14909,T,260803,083252,60.285099N,24.843372E,55,23.7,151
14910,T,260803,083253,60.285049N,24.843424E,55,23.1,149
14911,T,260803,083254,60.284996N,24.843485E,55,21.9,148
14912,T,260803,083255,60.284950N,24.843536E,55,20.6,150
14913,T,260803,083256,60.284908N,24.843576E,54,19.8,151
14914,T,260803,083257,60.284863N,24.843618E,54,19.0,151
14915,T,260803,083258,60.284824N,24.843664E,54,18.4,146
14916,T,260803,083259,60.284782N,24.843721E,55,17.7,146
14917,T,260803,083300,60.284748N,24.843761E,55,16.6,151
14918,T,260803,083301,60.284714N,24.843801E,55,15.9,149
14919,T,260803,083302,60.284679N,24.843842E,55,16.0,149
14920,T,260803,083303,60.284645N,24.843884E,55,16.5,148
14921,T,260803,083304,60.284607N,24.843927E,55,16.9,147
14922,T,260803,083305,60.284573N,24.843971E,55,17.7,150
14923,T,260803,083306,60.284534N,24.844019E,55,18.1,149
14924,T,260803,083307,60.284496N,24.844063E,55,18.3,150
14925,T,260803,083308,60.284454N,24.844097E,55,18.3,153
14926,T,260803,083309,60.284416N,24.844139E,55,18.5,148
14927,T,260803,083310,60.284374N,24.844191E,55,19.2,147
14928,T,260803,083311,60.284332N,24.844240E,55,20.2,148
14929,T,260803,083312,60.284286N,24.844296E,54,21.7,145
14930,T,260803,083313,60.284241N,24.844358E,53,23.9,148
14931,T,260803,083314,60.284187N,24.844419E,52,24.4,149
14932,T,260803,083315,60.284138N,24.844475E,53,24.4,148
14933,T,260803,083316,60.284084N,24.844532E,52,22.5,149
14934,T,260803,083317,60.284061N,24.844568E,52,16.5,150
14935,T,260803,083318,60.284019N,24.844585E,52,17.6,165
14936,T,260803,083319,60.283981N,24.844625E,52,19.1,164
14937,T,260803,083320,60.283939N,24.844660E,52,18.4,161
14938,T,260803,083321,60.283897N,24.844696E,52,18.7,159
14939,T,260803,083322,60.283844N,24.844728E,52,20.8,160
14940,T,260803,083323,60.283798N,24.844790E,52,20.2,160
14941,T,260803,083324,60.283760N,24.844835E,52,18.6,158
14942,T,260803,083325,60.283730N,24.844879E,52,15.9,158
14943,T,260803,083326,60.283691N,24.844913E,52,15.2,156
14944,T,260803,083327,60.283657N,24.844948E,51,13.4,158
14945,T,260803,083328,60.283623N,24.844963E,51,13.0,164
14946,T,260803,083329,60.283596N,24.844976E,50,12.3,178
14947,T,260803,083330,60.283566N,24.844969E,50,14.2,203
14948,T,260803,083331,60.283524N,24.844925E,49,17.7,221
14949,T,260803,083332,60.283497N,24.844860E,48,17.7,233
14950,T,260803,083333,60.283470N,24.844788E,48,17.7,233
14951,T,260803,083334,60.283440N,24.844715E,47,17.6,232
14952,T,260803,083335,60.283417N,24.844650E,47,17.5,231
14953,T,260803,083336,60.283386N,24.844585E,46,17.1,230
14954,T,260803,083337,60.283360N,24.844526E,46,18.0,220
14955,T,260803,083338,60.283321N,24.844477E,45,16.4,215
14956,T,260803,083339,60.283283N,24.844437E,44,15.5,206
14957,T,260803,083340,60.283249N,24.844406E,44,14.6,200
14958,T,260803,083341,60.283215N,24.844393E,44,14.0,192
14959,T,260803,083342,60.283184N,24.844383E,44,13.6,185
14960,T,260803,083343,60.283154N,24.844383E,44,14.6,178
14961,T,260803,083344,60.283112N,24.844387E,44,15.8,177
14962,T,260803,083345,60.283073N,24.844391E,44,16.5,178
14963,T,260803,083346,60.283031N,24.844397E,44,16.5,179
14964,T,260803,083347,60.282990N,24.844406E,44,15.5,176
14965,T,260803,083348,60.282944N,24.844410E,44,18.0,177
14966,T,260803,083349,60.282902N,24.844408E,44,18.6,177
14967,T,260803,083350,60.282852N,24.844404E,44,17.3,177
14968,T,260803,083351,60.282818N,24.844398E,44,12.6,179
14969,T,260803,083352,60.282776N,24.844395E,43,16.0,173
14970,T,260803,083353,60.282730N,24.844385E,43,15.9,175
14971,T,260803,083354,60.282696N,24.844379E,43,15.2,177
14972,T,260803,083355,60.282661N,24.844376E,43,13.1,180
14973,T,260803,083356,60.282623N,24.844372E,43,13.1,182
14974,T,260803,083357,60.282593N,24.844368E,43,12.0,181
14975,T,260803,083358,60.282562N,24.844366E,43,12.6,182
14976,T,260803,083359,60.282524N,24.844362E,43,15.2,182
14977,T,260803,083400,60.282482N,24.844357E,42,15.3,180
14978,T,260803,083401,60.282444N,24.844357E,42,15.1,179
14979,T,260803,083402,60.282410N,24.844357E,41,15.0,185
14980,T,260803,083403,60.282368N,24.844349E,41,14.4,183
14981,T,260803,083404,60.282330N,24.844339E,41,16.4,185
14982,T,260803,083405,60.282288N,24.844332E,40,16.0,185
14983,T,260803,083406,60.282249N,24.844324E,40,16.6,186
14984,T,260803,083407,60.282200N,24.844316E,39,17.7,185
14985,T,260803,083408,60.282166N,24.844313E,39,13.3,184
14986,T,260803,083409,60.282127N,24.844301E,39,14.9,187
14987,T,260803,083410,60.282089N,24.844294E,39,15.3,185
14988,T,260803,083411,60.282051N,24.844290E,39,15.8,183
14989,T,260803,083412,60.282013N,24.844284E,38,13.7,183
14990,T,260803,083413,60.281979N,24.844276E,38,12.8,185
14991,T,260803,083414,60.281940N,24.844273E,38,14.2,180
14992,T,260803,083415,60.281914N,24.844269E,38,11.6,181
14993,T,260803,083416,60.281883N,24.844263E,37,9.2,183
14994,T,260803,083417,60.281857N,24.844263E,37,8.9,174
14995,T,260803,083418,60.281837N,24.844263E,37,5.9,156
14996,T,260803,083419,60.281822N,24.844286E,37,7.2,111
14997,T,260803,083420,60.281807N,24.844326E,37,10.2,113
14998,T,260803,083421,60.281780N,24.844364E,37,10.8,117
14999,T,260803,083422,60.281754N,24.844385E,37,12.0,122
15000,T,260803,083423,60.281719N,24.844383E,37,12.6,128
15001,T,260803,083424,60.281689N,24.844372E,37,13.1,135
15002,T,260803,083425,60.281651N,24.844341E,37,15.0,141
15003,T,260803,083426,60.281620N,24.844296E,37,14.6,150
15004,T,260803,083427,60.281601N,24.844242E,36,13.7,157
15005,T,260803,083428,60.281570N,24.844187E,36,14.1,165
15006,T,260803,083429,60.281540N,24.844135E,35,16.3,171
15007,T,260803,083430,60.281502N,24.844103E,35,17.8,175
15008,T,260803,083431,60.281456N,24.844082E,35,18.3,179
15009,T,260803,083432,60.281410N,24.844061E,35,17.8,181
15010,T,260803,083433,60.281368N,24.844036E,35,17.7,183
15011,T,260803,083434,60.281322N,24.844011E,35,17.2,185
15012,T,260803,083435,60.281284N,24.843992E,35,16.9,187
15013,T,260803,083436,60.281242N,24.843975E,35,17.0,189
15014,T,260803,083437,60.281200N,24.843958E,35,18.2,197
15015,T,260803,083438,60.281155N,24.843937E,35,18.3,193
15016,T,260803,083439,60.281113N,24.843922E,36,18.1,193
15017,T,260803,083440,60.281071N,24.843914E,36,17.5,192
15018,T,260803,083441,60.281029N,24.843904E,36,17.5,191
15019,T,260803,083442,60.280983N,24.843901E,37,18.0,190
15020,T,260803,083443,60.280941N,24.843893E,37,17.6,190
15021,T,260803,083444,60.280899N,24.843885E,38,17.4,188
15022,T,260803,083445,60.280857N,24.843878E,39,16.6,187
15023,T,260803,083446,60.280815N,24.843870E,40,17.0,186
15024,T,260803,083447,60.280777N,24.843864E,40,17.0,185
15025,T,260803,083448,60.280731N,24.843857E,41,16.6,185
15026,T,260803,083449,60.280693N,24.843843E,41,15.7,185
15027,T,260803,083450,60.280647N,24.843836E,41,15.2,185
15028,T,260803,083451,60.280609N,24.843824E,42,15.1,186
15029,T,260803,083452,60.280571N,24.843813E,42,14.5,188
15030,T,260803,083453,60.280540N,24.843790E,43,14.5,198
15031,T,260803,083454,60.280506N,24.843763E,43,13.7,202
15032,T,260803,083455,60.280472N,24.843735E,44,13.1,207
15033,T,260803,083456,60.280445N,24.843699E,44,13.1,215
15034,T,260803,083457,60.280415N,24.843657E,44,14.8,217
15035,T,260803,083458,60.280388N,24.843607E,44,14.8,227
15036,T,260803,083459,60.280365N,24.843552E,45,13.8,234
15037,T,260803,083500,60.280342N,24.843494E,45,14.5,234
15038,T,260803,083501,60.280319N,24.843431E,45,15.3,234
15039,T,260803,083502,60.280296N,24.843369E,44,15.8,235
15040,T,260803,083503,60.280273N,24.843304E,45,16.5,234
15041,T,260803,083504,60.280243N,24.843241E,45,16.4,234
15042,T,260803,083505,60.280220N,24.843172E,45,16.3,236
15043,T,260803,083506,60.280197N,24.843102E,45,16.7,235
15044,T,260803,083507,60.280170N,24.843035E,45,16.6,236
15045,T,260803,083508,60.280151N,24.842962E,45,17.3,236
15046,T,260803,083509,60.280125N,24.842886E,45,17.9,236
15047,T,260803,083510,60.280102N,24.842813E,45,18.2,235
15048,T,260803,083511,60.280071N,24.842737E,45,18.0,235
15049,T,260803,083512,60.280045N,24.842665E,45,18.0,234
15050,T,260803,083513,60.280022N,24.842590E,45,18.0,235
15051,T,260803,083514,60.279991N,24.842514E,45,17.7,234
15052,T,260803,083515,60.279964N,24.842442E,45,17.6,234
15053,T,260803,083516,60.279942N,24.842367E,44,18.0,234
15054,T,260803,083517,60.279911N,24.842293E,45,17.1,235
15055,T,260803,083518,60.279888N,24.842216E,45,17.0,235
15056,T,260803,083519,60.279858N,24.842159E,45,17.0,236
15057,T,260803,083520,60.279831N,24.842091E,45,17.3,236
15058,T,260803,083521,60.279804N,24.842026E,45,17.8,236
15059,T,260803,083522,60.279778N,24.841949E,45,18.4,235
15060,T,260803,083523,60.279747N,24.841875E,44,17.5,234
15061,T,260803,083524,60.279724N,24.841808E,44,16.8,240
15062,T,260803,083525,60.279701N,24.841734E,45,17.9,237
15063,T,260803,083526,60.279675N,24.841656E,45,18.3,235
15064,T,260803,083527,60.279648N,24.841576E,45,18.3,233
15065,T,260803,083528,60.279625N,24.841496E,45,18.3,235
15066,T,260803,083529,60.279598N,24.841425E,46,17.4,236
15067,T,260803,083530,60.279572N,24.841347E,46,17.4,235
15068,T,260803,083531,60.279549N,24.841270E,45,16.9,235
15069,T,260803,083532,60.279514N,24.841196E,45,16.9,234
15070,T,260803,083533,60.279484N,24.841124E,45,18.6,224
15071,T,260803,083534,60.279449N,24.841059E,44,18.6,219
15072,T,260803,083535,60.279415N,24.840990E,44,18.6,220
15073,T,260803,083536,60.279388N,24.840918E,44,18.0,221
15074,T,260803,083537,60.279362N,24.840843E,44,18.8,222
15075,T,260803,083538,60.279327N,24.840773E,43,19.5,225
15076,T,260803,083539,60.279289N,24.840702E,41,19.7,222
15077,T,260803,083540,60.279259N,24.840624E,41,20.0,238
15078,T,260803,083541,60.279236N,24.840540E,41,18.7,237
15079,T,260803,083542,60.279213N,24.840467E,40,16.4,234
15080,T,260803,083543,60.279194N,24.840403E,40,14.5,233
15081,T,260803,083544,60.279171N,24.840338E,41,14.6,237
15082,T,260803,083545,60.279152N,24.840277E,41,14.2,237
15083,T,260803,083546,60.279133N,24.840212E,40,14.3,237
15084,T,260803,083547,60.279114N,24.840136E,40,16.1,239
15085,T,260803,083548,60.279087N,24.840061E,40,15.5,240
15086,T,260803,083549,60.279064N,24.839987E,40,16.1,239
15087,T,260803,083550,60.279030N,24.839918E,40,16.0,226
15088,T,260803,083551,60.278992N,24.839844E,40,18.7,221
15089,T,260803,083552,60.278957N,24.839767E,40,20.2,222
15090,T,260803,083553,60.278923N,24.839684E,39,20.8,223
15091,T,260803,083554,60.278900N,24.839596E,39,21.2,225
15092,T,260803,083555,60.278873N,24.839504E,39,21.1,226
15093,T,260803,083556,60.278843N,24.839420E,39,20.4,227
15094,T,260803,083557,60.278816N,24.839334E,39,20.4,228
15095,T,260803,083558,60.278790N,24.839247E,39,21.1,228
15096,T,260803,083559,60.278759N,24.839165E,38,20.7,229
15097,T,260803,083600,60.278728N,24.839085E,38,20.4,231
15098,T,260803,083601,60.278702N,24.839003E,38,19.5,233
15099,T,260803,083602,60.278675N,24.838921E,38,20.2,236
15100,T,260803,083603,60.278648N,24.838839E,37,19.1,236
15101,T,260803,083604,60.278618N,24.838757E,37,19.7,235
15102,T,260803,083605,60.278591N,24.838676E,38,19.1,237
15103,T,260803,083606,60.278568N,24.838596E,38,19.1,237
15104,T,260803,083607,60.278542N,24.838512E,37,19.5,234
15105,T,260803,083608,60.278511N,24.838432E,37,19.0,237
15106,T,260803,083609,60.278488N,24.838345E,37,19.5,244
15107,T,260803,083610,60.278465N,24.838247E,37,20.5,245
15108,T,260803,083611,60.278439N,24.838150E,36,21.5,242
15109,T,260803,083612,60.278408N,24.838058E,36,21.1,241
15110,T,260803,083613,60.278381N,24.837973E,36,20.4,238
15111,T,260803,083614,60.278343N,24.837887E,35,20.9,227
15112,T,260803,083615,60.278305N,24.837805E,35,20.8,228
15113,T,260803,083616,60.278271N,24.837721E,35,20.9,230
15114,T,260803,083617,60.278240N,24.837633E,34,20.7,231
15115,T,260803,083618,60.278217N,24.837551E,34,19.7,234
15116,T,260803,083619,60.278179N,24.837473E,34,18.6,236
15117,T,260803,083620,60.278149N,24.837393E,35,18.1,231
15118,T,260803,083621,60.278103N,24.837341E,35,16.5,234
15119,T,260803,083622,60.278057N,24.837288E,35,15.7,236
15120,T,260803,083623,60.278019N,24.837215E,35,16.3,229
15121,T,260803,083624,60.277992N,24.837145E,35,16.4,229
15122,T,260803,083625,60.277969N,24.837076E,35,16.1,231
15123,T,260803,083626,60.277943N,24.837015E,35,15.7,222
15124,T,260803,083627,60.277912N,24.836973E,35,17.2,198
15125,T,260803,083628,60.277870N,24.836954E,35,19.6,185
15126,T,260803,083629,60.277824N,24.836945E,35,20.7,184
15127,T,260803,083630,60.277775N,24.836933E,35,20.7,181
15128,T,260803,083631,60.277729N,24.836922E,36,20.6,184
15129,T,260803,083632,60.277683N,24.836908E,36,19.8,184
15130,T,260803,083633,60.277641N,24.836897E,36,18.9,184
15131,T,260803,083634,60.277599N,24.836884E,37,17.9,189
15132,T,260803,083635,60.277561N,24.836874E,37,16.8,188
15133,T,260803,083636,60.277519N,24.836868E,37,16.4,188
15134,T,260803,083637,60.277481N,24.836857E,38,16.4,187
15135,T,260803,083638,60.277443N,24.836845E,38,16.5,185
15136,T,260803,083639,60.277405N,24.836838E,38,17.1,183
15137,T,260803,083640,60.277359N,24.836824E,39,18.2,184
15138,T,260803,083641,60.277317N,24.836811E,39,18.2,184
15139,T,260803,083642,60.277271N,24.836796E,39,18.2,185
15140,T,260803,083643,60.277233N,24.836788E,38,17.7,186
15141,T,260803,083644,60.277187N,24.836777E,38,18.1,188
15142,T,260803,083645,60.277142N,24.836763E,38,18.4,187
15143,T,260803,083646,60.277096N,24.836760E,37,18.4,176
15144,T,260803,083647,60.277046N,24.836754E,37,20.1,177
15145,T,260803,083648,60.276997N,24.836737E,37,21.2,178
15146,T,260803,083649,60.276943N,24.836716E,36,20.6,180
15147,T,260803,083650,60.276894N,24.836691E,36,21.7,181
15148,T,260803,083651,60.276848N,24.836662E,37,21.2,199
15149,T,260803,083652,60.276798N,24.836634E,37,19.7,198
15150,T,260803,083653,60.276756N,24.836618E,39,19.2,197
15151,T,260803,083654,60.276711N,24.836622E,39,18.3,195
15152,T,260803,083655,60.276665N,24.836634E,39,19.2,193
15153,T,260803,083656,60.276615N,24.836618E,39,20.3,200
15154,T,260803,083657,60.276581N,24.836569E,39,17.2,227
15155,T,260803,083658,60.276562N,24.836498E,39,15.9,248
15156,T,260803,083659,60.276543N,24.836418E,39,17.0,248
15157,T,260803,083700,60.276531N,24.836336E,38,17.0,253
15158,T,260803,083701,60.276520N,24.836254E,38,16.9,256
15159,T,260803,083702,60.276512N,24.836170E,38,17.0,262
15160,T,260803,083703,60.276512N,24.836084E,38,17.4,272
15161,T,260803,083704,60.276512N,24.835997E,38,17.3,270
15162,T,260803,083705,60.276516N,24.835917E,38,15.2,270
15163,T,260803,083706,60.276512N,24.835838E,37,15.2,269
15164,T,260803,083707,60.276497N,24.835770E,37,15.2,266
15165,T,260803,083708,60.276466N,24.835722E,37,16.5,260
15166,T,260803,083709,60.276428N,24.835703E,37,14.7,256
15167,T,260803,083710,60.276386N,24.835690E,37,17.7,250
15168,T,260803,083711,60.276348N,24.835669E,36,16.7,244
15169,T,260803,083712,60.276306N,24.835625E,36,18.7,240
15170,T,260803,083713,60.276279N,24.835567E,36,15.0,237
15171,T,260803,083714,60.276272N,24.835493E,35,17.2,237
15172,T,260803,083715,60.276272N,24.835415E,35,14.8,238
15173,T,260803,083716,60.276279N,24.835340E,35,15.6,241
15174,T,260803,083717,60.276299N,24.835264E,35,16.2,244
15175,T,260803,083718,60.276306N,24.835196E,35,13.7,247
15176,T,260803,083719,60.276314N,24.835127E,35,13.7,250
15177,T,260803,083720,60.276314N,24.835056E,34,14.7,252
15178,T,260803,083721,60.276291N,24.834980E,34,15.4,252
15179,T,260803,083722,60.276260N,24.834923E,34,15.3,251
15180,T,260803,083723,60.276215N,24.834858E,34,14.3,248
15181,T,260803,083724,60.276169N,24.834812E,33,14.4,245
15182,T,260803,083725,60.276131N,24.834751E,34,13.7,241
15183,T,260803,083726,60.276093N,24.834711E,34,14.5,238
15184,T,260803,083727,60.276054N,24.834675E,33,14.5,234
15185,T,260803,083728,60.276012N,24.834633E,34,13.6,231
15186,T,260803,083729,60.275982N,24.834600E,34,13.7,195
15187,T,260803,083730,60.275948N,24.834583E,35,13.6,186
15188,T,260803,083731,60.275913N,24.834574E,35,13.6,185
15189,T,260803,083732,60.275875N,24.834564E,35,14.4,178
15190,T,260803,083733,60.275833N,24.834560E,34,16.7,178
15191,T,260803,083734,60.275791N,24.834555E,34,14.6,178
15192,T,260803,083735,60.275745N,24.834543E,34,18.7,179
15193,T,260803,083736,60.275703N,24.834530E,34,15.9,181
15194,T,260803,083737,60.275661N,24.834496E,34,17.5,183
15195,T,260803,083738,60.275616N,24.834452E,34,18.4,186
15196,T,260803,083739,60.275566N,24.834391E,33,20.7,188
15197,T,260803,083740,60.275532N,24.834324E,33,17.2,192
15198,T,260803,083741,60.275513N,24.834246E,32,17.9,196
15199,T,260803,083742,60.275501N,24.834162E,32,17.5,201
15200,T,260803,083743,60.275505N,24.834078E,32,16.4,208
15201,T,260803,083744,60.275509N,24.833992E,32,16.4,214
15202,T,260803,083745,60.275509N,24.833902E,31,17.5,220
15203,T,260803,083746,60.275505N,24.833803E,31,17.6,226
15204,T,260803,083747,60.275509N,24.833698E,30,21.7,278
15205,T,260803,083748,60.275517N,24.833584E,29,24.2,278
15206,T,260803,083749,60.275524N,24.833460E,29,25.3,277
15207,T,260803,083750,60.275536N,24.833336E,28,25.2,278
15208,T,260803,083751,60.275551N,24.833218E,29,23.1,279
15209,T,260803,083752,60.275555N,24.833103E,29,22.2,272
15210,T,260803,083753,60.275551N,24.832998E,29,20.8,262
15211,T,260803,083754,60.275539N,24.832897E,29,19.8,256
15212,T,260803,083755,60.275517N,24.832804E,29,18.7,239
15213,T,260803,083756,60.275478N,24.832741E,29,17.2,226
15214,T,260803,083757,60.275444N,24.832664E,28,18.9,223
15215,T,260803,083758,60.275398N,24.832588E,28,18.1,217
15216,T,260803,083759,60.275349N,24.832504E,28,20.7,215
15217,T,260803,083800,60.275295N,24.832426E,28,20.8,216
15218,T,260803,083801,60.275261N,24.832344E,28,19.9,217
15219,T,260803,083802,60.275230N,24.832262E,28,19.9,219
15220,T,260803,083803,60.275204N,24.832172E,28,19.8,221
15221,T,260803,083804,60.275181N,24.832075E,28,20.2,223
15222,T,260803,083805,60.275154N,24.831978E,28,20.3,225
15223,T,260803,083806,60.275131N,24.831869E,27,22.1,227
15224,T,260803,083807,60.275101N,24.831774E,27,21.0,236
15225,T,260803,083808,60.275059N,24.831682E,27,21.8,226
15226,T,260803,083809,60.275017N,24.831600E,26,22.7,220
15227,T,260803,083810,60.274963N,24.831532E,26,23.7,209
15228,T,260803,083811,60.274918N,24.831470E,26,23.6,210
15229,T,260803,083812,60.274864N,24.831411E,25,22.6,210
15230,T,260803,083813,60.274815N,24.831354E,25,22.2,209
15231,T,260803,083814,60.274773N,24.831305E,25,17.7,208
15232,T,260803,083815,60.274731N,24.831257E,25,18.4,208
15233,T,260803,083816,60.274700N,24.831211E,25,16.5,208
15234,T,260803,083817,60.274643N,24.831160E,25,21.6,206
15235,T,260803,083818,60.274586N,24.831112E,25,23.2,205
15236,T,260803,083819,60.274529N,24.831064E,24,22.1,203
15237,T,260803,083820,60.274483N,24.831045E,24,17.6,201
15238,T,260803,083821,60.274441N,24.831055E,24,16.1,198
15239,T,260803,083822,60.274403N,24.831083E,24,16.2,194
15240,T,260803,083823,60.274376N,24.831148E,23,18.9,120
15241,T,260803,083824,60.274357N,24.831236E,23,19.7,111
15242,T,260803,083825,60.274330N,24.831320E,23,18.5,107
15243,T,260803,083826,60.274315N,24.831409E,22,17.7,108
15244,T,260803,083827,60.274288N,24.831503E,23,18.7,109
15245,T,260803,083828,60.274261N,24.831579E,23,18.7,111
15246,T,260803,083829,60.274227N,24.831663E,22,18.7,113
15247,T,260803,083830,60.274197N,24.831741E,22,18.2,114
15248,T,260803,083831,60.274158N,24.831821E,22,20.3,132
15249,T,260803,083832,60.274124N,24.831896E,21,21.3,134
15250,T,260803,083833,60.274071N,24.831976E,20,26.0,142
15251,T,260803,083834,60.274014N,24.832064E,20,29.2,147
15252,T,260803,083835,60.273949N,24.832134E,19,28.4,155
15253,T,260803,083836,60.273876N,24.832197E,19,28.7,155
15254,T,260803,083837,60.273800N,24.832256E,19,30.5,158
15255,T,260803,083838,60.273727N,24.832317E,18,29.5,156
15256,T,260803,083839,60.273655N,24.832376E,17,30.1,158
15257,T,260803,083840,60.273579N,24.832424E,17,29.2,159
15258,T,260803,083841,60.273506N,24.832457E,17,27.4,160
15259,T,260803,083842,60.273441N,24.832485E,16,25.0,160
15260,T,260803,083843,60.273376N,24.832510E,16,22.9,162
15261,T,260803,083844,60.273319N,24.832523E,16,20.6,163
15262,T,260803,083845,60.273266N,24.832539E,15,18.9,164
15263,T,260803,083846,60.273205N,24.832544E,15,20.4,181
15264,T,260803,083847,60.273144N,24.832537E,15,24.5,191
15265,T,260803,083848,60.273087N,24.832499E,14,23.7,204
15266,T,260803,083849,60.273037N,24.832443E,14,24.5,207
15267,T,260803,083850,60.272984N,24.832396E,14,22.1,207
15268,T,260803,083851,60.272938N,24.832355E,13,19.9,204
15269,T,260803,083852,60.272892N,24.832323E,13,19.1,203
15270,T,260803,083853,60.272846N,24.832296E,13,17.2,200
15271,T,260803,083854,60.272812N,24.832275E,12,16.0,198
15272,T,260803,083855,60.272781N,24.832245E,12,14.2,209
15273,T,260803,083856,60.272747N,24.832228E,12,11.4,215
15274,T,260803,083857,60.272720N,24.832188E,12,10.0,223
15275,T,260803,083858,60.272694N,24.832142E,12,12.4,222
15276,T,260803,083859,60.272644N,24.832052E,12,18.0,224
15277,T,260803,083900,60.272610N,24.831985E,11,17.0,223
15278,T,260803,083901,60.272579N,24.831924E,10,18.6,233
15279,T,260803,083902,60.272552N,24.831852E,10,19.8,235
15280,T,260803,083903,60.272526N,24.831772E,10,18.7,239
15281,T,260803,083904,60.272499N,24.831694E,10,19.1,234
15282,T,260803,083905,60.272476N,24.831615E,10,18.2,234
15283,T,260803,083906,60.272453N,24.831539E,10,17.8,235
15284,T,260803,083907,60.272430N,24.831465E,10,16.2,238
15285,T,260803,083908,60.272400N,24.831369E,10,17.4,239
15286,T,260803,083909,60.272369N,24.831284E,10,17.4,234
15287,T,260803,083910,60.272339N,24.831211E,10,15.3,234
15288,T,260803,083911,60.272312N,24.831137E,10,16.7,237
15289,T,260803,083912,60.272285N,24.831043E,10,19.0,236
15290,T,260803,083913,60.272251N,24.830959E,10,20.9,236
15291,T,260803,083914,60.272213N,24.830875E,9,21.8,221
15292,T,260803,083915,60.272167N,24.830803E,9,24.2,210
15293,T,260803,083916,60.272106N,24.830738E,9,28.0,202
15294,T,260803,083917,60.272038N,24.830698E,8,29.5,190
15295,T,260803,083918,60.271973N,24.830687E,8,25.3,183
15296,T,260803,083919,60.271912N,24.830675E,8,23.1,180
15297,T,260803,083920,60.271851N,24.830667E,8,22.2,183
15298,T,260803,083921,60.271801N,24.830662E,8,21.7,182
15299,T,260803,083922,60.271744N,24.830645E,8,21.2,184
15300,T,260803,083923,60.271687N,24.830626E,8,20.7,184
15301,T,260803,083924,60.271641N,24.830614E,8,19.8,185
15302,T,260803,083925,60.271587N,24.830605E,8,20.8,184
15303,T,260803,083926,60.271530N,24.830603E,8,20.9,183
15304,T,260803,083927,60.271477N,24.830597E,8,19.4,180
15305,T,260803,083928,60.271427N,24.830593E,8,17.3,180
15306,T,260803,083929,60.271378N,24.830574E,8,18.2,190
15307,T,260803,083930,60.271324N,24.830551E,8,18.6,187
15308,T,260803,083931,60.271267N,24.830538E,7,18.7,187
15309,T,260803,083932,60.271217N,24.830524E,7,18.7,188
15310,T,260803,083933,60.271168N,24.830507E,7,18.8,189
15311,T,260803,083934,60.271111N,24.830488E,7,20.5,188
15312,T,260803,083935,60.271057N,24.830463E,7,18.5,190
15313,T,260803,083936,60.271008N,24.830439E,7,16.7,191
15314,T,260803,083937,60.270950N,24.830423E,7,18.8,184
15315,T,260803,083938,60.270893N,24.830406E,7,18.3,186
15316,T,260803,083939,60.270840N,24.830399E,7,19.4,185
15317,T,260803,083940,60.270782N,24.830383E,6,19.0,184
15318,T,260803,083941,60.270737N,24.830379E,6,18.0,184
15319,T,260803,083942,60.270695N,24.830376E,6,16.0,187
15320,T,260803,083943,60.270649N,24.830359E,6,17.2,185
15321,T,260803,083944,60.270603N,24.830353E,5,17.4,185
15322,T,260803,083945,60.270557N,24.830341E,5,19.0,185
15323,T,260803,083946,60.270500N,24.830326E,5,18.4,185
15324,T,260803,083947,60.270458N,24.830320E,5,15.1,184
15325,T,260803,083948,60.270412N,24.830317E,5,14.5,174
15326,T,260803,083949,60.270351N,24.830292E,4,17.9,177
15327,T,260803,083950,60.270306N,24.830280E,4,16.6,178
15328,T,260803,083951,60.270260N,24.830273E,4,16.7,179
15329,T,260803,083952,60.270218N,24.830267E,3,16.7,181
15330,T,260803,083953,60.270168N,24.830261E,3,17.2,179
15331,T,260803,083954,60.270111N,24.830256E,3,19.1,166
15332,T,260803,083955,60.270069N,24.830284E,4,19.8,145
15333,T,260803,083956,60.270027N,24.830315E,6,19.2,147
15334,T,260803,083957,60.269989N,24.830355E,7,19.3,147
15335,T,260803,083958,60.269928N,24.830376E,7,19.7,171
15336,T,260803,083959,60.269867N,24.830387E,7,20.2,180
15337,T,260803,084000,60.269817N,24.830376E,8,18.4,181
15338,T,260803,084001,60.269768N,24.830376E,8,17.4,181
15339,T,260803,084002,60.269730N,24.830370E,9,16.5,188
15340,T,260803,084003,60.269680N,24.830339E,9,17.9,201
15341,T,260803,084004,60.269642N,24.830303E,9,18.8,204
15342,T,260803,084005,60.269596N,24.830256E,10,20.0,208
15343,T,260803,084006,60.269550N,24.830204E,10,21.1,209
15344,T,260803,084007,60.269508N,24.830153E,11,21.8,209
15345,T,260803,084008,60.269455N,24.830097E,11,22.7,208
15346,T,260803,084009,60.269409N,24.830046E,11,22.6,207
15347,T,260803,084010,60.269360N,24.829996E,12,21.7,206
15348,T,260803,084011,60.269306N,24.829947E,12,21.6,205
15349,T,260803,084012,60.269260N,24.829897E,12,21.5,205
15350,T,260803,084013,60.269207N,24.829844E,12,21.7,206
15351,T,260803,084014,60.269161N,24.829796E,13,21.6,207
15352,T,260803,084015,60.269115N,24.829737E,13,20.8,208
15353,T,260803,084016,60.269073N,24.829683E,14,21.4,206
15354,T,260803,084017,60.269024N,24.829639E,15,20.0,204
15355,T,260803,084018,60.268978N,24.829596E,14,20.1,205
15356,T,260803,084019,60.268932N,24.829548E,14,19.9,207
15357,T,260803,084020,60.268890N,24.829504E,15,18.4,207
15358,T,260803,084021,60.268856N,24.829464E,16,16.4,205
15359,T,260803,084022,60.268822N,24.829437E,17,14.2,202
15360,T,260803,084023,60.268791N,24.829414E,17,12.5,202
15361,T,260803,084024,60.268764N,24.829390E,17,10.7,206
15362,T,260803,084025,60.268745N,24.829365E,18,9.8,213
15363,T,260803,084026,60.268723N,24.829336E,18,9.8,218
15364,T,260803,084027,60.268711N,24.829296E,18,9.9,251
15365,T,260803,084028,60.268707N,24.829245E,19,10.7,266
15366,T,260803,084029,60.268703N,24.829191E,19,11.1,266
15367,T,260803,084030,60.268692N,24.829140E,19,11.7,261
15368,T,260803,084031,60.268661N,24.829117E,20,13.0,254
15369,T,260803,084032,60.268631N,24.829102E,20,13.4,249
15370,T,260803,084033,60.268600N,24.829060E,20,14.0,247
15371,T,260803,084034,60.268593N,24.828991E,20,15.5,245
15372,T,260803,084035,60.268593N,24.828909E,20,16.4,246
15373,T,260803,084036,60.268600N,24.828821E,20,17.5,248
15374,T,260803,084037,60.268608N,24.828724E,20,18.7,250
15375,T,260803,084038,60.268612N,24.828629E,20,18.5,252
15376,T,260803,084039,60.268620N,24.828527E,19,19.0,254
15377,T,260803,084040,60.268623N,24.828423E,20,19.1,274
15378,T,260803,084041,60.268623N,24.828318E,20,20.3,273
15379,T,260803,084042,60.268627N,24.828211E,20,20.3,270
15380,T,260803,084043,60.268631N,24.828104E,20,20.7,271
15381,T,260803,084044,60.268631N,24.827999E,20,20.7,272
15382,T,260803,084045,60.268635N,24.827892E,20,20.8,270
15383,T,260803,084046,60.268631N,24.827782E,20,20.8,267
15384,T,260803,084047,60.268635N,24.827677E,20,20.4,269
15385,T,260803,084048,60.268635N,24.827568E,21,20.4,267
15386,T,260803,084049,60.268631N,24.827469E,22,20.3,265
15387,T,260803,084050,60.268623N,24.827366E,22,20.3,263
15388,T,260803,084051,60.268616N,24.827267E,22,20.3,262
15389,T,260803,084052,60.268604N,24.827166E,22,20.7,261
15390,T,260803,084053,60.268597N,24.827065E,22,20.8,260
15391,T,260803,084054,60.268589N,24.826960E,22,21.4,260
15392,T,260803,084055,60.268581N,24.826857E,22,21.4,259
15393,T,260803,084056,60.268566N,24.826750E,22,21.5,258
15394,T,260803,084057,60.268555N,24.826641E,22,21.6,258
15395,T,260803,084058,60.268543N,24.826534E,21,22.0,257
15396,T,260803,084059,60.268528N,24.826424E,21,22.3,255
15397,T,260803,084100,60.268513N,24.826311E,21,22.8,253
15398,T,260803,084101,60.268494N,24.826202E,21,23.1,250
15399,T,260803,084102,60.268467N,24.826094E,21,23.2,247
15400,T,260803,084103,60.268444N,24.825983E,21,23.1,246
15401,T,260803,084104,60.268421N,24.825876E,21,23.0,245
15402,T,260803,084105,60.268394N,24.825771E,21,22.5,245
15403,T,260803,084106,60.268372N,24.825666E,21,22.5,244
15404,T,260803,084107,60.268353N,24.825563E,21,22.5,245
15405,T,260803,084108,60.268330N,24.825459E,21,22.7,245
15406,T,260803,084109,60.268299N,24.825352E,21,23.1,245
15407,T,260803,084110,60.268276N,24.825247E,21,23.2,245
15408,T,260803,084111,60.268253N,24.825142E,21,22.5,246
15409,T,260803,084112,60.268227N,24.825035E,21,22.5,246
15410,T,260803,084113,60.268204N,24.824934E,20,22.6,245
15411,T,260803,084114,60.268181N,24.824833E,20,22.1,246
15412,T,260803,084115,60.268162N,24.824734E,21,21.2,246
15413,T,260803,084116,60.268139N,24.824636E,21,20.2,247
15414,T,260803,084117,60.268120N,24.824545E,21,18.7,246
15415,T,260803,084118,60.268101N,24.824457E,21,18.3,246
15416,T,260803,084119,60.268085N,24.824371E,21,18.9,245
15417,T,260803,084120,60.268063N,24.824282E,21,19.7,246
15418,T,260803,084121,60.268047N,24.824188E,21,20.5,247
15419,T,260803,084122,60.268028N,24.824093E,21,21.1,248
15420,T,260803,084123,60.268009N,24.823992E,21,21.6,249
15421,T,260803,084124,60.267990N,24.823887E,21,22.5,250
15422,T,260803,084125,60.267975N,24.823782E,21,21.9,252
15423,T,260803,084126,60.267960N,24.823675E,21,21.8,252
15424,T,260803,084127,60.267941N,24.823572E,21,22.1,252
15425,T,260803,084128,60.267921N,24.823467E,21,22.2,250
15426,T,260803,084129,60.267899N,24.823364E,21,22.2,249
15427,T,260803,084130,60.267879N,24.823261E,21,22.2,247
15428,T,260803,084131,60.267860N,24.823158E,21,22.2,247
15429,T,260803,084132,60.267841N,24.823057E,21,22.3,246
15430,T,260803,084133,60.267815N,24.822956E,21,22.3,245
15431,T,260803,084134,60.267792N,24.822857E,21,22.7,244
15432,T,260803,084135,60.267765N,24.822756E,21,22.8,244
15433,T,260803,084136,60.267735N,24.822660E,21,22.7,243
15434,T,260803,084137,60.267708N,24.822561E,21,22.8,241
15435,T,260803,084138,60.267681N,24.822462E,21,22.9,241
15436,T,260803,084139,60.267654N,24.822357E,21,22.9,241
15437,T,260803,084140,60.267632N,24.822254E,21,22.9,242
15438,T,260803,084141,60.267609N,24.822145E,21,22.9,244
15439,T,260803,084142,60.267586N,24.822041E,21,23.3,247
15440,T,260803,084143,60.267563N,24.821932E,21,22.2,247
15441,T,260803,084144,60.267544N,24.821831E,21,21.9,247
15442,T,260803,084145,60.267521N,24.821730E,21,21.6,247
15443,T,260803,084146,60.267502N,24.821630E,21,21.7,247
15444,T,260803,084147,60.267479N,24.821526E,21,21.6,247
15445,T,260803,084148,60.267460N,24.821430E,22,21.5,247
15446,T,260803,084149,60.267441N,24.821333E,22,21.5,247
15447,T,260803,084150,60.267414N,24.821234E,22,21.5,247
15448,T,260803,084151,60.267391N,24.821131E,22,22.2,246
15449,T,260803,084152,60.267368N,24.821028E,22,22.2,246
15450,T,260803,084153,60.267345N,24.820925E,22,22.2,245
15451,T,260803,084154,60.267319N,24.820824E,22,22.9,245
15452,T,260803,084155,60.267300N,24.820721E,22,22.6,245
15453,T,260803,084156,60.267277N,24.820616E,22,22.7,245
15454,T,260803,084157,60.267254N,24.820517E,22,21.7,245
15455,T,260803,084158,60.267227N,24.820414E,22,22.4,245
15456,T,260803,084159,60.267208N,24.820311E,22,22.3,245
15457,T,260803,084200,60.267185N,24.820211E,22,20.5,246
15458,T,260803,084201,60.267162N,24.820116E,22,20.4,245
15459,T,260803,084202,60.267143N,24.820019E,22,20.3,245
15460,T,260803,084203,60.267124N,24.819923E,22,20.3,245
15461,T,260803,084204,60.267105N,24.819826E,21,20.4,245
15462,T,260803,084205,60.267078N,24.819733E,21,21.4,244
15463,T,260803,084206,60.267059N,24.819635E,21,21.8,245
15464,T,260803,084207,60.267040N,24.819538E,21,21.7,245
15465,T,260803,084208,60.267014N,24.819439E,21,21.7,244
15466,T,260803,084209,60.266991N,24.819340E,21,21.7,244
15467,T,260803,084210,60.266968N,24.819239E,21,22.0,244
15468,T,260803,084211,60.266945N,24.819138E,21,22.1,243
15469,T,260803,084212,60.266914N,24.819036E,21,23.2,243
15470,T,260803,084213,60.266888N,24.818933E,20,21.8,243
15471,T,260803,084214,60.266869N,24.818836E,20,22.4,242
15472,T,260803,084215,60.266842N,24.818735E,20,21.9,242
15473,T,260803,084216,60.266815N,24.818636E,21,21.6,243
15474,T,260803,084217,60.266792N,24.818542E,21,21.0,241
15475,T,260803,084218,60.266766N,24.818453E,20,20.0,240
15476,T,260803,084219,60.266739N,24.818361E,21,21.0,240
15477,T,260803,084220,60.266712N,24.818274E,21,20.4,238
15478,T,260803,084221,60.266685N,24.818186E,21,20.4,238
15479,T,260803,084222,60.266655N,24.818102E,21,19.6,236
15480,T,260803,084223,60.266632N,24.818022E,21,19.3,236
15481,T,260803,084224,60.266605N,24.817938E,21,18.7,236
15482,T,260803,084225,60.266579N,24.817858E,21,18.0,237
15483,T,260803,084226,60.266552N,24.817778E,21,19.3,237
15484,T,260803,084227,60.266529N,24.817696E,21,18.3,239
15485,T,260803,084228,60.266502N,24.817616E,21,18.6,239
15486,T,260803,084229,60.266479N,24.817535E,21,18.0,240
15487,T,260803,084230,60.266453N,24.817451E,21,20.0,239
15488,T,260803,084231,60.266422N,24.817364E,21,20.1,238
15489,T,260803,084232,60.266396N,24.817278E,20,20.1,237
15490,T,260803,084233,60.266369N,24.817192E,20,20.8,236
15491,T,260803,084234,60.266338N,24.817104E,20,22.0,235
15492,T,260803,084235,60.266312N,24.817017E,20,21.7,235
15493,T,260803,084236,60.266285N,24.816936E,20,20.2,235
15494,T,260803,084237,60.266254N,24.816849E,20,22.0,234
15495,T,260803,084238,60.266224N,24.816755E,20,22.9,234
15496,T,260803,084239,60.266193N,24.816660E,20,22.9,234
15497,T,260803,084240,60.266159N,24.816565E,20,22.9,233
15498,T,260803,084241,60.266125N,24.816471E,20,21.9,233
15499,T,260803,084242,60.266087N,24.816383E,20,21.3,232
15500,T,260803,084243,60.266056N,24.816298E,19,20.3,231
15501,T,260803,084244,60.266022N,24.816208E,20,20.8,231
15502,T,260803,084245,60.265987N,24.816118E,20,20.9,231
15503,T,260803,084246,60.265953N,24.816031E,20,21.5,231
15504,T,260803,084247,60.265915N,24.815941E,20,21.5,230
15505,T,260803,084248,60.265881N,24.815857E,20,20.9,230
15506,T,260803,084249,60.265842N,24.815765E,20,22.1,229
15507,T,260803,084250,60.265804N,24.815676E,19,22.2,228
15508,T,260803,084251,60.265762N,24.815590E,19,21.7,228
15509,T,260803,084252,60.265724N,24.815500E,19,21.7,227
15510,T,260803,084253,60.265690N,24.815416E,19,22.4,227
15511,T,260803,084254,60.265644N,24.815332E,19,22.4,225
15512,T,260803,084255,60.265610N,24.815248E,19,22.0,230
15513,T,260803,084256,60.265575N,24.815166E,21,20.0,228
15514,T,260803,084257,60.265541N,24.815086E,21,20.5,228
15515,T,260803,084258,60.265503N,24.815001E,20,21.5,228
15516,T,260803,084259,60.265469N,24.814917E,20,20.8,229
15517,T,260803,084300,60.265430N,24.814835E,21,20.4,228
15518,T,260803,084301,60.265400N,24.814758E,21,18.8,227
15519,T,260803,084302,60.265366N,24.814684E,21,19.2,226
15520,T,260803,084303,60.265327N,24.814611E,21,19.1,226
15521,T,260803,084304,60.265301N,24.814533E,21,18.1,226
15522,T,260803,084305,60.265270N,24.814465E,21,16.7,227
15523,T,260803,084306,60.265244N,24.814396E,22,16.1,227
15524,T,260803,084307,60.265217N,24.814327E,23,16.0,227
15525,T,260803,084308,60.265190N,24.814266E,23,15.2,227
15526,T,260803,084309,60.265163N,24.814207E,23,14.5,229
15527,T,260803,084310,60.265141N,24.814152E,23,14.6,229
15528,T,260803,084311,60.265118N,24.814096E,23,13.5,228
15529,T,260803,084312,60.265095N,24.814049E,23,12.6,228
15530,T,260803,084313,60.265072N,24.814005E,23,12.6,215
15531,T,260803,084314,60.265049N,24.813990E,23,11.8,181
15532,T,260803,084315,60.265015N,24.814005E,23,12.6,153
15533,T,260803,084316,60.264988N,24.814041E,23,13.4,143
15534,T,260803,084317,60.264961N,24.814083E,23,14.9,143
15535,T,260803,084318,60.264927N,24.814135E,23,16.3,143
15536,T,260803,084319,60.264893N,24.814184E,22,17.4,142
15537,T,260803,084320,60.264854N,24.814241E,22,18.3,143
15538,T,260803,084321,60.264816N,24.814297E,22,18.8,145
15539,T,260803,084322,60.264774N,24.814352E,22,19.4,144
15540,T,260803,084323,60.264736N,24.814411E,21,20.1,144
15541,T,260803,084324,60.264694N,24.814474E,21,20.1,144
15542,T,260803,084325,60.264656N,24.814535E,21,20.5,143
15543,T,260803,084326,60.264610N,24.814600E,21,21.0,142
15544,T,260803,084327,60.264568N,24.814665E,21,21.3,142
15545,T,260803,084328,60.264526N,24.814724E,21,21.7,144
15546,T,260803,084329,60.264481N,24.814791E,21,21.4,143
15547,T,260803,084330,60.264439N,24.814852E,21,21.4,145
15548,T,260803,084331,60.264393N,24.814915E,20,21.9,145
15549,T,260803,084332,60.264347N,24.814980E,20,21.5,143
15550,T,260803,084333,60.264305N,24.815046E,20,21.5,143
15551,T,260803,084334,60.264259N,24.815111E,20,21.3,143
15552,T,260803,084335,60.264217N,24.815182E,20,20.9,142
15553,T,260803,084336,60.264172N,24.815248E,21,20.4,142
15554,T,260803,084337,60.264133N,24.815306E,21,19.3,143
15555,T,260803,084338,60.264091N,24.815359E,22,18.0,143
15556,T,260803,084339,60.264057N,24.815405E,22,16.7,150
15557,T,260803,084340,60.264019N,24.815441E,22,15.7,152
15558,T,260803,084341,60.263988N,24.815479E,22,14.8,150
15559,T,260803,084342,60.263954N,24.815525E,22,14.8,141
15560,T,260803,084343,60.263927N,24.815575E,23,14.8,144
15561,T,260803,084344,60.263897N,24.815617E,23,15.2,144
15562,T,260803,084345,60.263863N,24.815655E,23,14.0,145
15563,T,260803,084346,60.263836N,24.815699E,23,14.5,144
15564,T,260803,084347,60.263813N,24.815741E,23,12.6,143
15565,T,260803,084348,60.263783N,24.815777E,23,13.0,143
15566,T,260803,084349,60.263760N,24.815809E,23,13.3,144
15567,T,260803,084350,60.263733N,24.815842E,23,14.6,144
15568,T,260803,084351,60.263699N,24.815880E,23,15.4,147
15569,T,260803,084352,60.263668N,24.815918E,23,15.5,149
15570,T,260803,084353,60.263634N,24.815956E,24,16.5,152
15571,T,260803,084354,60.263596N,24.815994E,23,15.8,154
15572,T,260803,084355,60.263557N,24.816023E,23,16.8,162
15573,T,260803,084356,60.263515N,24.816042E,23,16.8,169
15574,T,260803,084357,60.263474N,24.816055E,23,17.6,176
15575,T,260803,084358,60.263428N,24.816063E,23,18.2,175
15576,T,260803,084359,60.263386N,24.816065E,23,17.8,177
15577,T,260803,084400,60.263340N,24.816063E,23,19.0,184
15578,T,260803,084401,60.263287N,24.816055E,23,18.9,182
15579,T,260803,084402,60.263245N,24.816055E,23,19.0,180
15580,T,260803,084403,60.263191N,24.816055E,24,19.1,180
15581,T,260803,084404,60.263142N,24.816050E,23,20.3,187
15582,T,260803,084405,60.263092N,24.816040E,24,20.2,189
15583,T,260803,084406,60.263039N,24.816036E,24,19.9,187
15584,T,260803,084407,60.262989N,24.816034E,24,19.9,186
15585,T,260803,084408,60.262932N,24.816019E,24,20.9,186
15586,T,260803,084409,60.262878N,24.816008E,24,20.9,186
15587,T,260803,084410,60.262829N,24.816002E,24,20.4,184
15588,T,260803,084411,60.262775N,24.816000E,24,20.3,183
15589,T,260803,084412,60.262726N,24.815996E,24,19.4,183
15590,T,260803,084413,60.262676N,24.815996E,24,18.0,182
15591,T,260803,084414,60.262630N,24.816004E,24,17.9,181
15592,T,260803,084415,60.262592N,24.816034E,25,18.4,179
15593,T,260803,084416,60.262550N,24.816072E,25,18.1,177
15594,T,260803,084417,60.262512N,24.816114E,25,18.1,175
15595,T,260803,084418,60.262470N,24.816162E,25,17.7,145
15596,T,260803,084419,60.262440N,24.816216E,26,17.6,141
15597,T,260803,084420,60.262409N,24.816277E,26,18.3,138
15598,T,260803,084421,60.262367N,24.816336E,26,18.9,144
15599,T,260803,084422,60.262337N,24.816393E,26,16.9,143
15600,T,260803,084423,60.262302N,24.816456E,27,18.3,142
15601,T,260803,084424,60.262276N,24.816521E,27,16.9,141
15602,T,260803,084425,60.262249N,24.816580E,27,16.2,136
15603,T,260803,084426,60.262218N,24.816639E,27,15.7,139
15604,T,260803,084427,60.262188N,24.816690E,27,15.6,139
15605,T,260803,084428,60.262161N,24.816736E,27,14.9,144
15606,T,260803,084429,60.262127N,24.816774E,27,13.8,151
15607,T,260803,084430,60.262096N,24.816811E,27,15.4,151
15608,T,260803,084431,60.262058N,24.816847E,27,17.0,154
15609,T,260803,084432,60.262020N,24.816877E,28,16.5,163
15610,T,260803,084433,60.261978N,24.816904E,28,16.9,164
15611,T,260803,084434,60.261936N,24.816921E,27,17.7,169
15612,T,260803,084435,60.261890N,24.816936E,27,16.1,171
15613,T,260803,084436,60.261852N,24.816950E,27,16.2,171
15614,T,260803,084437,60.261803N,24.816956E,26,17.0,176
15615,T,260803,084438,60.261761N,24.816971E,26,16.6,173
15616,T,260803,084439,60.261711N,24.816986E,26,17.0,174
15617,T,260803,084440,60.261673N,24.817001E,26,16.1,174
15618,T,260803,084441,60.261631N,24.817011E,26,16.9,179
15619,T,260803,084442,60.261593N,24.817007E,27,16.5,182
15620,T,260803,084443,60.261547N,24.817011E,27,16.4,181
15621,T,260803,084444,60.261509N,24.817013E,27,16.7,181
15622,T,260803,084445,60.261467N,24.817013E,27,16.0,181
15623,T,260803,084446,60.261425N,24.817005E,27,15.9,184
15624,T,260803,084447,60.261387N,24.816998E,27,15.0,185
15625,T,260803,084448,60.261345N,24.816986E,27,16.1,186
15626,T,260803,084449,60.261299N,24.816977E,27,16.1,188
15627,T,260803,084450,60.261261N,24.816965E,28,16.2,188
15628,T,260803,084451,60.261219N,24.816957E,28,16.1,187
15629,T,260803,084452,60.261181N,24.816952E,27,15.7,187
15630,T,260803,084453,60.261143N,24.816944E,28,15.7,186
15631,T,260803,084454,60.261108N,24.816942E,28,14.9,184
15632,T,260803,084455,60.261070N,24.816940E,28,14.3,182
15633,T,260803,084456,60.261036N,24.816938E,28,13.4,182
15634,T,260803,084457,60.261009N,24.816921E,29,13.3,183
15635,T,260803,084458,60.260975N,24.816889E,29,13.3,185
15636,T,260803,084459,60.260952N,24.816845E,29,14.6,187
15637,T,260803,084500,60.260921N,24.816788E,28,17.3,190
15638,T,260803,084501,60.260887N,24.816725E,28,19.0,193
15639,T,260803,084502,60.260853N,24.816656E,28,19.9,196
15640,T,260803,084503,60.260815N,24.816584E,28,20.0,198
15641,T,260803,084504,60.260780N,24.816507E,28,20.4,201
15642,T,260803,084505,60.260750N,24.816435E,28,20.9,204
15643,T,260803,084506,60.260712N,24.816359E,28,20.8,206
15644,T,260803,084507,60.260677N,24.816284E,28,20.5,208
15645,T,260803,084508,60.260643N,24.816204E,27,19.6,210
15646,T,260803,084509,60.260612N,24.816126E,28,20.1,212
15647,T,260803,084510,60.260578N,24.816051E,27,19.4,214
15648,T,260803,084511,60.260548N,24.815975E,27,18.7,216
15649,T,260803,084512,60.260517N,24.815910E,27,17.0,217
15650,T,260803,084513,60.260483N,24.815844E,27,17.0,219
15651,T,260803,084514,60.260456N,24.815788E,27,15.6,219
15652,T,260803,084515,60.260429N,24.815735E,27,14.3,229
15653,T,260803,084516,60.260406N,24.815678E,27,14.3,232
15654,T,260803,084517,60.260384N,24.815622E,27,13.7,231
15655,T,260803,084518,60.260365N,24.815565E,27,13.3,225
15656,T,260803,084519,60.260338N,24.815514E,27,13.7,221
15657,T,260803,084520,60.260311N,24.815464E,27,13.9,224
15658,T,260803,084521,60.260292N,24.815409E,27,13.8,233
15659,T,260803,084522,60.260269N,24.815342E,27,15.9,231
15660,T,260803,084523,60.260239N,24.815275E,27,17.1,230
15661,T,260803,084524,60.260208N,24.815203E,27,20.1,230
15662,T,260803,084525,60.260181N,24.815123E,26,19.2,229
15663,T,260803,084526,60.260143N,24.815041E,26,21.7,229
15664,T,260803,084527,60.260109N,24.814962E,26,20.9,228
15665,T,260803,084528,60.260067N,24.814884E,26,21.2,226
15666,T,260803,084529,60.260033N,24.814814E,26,20.6,225
15667,T,260803,084530,60.259991N,24.814737E,26,20.1,224
15668,T,260803,084531,60.259956N,24.814671E,26,20.0,223
15669,T,260803,084532,60.259918N,24.814602E,26,19.2,222
15670,T,260803,084533,60.259880N,24.814529E,25,20.3,223
15671,T,260803,084534,60.259838N,24.814457E,25,20.7,224
15672,T,260803,084535,60.259804N,24.814383E,25,19.0,225
15673,T,260803,084536,60.259773N,24.814316E,25,19.0,225
15674,T,260803,084537,60.259735N,24.814245E,25,19.5,224
15675,T,260803,084538,60.259697N,24.814184E,24,19.9,224
15676,T,260803,084539,60.259659N,24.814125E,24,19.8,223
15677,T,260803,084540,60.259647N,24.814064E,24,20.2,226
15678,T,260803,084541,60.259640N,24.813976E,24,16.1,241
15679,T,260803,084542,60.259621N,24.813885E,24,14.9,240
15680,T,260803,084543,60.259590N,24.813799E,24,17.2,239
15681,T,260803,084544,60.259556N,24.813725E,23,18.5,238
15682,T,260803,084545,60.259521N,24.813644E,23,20.2,237
15683,T,260803,084546,60.259480N,24.813560E,23,20.5,220
15684,T,260803,084547,60.259441N,24.813492E,23,21.9,219
15685,T,260803,084548,60.259396N,24.813416E,22,21.3,221
15686,T,260803,084549,60.259357N,24.813337E,23,21.4,222
15687,T,260803,084550,60.259315N,24.813257E,23,22.1,221
15688,T,260803,084551,60.259277N,24.813175E,23,21.7,222
15689,T,260803,084552,60.259235N,24.813101E,23,21.6,222
15690,T,260803,084553,60.259201N,24.813025E,23,20.7,222
15691,T,260803,084554,60.259159N,24.812954E,23,20.7,222
15692,T,260803,084555,60.259121N,24.812883E,23,21.4,222
15693,T,260803,084556,60.259083N,24.812813E,23,20.8,222
15694,T,260803,084557,60.259048N,24.812742E,23,20.5,222
15695,T,260803,084558,60.259007N,24.812672E,24,20.6,222
15696,T,260803,084559,60.258968N,24.812599E,24,20.6,222
15697,T,260803,084600,60.258926N,24.812540E,25,19.9,214
15698,T,260803,084601,60.258884N,24.812500E,24,19.2,196
15699,T,260803,084602,60.258839N,24.812464E,24,17.5,197
15700,T,260803,084603,60.258808N,24.812416E,24,15.9,200
15701,T,260803,084604,60.258781N,24.812351E,24,19.1,202
15702,T,260803,084605,60.258743N,24.812286E,24,20.9,203
15703,T,260803,084606,60.258701N,24.812223E,24,21.1,204
15704,T,260803,084607,60.258659N,24.812164E,24,20.1,206
15705,T,260803,084608,60.258621N,24.812099E,24,19.7,208
15706,T,260803,084609,60.258583N,24.812037E,24,18.9,209
15707,T,260803,084610,60.258549N,24.811974E,24,19.3,210
15708,T,260803,084611,60.258511N,24.811909E,25,19.3,211
15709,T,260803,084612,60.258472N,24.811844E,25,19.9,212
15710,T,260803,084613,60.258430N,24.811781E,25,20.0,213
15711,T,260803,084614,60.258396N,24.811714E,25,18.8,214
15712,T,260803,084615,60.258362N,24.811647E,25,20.6,215
15713,T,260803,084616,60.258324N,24.811584E,25,19.3,215
15714,T,260803,084617,60.258289N,24.811520E,25,19.9,217
15715,T,260803,084618,60.258247N,24.811459E,25,19.9,218
15716,T,260803,084619,60.258209N,24.811396E,25,19.9,220
15717,T,260803,084620,60.258167N,24.811329E,24,21.1,220
15718,T,260803,084621,60.258129N,24.811258E,24,21.2,220
15719,T,260803,084622,60.258087N,24.811188E,24,21.1,219
15720,T,260803,084623,60.258049N,24.811125E,24,20.1,219
15721,T,260803,084624,60.258007N,24.811064E,24,19.2,217
15722,T,260803,084625,60.257973N,24.811005E,24,18.8,221
15723,T,260803,084626,60.257935N,24.810940E,24,19.5,220
15724,T,260803,084627,60.257900N,24.810875E,24,20.0,219
15725,T,260803,084628,60.257866N,24.810806E,25,18.8,220
15726,T,260803,084629,60.257828N,24.810740E,24,19.3,219
15727,T,260803,084630,60.257786N,24.810673E,24,20.7,220
15728,T,260803,084631,60.257740N,24.810604E,24,21.2,219
15729,T,260803,084632,60.257702N,24.810535E,24,21.1,219
15730,T,260803,084633,60.257656N,24.810471E,24,19.7,218
15731,T,260803,084634,60.257622N,24.810404E,24,19.7,219
15732,T,260803,084635,60.257580N,24.810341E,24,19.7,218
15733,T,260803,084636,60.257542N,24.810278E,24,19.0,218
15734,T,260803,084637,60.257507N,24.810221E,24,18.0,219
15735,T,260803,084638,60.257477N,24.810162E,24,17.2,220
15736,T,260803,084639,60.257439N,24.810106E,24,16.1,220
15737,T,260803,084640,60.257412N,24.810057E,24,14.9,222
15738,T,260803,084641,60.257393N,24.810003E,24,13.8,223
15739,T,260803,084642,60.257366N,24.809948E,24,13.8,239
15740,T,260803,084643,60.257355N,24.809883E,24,14.1,256
15741,T,260803,084644,60.257351N,24.809818E,25,13.1,268
15742,T,260803,084645,60.257351N,24.809752E,25,13.1,267
15743,T,260803,084646,60.257351N,24.809683E,25,14.0,268
15744,T,260803,084647,60.257362N,24.809614E,25,13.7,271
15745,T,260803,084648,60.257381N,24.809553E,26,13.0,274
15746,T,260803,084649,60.257401N,24.809505E,25,12.8,279
15747,T,260803,084650,60.257427N,24.809464E,25,13.6,282
15748,T,260803,084651,60.257458N,24.809427E,25,13.6,286
15749,T,260803,084652,60.257488N,24.809393E,25,13.3,291
15750,T,260803,084653,60.257515N,24.809361E,25,12.4,295
15751,T,260803,084654,60.257545N,24.809330E,25,11.5,299
15752,T,260803,084655,60.257568N,24.809292E,25,11.1,301
15753,T,260803,084656,60.257580N,24.809244E,25,12.1,303
15754,T,260803,084657,60.257587N,24.809183E,25,13.0,302
15755,T,260803,084658,60.257584N,24.809120E,25,12.9,300
15756,T,260803,084659,60.257576N,24.809053E,25,13.5,297
15757,T,260803,084700,60.257565N,24.808977E,25,15.1,293
15758,T,260803,084701,60.257557N,24.808905E,26,15.8,290
15759,T,260803,084702,60.257553N,24.808830E,28,15.1,286
15760,T,260803,084703,60.257542N,24.808758E,29,14.8,283
15761,T,260803,084704,60.257530N,24.808687E,30,14.7,280
15762,T,260803,084705,60.257519N,24.808617E,31,14.4,258
15763,T,260803,084706,60.257515N,24.808544E,31,14.3,255
15764,T,260803,084707,60.257507N,24.808474E,32,14.0,257
15765,T,260803,084708,60.257500N,24.808405E,32,13.9,256
15766,T,260803,084709,60.257488N,24.808336E,32,14.2,256
15767,T,260803,084710,60.257481N,24.808268E,32,14.6,255
15768,T,260803,084711,60.257465N,24.808201E,33,14.6,255
15769,T,260803,084712,60.257450N,24.808136E,33,13.9,254
15770,T,260803,084713,60.257435N,24.808069E,33,13.8,254
15771,T,260803,084714,60.257420N,24.808010E,33,13.7,254
15772,T,260803,084715,60.257412N,24.807949E,33,12.9,253
15773,T,260803,084716,60.257401N,24.807890E,33,13.5,252
15774,T,260803,084717,60.257389N,24.807833E,33,12.7,251
15775,T,260803,084718,60.257378N,24.807774E,33,12.6,253
15776,T,260803,084719,60.257366N,24.807713E,33,13.1,256
15777,T,260803,084720,60.257359N,24.807646E,33,14.0,255
15778,T,260803,084721,60.257347N,24.807575E,33,14.8,255
15779,T,260803,084722,60.257332N,24.807499E,32,15.9,255
15780,T,260803,084723,60.257324N,24.807425E,32,15.3,260
15781,T,260803,084724,60.257320N,24.807344E,32,16.0,267
15782,T,260803,084725,60.257313N,24.807264E,31,15.3,266
15783,T,260803,084726,60.257301N,24.807196E,31,13.5,265
15784,T,260803,084727,60.257294N,24.807140E,31,11.3,264
15785,T,260803,084728,60.257282N,24.807096E,31,8.4,245
15786,T,260803,084729,60.257275N,24.807066E,31,5.8,232
15787,T,260803,084730,60.257263N,24.807053E,31,6.7,198
15788,T,260803,084731,60.257240N,24.807039E,30,10.0,186
15789,T,260803,084732,60.257210N,24.807035E,30,14.4,180
15790,T,260803,084733,60.257175N,24.807039E,30,14.0,170
15791,T,260803,084734,60.257141N,24.807055E,30,14.9,164
15792,T,260803,084735,60.257099N,24.807070E,30,15.9,166
15793,T,260803,084736,60.257061N,24.807089E,30,16.6,167
15794,T,260803,084737,60.257011N,24.807104E,30,18.1,173
15795,T,260803,084738,60.256969N,24.807116E,29,19.0,173
15796,T,260803,084739,60.256920N,24.807133E,29,19.5,172
15797,T,260803,084740,60.256870N,24.807146E,29,20.3,172
15798,T,260803,084741,60.256817N,24.807154E,29,21.0,172
15799,T,260803,084742,60.256760N,24.807158E,28,21.2,173
15800,T,260803,084743,60.256714N,24.807177E,28,19.7,171
15801,T,260803,084744,60.256660N,24.807188E,29,21.2,172
15802,T,260803,084745,60.256603N,24.807184E,29,21.9,172
15803,T,260803,084746,60.256550N,24.807182E,29,22.4,174
15804,T,260803,084747,60.256489N,24.807186E,29,22.5,175
15805,T,260803,084748,60.256428N,24.807199E,29,22.6,175
15806,T,260803,084749,60.256371N,24.807215E,29,22.7,174
15807,T,260803,084750,60.256317N,24.807226E,29,21.2,174
15808,T,260803,084751,60.256264N,24.807238E,29,21.3,174
15809,T,260803,084752,60.256210N,24.807241E,30,21.2,175
15810,T,260803,084753,60.256161N,24.807243E,31,20.1,176
15811,T,260803,084754,60.256115N,24.807249E,32,16.7,175
15812,T,260803,084755,60.256081N,24.807264E,32,13.2,174
15813,T,260803,084756,60.256046N,24.807268E,33,14.0,179
15814,T,260803,084757,60.256016N,24.807270E,33,12.4,179
15815,T,260803,084758,60.255985N,24.807276E,34,11.5,179
15816,T,260803,084759,60.255959N,24.807285E,34,10.5,178
15817,T,260803,084800,60.255932N,24.807293E,35,9.9,178
15818,T,260803,084801,60.255913N,24.807289E,36,9.9,179
15819,T,260803,084802,60.255890N,24.807280E,37,6.7,179
15820,T,260803,084803,60.255871N,24.807270E,37,8.3,181
15821,T,260803,084804,60.255840N,24.807259E,38,11.5,182
15822,T,260803,084805,60.255817N,24.807243E,38,11.4,183
15823,T,260803,084806,60.255783N,24.807224E,39,12.6,184
15824,T,260803,084807,60.255753N,24.807215E,39,12.7,185
15825,T,260803,084808,60.255718N,24.807201E,40,13.2,186
15826,T,260803,084809,60.255680N,24.807196E,40,14.5,187
15827,T,260803,084810,60.255646N,24.807182E,40,14.4,191
15828,T,260803,084811,60.255608N,24.807161E,40,13.8,191
15829,T,260803,084812,60.255573N,24.807146E,40,13.7,189
15830,T,260803,084813,60.255535N,24.807137E,40,13.0,189
15831,T,260803,084814,60.255505N,24.807125E,40,12.7,189
15832,T,260803,084815,60.255470N,24.807117E,40,11.2,186
15833,T,260803,084816,60.255440N,24.807108E,39,12.6,186
15834,T,260803,084817,60.255405N,24.807098E,39,13.7,184
15835,T,260803,084818,60.255363N,24.807100E,39,14.0,184
15836,T,260803,084819,60.255329N,24.807098E,39,14.4,182
15837,T,260803,084820,60.255291N,24.807098E,39,15.4,180
15838,T,260803,084821,60.255253N,24.807102E,39,16.4,177
15839,T,260803,084822,60.255207N,24.807104E,39,17.7,176
15840,T,260803,084823,60.255165N,24.807112E,39,14.7,175
15841,T,260803,084824,60.255127N,24.807114E,39,12.5,175
15842,T,260803,084825,60.255096N,24.807116E,38,11.5,175
15843,T,260803,084826,60.255062N,24.807117E,38,11.6,175
15844,T,260803,084827,60.255032N,24.807121E,37,13.8,174
15845,T,260803,084828,60.254993N,24.807133E,37,15.6,172
15846,T,260803,084829,60.254951N,24.807152E,37,15.1,170
15847,T,260803,084830,60.254913N,24.807163E,36,16.6,174
15848,T,260803,084831,60.254864N,24.807178E,36,18.1,173
15849,T,260803,084832,60.254822N,24.807194E,36,18.4,173
15850,T,260803,084833,60.254772N,24.807203E,35,18.4,172
15851,T,260803,084834,60.254726N,24.807217E,34,18.1,173
15852,T,260803,084835,60.254684N,24.807224E,34,15.6,175
15853,T,260803,084836,60.254642N,24.807228E,33,15.0,176
15854,T,260803,084837,60.254608N,24.807236E,33,13.4,171
15855,T,260803,084838,60.254578N,24.807249E,33,14.2,167
15856,T,260803,084839,60.254539N,24.807266E,32,14.3,166
15857,T,260803,084840,60.254509N,24.807281E,32,14.3,169
15858,T,260803,084841,60.254471N,24.807297E,32,13.5,172
15859,T,260803,084842,60.254440N,24.807299E,32,12.4,178
15860,T,260803,084843,60.254414N,24.807312E,32,10.3,177
15861,T,260803,084844,60.254387N,24.807322E,32,9.5,176
15862,T,260803,084845,60.254368N,24.807335E,31,9.2,175
15863,T,260803,084846,60.254345N,24.807348E,31,8.9,174
15864,T,260803,084847,60.254326N,24.807364E,31,7.4,173
15865,T,260803,084848,60.254303N,24.807367E,31,7.9,173
15866,T,260803,084849,60.254288N,24.807369E,31,6.9,173
15867,T,260803,084850,60.254265N,24.807377E,31,9.5,171
15868,T,260803,084851,60.254238N,24.807384E,31,9.9,170
15869,T,260803,084852,60.254215N,24.807386E,31,10.3,170
15870,T,260803,084853,60.254192N,24.807384E,31,10.3,170
15871,T,260803,084854,60.254166N,24.807367E,31,11.1,172
15872,T,260803,084855,60.254131N,24.807337E,31,13.7,175
15873,T,260803,084856,60.254101N,24.807301E,31,15.6,178
15874,T,260803,084857,60.254059N,24.807264E,31,17.5,180
15875,T,260803,084858,60.254021N,24.807230E,31,16.1,182
15876,T,260803,084859,60.253979N,24.807196E,31,15.6,185
15877,T,260803,084900,60.253941N,24.807158E,30,17.6,187
15878,T,260803,084901,60.253899N,24.807116E,30,19.7,189
15879,T,260803,084902,60.253849N,24.807074E,30,20.6,190
15880,T,260803,084903,60.253803N,24.807026E,30,21.3,192
15881,T,260803,084904,60.253757N,24.806976E,29,20.8,194
15882,T,260803,084905,60.253708N,24.806927E,29,21.8,195
15883,T,260803,084906,60.253658N,24.806875E,29,21.5,197
15884,T,260803,084907,60.253609N,24.806826E,29,21.5,198
15885,T,260803,084908,60.253559N,24.806784E,29,21.0,200
15886,T,260803,084909,60.253513N,24.806744E,29,22.6,200
15887,T,260803,084910,60.253460N,24.806707E,28,22.1,199
15888,T,260803,084911,60.253407N,24.806677E,28,22.1,196
15889,T,260803,084912,60.253353N,24.806641E,28,22.9,196
15890,T,260803,084913,60.253296N,24.806604E,28,22.9,197
15891,T,260803,084914,60.253239N,24.806572E,28,24.1,195
15892,T,260803,084915,60.253181N,24.806536E,28,24.7,196
15893,T,260803,084916,60.253120N,24.806498E,28,24.6,197
15894,T,260803,084917,60.253063N,24.806465E,27,23.3,195
15895,T,260803,084918,60.253002N,24.806438E,27,23.2,194
15896,T,260803,084919,60.252945N,24.806408E,27,23.2,194
15897,T,260803,084920,60.252888N,24.806381E,26,22.3,193
15898,T,260803,084921,60.252831N,24.806362E,26,22.6,193
15899,T,260803,084922,60.252777N,24.806339E,26,23.2,192
15900,T,260803,084923,60.252724N,24.806326E,27,22.8,184
15901,T,260803,084924,60.252663N,24.806332E,27,23.4,177
15902,T,260803,084925,60.252605N,24.806343E,27,24.1,175
15903,T,260803,084926,60.252548N,24.806364E,27,23.3,171
15904,T,260803,084927,60.252487N,24.806383E,27,22.6,170
15905,T,260803,084928,60.252434N,24.806404E,27,22.3,171
15906,T,260803,084929,60.252377N,24.806419E,27,22.9,172
15907,T,260803,084930,60.252316N,24.806440E,27,22.8,170
15908,T,260803,084931,60.252258N,24.806456E,26,23.3,170
15909,T,260803,084932,60.252201N,24.806477E,26,23.4,171
15910,T,260803,084933,60.252140N,24.806498E,27,23.5,171
15911,T,260803,084934,60.252079N,24.806517E,26,23.9,170
15912,T,260803,084935,60.252022N,24.806540E,26,24.0,170
15913,T,260803,084936,60.251961N,24.806561E,26,24.1,170
15914,T,260803,084937,60.251900N,24.806576E,26,24.7,171
15915,T,260803,084938,60.251839N,24.806595E,26,24.3,171
15916,T,260803,084939,60.251778N,24.806616E,25,24.8,171
15917,T,260803,084940,60.251717N,24.806637E,25,24.9,171
15918,T,260803,084941,60.251652N,24.806654E,25,25.0,171
15919,T,260803,084942,60.251591N,24.806677E,24,25.1,169
15920,T,260803,084943,60.251530N,24.806702E,24,25.1,169
15921,T,260803,084944,60.251469N,24.806721E,24,25.1,174
15922,T,260803,084945,60.251404N,24.806734E,24,25.1,173
15923,T,260803,084946,60.251343N,24.806749E,24,25.0,171
15924,T,260803,084947,60.251282N,24.806767E,24,24.6,171
15925,T,260803,084948,60.251221N,24.806784E,24,24.0,171
15926,T,260803,084949,60.251160N,24.806795E,24,23.4,172
15927,T,260803,084950,60.251102N,24.806812E,24,22.5,171
15928,T,260803,084951,60.251049N,24.806828E,25,21.9,171
15929,T,260803,084952,60.250992N,24.806845E,25,21.5,172
15930,T,260803,084953,60.250938N,24.806856E,25,21.5,172
15931,T,260803,084954,60.250885N,24.806864E,25,21.0,173
15932,T,260803,084955,60.250832N,24.806870E,25,21.5,175
15933,T,260803,084956,60.250778N,24.806883E,25,21.4,174
15934,T,260803,084957,60.250725N,24.806904E,25,21.8,166
15935,T,260803,084958,60.250671N,24.806929E,25,21.5,166
15936,T,260803,084959,60.250622N,24.806950E,25,22.0,169
15937,T,260803,085000,60.250565N,24.806965E,25,22.1,172
15938,T,260803,085001,60.250507N,24.806980E,25,21.4,172
15939,T,260803,085002,60.250458N,24.806990E,25,22.0,175
15940,T,260803,085003,60.250401N,24.806993E,24,21.9,181
15941,T,260803,085004,60.250347N,24.806988E,24,20.9,182
15942,T,260803,085005,60.250298N,24.806978E,24,20.9,186
15943,T,260803,085006,60.250248N,24.806965E,24,20.0,188
15944,T,260803,085007,60.250198N,24.806944E,24,19.9,192
15945,T,260803,085008,60.250153N,24.806919E,24,19.3,195
15946,T,260803,085009,60.250099N,24.806885E,24,20.4,200
15947,T,260803,085010,60.250057N,24.806847E,24,20.6,203
15948,T,260803,085011,60.250004N,24.806799E,23,22.4,206
15949,T,260803,085012,60.249954N,24.806744E,23,21.7,208
15950,T,260803,085013,60.249912N,24.806686E,23,22.0,214
15951,T,260803,085014,60.249863N,24.806616E,22,22.8,221
15952,T,260803,085015,60.249825N,24.806538E,22,22.8,225
15953,T,260803,085016,60.249779N,24.806456E,22,23.4,222
15954,T,260803,085017,60.249737N,24.806381E,22,23.4,215
15955,T,260803,085018,60.249687N,24.806311E,22,23.5,217
15956,T,260803,085019,60.249645N,24.806236E,22,23.1,218
15957,T,260803,085020,60.249599N,24.806160E,22,22.0,218
15958,T,260803,085021,60.249561N,24.806091E,23,20.8,217
15959,T,260803,085022,60.249519N,24.806026E,23,20.2,219
15960,T,260803,085023,60.249485N,24.805956E,23,20.1,220
15961,T,260803,085024,60.249443N,24.805893E,24,20.0,220
15962,T,260803,085025,60.249409N,24.805826E,24,20.0,220
15963,T,260803,085026,60.249367N,24.805759E,24,20.1,221
15964,T,260803,085027,60.249329N,24.805696E,24,20.2,221
15965,T,260803,085028,60.249287N,24.805628E,24,20.8,221
15966,T,260803,085029,60.249249N,24.805559E,23,21.2,221
15967,T,260803,085030,60.249207N,24.805489E,23,21.3,221
15968,T,260803,085031,60.249168N,24.805420E,23,20.5,220
15969,T,260803,085032,60.249123N,24.805365E,23,19.4,209
15970,T,260803,085033,60.249081N,24.805330E,23,18.1,196
15971,T,260803,085034,60.249043N,24.805325E,23,14.5,165
15972,T,260803,085035,60.249020N,24.805351E,23,10.0,136
15973,T,260803,085036,60.249016N,24.805386E,24,7.0,88
15974,T,260803,085037,60.249016N,24.805420E,24,5.7,88
15975,T,260803,085038,60.249012N,24.805449E,23,5.0,88
15976,T,260803,085039,60.249008N,24.805464E,23,0.0,88
15977,T,260803,085040,60.249001N,24.805464E,23,0.0,88
15978,T,260803,085041,60.248993N,24.805458E,23,3.9,88
15979,T,260803,085042,60.248993N,24.805435E,23,5.3,88
15980,T,260803,085043,60.248989N,24.805405E,22,7.4,247
15981,T,260803,085044,60.248978N,24.805365E,22,10.7,246
15982,T,260803,085045,60.248955N,24.805323E,22,12.8,244
15983,T,260803,085046,60.248928N,24.805281E,22,13.2,241
15984,T,260803,085047,60.248901N,24.805260E,22,15.0,235
15985,T,260803,085048,60.248863N,24.805281E,22,14.4,142
15986,T,260803,085049,60.248840N,24.805328E,22,13.7,141
15987,T,260803,085050,60.248817N,24.805389E,22,16.8,139
15988,T,260803,085051,60.248791N,24.805456E,21,16.8,138
15989,T,260803,085052,60.248768N,24.805527E,22,17.3,137
15990,T,260803,085053,60.248745N,24.805595E,22,17.2,135
15991,T,260803,085054,60.248714N,24.805670E,21,18.1,134
15992,T,260803,085055,60.248688N,24.805744E,22,17.7,133
15993,T,260803,085056,60.248665N,24.805817E,21,18.6,133
15994,T,260803,085057,60.248638N,24.805895E,21,18.5,121
15995,T,260803,085058,60.248611N,24.805977E,22,19.0,123
15996,T,260803,085059,60.248589N,24.806053E,22,18.7,125
15997,T,260803,085100,60.248562N,24.806135E,23,18.7,118
15998,T,260803,085101,60.248539N,24.806219E,23,18.6,116
15999,T,260803,085102,60.248520N,24.806305E,23,18.6,118
16000,T,260803,085103,60.248497N,24.806379E,23,18.1,119
16001,T,260803,085104,60.248470N,24.806456E,23,17.7,120
16002,T,260803,085105,60.248447N,24.806534E,23,17.3,119
16003,T,260803,085106,60.248428N,24.806606E,23,16.4,120
16004,T,260803,085107,60.248409N,24.806677E,24,15.6,121
16005,T,260803,085108,60.248383N,24.806740E,24,15.0,122
16006,T,260803,085109,60.248363N,24.806795E,24,14.4,136
16007,T,260803,085110,60.248341N,24.806843E,24,13.1,136
16008,T,260803,085111,60.248318N,24.806889E,24,12.0,135
16009,T,260803,085112,60.248299N,24.806944E,24,13.9,133
16010,T,260803,085113,60.248283N,24.807005E,24,13.5,131
16011,T,260803,085114,60.248268N,24.807070E,24,14.5,130
16012,T,260803,085115,60.248253N,24.807133E,25,14.0,129
16013,T,260803,085116,60.248234N,24.807196E,25,15.9,128
16014,T,260803,085117,60.248207N,24.807264E,25,16.7,126
16015,T,260803,085118,60.248180N,24.807331E,25,17.1,126
16016,T,260803,085119,60.248158N,24.807402E,26,17.2,127
16017,T,260803,085120,60.248127N,24.807472E,26,17.3,127
16018,T,260803,085121,60.248100N,24.807535E,26,17.2,128
16019,T,260803,085122,60.248070N,24.807600E,27,16.8,129
16020,T,260803,085123,60.248035N,24.807655E,27,16.2,130
16021,T,260803,085124,60.248001N,24.807707E,28,16.1,131
16022,T,260803,085125,60.247967N,24.807753E,28,16.0,132
16023,T,260803,085126,60.247936N,24.807795E,28,15.5,149
16024,T,260803,085127,60.247898N,24.807835E,28,15.4,151
16025,T,260803,085128,60.247868N,24.807863E,29,15.4,157
16026,T,260803,085129,60.247833N,24.807896E,29,15.4,161
16027,T,260803,085130,60.247799N,24.807924E,29,14.9,158
16028,T,260803,085131,60.247765N,24.807957E,29,14.2,155
16029,T,260803,085132,60.247730N,24.807985E,29,13.6,155
16030,T,260803,085133,60.247704N,24.808016E,30,13.3,155
16031,T,260803,085134,60.247673N,24.808044E,30,13.2,153
16032,T,260803,085135,60.247643N,24.808079E,30,13.5,152
16033,T,260803,085136,60.247612N,24.808109E,30,13.6,152
16034,T,260803,085137,60.247585N,24.808144E,30,13.5,151
16035,T,260803,085138,60.247555N,24.808178E,31,13.2,150
16036,T,260803,085139,60.247524N,24.808214E,31,13.3,149
16037,T,260803,085140,60.247498N,24.808247E,31,13.3,153
16038,T,260803,085141,60.247463N,24.808275E,31,13.4,154
16039,T,260803,085142,60.247437N,24.808304E,31,13.5,153
16040,T,260803,085143,60.247402N,24.808334E,31,14.1,160
16041,T,260803,085144,60.247372N,24.808355E,32,14.0,163
16042,T,260803,085145,60.247341N,24.808378E,32,14.1,162
16043,T,260803,085146,60.247303N,24.808397E,32,14.5,166
16044,T,260803,085147,60.247269N,24.808414E,32,14.9,169
16045,T,260803,085148,60.247231N,24.808424E,32,14.9,170
16046,T,260803,085149,60.247196N,24.808435E,33,15.4,171
16047,T,260803,085150,60.247154N,24.808443E,33,15.8,172
16048,T,260803,085151,60.247116N,24.808455E,33,16.2,174
16049,T,260803,085152,60.247074N,24.808458E,33,16.5,179
16050,T,260803,085153,60.247036N,24.808449E,33,16.4,184
16051,T,260803,085154,60.246998N,24.808439E,33,16.3,185
16052,T,260803,085155,60.246952N,24.808424E,34,17.4,189
16053,T,260803,085156,60.246910N,24.808416E,34,15.7,182
16054,T,260803,085157,60.246872N,24.808407E,34,17.3,183
16055,T,260803,085158,60.246826N,24.808401E,34,16.0,180
16056,T,260803,085159,60.246784N,24.808399E,34,17.0,179
16057,T,260803,085200,60.246738N,24.808401E,34,17.6,179
16058,T,260803,085201,60.246696N,24.808397E,34,17.9,181
16059,T,260803,085202,60.246647N,24.808395E,34,18.4,180
16060,T,260803,085203,60.246601N,24.808395E,34,19.3,180
16061,T,260803,085204,60.246552N,24.808393E,33,21.0,180
16062,T,260803,085205,60.246494N,24.808392E,33,21.9,180
16063,T,260803,085206,60.246441N,24.808392E,33,22.5,179
16064,T,260803,085207,60.246380N,24.808393E,32,23.4,179
16065,T,260803,085208,60.246323N,24.808395E,32,23.6,179
16066,T,260803,085209,60.246265N,24.808395E,32,24.4,179
16067,T,260803,085210,60.246201N,24.808395E,31,24.5,179
16068,T,260803,085211,60.246140N,24.808401E,31,25.2,178
16069,T,260803,085212,60.246075N,24.808407E,31,25.2,178
16070,T,260803,085213,60.246014N,24.808414E,30,25.7,178
16071,T,260803,085214,60.245953N,24.808416E,30,25.2,178
16072,T,260803,085215,60.245888N,24.808420E,30,24.5,178
16073,T,260803,085216,60.245827N,24.808424E,30,24.2,178
16074,T,260803,085217,60.245766N,24.808426E,29,24.1,178
16075,T,260803,085218,60.245705N,24.808426E,29,23.5,179
16076,T,260803,085219,60.245644N,24.808424E,29,22.8,180
16077,T,260803,085220,60.245586N,24.808422E,29,22.7,180
16078,T,260803,085221,60.245529N,24.808430E,29,22.7,180
16079,T,260803,085222,60.245472N,24.808443E,28,22.7,179
16080,T,260803,085223,60.245411N,24.808456E,28,23.4,177
16081,T,260803,085224,60.245358N,24.808460E,28,23.4,177
16082,T,260803,085225,60.245293N,24.808462E,27,24.3,180
16083,T,260803,085226,60.245232N,24.808462E,27,24.7,179
16084,T,260803,085227,60.245167N,24.808460E,27,26.0,181
16085,T,260803,085228,60.245098N,24.808447E,26,25.9,182
16086,T,260803,085229,60.245041N,24.808428E,26,23.5,183
16087,T,260803,085230,60.244984N,24.808416E,26,23.6,183
16088,T,260803,085231,60.244926N,24.808424E,26,23.6,172
16089,T,260803,085232,60.244869N,24.808439E,26,23.6,168
16090,T,260803,085233,60.244808N,24.808456E,25,25.2,168
16091,T,260803,085234,60.244743N,24.808462E,25,25.7,169
16092,T,260803,085235,60.244678N,24.808464E,25,24.8,170
16093,T,260803,085236,60.244621N,24.808456E,25,25.2,172
16094,T,260803,085237,60.244556N,24.808455E,25,25.1,172
16095,T,260803,085238,60.244492N,24.808453E,25,25.5,173
16096,T,260803,085239,60.244431N,24.808441E,25,24.5,174
16097,T,260803,085240,60.244370N,24.808434E,25,24.1,180
16098,T,260803,085241,60.244308N,24.808430E,24,24.3,180
16099,T,260803,085242,60.244244N,24.808426E,24,24.7,181
16100,T,260803,085243,60.244183N,24.808420E,24,25.1,183
16101,T,260803,085244,60.244122N,24.808416E,24,24.6,181
16102,T,260803,085245,60.244061N,24.808414E,24,24.7,180
16103,T,260803,085246,60.243996N,24.808414E,24,24.7,180
16104,T,260803,085247,60.243935N,24.808413E,24,24.4,179
16105,T,260803,085248,60.243877N,24.808416E,24,23.5,178
16106,T,260803,085249,60.243816N,24.808418E,24,23.1,177
16107,T,260803,085250,60.243759N,24.808424E,24,22.6,176
16108,T,260803,085251,60.243698N,24.808426E,25,22.7,177
16109,T,260803,085252,60.243641N,24.808420E,25,23.4,177
16110,T,260803,085253,60.243591N,24.808418E,25,21.1,178
16111,T,260803,085254,60.243538N,24.808418E,25,20.5,179
16112,T,260803,085255,60.243484N,24.808416E,25,20.9,178
16113,T,260803,085256,60.243431N,24.808424E,25,20.9,180
16114,T,260803,085257,60.243382N,24.808426E,25,20.8,180
16115,T,260803,085258,60.243328N,24.808430E,26,20.3,177
16116,T,260803,085259,60.243275N,24.808435E,26,20.8,176
16117,T,260803,085300,60.243225N,24.808443E,26,20.9,176
16118,T,260803,085301,60.243176N,24.808455E,26,20.2,175
16119,T,260803,085302,60.243122N,24.808464E,26,19.7,174
16120,T,260803,085303,60.243076N,24.808474E,26,20.2,175
16121,T,260803,085304,60.243031N,24.808479E,26,19.3,175
16122,T,260803,085305,60.242985N,24.808483E,26,19.4,176
16123,T,260803,085306,60.242935N,24.808489E,26,19.9,177
16124,T,260803,085307,60.242889N,24.808487E,26,20.2,179
16125,T,260803,085308,60.242836N,24.808483E,26,20.7,180
16126,T,260803,085309,60.242783N,24.808483E,26,20.8,181
16127,T,260803,085310,60.242729N,24.808479E,26,22.1,181
16128,T,260803,085311,60.242672N,24.808481E,26,22.5,181
16129,T,260803,085312,60.242607N,24.808477E,25,24.5,180
16130,T,260803,085313,60.242550N,24.808481E,25,24.5,179
16131,T,260803,085314,60.242485N,24.808481E,24,25.8,179
16132,T,260803,085315,60.242420N,24.808483E,24,25.9,179
16133,T,260803,085316,60.242352N,24.808487E,24,26.3,178
16134,T,260803,085317,60.242287N,24.808495E,23,25.9,178
16135,T,260803,085318,60.242226N,24.808500E,23,25.5,177
16136,T,260803,085319,60.242161N,24.808504E,23,24.8,177
16137,T,260803,085320,60.242100N,24.808508E,23,24.9,177
16138,T,260803,085321,60.242039N,24.808516E,23,24.8,177
16139,T,260803,085322,60.241978N,24.808523E,23,25.1,177
16140,T,260803,085323,60.241917N,24.808531E,23,25.5,177
16141,T,260803,085324,60.241852N,24.808538E,23,24.5,177
16142,T,260803,085325,60.241791N,24.808546E,23,24.7,176
16143,T,260803,085326,60.241730N,24.808552E,23,24.7,177
16144,T,260803,085327,60.241669N,24.808542E,23,25.3,184
16145,T,260803,085328,60.241604N,24.808537E,23,24.3,184
16146,T,260803,085329,60.241543N,24.808537E,23,23.5,183
16147,T,260803,085330,60.241486N,24.808537E,23,22.2,183
16148,T,260803,085331,60.241432N,24.808544E,23,20.3,182
16149,T,260803,085332,60.241379N,24.808544E,23,20.7,182
16150,T,260803,085333,60.241329N,24.808544E,23,20.4,179
16151,T,260803,085334,60.241280N,24.808548E,23,19.4,178
16152,T,260803,085335,60.241234N,24.808552E,23,18.9,177
16153,T,260803,085336,60.241184N,24.808556E,23,18.3,178
16154,T,260803,085337,60.241138N,24.808550E,23,17.8,185
16155,T,260803,085338,60.241096N,24.808548E,24,16.6,184
16156,T,260803,085339,60.241055N,24.808546E,24,16.9,181
16157,T,260803,085340,60.241013N,24.808544E,24,17.7,182
16158,T,260803,085341,60.240967N,24.808544E,25,17.6,181
16159,T,260803,085342,60.240932N,24.808544E,24,16.3,180
16160,T,260803,085343,60.240891N,24.808544E,24,15.8,178
16161,T,260803,085344,60.240856N,24.808552E,24,14.6,176
16162,T,260803,085346,60.240784N,24.808563E,25,12.5,178
16163,T,260803,085347,60.240753N,24.808563E,25,12.6,182
16164,T,260803,085348,60.240719N,24.808561E,25,13.2,179
16165,T,260803,085349,60.240685N,24.808565E,25,14.2,178
16166,T,260803,085350,60.240646N,24.808577E,25,14.3,178
16167,T,260803,085351,60.240612N,24.808584E,25,14.7,176
16168,T,260803,085352,60.240578N,24.808588E,25,15.0,176
16169,T,260803,085353,60.240540N,24.808592E,26,14.9,177
16170,T,260803,085354,60.240505N,24.808588E,26,14.3,184
16171,T,260803,085355,60.240463N,24.808578E,26,14.4,187
16172,T,260803,085356,60.240433N,24.808573E,26,14.7,185
16173,T,260803,085357,60.240391N,24.808561E,26,14.3,184
16174,T,260803,085358,60.240353N,24.808563E,26,15.1,178
16175,T,260803,085359,60.240314N,24.808565E,26,15.2,176
16176,T,260803,085400,60.240280N,24.808567E,26,13.4,178
16177,T,260803,085401,60.240250N,24.808573E,26,12.4,179
16178,T,260803,085402,60.240215N,24.808577E,26,11.5,179
16179,T,260803,085403,60.240189N,24.808575E,26,11.5,179
16180,T,260803,085404,60.240154N,24.808575E,27,12.4,179
16181,T,260803,085405,60.240124N,24.808577E,27,13.2,179
16182,T,260803,085406,60.240089N,24.808575E,27,13.7,179
16183,T,260803,085407,60.240051N,24.808573E,27,14.0,180
16184,T,260803,085408,60.240017N,24.808563E,27,14.0,186
16185,T,260803,085409,60.239983N,24.808559E,27,14.5,185
16186,T,260803,085410,60.239948N,24.808559E,27,13.7,184
16187,T,260803,085411,60.239910N,24.808558E,28,13.7,183
16188,T,260803,085412,60.239880N,24.808559E,28,13.4,174
16189,T,260803,085413,60.239845N,24.808561E,27,14.1,175
16190,T,260803,085414,60.239807N,24.808563E,28,13.7,175
16191,T,260803,085415,60.239777N,24.808561E,28,13.7,176
16192,T,260803,085416,60.239738N,24.808561E,28,13.8,178
16193,T,260803,085417,60.239700N,24.808561E,28,14.5,178
16194,T,260803,085418,60.239662N,24.808563E,29,15.0,179
16195,T,260803,085419,60.239628N,24.808563E,29,15.1,181
16196,T,260803,085420,60.239594N,24.808563E,29,14.4,180
16197,T,260803,085421,60.239552N,24.808567E,29,15.3,180
16198,T,260803,085422,60.239513N,24.808577E,29,15.7,179
16199,T,260803,085423,60.239471N,24.808580E,29,16.2,177
16200,T,260803,085424,60.239433N,24.808584E,29,15.7,177
16201,T,260803,085425,60.239391N,24.808584E,29,15.7,177
16202,T,260803,085426,60.239353N,24.808584E,29,16.5,178
16203,T,260803,085427,60.239307N,24.808584E,30,17.5,179
16204,T,260803,085428,60.239265N,24.808588E,30,18.2,180
16205,T,260803,085429,60.239220N,24.808596E,30,17.0,175
16206,T,260803,085430,60.239182N,24.808601E,31,15.7,175
16207,T,260803,085431,60.239136N,24.808603E,30,17.2,177
16208,T,260803,085432,60.239094N,24.808603E,30,17.3,179
16209,T,260803,085433,60.239048N,24.808611E,30,17.4,178
16210,T,260803,085434,60.239010N,24.808615E,30,17.1,177
16211,T,260803,085435,60.238960N,24.808617E,30,17.0,178
16212,T,260803,085436,60.238918N,24.808620E,30,17.6,178
16213,T,260803,085437,60.238876N,24.808617E,30,17.5,178
16214,T,260803,085438,60.238831N,24.808611E,30,16.2,180
16215,T,260803,085439,60.238792N,24.808605E,31,15.7,181
16216,T,260803,085440,60.238750N,24.808605E,31,15.7,181
16217,T,260803,085441,60.238712N,24.808605E,31,15.7,181
16218,T,260803,085442,60.238670N,24.808605E,31,16.5,180
16219,T,260803,085443,60.238632N,24.808611E,31,16.6,178
16220,T,260803,085444,60.238586N,24.808617E,31,17.0,178
16221,T,260803,085445,60.238548N,24.808615E,30,17.0,179
16222,T,260803,085446,60.238503N,24.808615E,30,17.0,178
16223,T,260803,085447,60.238461N,24.808617E,31,17.5,178
16224,T,260803,085448,60.238411N,24.808619E,31,18.1,179
16225,T,260803,085449,60.238369N,24.808622E,31,18.2,178
16226,T,260803,085450,60.238319N,24.808624E,30,19.0,177
16227,T,260803,085451,60.238274N,24.808628E,30,19.0,178
16228,T,260803,085452,60.238224N,24.808632E,30,19.1,177
16229,T,260803,085453,60.238174N,24.808636E,30,19.6,177
16230,T,260803,085454,60.238129N,24.808638E,30,20.1,178
16231,T,260803,085455,60.238075N,24.808641E,30,20.5,178
16232,T,260803,085456,60.238026N,24.808643E,29,21.4,178
16233,T,260803,085457,60.237968N,24.808643E,29,21.3,179
16234,T,260803,085458,60.237919N,24.808653E,29,21.3,178
16235,T,260803,085459,60.237862N,24.808662E,29,22.2,177
16236,T,260803,085500,60.237804N,24.808664E,29,22.9,178
16237,T,260803,085501,60.237747N,24.808672E,29,22.2,178
16238,T,260803,085502,60.237686N,24.808672E,29,23.3,178
16239,T,260803,085503,60.237633N,24.808674E,29,22.8,179
16240,T,260803,085504,60.237576N,24.808676E,29,23.2,178
16241,T,260803,085505,60.237518N,24.808676E,28,23.5,178
16242,T,260803,085506,60.237465N,24.808674E,28,23.5,179
16243,T,260803,085507,60.237408N,24.808670E,27,22.9,179
16244,T,260803,085508,60.237350N,24.808672E,27,22.5,179
16245,T,260803,085509,60.237297N,24.808674E,27,22.6,179
16246,T,260803,085510,60.237240N,24.808676E,27,22.6,179
16247,T,260803,085511,60.237183N,24.808678E,27,22.5,178
16248,T,260803,085512,60.237129N,24.808681E,26,23.0,178
16249,T,260803,085513,60.237068N,24.808681E,26,23.0,179
16250,T,260803,085514,60.237007N,24.808683E,26,22.9,179
16251,T,260803,085515,60.236954N,24.808680E,25,22.1,180
16252,T,260803,085516,60.236897N,24.808672E,25,23.1,183
16253,T,260803,085517,60.236839N,24.808661E,25,23.5,185
16254,T,260803,085518,60.236778N,24.808645E,24,23.1,186
16255,T,260803,085519,60.236729N,24.808632E,24,22.5,188
16256,T,260803,085520,60.236671N,24.808615E,24,22.8,188
16257,T,260803,085521,60.236610N,24.808592E,23,22.9,190
16258,T,260803,085522,60.236561N,24.808578E,24,21.0,184
16259,T,260803,085523,60.236504N,24.808571E,24,21.1,181
16260,T,260803,085524,60.236446N,24.808563E,23,21.7,183
16261,T,260803,085525,60.236401N,24.808559E,23,19.8,182
16262,T,260803,085526,60.236351N,24.808563E,23,19.2,173
16263,T,260803,085527,60.236305N,24.808582E,23,19.6,167
16264,T,260803,085528,60.236259N,24.808605E,23,18.4,162
16265,T,260803,085529,60.236225N,24.808655E,23,17.6,130
16266,T,260803,085530,60.236210N,24.808723E,24,17.0,103
16267,T,260803,085531,60.236191N,24.808802E,24,17.1,104
16268,T,260803,085532,60.236160N,24.808870E,23,19.3,137
16269,T,260803,085533,60.236118N,24.808935E,23,21.4,141
16270,T,260803,085534,60.236080N,24.809002E,23,23.0,141
16271,T,260803,085535,60.236031N,24.809080E,23,23.8,138
16272,T,260803,085536,60.235992N,24.809166E,23,25.1,132
16273,T,260803,085537,60.235950N,24.809265E,23,26.6,126
16274,T,260803,085538,60.235912N,24.809376E,23,26.7,122
16275,T,260803,085539,60.235874N,24.809492E,23,27.6,123
16276,T,260803,085540,60.235840N,24.809605E,23,26.6,122
16277,T,260803,085541,60.235802N,24.809711E,23,26.9,128
16278,T,260803,085542,60.235760N,24.809816E,23,26.8,129
16279,T,260803,085543,60.235722N,24.809919E,23,26.1,129
16280,T,260803,085544,60.235680N,24.810019E,23,25.1,130
16281,T,260803,085545,60.235641N,24.810110E,24,23.1,129
16282,T,260803,085546,60.235607N,24.810196E,23,22.6,129
16283,T,260803,085547,60.235573N,24.810280E,23,21.8,130
16284,T,260803,085548,60.235535N,24.810358E,23,21.1,131
16285,T,260803,085549,60.235500N,24.810436E,23,21.2,131
16286,T,260803,085550,60.235462N,24.810516E,23,21.9,131
16287,T,260803,085551,60.235432N,24.810596E,23,22.2,132
16288,T,260803,085552,60.235397N,24.810677E,23,21.6,131
16289,T,260803,085553,60.235359N,24.810757E,23,21.7,131
16290,T,260803,085554,60.235325N,24.810839E,23,21.4,131
16291,T,260803,085555,60.235291N,24.810917E,22,21.9,130
16292,T,260803,085556,60.235260N,24.810995E,22,21.1,129
16293,T,260803,085557,60.235226N,24.811077E,22,22.1,128
16294,T,260803,085558,60.235191N,24.811165E,22,22.2,129
16295,T,260803,085559,60.235153N,24.811247E,22,22.1,130
16296,T,260803,085600,60.235119N,24.811331E,22,22.1,130
16297,T,260803,085601,60.235085N,24.811413E,23,22.0,130
16298,T,260803,085602,60.235046N,24.811499E,23,21.9,130
16299,T,260803,085603,60.235012N,24.811583E,22,22.3,131
16300,T,260803,085604,60.234982N,24.811657E,21,22.3,130
16301,T,260803,085605,60.234943N,24.811741E,21,22.0,131
16302,T,260803,085606,60.234913N,24.811817E,21,21.0,130
16303,T,260803,085607,60.234871N,24.811893E,20,21.9,131
16304,T,260803,085608,60.234837N,24.811974E,20,21.9,131
16305,T,260803,085609,60.234798N,24.812056E,20,22.0,130
16306,T,260803,085610,60.234764N,24.812138E,19,22.5,131
16307,T,260803,085611,60.234730N,24.812220E,19,22.0,131
16308,T,260803,085612,60.234688N,24.812298E,19,21.9,133
16309,T,260803,085613,60.234650N,24.812378E,19,23.2,134
16310,T,260803,085614,60.234612N,24.812458E,19,21.7,127
16311,T,260803,085615,60.234577N,24.812542E,19,22.5,129
16312,T,260803,085616,60.234543N,24.812622E,19,21.3,128
16313,T,260803,085617,60.234509N,24.812700E,19,21.7,129
16314,T,260803,085618,60.234474N,24.812784E,19,21.6,127
16315,T,260803,085619,60.234440N,24.812868E,19,22.1,128
16316,T,260803,085620,60.234406N,24.812952E,19,22.2,129
16317,T,260803,085621,60.234364N,24.813032E,19,22.3,130
16318,T,260803,085622,60.234329N,24.813108E,19,22.0,131
16319,T,260803,085623,60.234287N,24.813168E,19,20.0,143
16320,T,260803,085624,60.234249N,24.813231E,19,19.6,142
16321,T,260803,085625,60.234207N,24.813292E,19,20.3,139
16322,T,260803,085626,60.234173N,24.813358E,19,19.4,137
16323,T,260803,085627,60.234131N,24.813419E,20,19.4,147
16324,T,260803,085628,60.234089N,24.813461E,21,19.1,161
16325,T,260803,085629,60.234039N,24.813477E,20,18.6,175
16326,T,260803,085630,60.233997N,24.813477E,20,17.7,178
16327,T,260803,085631,60.233952N,24.813477E,20,17.1,178
16328,T,260803,085632,60.233917N,24.813480E,20,14.1,167
16329,T,260803,085633,60.233887N,24.813501E,20,11.2,156
16330,T,260803,085634,60.233864N,24.813526E,19,9.2,145
16331,T,260803,085635,60.233845N,24.813553E,19,10.0,146
16332,T,260803,085636,60.233822N,24.813576E,20,11.6,147
16333,T,260803,085637,60.233791N,24.813597E,20,13.7,148
16334,T,260803,085638,60.233753N,24.813616E,20,15.9,150
16335,T,260803,085639,60.233711N,24.813629E,20,17.8,152
16336,T,260803,085640,60.233669N,24.813639E,20,18.0,154
16337,T,260803,085641,60.233624N,24.813643E,20,16.4,157
16338,T,260803,085642,60.233585N,24.813648E,20,14.7,169
16339,T,260803,085643,60.233555N,24.813683E,19,13.5,132
16340,T,260803,085644,60.233532N,24.813732E,20,13.8,126
16341,T,260803,085645,60.233509N,24.813780E,20,14.4,127
16342,T,260803,085646,60.233475N,24.813814E,19,14.9,131
16343,T,260803,085647,60.233440N,24.813824E,18,15.0,135
16344,T,260803,085648,60.233398N,24.813824E,19,15.6,139
16345,T,260803,085649,60.233360N,24.813824E,19,16.3,143
16346,T,260803,085650,60.233311N,24.813824E,20,17.0,147
16347,T,260803,085651,60.233273N,24.813824E,20,16.9,151
16348,T,260803,085652,60.233231N,24.813824E,20,16.8,154
16349,T,260803,085653,60.233189N,24.813824E,20,16.7,157
16350,T,260803,085654,60.233143N,24.813826E,20,16.7,159
16351,T,260803,085655,60.233105N,24.813829E,21,16.7,162
16352,T,260803,085656,60.233059N,24.813833E,21,16.8,164
16353,T,260803,085657,60.233021N,24.813831E,21,16.9,166
16354,T,260803,085658,60.232979N,24.813835E,22,16.9,167
16355,T,260803,085659,60.232937N,24.813845E,22,17.0,168
16356,T,260803,085700,60.232895N,24.813845E,22,17.0,183
16357,T,260803,085701,60.232853N,24.813835E,23,16.7,187
16358,T,260803,085702,60.232811N,24.813831E,23,15.7,186
16359,T,260803,085703,60.232769N,24.813833E,23,16.8,185
16360,T,260803,085704,60.232727N,24.813826E,24,15.8,184
16361,T,260803,085705,60.232689N,24.813828E,24,15.8,184
16362,T,260803,085706,60.232647N,24.813824E,25,16.5,182
16363,T,260803,085707,60.232609N,24.813824E,25,16.5,179
16364,T,260803,085708,60.232567N,24.813826E,25,16.7,180
16365,T,260803,085709,60.232525N,24.813826E,25,16.2,179
16366,T,260803,085710,60.232483N,24.813826E,26,16.2,180
16367,T,260803,085711,60.232449N,24.813826E,26,14.5,180
16368,T,260803,085712,60.232407N,24.813824E,26,15.7,179
16369,T,260803,085713,60.232368N,24.813824E,27,14.9,179
16370,T,260803,085714,60.232334N,24.813826E,27,14.4,179
16371,T,260803,085715,60.232300N,24.813826E,26,14.8,179
16372,T,260803,085716,60.232265N,24.813824E,27,14.9,179
16373,T,260803,085717,60.232224N,24.813824E,27,15.3,180
16374,T,260803,085718,60.232189N,24.813826E,27,14.8,179
16375,T,260803,085719,60.232151N,24.813829E,28,14.4,178
16376,T,260803,085720,60.232117N,24.813833E,28,13.9,177
16377,T,260803,085721,60.232079N,24.813845E,28,13.5,171
16378,T,260803,085722,60.232048N,24.813856E,28,14.4,171
16379,T,260803,085723,60.232010N,24.813856E,28,16.6,172
16380,T,260803,085724,60.231968N,24.813850E,28,15.7,174
16381,T,260803,085725,60.231934N,24.813845E,28,15.4,175
16382,T,260803,085726,60.231892N,24.813841E,28,14.7,176
16383,T,260803,085727,60.231857N,24.813835E,28,14.6,176
16384,T,260803,085728,60.231819N,24.813833E,28,14.7,178
16385,T,260803,085729,60.231781N,24.813833E,28,14.7,179
16386,T,260803,085730,60.231743N,24.813829E,29,15.7,180
16387,T,260803,085731,60.231705N,24.813829E,29,15.0,181
16388,T,260803,085732,60.231663N,24.813831E,29,15.4,180
16389,T,260803,085733,60.231632N,24.813835E,29,14.8,178
16390,T,260803,085734,60.231590N,24.813843E,29,15.5,178
16391,T,260803,085735,60.231552N,24.813848E,29,16.0,177
16392,T,260803,085736,60.231506N,24.813856E,29,16.0,176
16393,T,260803,085737,60.231468N,24.813856E,29,16.0,177
16394,T,260803,085738,60.231422N,24.813854E,29,16.6,177
16395,T,260803,085739,60.231380N,24.813856E,29,16.7,178
16396,T,260803,085740,60.231339N,24.813864E,29,16.2,178
16397,T,260803,085741,60.231300N,24.813869E,28,16.2,177
16398,T,260803,085742,60.231258N,24.813877E,28,16.2,176
16399,T,260803,085743,60.231220N,24.813881E,28,15.7,177
16400,T,260803,085744,60.231178N,24.813881E,28,15.7,178
16401,T,260803,085745,60.231144N,24.813885E,28,14.9,178
16402,T,260803,085746,60.231110N,24.813890E,27,14.3,178
16403,T,260803,085747,60.231071N,24.813896E,27,14.0,177
16404,T,260803,085748,60.231041N,24.813908E,27,13.1,168
16405,T,260803,085749,60.231007N,24.813925E,27,11.9,163
16406,T,260803,085750,60.230988N,24.813944E,27,9.1,153
16407,T,260803,085751,60.230968N,24.813957E,27,7.9,149
16408,T,260803,085752,60.230949N,24.813976E,27,8.7,149
16409,T,260803,085753,60.230923N,24.813984E,27,10.8,152
16410,T,260803,085754,60.230896N,24.813982E,28,13.3,156
16411,T,260803,085755,60.230862N,24.813963E,28,16.1,160
16412,T,260803,085756,60.230816N,24.813938E,28,17.9,163
16413,T,260803,085757,60.230770N,24.813919E,28,17.9,166
16414,T,260803,085758,60.230724N,24.813910E,28,17.9,168
16415,T,260803,085759,60.230679N,24.813904E,28,17.5,170
16416,T,260803,085800,60.230640N,24.813902E,29,17.3,172
16417,T,260803,085801,60.230595N,24.813900E,29,17.3,173
16418,T,260803,085802,60.230553N,24.813898E,29,17.4,174
16419,T,260803,085803,60.230503N,24.813896E,29,18.9,184
16420,T,260803,085804,60.230461N,24.813889E,29,17.4,185
16421,T,260803,085805,60.230415N,24.813890E,29,17.3,185
16422,T,260803,085806,60.230377N,24.813885E,29,16.2,183
16423,T,260803,085807,60.230331N,24.813881E,29,16.5,183
16424,T,260803,085808,60.230293N,24.813881E,30,16.5,181
16425,T,260803,085809,60.230247N,24.813877E,30,16.6,181
16426,T,260803,085810,60.230209N,24.813881E,30,16.2,180
16427,T,260803,085811,60.230167N,24.813885E,30,16.8,180
16428,T,260803,085812,60.230129N,24.813887E,31,16.8,180
16429,T,260803,085813,60.230083N,24.813887E,31,16.7,179
16430,T,260803,085814,60.230042N,24.813877E,31,16.8,180
16431,T,260803,085815,60.230000N,24.813873E,32,16.9,180
16432,T,260803,085816,60.229958N,24.813873E,33,16.9,179
16433,T,260803,085817,60.229916N,24.813873E,32,16.9,179
16434,T,260803,085818,60.229874N,24.813864E,32,16.2,186
16435,T,260803,085819,60.229832N,24.813856E,32,16.9,185
16436,T,260803,085820,60.229794N,24.813850E,32,17.5,183
16437,T,260803,085821,60.229748N,24.813847E,32,17.1,183
16438,T,260803,085822,60.229706N,24.813845E,32,16.5,182
16439,T,260803,085823,60.229664N,24.813843E,33,16.6,182
16440,T,260803,085824,60.229622N,24.813843E,33,17.1,180
16441,T,260803,085825,60.229580N,24.813847E,32,17.6,179
16442,T,260803,085826,60.229530N,24.813845E,32,17.9,179
16443,T,260803,085827,60.229488N,24.813847E,32,17.4,179
16444,T,260803,085828,60.229443N,24.813850E,32,17.3,179
16445,T,260803,085829,60.229401N,24.813858E,32,17.2,173
16446,T,260803,085830,60.229359N,24.813860E,33,16.4,174
16447,T,260803,085831,60.229321N,24.813864E,34,16.4,174
16448,T,260803,085832,60.229275N,24.813864E,34,18.4,175
16449,T,260803,085833,60.229225N,24.813871E,33,20.1,176
16450,T,260803,085834,60.229176N,24.813875E,33,20.1,178
16451,T,260803,085835,60.229122N,24.813869E,33,21.1,180
16452,T,260803,085836,60.229073N,24.813869E,33,21.2,182
16453,T,260803,085837,60.229019N,24.813875E,33,21.1,183
16454,T,260803,085838,60.228966N,24.813873E,33,20.2,184
16455,T,260803,085839,60.228920N,24.813866E,33,18.5,177
16456,T,260803,085840,60.228886N,24.813877E,34,16.6,160
16457,T,260803,085841,60.228855N,24.813923E,33,15.3,137
16458,T,260803,085842,60.228836N,24.813980E,33,12.8,115
16459,T,260803,085843,60.228825N,24.814024E,33,8.8,117
16460,T,260803,085844,60.228809N,24.814045E,32,4.9,117
16461,T,260803,085845,60.228806N,24.814049E,32,0.0,117
16462,T,260803,085846,60.228809N,24.814049E,32,0.0,117
16463,T,260803,085847,60.228809N,24.814056E,32,0.0,117
16464,T,260803,085848,60.228809N,24.814064E,32,0.0,117
16465,T,260803,085849,60.228809N,24.814062E,32,0.0,117
16466,T,260803,085850,60.228809N,24.814062E,32,0.0,117
16467,T,260803,085851,60.228809N,24.814062E,32,0.0,117
16468,T,260803,085852,60.228809N,24.814062E,32,0.0,117
16469,T,260803,085853,60.228809N,24.814062E,32,0.0,117
16470,T,260803,085854,60.228802N,24.814056E,32,0.0,117
16471,T,260803,085855,60.228786N,24.814045E,31,7.2,193
16472,T,260803,085856,60.228764N,24.814032E,31,10.1,194
16473,T,260803,085857,60.228737N,24.814024E,31,12.2,193
16474,T,260803,085858,60.228699N,24.814016E,31,15.1,192
16475,T,260803,085859,60.228661N,24.814001E,31,17.5,193
16476,T,260803,085900,60.228611N,24.813976E,31,17.9,194
16477,T,260803,085901,60.228573N,24.813963E,31,17.0,194
16478,T,260803,085902,60.228527N,24.813951E,31,17.0,194
16479,T,260803,085903,60.228489N,24.813946E,31,17.4,193
16480,T,260803,085904,60.228439N,24.813944E,31,17.8,192
16481,T,260803,085905,60.228401N,24.813944E,31,17.5,191
16482,T,260803,085906,60.228355N,24.813942E,31,16.5,191
16483,T,260803,085907,60.228321N,24.813940E,31,16.6,190
16484,T,260803,085908,60.228275N,24.813940E,32,17.5,189
16485,T,260803,085909,60.228233N,24.813944E,32,18.3,188
16486,T,260803,085910,60.228188N,24.813946E,32,18.5,187
16487,T,260803,085911,60.228142N,24.813955E,32,20.0,186
16488,T,260803,085912,60.228085N,24.813955E,32,21.2,186
16489,T,260803,085913,60.228031N,24.813950E,32,20.1,185
16490,T,260803,085914,60.227982N,24.813936E,32,20.4,186
16491,T,260803,085915,60.227932N,24.813934E,32,20.3,186
16492,T,260803,085916,60.227882N,24.813938E,32,18.6,178
16493,T,260803,085917,60.227840N,24.813950E,32,17.5,176
16494,T,260803,085918,60.227798N,24.813959E,32,16.7,177
16495,T,260803,085919,60.227753N,24.813948E,32,17.9,178
16496,T,260803,085920,60.227703N,24.813925E,32,18.6,179
16497,T,260803,085921,60.227654N,24.813892E,32,18.1,181
16498,T,260803,085922,60.227600N,24.813858E,32,21.5,182
16499,T,260803,085923,60.227547N,24.813820E,33,25.0,184
16500,T,260803,085924,60.227489N,24.813770E,33,25.7,186
16501,T,260803,085925,60.227432N,24.813707E,33,26.7,211
16502,T,260803,085926,60.227379N,24.813639E,33,25.3,214
16503,T,260803,085927,60.227333N,24.813570E,34,24.0,213
16504,T,260803,085928,60.227283N,24.813503E,34,23.0,213
16505,T,260803,085929,60.227238N,24.813444E,35,23.1,211
16506,T,260803,085930,60.227188N,24.813383E,35,21.6,211
16507,T,260803,085931,60.227146N,24.813335E,35,18.0,213
16508,T,260803,085932,60.227119N,24.813295E,36,15.4,213
16509,T,260803,085933,60.227077N,24.813250E,36,17.0,205
16510,T,260803,085934,60.227043N,24.813236E,36,17.7,192
16511,T,260803,085935,60.227005N,24.813246E,36,18.3,177
16512,T,260803,085936,60.226959N,24.813248E,36,15.8,180
16513,T,260803,085937,60.226929N,24.813244E,35,14.5,183
16514,T,260803,085938,60.226891N,24.813192E,35,14.4,188
16515,T,260803,085939,60.226868N,24.813105E,35,15.5,194
16516,T,260803,085940,60.226856N,24.813028E,35,16.2,199
16517,T,260803,085941,60.226830N,24.812960E,36,16.6,203
16518,T,260803,085942,60.226772N,24.812881E,36,22.0,206
16519,T,260803,085943,60.226727N,24.812824E,36,20.7,208
16520,T,260803,085944,60.226688N,24.812775E,36,20.6,210
16521,T,260803,085945,60.226639N,24.812719E,37,21.1,210
16522,T,260803,085946,60.226601N,24.812674E,37,19.9,210
16523,T,260803,085947,60.226555N,24.812632E,37,19.2,210
16524,T,260803,085948,60.226513N,24.812588E,38,20.4,210
16525,T,260803,085949,60.226460N,24.812523E,38,22.5,211
16526,T,260803,085950,60.226406N,24.812458E,38,23.4,212
16527,T,260803,085951,60.226357N,24.812403E,39,24.7,212
16528,T,260803,085952,60.226299N,24.812328E,39,25.9,212
16529,T,260803,085953,60.226246N,24.812260E,39,27.0,211
16530,T,260803,085954,60.226189N,24.812197E,40,27.0,211
16531,T,260803,085955,60.226131N,24.812134E,40,25.7,210
16532,T,260803,085956,60.226082N,24.812063E,41,25.6,216
16533,T,260803,085957,60.226028N,24.811989E,41,26.7,217
16534,T,260803,085958,60.225979N,24.811924E,41,24.3,215
16535,T,260803,085959,60.225941N,24.811892E,42,23.4,204
16536,T,260803,090000,60.225876N,24.811859E,41,24.0,195
16537,T,260803,090001,60.225811N,24.811838E,41,22.3,190
16538,T,260803,090002,60.225761N,24.811831E,41,21.0,191
16539,T,260803,090003,60.225704N,24.811815E,41,20.0,190
16540,T,260803,090004,60.225651N,24.811800E,41,18.5,190
16541,T,260803,090005,60.225594N,24.811756E,41,19.1,196
16542,T,260803,090006,60.225529N,24.811710E,41,18.8,200
16543,T,260803,090007,60.225471N,24.811672E,40,17.9,197
16544,T,260803,090008,60.225414N,24.811644E,40,19.1,190
16545,T,260803,090009,60.225327N,24.811594E,39,20.2,186
16546,T,260803,090010,60.225269N,24.811558E,39,20.4,187
16547,T,260803,090011,60.225208N,24.811525E,38,20.8,190
16548,T,260803,090012,60.225159N,24.811504E,37,21.4,190
16549,T,260803,090013,60.225101N,24.811460E,36,22.1,191
16550,T,260803,090014,60.225040N,24.811415E,35,22.0,194
16551,T,260803,090015,60.224972N,24.811375E,34,22.1,194
16552,T,260803,090016,60.224911N,24.811337E,34,22.2,194
16553,T,260803,090017,60.224857N,24.811306E,33,23.4,195
16554,T,260803,090018,60.224800N,24.811275E,33,22.6,195
16555,T,260803,090019,60.224743N,24.811243E,32,22.7,195
16556,T,260803,090020,60.224693N,24.811205E,32,22.8,196
16557,T,260803,090021,60.224640N,24.811153E,31,21.6,198
16558,T,260803,090022,60.224583N,24.811108E,31,21.7,198
16559,T,260803,090023,60.224537N,24.811071E,31,19.5,199
16560,T,260803,090024,60.224480N,24.811047E,30,19.5,188
16561,T,260803,090025,60.224434N,24.811043E,30,19.1,180
16562,T,260803,090026,60.224384N,24.811064E,29,18.5,161
16563,T,260803,090027,60.224339N,24.811111E,29,18.5,146
16564,T,260803,090028,60.224308N,24.811176E,27,17.5,135
16565,T,260803,090029,60.224281N,24.811243E,27,16.4,134
16566,T,260803,090030,60.224258N,24.811321E,27,17.5,124
16567,T,260803,090031,60.224243N,24.811398E,26,15.9,111
16568,T,260803,090032,60.224220N,24.811460E,26,15.2,112
16569,T,260803,090033,60.224197N,24.811525E,26,15.5,112
16570,T,260803,090034,60.224174N,24.811596E,25,15.5,115
16571,T,260803,090035,60.224155N,24.811678E,25,17.0,115
16572,T,260803,090036,60.224133N,24.811754E,25,15.9,121
16573,T,260803,090037,60.224098N,24.811815E,24,16.7,120
16574,T,260803,090038,60.224060N,24.811892E,24,17.7,120
16575,T,260803,090039,60.224037N,24.811964E,23,16.5,121
16576,T,260803,090040,60.224007N,24.812048E,23,14.4,123
16577,T,260803,090041,60.223980N,24.812128E,23,12.6,121
16578,T,260803,090042,60.223961N,24.812197E,23,11.3,123
16579,T,260803,090043,60.223927N,24.812225E,23,16.1,133
16580,T,260803,090044,60.223877N,24.812279E,23,15.6,139
16581,T,260803,090045,60.223827N,24.812346E,22,15.7,145
16582,T,260803,090046,60.223785N,24.812401E,22,16.9,150
16583,T,260803,090047,60.223740N,24.812454E,22,17.9,150
16584,T,260803,090048,60.223698N,24.812510E,22,17.7,152
16585,T,260803,090049,60.223652N,24.812563E,22,17.8,151
16586,T,260803,090050,60.223621N,24.812605E,22,17.8,149
16587,T,260803,090051,60.223576N,24.812641E,21,19.8,158
16588,T,260803,090052,60.223534N,24.812679E,21,18.7,161
16589,T,260803,090053,60.223484N,24.812710E,20,18.7,161
16590,T,260803,090054,60.223431N,24.812744E,20,20.3,162
16591,T,260803,090055,60.223385N,24.812794E,20,20.4,159
16592,T,260803,090056,60.223331N,24.812836E,20,21.3,161
16593,T,260803,090057,60.223282N,24.812876E,19,21.4,160
16594,T,260803,090058,60.223228N,24.812910E,19,21.4,149
16595,T,260803,090059,60.223175N,24.812958E,19,22.0,149
16596,T,260803,090100,60.223129N,24.813005E,18,20.8,150
16597,T,260803,090101,60.223083N,24.813051E,18,19.2,150
16598,T,260803,090102,60.223026N,24.813066E,18,19.1,150
16599,T,260803,090103,60.222977N,24.813095E,17,19.1,151
16600,T,260803,090104,60.222931N,24.813135E,16,19.1,152
16601,T,260803,090105,60.222889N,24.813173E,16,18.1,153
16602,T,260803,090106,60.222847N,24.813202E,16,16.6,165
16603,T,260803,090107,60.222809N,24.813215E,15,14.4,175
16604,T,260803,090108,60.222778N,24.813215E,14,14.0,184
16605,T,260803,090109,60.222740N,24.813210E,14,14.8,183
16606,T,260803,090110,60.222698N,24.813213E,13,16.4,182
16607,T,260803,090111,60.222652N,24.813208E,13,18.3,180
16608,T,260803,090112,60.222599N,24.813232E,13,19.7,179
16609,T,260803,090113,60.222546N,24.813246E,12,19.4,178
16610,T,260803,090114,60.222492N,24.813255E,11,20.4,177
16611,T,260803,090115,60.222439N,24.813267E,11,20.3,175
16612,T,260803,090116,60.222393N,24.813288E,10,20.0,174
16613,T,260803,090117,60.222340N,24.813314E,10,19.6,173
16614,T,260803,090118,60.222294N,24.813328E,10,18.7,171
16615,T,260803,090119,60.222240N,24.813328E,9,18.8,177
16616,T,260803,090120,60.222191N,24.813326E,9,18.9,183
16617,T,260803,090121,60.222145N,24.813322E,9,17.6,182
16618,T,260803,090122,60.222099N,24.813324E,9,17.1,181
16619,T,260803,090123,60.222057N,24.813324E,9,16.2,183
16620,T,260803,090124,60.222015N,24.813320E,9,15.0,182
16621,T,260803,090125,60.221977N,24.813335E,9,15.0,180
16622,T,260803,090126,60.221931N,24.813364E,9,16.0,179
16623,T,260803,090127,60.221893N,24.813395E,9,17.1,177
16624,T,260803,090128,60.221848N,24.813414E,8,17.9,167
16625,T,260803,090129,60.221802N,24.813429E,8,19.2,170
16626,T,260803,090130,60.221748N,24.813442E,7,19.8,170
16627,T,260803,090131,60.221699N,24.813452E,7,19.7,172
16628,T,260803,090132,60.221649N,24.813456E,7,19.3,172
16629,T,260803,090133,60.221603N,24.813456E,6,18.7,173
16630,T,260803,090134,60.221558N,24.813459E,6,18.7,175
16631,T,260803,090135,60.221504N,24.813463E,6,18.7,174
16632,T,260803,090136,60.221458N,24.813477E,5,17.9,174
16633,T,260803,090137,60.221409N,24.813478E,5,17.3,178
16634,T,260803,090138,60.221359N,24.813459E,5,17.4,191
16635,T,260803,090139,60.221313N,24.813431E,4,17.9,189
16636,T,260803,090140,60.221268N,24.813417E,4,15.8,188
16637,T,260803,090141,60.221218N,24.813437E,4,16.6,185
16638,T,260803,090142,60.221180N,24.813484E,4,16.5,182
16639,T,260803,090143,60.221146N,24.813524E,3,15.7,180
16640,T,260803,090144,60.221107N,24.813541E,3,16.2,178
16641,T,260803,090145,60.221069N,24.813541E,3,17.1,176
16642,T,260803,090146,60.221031N,24.813543E,2,16.7,175
16643,T,260803,090147,60.221001N,24.813559E,2,15.8,174
16644,T,260803,090148,60.220955N,24.813560E,1,16.3,176
16645,T,260803,090149,60.220909N,24.813538E,1,16.2,174
16646,T,260803,090150,60.220867N,24.813520E,2,16.1,171
16647,T,260803,090151,60.220829N,24.813528E,2,17.2,171
16648,T,260803,090152,60.220787N,24.813536E,3,17.3,173
16649,T,260803,090153,60.220749N,24.813545E,3,17.7,178
16650,T,260803,090154,60.220703N,24.813553E,3,18.2,180
16651,T,260803,090155,60.220661N,24.813559E,3,18.2,178
16652,T,260803,090156,60.220615N,24.813566E,3,17.8,176
16653,T,260803,090157,60.220570N,24.813555E,4,17.7,177
16654,T,260803,090158,60.220524N,24.813540E,4,16.5,176
16655,T,260803,090159,60.220482N,24.813536E,4,16.5,177
16656,T,260803,090200,60.220432N,24.813532E,4,17.2,179
16657,T,260803,090201,60.220390N,24.813540E,4,16.0,180
16658,T,260803,090202,60.220352N,24.813543E,4,17.6,181
16659,T,260803,090203,60.220303N,24.813553E,4,16.6,181
16660,T,260803,090204,60.220264N,24.813559E,4,15.1,180
16661,T,260803,090205,60.220222N,24.813551E,4,14.8,181
16662,T,260803,090206,60.220188N,24.813520E,4,15.8,182
16663,T,260803,090207,60.220154N,24.813496E,3,15.8,184
16664,T,260803,090208,60.220104N,24.813484E,3,18.2,184
16665,T,260803,090209,60.220055N,24.813486E,2,19.1,184
16666,T,260803,090210,60.220009N,24.813496E,2,20.2,183
16667,T,260803,090211,60.219955N,24.813496E,1,20.5,181
16668,T,260803,090212,60.219906N,24.813496E,1,21.0,180
16669,T,260803,090213,60.219852N,24.813496E,0,20.9,180
16670,T,260803,090214,60.219795N,24.813469E,0,23.0,181
16671,T,260803,090215,60.219734N,24.813511E,0,25.3,171
16672,T,260803,090216,60.219673N,24.813541E,0,24.3,167
16673,T,260803,090217,60.219620N,24.813547E,0,20.3,168
16674,T,260803,090218,60.219566N,24.813553E,0,19.8,169
16675,T,260803,090219,60.219521N,24.813551E,-1,20.2,170
16676,T,260803,090220,60.219467N,24.813553E,-1,20.2,171
16677,T,260803,090221,60.219421N,24.813557E,-1,20.2,172
16678,T,260803,090222,60.219368N,24.813560E,-2,20.1,172
16679,T,260803,090223,60.219318N,24.813564E,-2,20.1,173
16680,T,260803,090224,60.219269N,24.813566E,-3,20.1,175
16681,T,260803,090225,60.219219N,24.813570E,-3,20.1,177
16682,T,260803,090226,60.219170N,24.813574E,-4,20.1,178
16683,T,260803,090227,60.219120N,24.813578E,-4,20.1,178
16684,T,260803,090228,60.219067N,24.813585E,-4,20.0,178
16685,T,260803,090229,60.219021N,24.813597E,-5,20.0,178
16686,T,260803,090230,60.218967N,24.813604E,-5,0.0,178
16687,T,260803,090230,60.218922N,24.813612E,-6,0.0,178
16688,T,260803,090230,60.218872N,24.813616E,-6,0.0,178
16689,T,260803,090230,60.218819N,24.813622E,-7,0.0,178
16690,T,260803,090238,60.218662N,24.813875E,-4,16.0,190
16691,T,260803,090239,60.218594N,24.813946E,2,15.5,191
16692,T,260803,090240,60.218540N,24.813957E,4,14.2,188
16693,T,260803,090241,60.218479N,24.813986E,7,13.5,193
16694,T,260803,090242,60.218441N,24.814011E,11,11.2,201
16695,T,260803,090243,60.218388N,24.814102E,14,11.2,199
16696,T,260803,090244,60.218357N,24.814131E,14,10.2,196
16697,T,260803,090245,60.218342N,24.814150E,15,8.7,195
16698,T,260803,090246,60.218300N,24.814152E,19,6.6,166
16699,T,260803,090247,60.218300N,24.814140E,26,7.2,162
16700,T,260803,090248,60.218273N,24.814163E,29,7.0,163
16701,T,260803,090249,60.218246N,24.814180E,29,6.2,160
16702,T,260803,090250,60.218220N,24.814175E,29,10.2,161
16703,T,260803,090251,60.218201N,24.814178E,30,8.4,162
16704,T,260803,090252,60.218182N,24.814190E,29,8.1,163
16705,T,260803,090253,60.218166N,24.814207E,29,8.0,177
16706,T,260803,090254,60.218163N,24.814215E,31,5.4,199
16707,T,260803,090255,60.218159N,24.814228E,33,5.2,199
16708,T,260803,090256,60.218166N,24.814236E,35,4.3,199
16709,T,260803,090257,60.218182N,24.814243E,37,4.4,199
16710,T,260803,090258,60.218166N,24.814241E,38,8.7,196
16711,T,260803,090259,60.218143N,24.814238E,40,15.1,194
16712,T,260803,090300,60.218021N,24.814062E,33,11.7,193
16713,T,260803,090301,60.217979N,24.814024E,33,11.6,191
16714,T,260803,090302,60.217945N,24.814007E,33,13.2,189
16715,T,260803,090303,60.217888N,24.813986E,31,16.5,188
16716,T,260803,090304,60.217831N,24.813978E,31,19.2,179
16717,T,260803,090305,60.217781N,24.813976E,31,17.6,180
16718,T,260803,090306,60.217712N,24.813965E,30,20.4,177
16719,T,260803,090307,60.217640N,24.813959E,28,22.8,179
16720,T,260803,090308,60.217567N,24.813950E,28,25.5,181
16721,T,260803,090309,60.217487N,24.813944E,28,27.2,181
16722,T,260803,090310,60.217419N,24.813938E,27,27.3,182
16723,T,260803,090311,60.217354N,24.813929E,26,27.3,183
16724,T,260803,090312,60.217285N,24.813915E,26,27.4,184
16725,T,260803,090313,60.217216N,24.813925E,25,25.1,184
16726,T,260803,090314,60.217163N,24.813929E,23,21.8,185
16727,T,260803,090315,60.217106N,24.813913E,22,17.5,184
16728,T,260803,090316,60.217037N,24.813898E,21,14.3,174
16729,T,260803,090317,60.217007N,24.813898E,20,9.7,166
16730,T,260803,090318,60.216976N,24.813913E,19,8.1,167
16731,T,260803,090319,60.216953N,24.813923E,18,8.6,170
16732,T,260803,090320,60.216927N,24.813929E,17,10.7,172
16733,T,260803,090321,60.216908N,24.813934E,16,12.7,174
16734,T,260803,090322,60.216881N,24.813938E,16,13.5,176
16735,T,260803,090323,60.216846N,24.813942E,15,14.7,178
16736,T,260803,090324,60.216816N,24.813944E,14,14.7,182
16737,T,260803,090325,60.216782N,24.813950E,14,15.7,183
16738,T,260803,090326,60.216740N,24.813955E,13,16.3,185
16739,T,260803,090327,60.216702N,24.813955E,13,16.6,186
16740,T,260803,090328,60.216660N,24.813953E,12,16.5,186
16741,T,260803,090329,60.216625N,24.813950E,12,16.9,188
16742,T,260803,090330,60.216579N,24.813965E,11,17.0,187
16743,T,260803,090331,60.216534N,24.813967E,11,17.4,187
16744,T,260803,090332,60.216488N,24.813965E,11,16.9,186
16745,T,260803,090333,60.216450N,24.813957E,9,16.1,184
16746,T,260803,090334,60.216408N,24.813953E,9,16.7,184
16747,T,260803,090335,60.216370N,24.813948E,8,16.8,185
16748,T,260803,090336,60.216316N,24.813944E,8,19.4,187
16749,T,260803,090337,60.216270N,24.813932E,7,18.5,188
16750,T,260803,090338,60.216228N,24.813917E,7,17.1,187
16751,T,260803,090339,60.216190N,24.813911E,6,15.4,177
16752,T,260803,090340,60.216152N,24.813915E,6,15.9,178
16753,T,260803,090341,60.216110N,24.813911E,6,14.1,179
16754,T,260803,090342,60.216076N,24.813904E,5,13.4,180
16755,T,260803,090343,60.216045N,24.813896E,4,12.3,180
16756,T,260803,090344,60.216011N,24.813890E,4,11.1,181
16757,T,260803,090345,60.215988N,24.813885E,3,10.2,194
16758,T,260803,090346,60.215954N,24.813898E,4,9.7,199
16759,T,260803,090347,60.215919N,24.813927E,4,9.7,195
16760,T,260803,090348,60.215862N,24.814016E,6,11.4,187
16761,T,260803,090349,60.215832N,24.814018E,7,11.1,183
16762,T,260803,090350,60.215809N,24.814013E,6,9.5,173
16763,T,260803,090351,60.215782N,24.814016E,6,12.4,157
16764,T,260803,090352,60.215752N,24.814045E,6,15.0,149
16765,T,260803,090353,60.215721N,24.814068E,6,15.4,150
16766,T,260803,090354,60.215679N,24.814083E,6,16.5,152
16767,T,260803,090355,60.215641N,24.814095E,6,17.4,155
16768,T,260803,090356,60.215595N,24.814083E,5,17.7,158
16769,T,260803,090357,60.215553N,24.814062E,5,18.3,161
16770,T,260803,090358,60.215508N,24.814045E,5,17.9,163
16771,T,260803,090359,60.215469N,24.814030E,5,17.6,166
16772,T,260803,090400,60.215424N,24.814018E,4,17.7,168
16773,T,260803,090401,60.215382N,24.814013E,4,18.2,170
16774,T,260803,090402,60.215332N,24.814009E,4,18.8,172
16775,T,260803,090403,60.215286N,24.814005E,4,18.4,173
16776,T,260803,090404,60.215244N,24.813993E,4,18.4,175
16777,T,260803,090405,60.215199N,24.813984E,4,17.1,176
16778,T,260803,090406,60.215164N,24.813980E,4,16.0,177
16779,T,260803,090407,60.215122N,24.813978E,4,14.8,179
16780,T,260803,090408,60.215088N,24.813986E,4,13.7,172
16781,T,260803,090409,60.215057N,24.814001E,4,14.2,165
16782,T,260803,090410,60.215023N,24.814026E,4,14.2,152
16783,T,260803,090411,60.215000N,24.814075E,4,15.5,128
16784,T,260803,090412,60.214977N,24.814142E,3,15.5,120
16785,T,260803,090413,60.214954N,24.814215E,4,15.5,123
16786,T,260803,090414,60.214931N,24.814283E,4,15.5,123
16787,T,260803,090415,60.214909N,24.814356E,4,16.5,125
16788,T,260803,090416,60.214882N,24.814425E,5,17.2,126
16789,T,260803,090417,60.214848N,24.814487E,5,18.0,136
16790,T,260803,090418,60.214809N,24.814541E,5,18.9,151
16791,T,260803,090419,60.214764N,24.814581E,4,19.3,157
16792,T,260803,090420,60.214722N,24.814617E,4,19.9,154
16793,T,260803,090421,60.214672N,24.814665E,4,19.9,152
16794,T,260803,090422,60.214626N,24.814718E,4,20.2,154
16795,T,260803,090423,60.214577N,24.814756E,4,20.3,155
16796,T,260803,090424,60.214527N,24.814783E,4,20.4,164
16797,T,260803,090425,60.214481N,24.814802E,4,20.0,170
16798,T,260803,090426,60.214428N,24.814816E,4,19.2,174
16799,T,260803,090427,60.214378N,24.814821E,4,18.8,178
16800,T,260803,090428,60.214336N,24.814829E,4,18.1,179
16801,T,260803,090429,60.214291N,24.814833E,5,17.6,178
16802,T,260803,090430,60.214249N,24.814840E,5,17.5,175
16803,T,260803,090431,60.214207N,24.814852E,5,16.1,175
16804,T,260803,090432,60.214176N,24.814878E,5,15.0,172
16805,T,260803,090433,60.214161N,24.814936E,5,14.7,165
16806,T,260803,090434,60.214157N,24.815020E,5,18.4,160
16807,T,260803,090435,60.214161N,24.815121E,4,21.8,154
16808,T,260803,090436,60.214169N,24.815235E,4,24.6,147
16809,T,260803,090437,60.214172N,24.815363E,3,26.7,140
16810,T,260803,090438,60.214172N,24.815500E,2,28.8,135
16811,T,260803,090439,60.214169N,24.815641E,1,27.9,131
16812,T,260803,090440,60.214165N,24.815790E,1,30.7,126
16813,T,260803,090441,60.214165N,24.815939E,0,29.0,122
16814,T,260803,090442,60.214165N,24.816090E,0,30.1,118
16815,T,260803,090443,60.214165N,24.816225E,0,27.1,115
16816,T,260803,090444,60.214172N,24.816357E,-1,26.1,111
16817,T,260803,090445,60.214157N,24.816484E,-1,26.0,92
16818,T,260803,090446,60.214161N,24.816614E,-1,25.3,90
16819,T,260803,090447,60.214161N,24.816740E,-1,25.5,92
16820,T,260803,090448,60.214169N,24.816841E,-1,25.3,93
16821,T,260803,090449,60.214176N,24.816950E,-1,22.8,93
16822,T,260803,090450,60.214172N,24.817059E,0,20.3,91
16823,T,260803,090451,60.214172N,24.817152E,0,18.2,91
16824,T,260803,090452,60.214172N,24.817242E,0,16.9,90
16825,T,260803,090453,60.214169N,24.817322E,0,16.3,91
16826,T,260803,090454,60.214165N,24.817402E,0,16.7,92
16827,T,260803,090455,60.214161N,24.817484E,0,16.7,92
16828,T,260803,090456,60.214161N,24.817566E,0,17.1,91
16829,T,260803,090457,60.214161N,24.817648E,0,16.8,91
16830,T,260803,090458,60.214161N,24.817728E,0,16.1,90
16831,T,260803,090459,60.214161N,24.817804E,0,15.9,89
16832,T,260803,090500,60.214165N,24.817881E,0,15.3,87
16833,T,260803,090501,60.214169N,24.817957E,1,15.2,86
16834,T,260803,090502,60.214169N,24.818033E,1,14.5,87
16835,T,260803,090503,60.214169N,24.818106E,1,14.2,86
16836,T,260803,090504,60.214169N,24.818174E,1,12.9,88
16837,T,260803,090505,60.214169N,24.818237E,1,12.9,89
16838,T,260803,090506,60.214169N,24.818304E,1,12.8,99
16839,T,260803,090507,60.214157N,24.818363E,1,13.5,114
16840,T,260803,090508,60.214127N,24.818413E,0,14.8,148
16841,T,260803,090509,60.214085N,24.818436E,0,19.0,169
16842,T,260803,090510,60.214035N,24.818451E,0,19.5,171
16843,T,260803,090511,60.213985N,24.818464E,-1,20.9,173
16844,T,260803,090512,60.213932N,24.818476E,-1,21.9,177
16845,T,260803,090513,60.213875N,24.818476E,-1,22.4,181
16846,T,260803,090514,60.213821N,24.818476E,-1,21.7,183
16847,T,260803,090515,60.213768N,24.818474E,-1,21.0,181
16848,T,260803,090516,60.213715N,24.818476E,0,20.1,179
16849,T,260803,090517,60.213669N,24.818476E,0,19.7,180
16850,T,260803,090518,60.213615N,24.818470E,0,19.4,182
16851,T,260803,090519,60.213570N,24.818466E,0,18.6,182
16852,T,260803,090520,60.213520N,24.818464E,0,18.0,181
16853,T,260803,090521,60.213470N,24.818457E,0,17.4,185
16854,T,260803,090522,60.213428N,24.818451E,1,17.3,183
16855,T,260803,090523,60.213387N,24.818447E,1,16.7,183
16856,T,260803,090524,60.213345N,24.818451E,1,16.7,181
16857,T,260803,090525,60.213303N,24.818445E,1,16.2,181
16858,T,260803,090526,60.213264N,24.818443E,1,16.2,183
16859,T,260803,090527,60.213223N,24.818438E,1,17.1,183
16860,T,260803,090528,60.213181N,24.818434E,2,17.7,185
16861,T,260803,090529,60.213139N,24.818422E,2,17.8,192
16862,T,260803,090530,60.213100N,24.818394E,1,18.3,202
16863,T,260803,090531,60.213058N,24.818348E,1,18.7,214
16864,T,260803,090532,60.213020N,24.818283E,1,19.9,225
16865,T,260803,090533,60.212994N,24.818209E,1,20.0,236
16866,T,260803,090534,60.212975N,24.818129E,1,17.8,253
16867,T,260803,090535,60.212967N,24.818039E,2,18.4,266
16868,T,260803,090536,60.212971N,24.817947E,2,18.3,276
16869,T,260803,090537,60.212971N,24.817850E,2,20.3,275
16870,T,260803,090538,60.212975N,24.817743E,2,20.4,275
16871,T,260803,090539,60.212978N,24.817633E,2,22.5,273
16872,T,260803,090540,60.212978N,24.817516E,2,23.3,272
16873,T,260803,090541,60.212978N,24.817398E,1,23.2,271
16874,T,260803,090542,60.212978N,24.817280E,1,22.5,270
16875,T,260803,090543,60.212975N,24.817165E,1,21.2,268
16876,T,260803,090544,60.212963N,24.817064E,1,19.9,251
16877,T,260803,090545,60.212940N,24.816975E,1,20.8,231
16878,T,260803,090546,60.212906N,24.816910E,1,18.2,213
16879,T,260803,090547,60.212864N,24.816870E,1,17.3,200
16880,T,260803,090548,60.212826N,24.816847E,1,17.5,192
16881,T,260803,090549,60.212784N,24.816839E,2,16.5,181
16882,T,260803,090550,60.212742N,24.816837E,2,17.2,180
16883,T,260803,090551,60.212700N,24.816835E,2,17.8,182
16884,T,260803,090552,60.212650N,24.816835E,2,17.8,182
16885,T,260803,090553,60.212608N,24.816833E,2,18.4,181
16886,T,260803,090554,60.212559N,24.816828E,2,18.3,183
16887,T,260803,090555,60.212513N,24.816824E,2,18.2,184
16888,T,260803,090556,60.212471N,24.816822E,2,17.4,183
16889,T,260803,090557,60.212425N,24.816822E,2,17.8,181
16890,T,260803,090558,60.212379N,24.816820E,2,17.8,181
16891,T,260803,090559,60.212334N,24.816818E,2,17.9,181
16892,T,260803,090600,60.212288N,24.816816E,2,19.2,181
16893,T,260803,090601,60.212238N,24.816814E,2,19.6,182
16894,T,260803,090602,60.212193N,24.816816E,2,18.8,182
16895,T,260803,090603,60.212147N,24.816814E,3,17.6,182
16896,T,260803,090604,60.212105N,24.816813E,3,17.3,182
16897,T,260803,090605,60.212059N,24.816809E,3,17.3,182
16898,T,260803,090606,60.212025N,24.816814E,3,16.7,182
16899,T,260803,090607,60.211979N,24.816807E,4,16.8,183
16900,T,260803,090608,60.211941N,24.816799E,4,16.8,183
16901,T,260803,090609,60.211903N,24.816801E,4,16.0,182
16902,T,260803,090610,60.211864N,24.816805E,4,16.0,181
16903,T,260803,090611,60.211830N,24.816813E,4,15.9,180
16904,T,260803,090612,60.211792N,24.816818E,4,15.6,178
16905,T,260803,090613,60.211758N,24.816828E,4,15.6,177
16906,T,260803,090614,60.211716N,24.816841E,4,16.0,176
16907,T,260803,090615,60.211678N,24.816858E,4,16.1,175
16908,T,260803,090616,60.211636N,24.816874E,4,16.5,174
16909,T,260803,090617,60.211597N,24.816891E,4,16.9,173
16910,T,260803,090618,60.211552N,24.816904E,4,16.9,170
16911,T,260803,090619,60.211514N,24.816929E,4,16.9,161
16912,T,260803,090620,60.211472N,24.816956E,3,17.3,163
16913,T,260803,090621,60.211433N,24.816980E,3,17.3,165
16914,T,260803,090622,60.211391N,24.816998E,3,17.4,168
16915,T,260803,090623,60.211346N,24.817011E,3,17.4,170
16916,T,260803,090624,60.211308N,24.817017E,2,16.3,184
16917,T,260803,090625,60.211266N,24.816999E,2,18.1,195
16918,T,260803,090626,60.211220N,24.816978E,2,17.5,193
16919,T,260803,090627,60.211182N,24.816961E,2,17.1,192
16920,T,260803,090628,60.211140N,24.816919E,2,17.8,203
16921,T,260803,090629,60.211102N,24.816860E,2,21.4,215
16922,T,260803,090630,60.211063N,24.816795E,2,20.6,219
16923,T,260803,090631,60.211025N,24.816715E,2,18.1,218
16924,T,260803,090632,60.210987N,24.816645E,2,20.5,217
16925,T,260803,090633,60.210949N,24.816576E,2,21.0,214
16926,T,260803,090634,60.210911N,24.816523E,2,17.3,213
16927,T,260803,090635,60.210884N,24.816490E,2,16.1,211
16928,T,260803,090636,60.210838N,24.816477E,3,18.2,209
16929,T,260803,090637,60.210796N,24.816479E,3,19.7,206
16930,T,260803,090638,60.210747N,24.816504E,3,19.7,202
16931,T,260803,090639,60.210709N,24.816542E,3,19.6,198
16932,T,260803,090640,60.210663N,24.816591E,3,19.7,194
16933,T,260803,090641,60.210625N,24.816641E,3,19.7,189
16934,T,260803,090642,60.210579N,24.816683E,4,19.0,186
16935,T,260803,090643,60.210541N,24.816719E,4,18.7,182
16936,T,260803,090644,60.210495N,24.816755E,4,18.0,179
16937,T,260803,090645,60.210453N,24.816780E,4,17.6,167
16938,T,260803,090646,60.210407N,24.816792E,4,17.7,176
16939,T,260803,090647,60.210365N,24.816788E,4,18.1,184
16940,T,260803,090648,60.210320N,24.816784E,4,18.2,183
16941,T,260803,090649,60.210274N,24.816776E,4,20.0,183
16942,T,260803,090650,60.210217N,24.816767E,4,22.1,184
16943,T,260803,090651,60.210167N,24.816755E,4,18.4,184
16944,T,260803,090652,60.210125N,24.816744E,4,18.4,186
16945,T,260803,090653,60.210079N,24.816736E,4,18.5,187
16946,T,260803,090654,60.210041N,24.816729E,4,17.8,187
16947,T,260803,090655,60.209999N,24.816717E,5,16.7,188
16948,T,260803,090656,60.209961N,24.816702E,5,15.4,194
16949,T,260803,090657,60.209923N,24.816681E,6,14.0,197
16950,T,260803,090658,60.209888N,24.816658E,6,13.4,197
16951,T,260803,090659,60.209854N,24.816635E,6,12.9,199
16952,T,260803,090700,60.209827N,24.816612E,6,12.9,202
16953,T,260803,090701,60.209797N,24.816584E,6,12.9,202
16954,T,260803,090702,60.209763N,24.816561E,7,13.7,202
16955,T,260803,090703,60.209736N,24.816528E,7,14.1,205
16956,T,260803,090704,60.209705N,24.816498E,7,14.1,205
16957,T,260803,090705,60.209671N,24.816467E,7,14.0,205
16958,T,260803,090706,60.209641N,24.816441E,8,13.3,204
16959,T,260803,090707,60.209606N,24.816416E,8,13.2,204
16960,T,260803,090708,60.209579N,24.816385E,8,13.3,203
16961,T,260803,090709,60.209553N,24.816359E,9,12.8,203
16962,T,260803,090710,60.209518N,24.816328E,9,12.7,203
16963,T,260803,090711,60.209492N,24.816301E,9,12.6,204
16964,T,260803,090712,60.209465N,24.816278E,10,12.6,203
16965,T,260803,090713,60.209435N,24.816256E,10,12.7,202
16966,T,260803,090714,60.209408N,24.816231E,11,12.3,202
16967,T,260803,090715,60.209381N,24.816208E,11,12.3,202
16968,T,260803,090716,60.209351N,24.816183E,11,12.2,201
16969,T,260803,090717,60.209320N,24.816168E,12,12.2,192
16970,T,260803,090718,60.209290N,24.816158E,12,12.9,186
16971,T,260803,090719,60.209251N,24.816153E,11,13.8,183
16972,T,260803,090720,60.209221N,24.816149E,12,14.4,183
16973,T,260803,090721,60.209183N,24.816145E,12,14.3,181
16974,T,260803,090722,60.209148N,24.816145E,12,14.5,183
16975,T,260803,090723,60.209110N,24.816141E,12,14.3,181
16976,T,260803,090724,60.209076N,24.816145E,12,14.3,180
16977,T,260803,090725,60.209042N,24.816147E,12,14.4,180
16978,T,260803,090726,60.209000N,24.816145E,12,14.4,181
16979,T,260803,090727,60.208965N,24.816141E,13,14.9,181
16980,T,260803,090728,60.208927N,24.816139E,13,15.0,181
16981,T,260803,090729,60.208889N,24.816135E,13,15.4,181
16982,T,260803,090730,60.208847N,24.816135E,13,15.3,181
16983,T,260803,090731,60.208809N,24.816133E,12,15.7,180
16984,T,260803,090732,60.208767N,24.816132E,12,15.8,180
16985,T,260803,090733,60.208729N,24.816137E,13,15.2,170
16986,T,260803,090734,60.208691N,24.816156E,13,16.0,163
16987,T,260803,090735,60.208652N,24.816181E,13,17.0,161
16988,T,260803,090736,60.208618N,24.816219E,14,16.6,150
16989,T,260803,090737,60.208580N,24.816257E,14,16.1,149
16990,T,260803,090738,60.208553N,24.816303E,14,16.1,141
16991,T,260803,090739,60.208523N,24.816359E,15,16.2,131
16992,T,260803,090740,60.208496N,24.816416E,15,16.1,134
16993,T,260803,090741,60.208469N,24.816477E,15,16.0,132
16994,T,260803,090742,60.208439N,24.816536E,16,16.0,131
16995,T,260803,090743,60.208416N,24.816589E,15,15.4,130
16996,T,260803,090744,60.208393N,24.816648E,15,15.3,130
16997,T,260803,090745,60.208366N,24.816710E,16,15.8,129
16998,T,260803,090746,60.208344N,24.816771E,16,15.2,129
16999,T,260803,090747,60.208321N,24.816826E,16,14.6,129
17000,T,260803,090748,60.208298N,24.816883E,16,14.6,129
17001,T,260803,090749,60.208271N,24.816942E,17,15.0,128
17002,T,260803,090750,60.208248N,24.816999E,17,15.0,129
17003,T,260803,090751,60.208225N,24.817059E,17,15.0,129
17004,T,260803,090752,60.208199N,24.817116E,17,15.0,129
17005,T,260803,090753,60.208179N,24.817175E,18,14.9,129
17006,T,260803,090754,60.208157N,24.817230E,18,14.9,128
17007,T,260803,090755,60.208138N,24.817278E,16,14.1,128
17008,T,260803,090756,60.208115N,24.817333E,17,14.0,128
17009,T,260803,090757,60.208096N,24.817389E,17,13.7,127
17010,T,260803,090758,60.208073N,24.817442E,17,13.6,128
17011,T,260803,090759,60.208054N,24.817492E,17,13.3,128
17012,T,260803,090800,60.208031N,24.817539E,17,12.5,130
17013,T,260803,090801,60.208008N,24.817577E,17,12.0,145
17014,T,260803,090802,60.207981N,24.817593E,17,10.5,179
17015,T,260803,090803,60.207954N,24.817570E,17,12.5,216
17016,T,260803,090804,60.207928N,24.817518E,16,15.1,230
17017,T,260803,090805,60.207909N,24.817451E,16,16.4,241
17018,T,260803,090806,60.207878N,24.817366E,15,19.4,239
17019,T,260803,090807,60.207855N,24.817278E,15,20.8,240
17020,T,260803,090808,60.207832N,24.817183E,14,22.6,241
17021,T,260803,090809,60.207802N,24.817083E,14,23.3,235
17022,T,260803,090810,60.207756N,24.816998E,13,24.0,218
17023,T,260803,090811,60.207703N,24.816950E,12,22.9,191
17024,T,260803,090812,60.207649N,24.816942E,12,22.9,180
17025,T,260803,090813,60.207592N,24.816946E,12,23.2,175
17026,T,260803,090814,60.207531N,24.816956E,12,24.0,176
17027,T,260803,090815,60.207474N,24.816961E,12,25.0,177
17028,T,260803,090816,60.207405N,24.816963E,12,26.9,178
17029,T,260803,090817,60.207336N,24.816963E,11,28.6,181
17030,T,260803,090818,60.207268N,24.816969E,11,28.5,180
17031,T,260803,090819,60.207195N,24.816959E,10,28.6,182
17032,T,260803,090820,60.207127N,24.816956E,10,27.8,183
17033,T,260803,090821,60.207062N,24.816952E,10,26.7,183
17034,T,260803,090822,60.207001N,24.816950E,10,25.7,183
17035,T,260803,090823,60.206936N,24.816948E,10,25.0,182
17036,T,260803,090824,60.206871N,24.816938E,10,25.6,187
17037,T,260803,090825,60.206806N,24.816925E,10,26.0,186
17038,T,260803,090826,60.206753N,24.816923E,11,26.1,186
17039,T,260803,090827,60.206688N,24.816916E,11,26.3,186
17040,T,260803,090828,60.206627N,24.816912E,11,25.3,185
17041,T,260803,090829,60.206570N,24.816896E,11,23.3,186
17042,T,260803,090830,60.206516N,24.816877E,11,21.7,187
17043,T,260803,090831,60.206470N,24.816845E,11,19.8,212
17044,T,260803,090832,60.206440N,24.816769E,11,19.8,243
17045,T,260803,090833,60.206429N,24.816664E,11,22.3,272
17046,T,260803,090834,60.206432N,24.816536E,11,24.6,276
17047,T,260803,090835,60.206436N,24.816402E,11,26.3,273
17048,T,260803,090836,60.206440N,24.816265E,11,27.0,272
17049,T,260803,090837,60.206444N,24.816128E,11,27.1,272
17050,T,260803,090838,60.206448N,24.815990E,12,27.0,273
17051,T,260803,090839,60.206451N,24.815845E,12,29.5,272
17052,T,260803,090840,60.206459N,24.815720E,12,24.3,277
17053,T,260803,090841,60.206463N,24.815599E,12,24.2,276
17054,T,260803,090842,60.206459N,24.815460E,12,27.8,275
17055,T,260803,090843,60.206455N,24.815327E,13,27.0,275
17056,T,260803,090844,60.206455N,24.815187E,13,24.3,273
17057,T,260803,090845,60.206455N,24.815067E,13,21.8,273
17058,T,260803,090846,60.206459N,24.814960E,14,19.8,272
17059,T,260803,090847,60.206459N,24.814863E,14,17.3,271
17060,T,260803,090848,60.206455N,24.814779E,14,15.5,270
17061,T,260803,090849,60.206448N,24.814709E,15,14.6,250
17062,T,260803,090850,60.206429N,24.814653E,15,13.8,217
17063,T,260803,090851,60.206390N,24.814629E,15,17.1,185
17064,T,260803,090852,60.206348N,24.814640E,15,18.9,164
17065,T,260803,090853,60.206299N,24.814676E,15,19.7,155
17066,T,260803,090854,60.206257N,24.814724E,16,20.2,148
17067,T,260803,090855,60.206207N,24.814779E,15,21.5,150
17068,T,260803,090856,60.206158N,24.814833E,15,22.7,153
17069,T,260803,090857,60.206100N,24.814884E,15,23.4,153
17070,T,260803,090858,60.206043N,24.814934E,16,22.8,155
17071,T,260803,090859,60.205994N,24.814983E,15,22.1,155
17072,T,260803,090900,60.205944N,24.815035E,16,22.0,155
17073,T,260803,090901,60.205891N,24.815083E,16,21.4,155
17074,T,260803,090902,60.205849N,24.815125E,16,20.3,156
17075,T,260803,090903,60.205799N,24.815176E,17,19.7,155
17076,T,260803,090904,60.205761N,24.815205E,16,19.2,157
17077,T,260803,090905,60.205711N,24.815229E,16,19.9,169
17078,T,260803,090906,60.205669N,24.815239E,16,21.0,176
17079,T,260803,090907,60.205616N,24.815239E,15,21.0,177
17080,T,260803,090908,60.205563N,24.815243E,15,21.7,179
17081,T,260803,090909,60.205513N,24.815245E,15,21.5,178
17082,T,260803,090910,60.205460N,24.815245E,15,21.9,178
17083,T,260803,090911,60.205402N,24.815243E,15,22.2,181
17084,T,260803,090912,60.205353N,24.815235E,14,22.6,183
17085,T,260803,090913,60.205296N,24.815229E,14,22.7,183
17086,T,260803,090914,60.205238N,24.815218E,14,22.7,185
17087,T,260803,090915,60.205185N,24.815208E,14,22.8,186
17088,T,260803,090916,60.205128N,24.815193E,14,23.1,186
17089,T,260803,090917,60.205070N,24.815176E,14,23.1,187
17090,T,260803,090918,60.205013N,24.815161E,14,23.5,188
17091,T,260803,090919,60.204952N,24.815138E,14,23.9,189
17092,T,260803,090920,60.204895N,24.815117E,14,23.8,190
17093,T,260803,090921,60.204838N,24.815096E,14,24.5,190
17094,T,260803,090922,60.204777N,24.815069E,14,25.9,191
17095,T,260803,090923,60.204716N,24.815044E,14,25.8,191
17096,T,260803,090924,60.204651N,24.815018E,14,26.1,192
17097,T,260803,090925,60.204594N,24.814993E,15,23.5,193
17098,T,260803,090926,60.204533N,24.814966E,15,26.8,189
17099,T,260803,090927,60.204468N,24.814941E,16,26.1,191
17100,T,260803,090928,60.204403N,24.814915E,16,25.5,192
17101,T,260803,090929,60.204334N,24.814880E,16,25.5,193
17102,T,260803,090930,60.204273N,24.814844E,16,25.5,194
17103,T,260803,090931,60.204216N,24.814814E,16,25.0,194
17104,T,260803,090932,60.204151N,24.814777E,16,26.1,195
17105,T,260803,090933,60.204086N,24.814741E,16,26.0,196
17106,T,260803,090934,60.204033N,24.814701E,17,25.3,197
17107,T,260803,090935,60.203972N,24.814665E,17,23.9,197
17108,T,260803,090936,60.203915N,24.814627E,17,23.2,198
17109,T,260803,090937,60.203861N,24.814589E,17,23.8,199
17110,T,260803,090938,60.203804N,24.814547E,17,22.7,198
17111,T,260803,090939,60.203751N,24.814510E,18,22.7,198
17112,T,260803,090940,60.203697N,24.814465E,18,22.7,205
17113,T,260803,090941,60.203648N,24.814404E,18,22.6,212
17114,T,260803,090942,60.203602N,24.814339E,17,23.3,211
17115,T,260803,090943,60.203560N,24.814272E,17,22.2,212
17116,T,260803,090944,60.203526N,24.814198E,16,21.6,213
17117,T,260803,090945,60.203487N,24.814123E,16,21.5,214
17118,T,260803,090946,60.203453N,24.814047E,16,21.1,215
17119,T,260803,090947,60.203411N,24.813969E,16,21.5,216
17120,T,260803,090948,60.203373N,24.813887E,17,21.8,217
17121,T,260803,090949,60.203335N,24.813805E,17,21.8,218
17122,T,260803,090950,60.203297N,24.813730E,17,21.3,219
17123,T,260803,090951,60.203259N,24.813656E,17,21.2,220
17124,T,260803,090952,60.203220N,24.813583E,17,20.2,221
17125,T,260803,090953,60.203190N,24.813519E,17,18.4,223
17126,T,260803,090954,60.203156N,24.813456E,17,18.1,224
17127,T,260803,090955,60.203125N,24.813395E,17,18.0,224
17128,T,260803,090956,60.203094N,24.813332E,17,17.5,225
17129,T,260803,090957,60.203068N,24.813272E,17,17.1,225
17130,T,260803,090958,60.203033N,24.813208E,17,19.0,223
17131,T,260803,090959,60.202995N,24.813147E,16,20.5,223
17132,T,260803,091000,60.202953N,24.813084E,16,22.3,212
17133,T,260803,091001,60.202900N,24.813028E,16,24.1,204
17134,T,260803,091002,60.202847N,24.812977E,15,24.5,201
17135,T,260803,091003,60.202793N,24.812925E,15,24.5,203
17136,T,260803,091004,60.202736N,24.812876E,14,24.4,204
17137,T,260803,091005,60.202682N,24.812824E,14,23.1,206
17138,T,260803,091006,60.202637N,24.812765E,14,23.1,210
17139,T,260803,091007,60.202583N,24.812708E,13,22.7,211
17140,T,260803,091008,60.202541N,24.812647E,13,22.0,213
17141,T,260803,091009,60.202496N,24.812584E,13,21.2,216
17142,T,260803,091010,60.202454N,24.812513E,13,21.8,222
17143,T,260803,091011,60.202412N,24.812435E,13,22.5,224
17144,T,260803,091012,60.202374N,24.812357E,12,21.9,226
17145,T,260803,091013,60.202335N,24.812275E,12,21.8,228
17146,T,260803,091014,60.202297N,24.812195E,12,22.5,225
17147,T,260803,091015,60.202259N,24.812115E,12,21.9,226
17148,T,260803,091016,60.202221N,24.812035E,12,22.0,226
17149,T,260803,091017,60.202179N,24.811951E,12,23.4,225
17150,T,260803,091018,60.202141N,24.811867E,12,22.8,225
17151,T,260803,091019,60.202099N,24.811785E,12,22.4,226
17152,T,260803,091020,60.202065N,24.811703E,12,22.4,226
17153,T,260803,091021,60.202026N,24.811617E,12,21.9,228
17154,T,260803,091022,60.201992N,24.811529E,12,22.0,229
17155,T,260803,091023,60.201954N,24.811443E,12,21.9,229
17156,T,260803,091024,60.201912N,24.811350E,12,22.6,230
17157,T,260803,091025,60.201878N,24.811256E,12,22.5,231
17158,T,260803,091026,60.201839N,24.811165E,12,21.8,231
17159,T,260803,091027,60.201805N,24.811077E,12,20.9,232
17160,T,260803,091028,60.201767N,24.810986E,11,21.7,232
17161,T,260803,091029,60.201733N,24.810904E,12,22.1,231
17162,T,260803,091030,60.201698N,24.810823E,11,22.2,231
17163,T,260803,091031,60.201656N,24.810749E,11,22.6,214
17164,T,260803,091032,60.201603N,24.810684E,11,23.6,205
17165,T,260803,091033,60.201546N,24.810637E,10,24.7,199
17166,T,260803,091034,60.201488N,24.810593E,10,25.0,199
17167,T,260803,091035,60.201427N,24.810541E,9,26.2,200
17168,T,260803,091036,60.201366N,24.810492E,9,25.9,200
17169,T,260803,091037,60.201305N,24.810444E,9,26.0,199
17170,T,260803,091038,60.201241N,24.810402E,9,25.6,200
17171,T,260803,091039,60.201180N,24.810354E,9,26.0,201
17172,T,260803,091040,60.201122N,24.810305E,9,24.9,201
17173,T,260803,091041,60.201069N,24.810255E,9,24.0,203
17174,T,260803,091042,60.201012N,24.810200E,8,23.5,204
17175,T,260803,091043,60.200958N,24.810137E,7,23.5,205
17176,T,260803,091044,60.200909N,24.810072E,7,23.6,205
17177,T,260803,091045,60.200855N,24.810003E,7,24.5,207
17178,T,260803,091046,60.200806N,24.809935E,7,23.7,207
17179,T,260803,091047,60.200760N,24.809860E,7,22.5,208
17180,T,260803,091048,60.200714N,24.809786E,7,21.2,225
17181,T,260803,091049,60.200680N,24.809713E,8,20.7,225
17182,T,260803,091050,60.200642N,24.809635E,8,20.3,225
17183,T,260803,091051,60.200603N,24.809565E,8,20.3,225
17184,T,260803,091052,60.200569N,24.809490E,8,20.3,224
17185,T,260803,091053,60.200531N,24.809418E,8,19.6,225
17186,T,260803,091054,60.200500N,24.809347E,8,19.2,226
17187,T,260803,091055,60.200466N,24.809278E,8,19.2,225
17188,T,260803,091056,60.200432N,24.809208E,8,19.7,226
17189,T,260803,091057,60.200401N,24.809132E,8,20.3,233
17190,T,260803,091058,60.200371N,24.809044E,7,20.7,241
17191,T,260803,091059,60.200352N,24.808947E,7,22.0,247
17192,T,260803,091100,60.200329N,24.808842E,7,22.8,248
17193,T,260803,091101,60.200310N,24.808731E,6,23.4,249
17194,T,260803,091102,60.200279N,24.808617E,6,24.7,243
17195,T,260803,091103,60.200249N,24.808514E,6,24.7,233
17196,T,260803,091104,60.200207N,24.808424E,5,23.9,221
17197,T,260803,091105,60.200165N,24.808342E,5,24.8,222
17198,T,260803,091106,60.200123N,24.808256E,5,23.1,224
17199,T,260803,091107,60.200081N,24.808182E,4,22.4,218
17200,T,260803,091108,60.200031N,24.808138E,4,22.3,205
17201,T,260803,091109,60.199970N,24.808104E,3,23.7,195
17202,T,260803,091110,60.199917N,24.808084E,3,21.5,187
17203,T,260803,091111,60.199863N,24.808067E,3,18.8,185
17204,T,260803,091112,60.199821N,24.808052E,3,17.7,186
17205,T,260803,091113,60.199776N,24.808031E,3,16.7,187
17206,T,260803,091114,60.199738N,24.808010E,3,16.8,187
17207,T,260803,091115,60.199696N,24.807989E,3,16.0,188
17208,T,260803,091116,60.199661N,24.807968E,4,15.4,189
17209,T,260803,091117,60.199619N,24.807943E,4,16.0,200
17210,T,260803,091118,60.199589N,24.807911E,4,15.9,205
17211,T,260803,091119,60.199551N,24.807877E,4,14.9,206
17212,T,260803,091120,60.199520N,24.807844E,4,15.0,204
17213,T,260803,091121,60.199486N,24.807810E,5,14.9,207
17214,T,260803,091122,60.199448N,24.807774E,5,15.7,206
17215,T,260803,091123,60.199417N,24.807735E,5,16.0,207
17216,T,260803,091124,60.199379N,24.807701E,6,15.5,205
17217,T,260803,091125,60.199345N,24.807667E,6,15.1,206
17218,T,260803,091126,60.199306N,24.807634E,7,15.2,205
17219,T,260803,091127,60.199272N,24.807596E,7,15.3,205
17220,T,260803,091128,60.199238N,24.807560E,7,15.4,205
17221,T,260803,091129,60.199200N,24.807524E,7,15.8,206
17222,T,260803,091130,60.199165N,24.807482E,7,16.5,206
17223,T,260803,091131,60.199123N,24.807444E,7,16.6,206
17224,T,260803,091132,60.199089N,24.807386E,7,16.9,206
17225,T,260803,091133,60.199047N,24.807337E,7,17.4,207
17226,T,260803,091134,60.199009N,24.807295E,7,17.1,208
17227,T,260803,091135,60.198971N,24.807245E,7,16.9,217
17228,T,260803,091136,60.198940N,24.807192E,6,15.7,225
17229,T,260803,091137,60.198914N,24.807131E,7,17.0,235
17230,T,260803,091138,60.198891N,24.807064E,7,16.4,235
17231,T,260803,091139,60.198872N,24.807001E,8,15.8,236
17232,T,260803,091140,60.198853N,24.806940E,8,14.8,238
17233,T,260803,091141,60.198833N,24.806875E,8,16.0,235
17234,T,260803,091142,60.198807N,24.806818E,9,15.9,229
17235,T,260803,091143,60.198780N,24.806765E,9,16.0,223
17236,T,260803,091144,60.198750N,24.806709E,9,16.8,216
17237,T,260803,091145,60.198711N,24.806662E,9,17.1,210
17238,T,260803,091146,60.198673N,24.806620E,9,17.2,206
17239,T,260803,091147,60.198631N,24.806581E,9,18.1,203
17240,T,260803,091148,60.198589N,24.806545E,9,17.7,201
17241,T,260803,091149,60.198544N,24.806513E,9,18.3,202
17242,T,260803,091150,60.198505N,24.806477E,9,17.8,202
17243,T,260803,091151,60.198460N,24.806440E,9,18.2,201
17244,T,260803,091152,60.198418N,24.806406E,9,18.2,198
17245,T,260803,091153,60.198368N,24.806381E,9,18.6,195
17246,T,260803,091154,60.198318N,24.806355E,9,18.1,195
17247,T,260803,091155,60.198277N,24.806324E,10,18.2,194
17248,T,260803,091156,60.198227N,24.806297E,10,18.3,193
17249,T,260803,091157,60.198181N,24.806273E,10,19.3,193
17250,T,260803,091158,60.198128N,24.806246E,10,19.2,192
17251,T,260803,091159,60.198074N,24.806225E,10,18.8,191
17252,T,260803,091200,60.198032N,24.806202E,11,18.5,191
17253,T,260803,091201,60.197979N,24.806175E,12,19.5,191
17254,T,260803,091202,60.197929N,24.806152E,12,19.2,191
17255,T,260803,091203,60.197876N,24.806120E,12,19.0,192
17256,T,260803,091204,60.197826N,24.806089E,12,18.2,192
17257,T,260803,091205,60.197781N,24.806061E,12,18.1,193
17258,T,260803,091206,60.197727N,24.806032E,12,18.7,191
17259,T,260803,091207,60.197678N,24.806017E,11,19.3,191
17260,T,260803,091208,60.197620N,24.805996E,11,21.6,192
17261,T,260803,091209,60.197559N,24.805964E,11,23.6,193
17262,T,260803,091210,60.197498N,24.805943E,10,23.6,189
17263,T,260803,091211,60.197437N,24.805923E,10,23.6,187
17264,T,260803,091212,60.197369N,24.805904E,9,24.6,185
17265,T,260803,091213,60.197300N,24.805893E,8,25.0,183
17266,T,260803,091214,60.197235N,24.805885E,8,24.7,181
17267,T,260803,091215,60.197170N,24.805883E,7,24.1,179
17268,T,260803,091216,60.197113N,24.805887E,8,23.7,177
17269,T,260803,091217,60.197044N,24.805887E,7,23.6,176
17270,T,260803,091218,60.196983N,24.805889E,7,23.5,175
17271,T,260803,091219,60.196922N,24.805897E,7,23.4,174
17272,T,260803,091220,60.196861N,24.805904E,7,22.8,173
17273,T,260803,091221,60.196800N,24.805922E,7,23.4,164
17274,T,260803,091222,60.196743N,24.805962E,6,22.9,155
17275,T,260803,091223,60.196690N,24.806011E,6,24.0,150
17276,T,260803,091224,60.196640N,24.806074E,5,23.6,146
17277,T,260803,091225,60.196587N,24.806141E,5,23.9,147
17278,T,260803,091226,60.196533N,24.806204E,4,24.6,149
17279,T,260803,091227,60.196476N,24.806253E,4,24.1,161
17280,T,260803,091228,60.196419N,24.806290E,6,23.3,173
17281,T,260803,091229,60.196365N,24.806301E,7,22.9,179
17282,T,260803,091230,60.196304N,24.806311E,7,22.2,177
17283,T,260803,091231,60.196247N,24.806318E,8,22.5,177
17284,T,260803,091232,60.196194N,24.806322E,8,22.4,178
17285,T,260803,091233,60.196133N,24.806324E,9,22.4,179
17286,T,260803,091234,60.196072N,24.806322E,9,22.1,180
17287,T,260803,091235,60.196014N,24.806322E,9,22.1,181
17288,T,260803,091236,60.195961N,24.806320E,9,22.1,180
17289,T,260803,091237,60.195900N,24.806318E,8,22.2,180
17290,T,260803,091238,60.195843N,24.806316E,8,22.3,179
17291,T,260803,091239,60.195786N,24.806313E,8,23.2,179
17292,T,260803,091240,60.195724N,24.806305E,8,23.2,180
17293,T,260803,091241,60.195663N,24.806301E,8,23.6,180
17294,T,260803,091242,60.195599N,24.806295E,8,23.9,181
17295,T,260803,091243,60.195541N,24.806288E,8,24.8,182
17296,T,260803,091244,60.195480N,24.806276E,7,24.8,184
17297,T,260803,091245,60.195415N,24.806267E,7,23.9,184
17298,T,260803,091246,60.195354N,24.806261E,7,23.9,184
17299,T,260803,091247,60.195297N,24.806257E,7,23.2,182
17300,T,260803,091248,60.195240N,24.806255E,7,23.2,181
17301,T,260803,091249,60.195179N,24.806253E,7,23.2,180
17302,T,260803,091250,60.195122N,24.806253E,7,23.2,180
17303,T,260803,091251,60.195061N,24.806252E,7,23.2,179
17304,T,260803,091252,60.195004N,24.806252E,7,23.3,179
17305,T,260803,091253,60.194942N,24.806252E,7,23.8,179
17306,T,260803,091254,60.194885N,24.806253E,7,23.9,179
17307,T,260803,091255,60.194824N,24.806253E,7,24.0,179
17308,T,260803,091256,60.194763N,24.806252E,7,24.0,180
17309,T,260803,091257,60.194698N,24.806250E,7,24.3,180
17310,T,260803,091258,60.194641N,24.806248E,7,24.4,180
17311,T,260803,091259,60.194580N,24.806250E,7,24.5,180
17312,T,260803,091300,60.194515N,24.806242E,7,24.9,180
17313,T,260803,091301,60.194450N,24.806238E,6,25.2,182
17314,T,260803,091302,60.194389N,24.806227E,6,25.1,183
17315,T,260803,091303,60.194324N,24.806213E,6,25.2,184
17316,T,260803,091304,60.194263N,24.806210E,6,26.1,183
17317,T,260803,091305,60.194195N,24.806208E,6,26.4,182
17318,T,260803,091306,60.194134N,24.806213E,5,26.9,180
17319,T,260803,091307,60.194065N,24.806215E,5,26.5,179
17320,T,260803,091308,60.193996N,24.806217E,5,26.4,179
17321,T,260803,091309,60.193928N,24.806219E,4,26.0,178
17322,T,260803,091310,60.193859N,24.806219E,4,26.7,179
17323,T,260803,091311,60.193794N,24.806215E,3,26.8,180
17324,T,260803,091312,60.193729N,24.806211E,3,26.3,180
17325,T,260803,091313,60.193665N,24.806211E,3,25.6,180
17326,T,260803,091314,60.193600N,24.806213E,3,25.2,180
17327,T,260803,091315,60.193535N,24.806217E,3,25.2,179
17328,T,260803,091316,60.193478N,24.806225E,2,25.0,178
17329,T,260803,091317,60.193413N,24.806229E,2,24.1,178
17330,T,260803,091318,60.193352N,24.806234E,2,24.1,176
17331,T,260803,091319,60.193291N,24.806240E,2,24.0,176
17332,T,260803,091320,60.193233N,24.806244E,1,24.0,176
17333,T,260803,091321,60.193172N,24.806252E,1,24.4,176
17334,T,260803,091322,60.193111N,24.806255E,1,25.4,176
17335,T,260803,091323,60.193043N,24.806261E,1,25.9,176
17336,T,260803,091324,60.192982N,24.806269E,0,26.3,176
17337,T,260803,091325,60.192913N,24.806276E,0,26.9,176
17338,T,260803,091326,60.192841N,24.806284E,0,27.6,176
17339,T,260803,091327,60.192768N,24.806292E,0,28.6,176
17340,T,260803,091328,60.192699N,24.806297E,0,28.9,176
17341,T,260803,091329,60.192623N,24.806307E,0,29.0,176
17342,T,260803,091330,60.192551N,24.806316E,0,28.6,176
17343,T,260803,091331,60.192486N,24.806330E,0,28.5,175
17344,T,260803,091332,60.192413N,24.806347E,0,28.0,173
17345,T,260803,091333,60.192341N,24.806364E,0,28.1,173
17346,T,260803,091334,60.192272N,24.806374E,0,28.2,173
17347,T,260803,091335,60.192200N,24.806389E,-1,27.8,174
17348,T,260803,091336,60.192131N,24.806404E,-1,27.2,174
17349,T,260803,091337,60.192066N,24.806416E,-1,26.5,174
17350,T,260803,091338,60.192001N,24.806425E,-1,26.0,174
17351,T,260803,091339,60.191940N,24.806438E,-1,25.9,174
17352,T,260803,091340,60.191872N,24.806442E,-1,26.0,180
17353,T,260803,091341,60.191811N,24.806442E,-1,24.7,181
17354,T,260803,091342,60.191753N,24.806444E,-1,24.6,180
17355,T,260803,091343,60.191696N,24.806454E,-1,24.6,177
17356,T,260803,091344,60.191631N,24.806461E,-1,25.0,176
17357,T,260803,091345,60.191570N,24.806477E,-1,25.0,174
17358,T,260803,091346,60.191513N,24.806494E,-1,24.9,172
17359,T,260803,091347,60.191448N,24.806513E,-1,24.8,171
17360,T,260803,091348,60.191387N,24.806534E,-1,24.1,169
17361,T,260803,091349,60.191326N,24.806555E,-1,24.1,169
17362,T,260803,091350,60.191269N,24.806566E,-1,24.2,170
17363,T,260803,091351,60.191208N,24.806581E,-1,23.6,171
17364,T,260803,091352,60.191151N,24.806601E,-1,23.5,171
17365,T,260803,091353,60.191093N,24.806612E,-1,23.7,173
17366,T,260803,091354,60.191032N,24.806622E,-1,23.7,173
17367,T,260803,091355,60.190971N,24.806637E,-1,23.8,174
17368,T,260803,091356,60.190914N,24.806648E,-1,23.8,174
17369,T,260803,091357,60.190857N,24.806665E,-1,23.5,174
17370,T,260803,091358,60.190800N,24.806684E,-1,23.4,173
17371,T,260803,091359,60.190739N,24.806696E,-1,23.8,173
17372,T,260803,091400,60.190681N,24.806704E,-1,23.3,173
17373,T,260803,091401,60.190624N,24.806723E,-1,22.8,172
17374,T,260803,091402,60.190567N,24.806736E,-1,22.7,173
17375,T,260803,091403,60.190514N,24.806749E,-1,22.3,171
17376,T,260803,091404,60.190460N,24.806767E,-2,22.4,171
17377,T,260803,091405,60.190403N,24.806784E,-2,22.3,171
17378,T,260803,091406,60.190353N,24.806799E,-2,21.9,171
17379,T,260803,091407,60.190300N,24.806810E,-2,21.4,171
17380,T,260803,091408,60.190239N,24.806826E,-2,21.5,171
17381,T,260803,091409,60.190189N,24.806843E,-2,21.6,171
17382,T,260803,091410,60.190132N,24.806856E,-2,21.9,171
17383,T,260803,091411,60.190079N,24.806877E,-2,21.8,172
17384,T,260803,091412,60.190025N,24.806892E,-2,21.9,172
17385,T,260803,091413,60.189968N,24.806902E,-3,22.8,173
17386,T,260803,091414,60.189911N,24.806915E,-3,22.8,172
17387,T,260803,091415,60.189857N,24.806934E,-3,23.1,172
17388,T,260803,091416,60.189796N,24.806944E,-3,24.1,173
17389,T,260803,091417,60.189735N,24.806955E,-3,23.7,173
17390,T,260803,091418,60.189674N,24.806969E,-3,23.0,173
17391,T,260803,091419,60.189621N,24.806982E,-4,22.5,173
17392,T,260803,091420,60.189564N,24.806995E,-4,21.9,172
17393,T,260803,091421,60.189507N,24.807014E,-4,21.3,170
17394,T,260803,091422,60.189457N,24.807035E,-4,21.4,169
17395,T,260803,091423,60.189400N,24.807056E,-4,21.4,168
17396,T,260803,091424,60.189342N,24.807081E,-4,21.9,168
17397,T,260803,091425,60.189293N,24.807104E,-4,22.5,169
17398,T,260803,091426,60.189236N,24.807121E,-3,22.4,170
17399,T,260803,091427,60.189178N,24.807135E,-3,22.5,172
17400,T,260803,091428,60.189121N,24.807140E,-3,23.7,174
17401,T,260803,091429,60.189060N,24.807146E,-4,24.5,175
17402,T,260803,091430,60.188995N,24.807158E,-4,25.0,175
17403,T,260803,091431,60.188931N,24.807171E,-4,25.5,174
17404,T,260803,091432,60.188869N,24.807186E,-4,25.5,173
17405,T,260803,091433,60.188805N,24.807205E,-4,25.0,171
17406,T,260803,091434,60.188744N,24.807226E,-4,24.9,171
17407,T,260803,091435,60.188679N,24.807245E,-4,24.1,170
17408,T,260803,091436,60.188625N,24.807266E,-4,23.6,169
17409,T,260803,091437,60.188564N,24.807289E,-4,23.7,169
17410,T,260803,091438,60.188503N,24.807316E,-4,23.6,169
17411,T,260803,091439,60.188450N,24.807344E,-4,23.1,167
17412,T,260803,091440,60.188396N,24.807365E,-5,22.4,167
17413,T,260803,091441,60.188339N,24.807398E,-4,22.5,166
17414,T,260803,091442,60.188286N,24.807430E,-5,22.6,165
17415,T,260803,091443,60.188232N,24.807461E,-4,22.1,164
17416,T,260803,091444,60.188175N,24.807489E,-4,21.4,165
17417,T,260803,091445,60.188129N,24.807518E,-4,20.5,164
17418,T,260803,091446,60.188080N,24.807545E,-4,19.7,164
17419,T,260803,091447,60.188030N,24.807570E,-4,18.9,164
17420,T,260803,091448,60.187988N,24.807596E,-4,18.1,163
17421,T,260803,091449,60.187943N,24.807625E,-4,17.8,162
17422,T,260803,091450,60.187904N,24.807652E,-4,17.4,161
17423,T,260803,091451,60.187859N,24.807676E,-4,17.5,161
17424,T,260803,091452,60.187820N,24.807709E,-4,18.1,159
17425,T,260803,091453,60.187778N,24.807739E,-4,18.7,159
17426,T,260803,091454,60.187733N,24.807770E,-4,18.8,160
17427,T,260803,091455,60.187687N,24.807804E,-4,19.4,155
17428,T,260803,091456,60.187645N,24.807844E,-4,19.6,157
17429,T,260803,091457,60.187595N,24.807884E,-4,19.9,156
17430,T,260803,091458,60.187553N,24.807924E,-4,20.7,155
17431,T,260803,091459,60.187504N,24.807966E,-4,20.7,156
17432,T,260803,091500,60.187454N,24.808010E,-4,20.7,155
17433,T,260803,091501,60.187408N,24.808056E,-4,22.3,154
17434,T,260803,091502,60.187359N,24.808102E,-4,22.0,155
17435,T,260803,091503,60.187313N,24.808146E,-4,21.0,154
17436,T,260803,091504,60.187263N,24.808193E,-4,20.6,154
17437,T,260803,091505,60.187218N,24.808235E,-4,21.0,155
17438,T,260803,091506,60.187164N,24.808270E,-4,21.1,167
17439,T,260803,091507,60.187111N,24.808285E,-4,21.6,177
17440,T,260803,091508,60.187061N,24.808271E,-4,20.1,193
17441,T,260803,091509,60.187019N,24.808237E,-4,20.2,204
17442,T,260803,091510,60.186981N,24.808205E,-4,16.3,202
17443,T,260803,091511,60.186939N,24.808180E,-3,14.6,202
17444,T,260803,091512,60.186913N,24.808163E,-3,11.9,203
17445,T,260803,091513,60.186886N,24.808138E,-3,10.9,207
17446,T,260803,091514,60.186863N,24.808102E,-2,10.9,209
17447,T,260803,091515,60.186852N,24.808052E,-2,11.0,212
17448,T,260803,091516,60.186852N,24.807997E,-2,10.0,218
17449,T,260803,091517,60.186863N,24.807943E,-3,12.2,224
17450,T,260803,091518,60.186863N,24.807858E,-4,16.0,229
17451,T,260803,091519,60.186859N,24.807762E,-4,17.6,234
17452,T,260803,091520,60.186855N,24.807661E,-4,19.2,238
17453,T,260803,091521,60.186852N,24.807558E,-5,20.7,242
17454,T,260803,091522,60.186855N,24.807455E,-4,21.6,244
17455,T,260803,091523,60.186855N,24.807352E,-4,20.9,247
17456,T,260803,091524,60.186855N,24.807249E,-3,20.5,249
17457,T,260803,091525,60.186855N,24.807150E,-3,19.4,251
17458,T,260803,091526,60.186852N,24.807056E,-3,18.7,253
17459,T,260803,091527,60.186852N,24.806965E,-3,17.6,255
17460,T,260803,091528,60.186855N,24.806881E,-3,17.5,257
17461,T,260803,091529,60.186863N,24.806810E,-4,17.0,273
17462,T,260803,091530,60.186863N,24.806723E,-4,16.9,271
17463,T,260803,091531,60.186859N,24.806629E,-4,16.9,272
17464,T,260803,091532,60.186855N,24.806532E,-4,17.3,266
17465,T,260803,091533,60.186832N,24.806433E,-4,20.0,233
17466,T,260803,091534,60.186794N,24.806349E,-3,19.2,221
17467,T,260803,091535,60.186756N,24.806273E,-3,19.5,224
17468,T,260803,091536,60.186722N,24.806183E,-3,20.7,243
17469,T,260803,091537,60.186699N,24.806084E,-3,20.7,257
17470,T,260803,091538,60.186687N,24.805977E,-3,20.4,263
17471,T,260803,091539,60.186680N,24.805866E,-2,20.5,267
17472,T,260803,091540,60.186668N,24.805756E,-1,21.4,265
17473,T,260803,091541,60.186657N,24.805641E,-1,21.5,264
17474,T,260803,091542,60.186649N,24.805532E,-2,21.1,264
17475,T,260803,091543,60.186642N,24.805424E,-2,19.7,265
17476,T,260803,091544,60.186630N,24.805325E,-2,18.7,266
17477,T,260803,091545,60.186623N,24.805231E,-2,17.6,261
17478,T,260803,091546,60.186615N,24.805147E,-2,16.4,254
17479,T,260803,091547,60.186604N,24.805073E,-2,15.0,254
17480,T,260803,091548,60.186592N,24.805002E,-2,14.4,254
17481,T,260803,091549,60.186569N,24.804934E,-2,14.9,252
17482,T,260803,091550,60.186539N,24.804884E,-2,15.6,248
17483,T,260803,091551,60.186504N,24.804857E,-3,13.8,242
17484,T,260803,091552,60.186466N,24.804855E,-2,14.6,238
17485,T,260803,091553,60.186432N,24.804861E,-3,15.2,232
17486,T,260803,091554,60.186394N,24.804871E,-3,15.8,225
17487,T,260803,091555,60.186344N,24.804880E,-3,17.9,220
17488,T,260803,091556,60.186295N,24.804890E,-3,18.2,215
17489,T,260803,091557,60.186245N,24.804890E,-3,19.8,210
17490,T,260803,091558,60.186192N,24.804895E,-4,19.8,206
17491,T,260803,091559,60.186138N,24.804905E,-4,20.2,202
17492,T,260803,091600,60.186089N,24.804901E,-4,21.0,199
17493,T,260803,091601,60.186035N,24.804905E,-5,20.5,196
17494,T,260803,091602,60.185986N,24.804914E,-5,20.4,194
17495,T,260803,091603,60.185936N,24.804920E,-6,19.9,191
17496,T,260803,091604,60.185886N,24.804928E,-6,18.9,189
17497,T,260803,091605,60.185841N,24.804939E,-6,18.0,187
17498,T,260803,091606,60.185795N,24.804953E,-6,17.1,185
17499,T,260803,091607,60.185760N,24.804966E,-5,15.2,183
17500,T,260803,091608,60.185726N,24.804972E,-5,12.2,179
17501,T,260803,091609,60.185696N,24.804974E,-5,8.1,178
17502,T,260803,091610,60.185677N,24.804976E,-6,6.6,177
17503,T,260803,091611,60.185650N,24.804960E,-6,7.2,177
17504,T,260803,091612,60.185619N,24.804983E,-6,8.5,164
17505,T,260803,091613,60.185589N,24.805004E,-6,10.7,165
17506,T,260803,091614,60.185551N,24.805010E,-5,13.7,167
17507,T,260803,091615,60.185513N,24.804993E,-5,13.8,171
17508,T,260803,091616,60.185478N,24.804943E,-5,16.7,176
17509,T,260803,091617,60.185459N,24.804886E,-4,16.6,182
17510,T,260803,091618,60.185440N,24.804810E,-4,16.5,187
17511,T,260803,091619,60.185421N,24.804729E,-4,15.6,193
17512,T,260803,091620,60.185390N,24.804676E,-4,12.5,197
17513,T,260803,091621,60.185356N,24.804647E,-4,16.7,199
17514,T,260803,091622,60.185303N,24.804655E,-4,18.0,165
17515,T,260803,091623,60.185261N,24.804691E,-4,18.1,150
17516,T,260803,091624,60.185219N,24.804731E,-4,18.1,153
17517,T,260803,091625,60.185177N,24.804775E,-4,19.6,153
17518,T,260803,091626,60.185131N,24.804827E,-4,19.2,152
17519,T,260803,091627,60.185085N,24.804874E,-4,18.7,151
17520,T,260803,091628,60.185043N,24.804916E,-4,17.2,151
17521,T,260803,091629,60.185005N,24.804955E,-4,15.4,151
17522,T,260803,091630,60.184967N,24.804976E,-4,14.2,163
17523,T,260803,091631,60.184933N,24.804996E,-4,14.1,165
17524,T,260803,091632,60.184898N,24.805016E,-5,13.5,167
17525,T,260803,091633,60.184864N,24.805033E,-4,13.5,175
17526,T,260803,091634,60.184834N,24.805046E,-4,10.6,174
17527,T,260803,091635,60.184807N,24.805067E,-5,8.2,171
17528,T,260803,091636,60.184795N,24.805098E,-5,8.3,166
17529,T,260803,091637,60.184784N,24.805153E,-5,12.7,159
17530,T,260803,091638,60.184788N,24.805227E,-5,16.9,151
17531,T,260803,091639,60.184792N,24.805317E,-6,16.9,145
17532,T,260803,091640,60.184795N,24.805401E,-6,16.4,138
17533,T,260803,091641,60.184799N,24.805489E,-6,15.9,131
17534,T,260803,091642,60.184795N,24.805578E,-5,14.8,87
17535,T,260803,091643,60.184792N,24.805651E,-5,12.8,97
17536,T,260803,091644,60.184780N,24.805702E,-5,12.4,133
17537,T,260803,091645,60.184753N,24.805737E,-5,11.8,158
17538,T,260803,091646,60.184719N,24.805756E,-5,11.3,172
17539,T,260803,091647,60.184689N,24.805759E,-4,12.1,177
17540,T,260803,091648,60.184654N,24.805759E,-4,12.2,182
17541,T,260803,091649,60.184624N,24.805737E,-5,13.4,205
17542,T,260803,091650,60.184601N,24.805689E,-6,12.5,247
17543,T,260803,091651,60.184597N,24.805630E,-6,11.6,263
17544,T,260803,091652,60.184593N,24.805571E,-6,11.1,260
17545,T,260803,091653,60.184589N,24.805523E,-6,8.9,258
17546,T,260803,091654,60.184586N,24.805477E,-7,7.7,257
17547,T,260803,091655,60.184574N,24.805441E,-7,7.1,246
17548,T,260803,091656,60.184570N,24.805408E,-7,4.8,246
